"Identifier","CompoundName","MonoisotopicMass","MolecularFormula","SMILES","InChI","InChIKey"
7276,"2-methyl-3-phenylprop-2-enal",146.073166,"C10H10O","CC(=Cc1ccccc1)C=O","InChI=1S/C10H10O/c1-9(8-11)7-10-5-3-2-4-6-10/h2-8H,1H3","VLUMOWNVWOXZAU-UHFFFAOYSA-N"
10273,"tetralone",146.073166,"C10H10O","c1ccc2c(c1)CCCC2=O","InChI=1S/C10H10O/c11-10-7-3-5-8-4-1-2-6-9(8)10/h1-2,4,6H,3,5,7H2","XHLHPRDBBAGVEG-UHFFFAOYSA-N"
13475,"1-(Bicyclo[4.2.0]octa-1,3,5-trien-7-yl)ethanone",146.073166,"C10H10O","CC(=O)C1Cc2c1cccc2","InChI=1S/C10H10O/c1-7(11)10-6-8-4-2-3-5-9(8)10/h2-5,10H,6H2,1H3","HRBWEKNHUNICAM-UHFFFAOYSA-N"
15120,"Benzylidene acetone",146.073166,"C10H10O","CC(=O)C=Cc1ccccc1","InChI=1S/C10H10O/c1-9(11)7-8-10-5-3-2-4-6-10/h2-8H,1H3","BWHOZHOGCMHOBV-UHFFFAOYSA-N"
19256,"2-Phenyl-2-butenal",146.073166,"C10H10O","CC=C(C=O)c1ccccc1","InChI=1S/C10H10O/c1-2-9(8-11)10-6-4-3-5-7-10/h2-8H,1H3","DYAOGZLLMZQVHY-UHFFFAOYSA-N"
30607,"2,4-Dimethyl-1-benzofuran",146.073166,"C10H10O","Cc1cccc2c1cc(o2)C","InChI=1S/C10H10O/c1-7-4-3-5-10-9(7)6-8(2)11-10/h3-6H,1-2H3","VAJDUPSIEUTLHX-UHFFFAOYSA-N"
34608,"α-benzylacrolein",146.073166,"C10H10O","C=CC(=O)Cc1ccccc1","InChI=1S/C10H10O/c1-2-10(11)8-9-6-4-3-5-7-9/h2-7H,1,8H2","PTUXNCQDACBMKP-UHFFFAOYSA-N"
61564,"b-Tetralone",146.073166,"C10H10O","c1ccc2c(c1)CCC(=O)C2","InChI=1S/C10H10O/c11-10-6-5-8-3-1-2-4-9(8)7-10/h1-4H,5-7H2","KCKZIWSINLBROE-UHFFFAOYSA-N"
64244,"2-butenophenone",146.073166,"C10H10O","CC=CC(=O)c1ccccc1","InChI=1S/C10H10O/c1-2-6-10(11)9-7-4-3-5-8-9/h2-8H,1H3","FUJZJBCWPIOHHN-UHFFFAOYSA-N"
69047,"2-Ethylbenzofuran",146.073166,"C10H10O","CCc1cc2ccccc2o1","InChI=1S/C10H10O/c1-2-9-7-8-5-3-4-6-10(8)11-9/h3-7H,2H2,1H3","KJHYAEZMOHLVCH-UHFFFAOYSA-N"
69475,"Cyclopropyl phenyl ketone",146.073166,"C10H10O","c1ccc(cc1)C(=O)C2CC2","InChI=1S/C10H10O/c11-10(9-6-7-9)8-4-2-1-3-5-8/h1-5,9H,6-7H2","PJRHFTYXYCVOSJ-UHFFFAOYSA-N"
83147,"2-Phenyl-3-butyn-2-ol",146.073166,"C10H10O","CC(C#C)(c1ccccc1)O","InChI=1S/C10H10O/c1-3-10(2,11)9-7-5-4-6-8-9/h1,4-8,11H,2H3","KSLSOBUAIFEGLT-UHFFFAOYSA-N"
83224,"1a,2,3,7b-Tetrahydronaphtho[1,2-b]oxirene",146.073166,"C10H10O","c1ccc2c(c1)CCC3C2O3","InChI=1S/C10H10O/c1-2-4-8-7(3-1)5-6-9-10(8)11-9/h1-4,9-10H,5-6H2","ZWBOIOUXXAJRAU-UHFFFAOYSA-N"
87973,"5,8-Dihydro-1-naphthalenol",146.073166,"C10H10O","c1cc2c(c(c1)O)CC=CC2","InChI=1S/C10H10O/c11-10-7-3-5-8-4-1-2-6-9(8)10/h1-3,5,7,11H,4,6H2","OAHLLHJOPUWLKW-UHFFFAOYSA-N"
100454,"2-(4-Vinylphenyl)oxirane",146.073166,"C10H10O","C=Cc1ccc(cc1)C2CO2","InChI=1S/C10H10O/c1-2-8-3-5-9(6-4-8)10-7-11-10/h2-6,10H,1,7H2","DENMIBABNWPFEG-UHFFFAOYSA-N"
108523,"5-Formylindan",146.073166,"C10H10O","c1cc2c(cc1C=O)CCC2","InChI=1S/C10H10O/c11-7-8-4-5-9-2-1-3-10(9)6-8/h4-7H,1-3H2","YNGGRNROMJXLCP-UHFFFAOYSA-N"
122148,"Tricyclo[5.2.1.0(2,6)]deca-4,8-dien-3-one",146.073166,"C10H10O","C1C2C=CC1C3C2C=CC3=O","InChI=1S/C10H10O/c11-9-4-3-8-6-1-2-7(5-6)10(8)9/h1-4,6-8,10H,5H2","USCIQHADNYEBHX-UHFFFAOYSA-N"
123412,"Pentacyclo[5.3.0.0(2,5).0(3,9).0(4,8)]decan-6-one",146.073166,"C10H10O","C1C2C3C4C1C5C2C3C4C5=O","InChI=1S/C10H10O/c11-10-7-3-1-2-4-5(3)9(10)8(4)6(2)7/h2-9H,1H2","KIOXQCAVQTVNCR-UHFFFAOYSA-N"
124089,"2-Phenyl-1-buten-1-one",146.073166,"C10H10O","CCC(=C=O)c1ccccc1","InChI=1S/C10H10O/c1-2-9(8-11)10-6-4-3-5-7-10/h3-7H,2H2,1H3","GFVFSRZJKWODDS-UHFFFAOYSA-N"
125236,"1,4-EPOXY-1,2,3,4-TETRAHYDRONAPHTHALENE",146.073166,"C10H10O","c1ccc2c(c1)C3CCC2O3","InChI=1S/C10H10O/c1-2-4-8-7(3-1)9-5-6-10(8)11-9/h1-4,9-10H,5-6H2","SPELXJYTVLDKGB-UHFFFAOYSA-N"
126116,"3-Phenylcyclobutanone",146.073166,"C10H10O","c1ccc(cc1)C2CC(=O)C2","InChI=1S/C10H10O/c11-10-6-9(7-10)8-4-2-1-3-5-8/h1-5,9H,6-7H2","BVQSFCUGCAZOJQ-UHFFFAOYSA-N"
126148,"7-Oxabicyclo(2.2.1)heptane, 2,3,5,6-tetramethylidene-",146.073166,"C10H10O","C=C1C2C(=C)C(=C)C(C1=C)O2","InChI=1S/C10H10O/c1-5-6(2)10-8(4)7(3)9(5)11-10/h9-10H,1-4H2","JKUZBZCEYNHDLS-UHFFFAOYSA-N"
191266,"1-(2-Vinylphenyl)ethanone",146.073166,"C10H10O","CC(=O)c1ccccc1C=C","InChI=1S/C10H10O/c1-3-9-6-4-5-7-10(9)8(2)11/h3-7H,1H2,2H3","NZDBSGOLYGQFCN-UHFFFAOYSA-N"
202113,"crotonophenone",146.073166,"C10H10O","C/C=C/C(=O)c1ccccc1","InChI=1S/C10H10O/c1-2-6-10(11)9-7-4-3-5-8-9/h2-8H,1H3/b6-2+","FUJZJBCWPIOHHN-QHHAFSJGSA-N"
218249,"2-Methyl-indanone",146.073166,"C10H10O","CC1Cc2ccccc2C1=O","InChI=1S/C10H10O/c1-7-6-8-4-2-3-5-9(8)10(7)11/h2-5,7H,6H2,1H3","BEKNOGMQVKBMQN-UHFFFAOYSA-N"
225195,"2,3-Dihydro-1-benzoxepine",146.073166,"C10H10O","c1ccc2c(c1)C=CCCO2","InChI=1S/C10H10O/c1-2-7-10-9(5-1)6-3-4-8-11-10/h1-3,5-7H,4,8H2","HXXJUMQRVNQWSF-UHFFFAOYSA-N"
227809,"3-Methylindanone",146.073166,"C10H10O","CC1CC(=O)c2c1cccc2","InChI=1S/C10H10O/c1-7-6-10(11)9-5-3-2-4-8(7)9/h2-5,7H,6H2,1H3","XVTQSYKCADSUHN-UHFFFAOYSA-N"
227893,"(2-Butyn-1-yloxy)benzene",146.073166,"C10H10O","CC#CCOc1ccccc1","InChI=1S/C10H10O/c1-2-3-9-11-10-7-5-4-6-8-10/h4-8H,9H2,1H3","GGMLTGPNQUTCPG-UHFFFAOYSA-N"
231630,"2-Methyl-1-phenyl-2-propen-1-one",146.073166,"C10H10O","CC(=C)C(=O)c1ccccc1","InChI=1S/C10H10O/c1-8(2)10(11)9-6-4-3-5-7-9/h3-7H,1H2,2H3","KJCFAQDTHMIAAN-UHFFFAOYSA-N"
235969,"6-Methyl-4H-chromene",146.073166,"C10H10O","Cc1ccc2c(c1)CC=CO2","InChI=1S/C10H10O/c1-8-4-5-10-9(7-8)3-2-6-11-10/h2,4-7H,3H2,1H3","QLPNSEKLTUJOFX-UHFFFAOYSA-N"
242862,"3-Phenyl-2,5-dihydrofuran",146.073166,"C10H10O","c1ccc(cc1)C2=CCOC2","InChI=1S/C10H10O/c1-2-4-9(5-3-1)10-6-7-11-8-10/h1-6H,7-8H2","DLRAQVBYOAKOCP-UHFFFAOYSA-N"
267189,"3,5-Dimethylbicyclo[4.2.0]octa-1,3,5-trien-7-one",146.073166,"C10H10O","Cc1cc(c2c(c1)CC2=O)C","InChI=1S/C10H10O/c1-6-3-7(2)10-8(4-6)5-9(10)11/h3-4H,5H2,1-2H3","LWHHDDZFBOKZDJ-UHFFFAOYSA-N"
280488,"1-Methyl-1H-inden-1-ol",146.073166,"C10H10O","CC1(C=Cc2c1cccc2)O","InChI=1S/C10H10O/c1-10(11)7-6-8-4-2-3-5-9(8)10/h2-7,11H,1H3","ZPDCIXBTPXVPIG-UHFFFAOYSA-N"
280490,"1H-Inden-3-ylmethanol",146.073166,"C10H10O","c1ccc2c(c1)CC=C2CO","InChI=1S/C10H10O/c11-7-9-6-5-8-3-1-2-4-10(8)9/h1-4,6,11H,5,7H2","NNWYLBUHWMUBTG-UHFFFAOYSA-N"
280494,"1,1a,6,6a-Tetrahydrocyclopropa[a]inden-6-ol",146.073166,"C10H10O","c1ccc2c(c1)C3CC3C2O","InChI=1S/C10H10O/c11-10-7-4-2-1-3-6(7)8-5-9(8)10/h1-4,8-11H,5H2","UGFBGVISNUHSIU-UHFFFAOYSA-N"
282732,"Indene-1-methanol",146.073166,"C10H10O","c1ccc2c(c1)C=CC2CO","InChI=1S/C10H10O/c11-7-9-6-5-8-3-1-2-4-10(8)9/h1-6,9,11H,7H2","IJAXGELJFJEIDB-UHFFFAOYSA-N"
287593,"3-Phenyl-3-buten-2-one",146.073166,"C10H10O","CC(=O)C(=C)c1ccccc1","InChI=1S/C10H10O/c1-8(9(2)11)10-6-4-3-5-7-10/h3-7H,1H2,2H3","FEZMTSUOSTXNBJ-UHFFFAOYSA-N"
289203,"p-Propargyloxytoluene",146.073166,"C10H10O","Cc1ccc(cc1)OCC#C","InChI=1S/C10H10O/c1-3-8-11-10-6-4-9(2)5-7-10/h1,4-7H,8H2,2H3","YGUJJONWSYYYRX-UHFFFAOYSA-N"
292110,"2-Allylbenzaldehyde",146.073166,"C10H10O","C=CCc1ccccc1C=O","InChI=1S/C10H10O/c1-2-5-9-6-3-4-7-10(9)8-11/h2-4,6-8H,1,5H2","FZTDYEUXQXNEER-UHFFFAOYSA-N"
489184,"1-o-Tolylprop-2-en-1-one",146.073166,"C10H10O","Cc1ccccc1C(=O)C=C","InChI=1S/C10H10O/c1-3-10(11)9-7-5-4-6-8(9)2/h3-7H,1H2,2H3","IRHOMHHGLFTQAB-UHFFFAOYSA-N"
491244,"(2,3-Butadienyloxy)benzene",146.073166,"C10H10O","C=C=CCOc1ccccc1","InChI=1S/C10H10O/c1-2-3-9-11-10-7-5-4-6-8-10/h3-8H,1,9H2","QMGDONJDLZAETI-UHFFFAOYSA-N"
500325,"4-Phenyl-3-butyn-1-ol",146.073166,"C10H10O","c1ccc(cc1)C#CCCO","InChI=1S/C10H10O/c11-9-5-4-8-10-6-2-1-3-7-10/h1-3,6-7,11H,5,9H2","IBHSROAJVVUWSC-UHFFFAOYSA-N"
500382,"3-Methoxy-3-phenyl-1-propyne",146.073166,"C10H10O","COC(C#C)c1ccccc1","InChI=1S/C10H10O/c1-3-10(11-2)9-7-5-4-6-8-9/h1,4-8,10H,2H3","BUHKAOPBZBSTSX-UHFFFAOYSA-N"
500876,"4-Indanecarbaldehyde",146.073166,"C10H10O","c1cc2c(c(c1)C=O)CCC2","InChI=1S/C10H10O/c11-7-9-5-1-3-8-4-2-6-10(8)9/h1,3,5,7H,2,4,6H2","VAZZQRFSDNZKPO-UHFFFAOYSA-N"
506708,"4-Phenyl-3-butyn-2-ol",146.073166,"C10H10O","CC(C#Cc1ccccc1)O","InChI=1S/C10H10O/c1-9(11)7-8-10-5-3-2-4-6-10/h2-6,9,11H,1H3","JYOZFNMFSVAZAW-UHFFFAOYSA-N"
506812,"4-Methyl-2H-chromene",146.073166,"C10H10O","CC1=CCOc2c1cccc2","InChI=1S/C10H10O/c1-8-6-7-11-10-5-3-2-4-9(8)10/h2-6H,7H2,1H3","KTFBBRWUJNKOLY-UHFFFAOYSA-N"
506820,"1-Methylindan-2-one",146.073166,"C10H10O","CC1c2ccccc2CC1=O","InChI=1S/C10H10O/c1-7-9-5-3-2-4-8(9)6-10(7)11/h2-5,7H,6H2,1H3","XVFJKYPFHFHIOV-UHFFFAOYSA-N"
506821,"2-(1,3-Butadien-2-yl)phenol",146.073166,"C10H10O","C=CC(=C)c1ccccc1O","InChI=1S/C10H10O/c1-3-8(2)9-6-4-5-7-10(9)11/h3-7,11H,1-2H2","JHZUBRQPCNWPIC-UHFFFAOYSA-N"
512584,"7-Methyl-1-indanone",146.073166,"C10H10O","Cc1cccc2c1C(=O)CC2","InChI=1S/C10H10O/c1-7-3-2-4-8-5-6-9(11)10(7)8/h2-4H,5-6H2,1H3","DOXALDISRDZGNV-UHFFFAOYSA-N"
512625,"2-Propyn-1-ol, 3-p-tolyl-",146.073166,"C10H10O","Cc1ccc(cc1)C#CCO","InChI=1S/C10H10O/c1-9-4-6-10(7-5-9)3-2-8-11/h4-7,11H,8H2,1H3","RASSCMVYTLTTPK-UHFFFAOYSA-N"
555917,"(2R)-2-Methyl-1-indanone",146.073166,"C10H10O","C[C@@H]1Cc2ccccc2C1=O","InChI=1S/C10H10O/c1-7-6-8-4-2-3-5-9(8)10(7)11/h2-5,7H,6H2,1H3/t7-/m1/s1","BEKNOGMQVKBMQN-SSDOTTSWSA-N"
2016390,"DIMETHYLBENZOFURAN",146.073166,"C10H10O","Cc1c(oc2c1cccc2)C","InChI=1S/C10H10O/c1-7-8(2)11-10-6-4-3-5-9(7)10/h3-6H,1-2H3","YGBXXWTZWLALGR-UHFFFAOYSA-N"
2034122,"3-Methyl-1H-inden-1-ol",146.073166,"C10H10O","CC1=CC(c2c1cccc2)O","InChI=1S/C10H10O/c1-7-6-10(11)9-5-3-2-4-8(7)9/h2-6,10-11H,1H3","GSQPELZRDBGGHB-UHFFFAOYSA-N"
2034144,"3-Methoxy-1H-indene",146.073166,"C10H10O","COC1=CCc2c1cccc2","InChI=1S/C10H10O/c1-11-10-7-6-8-4-2-3-5-9(8)10/h2-5,7H,6H2,1H3","XHAPGEZVAJXCTL-UHFFFAOYSA-N"
2034207,"2-Methyl-1H-inden-1-ol",146.073166,"C10H10O","CC1=Cc2ccccc2C1O","InChI=1S/C10H10O/c1-7-6-8-4-2-3-5-9(8)10(7)11/h2-6,10-11H,1H3","KESWHXSLZBSBCR-UHFFFAOYSA-N"
2055495,"4-Ethoxyphenylacetylene",146.073166,"C10H10O","CCOc1ccc(cc1)C#C","InChI=1S/C10H10O/c1-3-9-5-7-10(8-6-9)11-4-2/h1,5-8H,4H2,2H3","FRGNOZUOTHMJSC-UHFFFAOYSA-N"
2073976,"6-Methyl-1-indanone",146.073166,"C10H10O","Cc1ccc2c(c1)C(=O)CC2","InChI=1S/C10H10O/c1-7-2-3-8-4-5-10(11)9(8)6-7/h2-3,6H,4-5H2,1H3","DBOXRDYLMJMQBB-UHFFFAOYSA-N"
2282546,"5,6-Dihydro-1-naphthalenol",146.073166,"C10H10O","c1cc2c(c(c1)O)C=CCC2","InChI=1S/C10H10O/c11-10-7-3-5-8-4-1-2-6-9(8)10/h2-3,5-7,11H,1,4H2","CZGOOINDASMGQI-UHFFFAOYSA-N"
3387630,"2-Phenylcyclopropanecarbaldehyde",146.073166,"C10H10O","c1ccc(cc1)C2CC2C=O","InChI=1S/C10H10O/c11-7-9-6-10(9)8-4-2-1-3-5-8/h1-5,7,9-10H,6H2","TYJRXMZXDBSURR-UHFFFAOYSA-N"
3618896,"4-Methyl-indanone",146.073166,"C10H10O","Cc1cccc2c1CCC2=O","InChI=1S/C10H10O/c1-7-3-2-4-9-8(7)5-6-10(9)11/h2-4H,5-6H2,1H3","RUORWXQKVXTQJJ-UHFFFAOYSA-N"
4473896,"1-Methoxy-4-(1-propyn-1-yl)benzene",146.073166,"C10H10O","CC#Cc1ccc(cc1)OC","InChI=1S/C10H10O/c1-3-4-9-5-7-10(11-2)8-6-9/h5-8H,1-2H3","QVJGHZTXDKQLRT-UHFFFAOYSA-N"
4482494,"(2R)-4-Phenyl-3-butyn-2-ol",146.073166,"C10H10O","C[C@H](C#Cc1ccccc1)O","InChI=1S/C10H10O/c1-9(11)7-8-10-5-3-2-4-6-10/h2-6,9,11H,1H3/t9-/m1/s1","JYOZFNMFSVAZAW-SECBINFHSA-N"
4510994,"(2Z)-2-methyl-3-phenylprop-2-enal",146.073166,"C10H10O","C/C(=C/c1ccccc1)/C=O","InChI=1S/C10H10O/c1-9(8-11)7-10-5-3-2-4-6-10/h2-8H,1H3/b9-7-","VLUMOWNVWOXZAU-CLFYSBASSA-N"
4521420,"(2Z)-2-Phenyl-2-butenal",146.073166,"C10H10O","C/C=C(\C=O)/c1ccccc1","InChI=1S/C10H10O/c1-2-9(8-11)10-6-4-3-5-7-10/h2-8H,1H3/b9-2+","DYAOGZLLMZQVHY-XNWCZRBMSA-N"
4522224,"3-P-Tolylpropenal",146.073166,"C10H10O","Cc1ccc(cc1)/C=C/C=O","InChI=1S/C10H10O/c1-9-4-6-10(7-5-9)3-2-8-11/h2-8H,1H3/b3-2+","DKOUYOVAEBQFHU-NSCUHMNNSA-N"
4522982,"2-Methyl-3-phenylacrolein",146.073166,"C10H10O","C/C(=C\c1ccccc1)/C=O","InChI=1S/C10H10O/c1-9(8-11)7-10-5-3-2-4-6-10/h2-8H,1H3/b9-7+","VLUMOWNVWOXZAU-VQHVLOKHSA-N"
4523019,"(2E)-3-Phenyl-2-butenal",146.073166,"C10H10O","C/C(=C\C=O)/c1ccccc1","InChI=1S/C10H10O/c1-9(7-8-11)10-5-3-2-4-6-10/h2-8H,1H3/b9-7+","IEARORYJISZKGK-VQHVLOKHSA-N"
4934706,"2-phenylbutenal",146.073166,"C10H10O","C/C=C(/C=O)\c1ccccc1","InChI=1S/C10H10O/c1-2-9(8-11)10-6-4-3-5-7-10/h2-8H,1H3/b9-2-","DYAOGZLLMZQVHY-MBXJOHMKSA-N"
5360509,"(3S)-3-Methyl-1-indanone",146.073166,"C10H10O","O=C2c1ccccc1[C@H](C2)C","InChI=1S/C10H10O/c1-7-6-10(11)9-5-3-2-4-8(7)9/h2-5,7H,6H2,1H3/t7-/m0/s1","XVTQSYKCADSUHN-ZETCQYMHSA-N"
5362003,"(2S)-2-Phenyl-3-butyn-2-ol",146.073166,"C10H10O","O[C@@](C#C)(c1ccccc1)C","InChI=1S/C10H10O/c1-3-10(2,11)9-7-5-4-6-8-9/h1,4-8,11H,2H3/t10-/m0/s1","KSLSOBUAIFEGLT-JTQLQIEISA-N"
5362421,"(2S)-2-Methyl-1-indanone",146.073166,"C10H10O","O=C2c1ccccc1C[C@@H]2C","InChI=1S/C10H10O/c1-7-6-8-4-2-3-5-9(8)10(7)11/h2-5,7H,6H2,1H3/t7-/m0/s1","BEKNOGMQVKBMQN-ZETCQYMHSA-N"
5368729,"(2R)-2-Phenyl-3-butyn-2-ol",146.073166,"C10H10O","O[C@](C#C)(c1ccccc1)C","InChI=1S/C10H10O/c1-3-10(2,11)9-7-5-4-6-8-9/h1,4-8,11H,2H3/t10-/m1/s1","KSLSOBUAIFEGLT-SNVBAGLBSA-N"
5395774,"(3R)-3-Methyl-1-indanone",146.073166,"C10H10O","O=C2c1ccccc1[C@@H](C2)C","InChI=1S/C10H10O/c1-7-6-10(11)9-5-3-2-4-8(7)9/h2-5,7H,6H2,1H3/t7-/m1/s1","XVTQSYKCADSUHN-SSDOTTSWSA-N"
5417412,"(2S)-4-Phenyl-3-butyn-2-ol",146.073166,"C10H10O","C(#Cc1ccccc1)[C@@H](O)C","InChI=1S/C10H10O/c1-9(11)7-8-10-5-3-2-4-6-10/h2-6,9,11H,1H3/t9-/m0/s1","JYOZFNMFSVAZAW-VIFPVBQESA-N"
8164971,"but-3-ynoxybenzene",146.073166,"C10H10O","O(c1ccccc1)CCC#C","InChI=1S/C10H10O/c1-2-3-9-11-10-7-5-4-6-8-10/h1,4-8H,3,9H2","LMJIECGJNREYCB-UHFFFAOYSA-N"
8305549,"5-Methyl-indanone",146.073166,"C10H10O","CC1=CC2=C(C=C1)C(=O)CC2","InChI=1S/C10H10O/c1-7-2-4-9-8(6-7)3-5-10(9)11/h2,4,6H,3,5H2,1H3","KBHCTNGQJOEDDC-UHFFFAOYSA-N"
8617239,"1H-Inden-2-ylmethanol",146.073166,"C10H10O","C1C2=CC=CC=C2C=C1CO","InChI=1S/C10H10O/c11-7-8-5-9-3-1-2-4-10(9)6-8/h1-5,11H,6-7H2","PHBJUSIBFHGBPC-UHFFFAOYSA-N"
8853733,"1-Methoxy-4-propadienylbenzene",146.073166,"C10H10O","O(c1ccc(\C=C=C)cc1)C","InChI=1S/C10H10O/c1-3-4-9-5-7-10(11-2)8-6-9/h4-8H,1H2,2H3","VFWWHPHTDJPSRP-UHFFFAOYSA-N"
8900820,"3-methoxyprop-1-ynylbenzene",146.073166,"C10H10O","C(#Cc1ccccc1)COC","InChI=1S/C10H10O/c1-11-9-5-8-10-6-3-2-4-7-10/h2-4,6-7H,9H2,1H3","XTYBMJQHLYVUBK-UHFFFAOYSA-N"
8900821,"3-Cyclopropylbenzaldehyde",146.073166,"C10H10O","C1CC1C2=CC=CC(=C2)C=O","InChI=1S/C10H10O/c11-7-8-2-1-3-10(6-8)9-4-5-9/h1-3,6-7,9H,4-5H2","COHGKAMBYJGYOZ-UHFFFAOYSA-N"
8948430,"1-Methoxy-4-(2-propyn-1-yl)benzene",146.073166,"C10H10O","COC1=CC=C(C=C1)CC#C","InChI=1S/C10H10O/c1-3-4-9-5-7-10(11-2)8-6-9/h1,5-8H,4H2,2H3","FTVOPYIWXFTNOS-UHFFFAOYSA-N"
8948431,"(1R)-1,2-Dihydro-1-naphthalenol",146.073166,"C10H10O","C1C=CC2=CC=CC=C2[C@@H]1O","InChI=1S/C10H10O/c11-10-7-3-5-8-4-1-2-6-9(8)10/h1-6,10-11H,7H2/t10-/m1/s1","TVZQDMRKJSXJPZ-SNVBAGLBSA-N"
9019811,"2-methylene-3-phenyl-oxetane",146.073166,"C10H10O","O2\C(=C)C(c1ccccc1)C2","InChI=1S/C10H10O/c1-8-10(7-11-8)9-5-3-2-4-6-9/h2-6,10H,1,7H2","SVWFFCAJOMMQBL-UHFFFAOYSA-N"
9041758,"(Ethoxyethynyl)benzene",146.073166,"C10H10O","O(C#Cc1ccccc1)CC","InChI=1S/C10H10O/c1-2-11-9-8-10-6-4-3-5-7-10/h3-7H,2H2,1H3","VLNHYALLILUUIS-UHFFFAOYSA-N"
9041759,"(1R,2S,6R,7S)-Tricyclo[5.2.1.0~2,6~]deca-4,8-dien-3-one",146.073166,"C10H10O","O=C2\C=C/[C@@H]3[C@@H]1/C=C\[C@@H](C1)[C@H]23","InChI=1S/C10H10O/c11-9-4-3-8-6-1-2-7(5-6)10(8)9/h1-4,6-8,10H,5H2/t6-,7+,8-,10+/m1/s1","USCIQHADNYEBHX-JIOCBJNQSA-N"
9041760,"(2S)-2-Phenyl-2,5-dihydrofuran",146.073166,"C10H10O","O2[C@H](c1ccccc1)/C=C\C2","InChI=1S/C10H10O/c1-2-5-9(6-3-1)10-7-4-8-11-10/h1-7,10H,8H2/t10-/m0/s1","WQMKMOVWAJSEFA-JTQLQIEISA-N"
9052526,"(2R)-2-Phenyl-2,5-dihydrofuran",146.073166,"C10H10O","O1C/C=C\[C@@H]1c2ccccc2","InChI=1S/C10H10O/c1-2-5-9(6-3-1)10-7-4-8-11-10/h1-7,10H,8H2/t10-/m1/s1","WQMKMOVWAJSEFA-SNVBAGLBSA-N"
9052527,"(1R,8S)-11-Oxatricyclo[6.2.1.0~2,7~]undeca-2,4,6-triene",146.073166,"C10H10O","O2[C@@H]3c1c(cccc1)[C@H]2CC3","InChI=1S/C10H10O/c1-2-4-8-7(3-1)9-5-6-10(8)11-9/h1-4,9-10H,5-6H2/t9-,10+","SPELXJYTVLDKGB-AOOOYVTPSA-N"
9063314,"(1S,2S,6S,7R)-Tricyclo[5.2.1.0~2,6~]deca-4,8-dien-3-one",146.073166,"C10H10O","O=C2\C=C/[C@H]3[C@H]1/C=C\[C@H](C1)[C@H]23","InChI=1S/C10H10O/c11-9-4-3-8-6-1-2-7(5-6)10(8)9/h1-4,6-8,10H,5H2/t6-,7+,8-,10-/m0/s1","USCIQHADNYEBHX-ODHVRURNSA-N"
9063315,"1a,2,7,7a-Tetrahydronaphtho[2,3-b]oxirene",146.073166,"C10H10O","O2C3Cc1ccccc1CC23","InChI=1S/C10H10O/c1-2-4-8-6-10-9(11-10)5-7(8)3-1/h1-4,9-10H,5-6H2","KXSWSFNGQCBWQA-UHFFFAOYSA-N"
9063316,"2-Phenyl-2,3-dihydrofuran",146.073166,"C10H10O","C1C=COC1C2=CC=CC=C2","InChI=1S/C10H10O/c1-2-5-9(6-3-1)10-7-4-8-11-10/h1-6,8,10H,7H2","PQHIJMWKRKSDNQ-UHFFFAOYSA-N"
9063317,"(1S)-1-(3-Methylphenyl)-2-propyn-1-ol",146.073166,"C10H10O","O[C@@H](C#C)c1cccc(c1)C","InChI=1S/C10H10O/c1-3-10(11)9-6-4-5-8(2)7-9/h1,4-7,10-11H,2H3/t10-/m0/s1","GHTICGMHEPKNMD-JTQLQIEISA-N"
9074106,"(2R)-2-Phenyl-2,3-dihydrofuran",146.073166,"C10H10O","O1\C=C/C[C@@H]1c2ccccc2","InChI=1S/C10H10O/c1-2-5-9(6-3-1)10-7-4-8-11-10/h1-6,8,10H,7H2/t10-/m1/s1","PQHIJMWKRKSDNQ-SNVBAGLBSA-N"
9084959,"1-(4-Vinylphenyl)ethanone",146.073166,"C10H10O","CC(=O)C1=CC=C(C=C1)C=C","InChI=1S/C10H10O/c1-3-9-4-6-10(7-5-9)8(2)11/h3-7H,1H2,2H3","HDXVSRDSYNPSAE-UHFFFAOYSA-N"
9084960,"(1R)-1-Phenyl-2,3-butadien-1-ol",146.073166,"C10H10O","O[C@H](\C=C=C)c1ccccc1","InChI=1S/C10H10O/c1-2-6-10(11)9-7-4-3-5-8-9/h3-8,10-11H,1H2/t10-/m1/s1","JIXQASRAAIEDKW-SNVBAGLBSA-N"
9084961,"2-Benzyl-propenal",146.073166,"C10H10O","C=C(Cc1ccccc1)C=O","InChI=1S/C10H10O/c1-9(8-11)7-10-5-3-2-4-6-10/h2-6,8H,1,7H2","DHNSDRAPEVOWJB-UHFFFAOYSA-N"
9084962,"2-[(E)-2-Phenylvinyl]oxirane",146.073166,"C10H10O","O2C(\C=C\c1ccccc1)C2","InChI=1S/C10H10O/c1-2-4-9(5-3-1)6-7-10-8-11-10/h1-7,10H,8H2/b7-6+","NGMWPIVXBOIIKF-VOTSOKGWSA-N"
9084963,"2-(3-Vinylphenyl)oxirane",146.073166,"C10H10O","O2C(c1cccc(c1)\C=C)C2","InChI=1S/C10H10O/c1-2-8-4-3-5-9(6-8)10-7-11-10/h2-6,10H,1,7H2","UVHDKEBYNUALRW-UHFFFAOYSA-N"
9106808,"2-METHYLCINNAMALDEHYDE",146.073166,"C10H10O","CC1=CC=CC=C1/C=C/C=O","InChI=1S/C10H10O/c1-9-5-2-3-6-10(9)7-4-8-11/h2-8H,1H3/b7-4+","ZAUAFFKABKNGKX-QPJJXVBHSA-N"
9106809,"(1S)-1-Phenyl-3-butyn-1-ol",146.073166,"C10H10O","O[C@H](c1ccccc1)CC#C","InChI=1S/C10H10O/c1-2-6-10(11)9-7-4-3-5-8-9/h1,3-5,7-8,10-11H,6H2/t10-/m0/s1","WBUZTCYOCCUTDV-JTQLQIEISA-N"
9106810,"1-(Bicyclo[4.2.0]octa-1,3,5-trien-3-yl)ethanone",146.073166,"C10H10O","O=C(c1ccc2c(c1)CC2)C","InChI=1S/C10H10O/c1-7(11)9-4-2-8-3-5-10(8)6-9/h2,4,6H,3,5H2,1H3","SEDCRTYYTGWRHR-UHFFFAOYSA-N"
9117806,"2,5-Dihydro-1-benzoxepine",146.073166,"C10H10O","c1cc2OC/C=C\Cc2cc1","InChI=1S/C10H10O/c1-2-7-10-9(5-1)6-3-4-8-11-10/h1-5,7H,6,8H2","RJCHLKZWCLIACQ-UHFFFAOYSA-N"
9117807,"(1R,2S,7S)-Tricyclo[5.2.1.0~2,6~]deca-5,8-dien-3-one",146.073166,"C10H10O","C1C=C2C3CC(C2C1=O)C=C3","InChI=1S/C10H10O/c11-9-4-3-8-6-1-2-7(5-6)10(8)9/h1-3,6-7,10H,4-5H2","CRDREUNGSYUPCS-UHFFFAOYSA-N"
9128875,"(1R)-2-Phenylcyclopropanecarbaldehyde",146.073166,"C10H10O","O=C[C@@H]2CC2c1ccccc1","InChI=1S/C10H10O/c11-7-9-6-10(9)8-4-2-1-3-5-8/h1-5,7,9-10H,6H2/t9-,10?/m0/s1","TYJRXMZXDBSURR-RGURZIINSA-N"
9139864,"(1R)-1-Phenyl-3-butyn-1-ol",146.073166,"C10H10O","O[C@@H](c1ccccc1)CC#C","InChI=1S/C10H10O/c1-2-6-10(11)9-7-4-3-5-8-9/h1,3-5,7-8,10-11H,6H2/t10-/m1/s1","WBUZTCYOCCUTDV-SNVBAGLBSA-N"
9149553,"(3E)-4-Phenyl-3-butenal",146.073166,"C10H10O","O=CC/C=C/c1ccccc1","InChI=1S/C10H10O/c11-9-5-4-8-10-6-2-1-3-7-10/h1-4,6-9H,5H2/b8-4+","ZHOXGILWMHZMGW-XBXARRHUSA-N"
9150830,"1-(3-Methylphenyl)-2-propen-1-one",146.073166,"C10H10O","O=C(c1cc(ccc1)C)\C=C","InChI=1S/C10H10O/c1-3-10(11)9-6-4-5-8(2)7-9/h3-7H,1H2,2H3","WPNYTQHRCHESCN-UHFFFAOYSA-N"
9161574,"1-Phenyl-2,3-butadien-1-ol",146.073166,"C10H10O","OC(/C=C=C)c1ccccc1","InChI=1S/C10H10O/c1-2-6-10(11)9-7-4-3-5-8-9/h3-8,10-11H,1H2","JIXQASRAAIEDKW-UHFFFAOYSA-N"
9161575,"2-Methyl-2H-chromene",146.073166,"C10H10O","CC1\C=C/c2ccccc2O1","InChI=1S/C10H10O/c1-8-6-7-9-4-2-3-5-10(9)11-8/h2-8H,1H3","ZUTQBIIKJALUQO-UHFFFAOYSA-N"
9161576,"(1S,7R)-Tricyclo[5.2.1.0~2,6~]deca-4,8-dien-3-one",146.073166,"C10H10O","C1C2C=CC1C3C2C=CC3=O","InChI=1S/C10H10O/c11-9-4-3-8-6-1-2-7(5-6)10(8)9/h1-4,6-8,10H,5H2","USCIQHADNYEBHX-UHFFFAOYSA-N"
9172371,"(1S,2R,6S,7R)-Tricyclo[5.2.1.0~2,6~]deca-4,8-dien-3-one",146.073166,"C10H10O","C1C2C=CC1C3C2C=CC3=O","InChI=1S/C10H10O/c11-9-4-3-8-6-1-2-7(5-6)10(8)9/h1-4,6-8,10H,5H2","USCIQHADNYEBHX-UHFFFAOYSA-N"
9183240,"(2E)-4-Phenyl-2-butenal",146.073166,"C10H10O","O=C/C=C/Cc1ccccc1","InChI=1S/C10H10O/c11-9-5-4-8-10-6-2-1-3-7-10/h1-7,9H,8H2/b5-4+","WLNLUFZWBZXINT-SNAWJCMRSA-N"
9183241,"1-Phenylcyclopropanecarbaldehyde",146.073166,"C10H10O","C1CC1(C=O)C2=CC=CC=C2","InChI=1S/C10H10O/c11-8-10(6-7-10)9-4-2-1-3-5-9/h1-5,8H,6-7H2","SMYKJEFTTNCUSN-UHFFFAOYSA-N"
9183242,"(2S)-2-Phenyl-2,3-dihydrofuran",146.073166,"C10H10O","c1ccc(cc1)C2CC=CO2","InChI=1S/C10H10O/c1-2-5-9(6-3-1)10-7-4-8-11-10/h1-6,8,10H,7H2","PQHIJMWKRKSDNQ-UHFFFAOYSA-N"
9183243,"(2E)-3-(1,3,5-Cycloheptatrien-1-yl)acrylaldehyde",146.073166,"C10H10O","C1C=CC=CC=C1C=CC=O","InChI=1S/C10H10O/c11-9-5-8-10-6-3-1-2-4-7-10/h1-6,8-9H,7H2","VDCKAZWSPDGBSV-UHFFFAOYSA-N"
9194188,"1-Phenyl-3-butyn-1-ol",146.073166,"C10H10O","C#CCC(C1=CC=CC=C1)O","InChI=1S/C10H10O/c1-2-6-10(11)9-7-4-3-5-8-9/h1,3-5,7-8,10-11H,6H2","WBUZTCYOCCUTDV-UHFFFAOYSA-N"
9194189,"(2R,3S)-2-Phenyl-3-vinyloxirane",146.073166,"C10H10O","C=C[C@H]1[C@H](O1)C2=CC=CC=C2","InChI=1S/C10H10O/c1-2-9-10(11-9)8-6-4-3-5-7-8/h2-7,9-10H,1H2/t9-,10+/m0/s1","JREKMQNEGCRTPI-VHSXEESVSA-N"
9194190,"(1S,2R,7R)-Tricyclo[5.2.1.0~2,6~]deca-5,8-dien-3-one",146.073166,"C10H10O","C1C=C2C3CC(C2C1=O)C=C3","InChI=1S/C10H10O/c11-9-4-3-8-6-1-2-7(5-6)10(8)9/h1-3,6-7,10H,4-5H2","CRDREUNGSYUPCS-UHFFFAOYSA-N"
9205147,"(2S,3R)-2-Phenyl-3-vinyloxirane",146.073166,"C10H10O","O2[C@@H](c1ccccc1)[C@H]2\C=C","InChI=1S/C10H10O/c1-2-9-10(11-9)8-6-4-3-5-7-8/h2-7,9-10H,1H2/t9-,10+/m1/s1","JREKMQNEGCRTPI-ZJUUUORDSA-N"
9205148,"(1S,2S)-2-[(1E)-1,5-Hexadien-3-yn-1-yl]cyclopropanecarbaldehyde",146.073166,"C10H10O","O=C[C@@H]1[C@H](\C=C\C#C\C=C)C1","InChI=1S/C10H10O/c1-2-3-4-5-6-9-7-10(9)8-11/h2,5-6,8-10H,1,7H2/b6-5+/t9-,10-/m1/s1","ZMTIARSTVBEZHL-GMCFVEKCSA-N"
9214976,"1-Phenyl-3-buten-1-one",146.073166,"C10H10O","O=C(c1ccccc1)C\C=C","InChI=1S/C10H10O/c1-2-6-10(11)9-7-4-3-5-8-9/h2-5,7-8H,1,6H2","ZFYKDNCOQBBOST-UHFFFAOYSA-N"
9226969,"1-Methylene-2-indanol",146.073166,"C10H10O","OC2C(/c1ccccc1C2)=C","InChI=1S/C10H10O/c1-7-9-5-3-2-4-8(9)6-10(7)11/h2-5,10-11H,1,6H2","YJZMJSYJVZSLHT-UHFFFAOYSA-N"
9226970,"[2-(1-Propyn-1-yl)phenyl]methanol",146.073166,"C10H10O","C(#CC)c1ccccc1CO","InChI=1S/C10H10O/c1-2-5-9-6-3-4-7-10(9)8-11/h3-4,6-7,11H,8H2,1H3","OLFJRQDJNAVSKX-UHFFFAOYSA-N"
9237679,"3,8-Dihydro-1(2H)-azulenone",146.073166,"C10H10O","C1CC(=O)C2=C1C=CC=CC2","InChI=1S/C10H10O/c11-10-7-6-8-4-2-1-3-5-9(8)10/h1-4H,5-7H2","WTZXPIGNWUUHGC-UHFFFAOYSA-N"
9259169,"1-Vinyl-1,3-dihydro-2-benzofuran",146.073166,"C10H10O","C=CC1c2ccccc2CO1","InChI=1S/C10H10O/c1-2-10-9-6-4-3-5-8(9)7-11-10/h2-6,10H,1,7H2","ILDNZTRIVHPVAU-UHFFFAOYSA-N"
9259170,"2-Phenyl-3-vinyloxirane",146.073166,"C10H10O","C=CC2OC2c1ccccc1","InChI=1S/C10H10O/c1-2-9-10(11-9)8-6-4-3-5-7-8/h2-7,9-10H,1H2","JREKMQNEGCRTPI-UHFFFAOYSA-N"
9259171,"2-Phenyl-2,5-dihydrofuran",146.073166,"C10H10O","c1ccc(cc1)C2/C=C\CO2","InChI=1S/C10H10O/c1-2-5-9(6-3-1)10-7-4-8-11-10/h1-7,10H,8H2","WQMKMOVWAJSEFA-UHFFFAOYSA-N"
9259172,"3-Phenyl-2,3-dihydrofuran",146.073166,"C10H10O","c1ccc(cc1)C2COC=C2","InChI=1S/C10H10O/c1-2-4-9(5-3-1)10-6-7-11-8-10/h1-7,10H,8H2","LKNXCDZIIQHKHB-UHFFFAOYSA-N"
9280638,"1,3,4,5-Tetrahydrocyclopropa[f]inden-4-ol",146.073166,"C10H10O","OC3Cc1c(cc2c(c1)C2)C3","InChI=1S/C10H10O/c11-10-4-8-2-6-1-7(6)3-9(8)5-10/h2-3,10-11H,1,4-5H2","BGEUCNOIYCZRGD-UHFFFAOYSA-N"
9280639,"(1aS,7bR)-1a,2,3,7b-Tetrahydronaphtho[1,2-b]oxirene",146.073166,"C10H10O","O2[C@@H]3c1ccccc1CC[C@H]23","InChI=1S/C10H10O/c1-2-4-8-7(3-1)5-6-9-10(8)11-9/h1-4,9-10H,5-6H2/t9-,10+/m0/s1","ZWBOIOUXXAJRAU-VHSXEESVSA-N"
9291325,"(1aR,7bS)-1a,2,3,7b-Tetrahydronaphtho[1,2-b]oxirene",146.073166,"C10H10O","O2[C@H]3c1ccccc1CC[C@@H]23","InChI=1S/C10H10O/c1-2-4-8-7(3-1)5-6-9-10(8)11-9/h1-4,9-10H,5-6H2/t9-,10+/m1/s1","ZWBOIOUXXAJRAU-ZJUUUORDSA-N"
9291326,"(1S,2S)-2-[(1Z)-1,5-Hexadien-3-yn-1-yl]cyclopropanecarbaldehyde",146.073166,"C10H10O","O=C[C@@H]1[C@H](/C=C\C#C\C=C)C1","InChI=1S/C10H10O/c1-2-3-4-5-6-9-7-10(9)8-11/h2,5-6,8-10H,1,7H2/b6-5-/t9-,10-/m1/s1","ZMTIARSTVBEZHL-KWMOZEJZSA-N"
9291327,"[(Propadienyloxy)methyl]benzene",146.073166,"C10H10O","O(\C=C=C)Cc1ccccc1","InChI=1S/C10H10O/c1-2-8-11-9-10-6-4-3-5-7-10/h3-8H,1,9H2","LXRBTOHAJIXCIP-UHFFFAOYSA-N"
9291328,"1-(1,3,5-Cycloheptatrien-1-yl)-2-propen-1-one",146.073166,"C10H10O","O=C(\C=C)\C1=C\C=C/C=C\C1","InChI=1S/C10H10O/c1-2-10(11)9-7-5-3-4-6-8-9/h2-7H,1,8H2","GTXRHUICFNLXSL-UHFFFAOYSA-N"
9291329,"3,3a-Dihydro-1(2H)-azulenone",146.073166,"C10H10O","O=C2\C1=C\C=C/C=C\C1CC2","InChI=1S/C10H10O/c11-10-7-6-8-4-2-1-3-5-9(8)10/h1-5,8H,6-7H2","LJABZZVLVOQVRC-UHFFFAOYSA-N"
9291330,"1-Indanecarbaldehyde",146.073166,"C10H10O","C1CC2=CC=CC=C2C1C=O","InChI=1S/C10H10O/c11-7-9-6-5-8-3-1-2-4-10(8)9/h1-4,7,9H,5-6H2","CMKDJMDGRSJZIS-UHFFFAOYSA-N"
9301529,"(1R,2R,6S,7S)-Tricyclo[5.2.1.0~2,6~]deca-4,8-dien-3-one",146.073166,"C10H10O","O=C2\C=C/[C@H]3[C@@H]1/C=C\[C@@H](C1)[C@@H]23","InChI=1S/C10H10O/c11-9-4-3-8-6-1-2-7(5-6)10(8)9/h1-4,6-8,10H,5H2/t6-,7+,8+,10-/m1/s1","USCIQHADNYEBHX-CHIQAWFVSA-N"
9301530,"(1aR,7bR)-1a,2,3,7b-Tetrahydronaphtho[1,2-b]oxirene",146.073166,"C10H10O","O2[C@@H]3c1ccccc1CC[C@@H]23","InChI=1S/C10H10O/c1-2-4-8-7(3-1)5-6-9-10(8)11-9/h1-4,9-10H,5-6H2/t9-,10-/m1/s1","ZWBOIOUXXAJRAU-NXEZZACHSA-N"
9312418,"1-p-Tolyl-prop-2-yn-1-ol",146.073166,"C10H10O","OC(C#C)c1ccc(cc1)C","InChI=1S/C10H10O/c1-3-10(11)9-6-4-8(2)5-7-9/h1,4-7,10-11H,2H3","QNRVVPCYHOFMFO-UHFFFAOYSA-N"
9322909,"(3Z)-4-Phenyl-3-buten-2-one",146.073166,"C10H10O","O=C(\C=C/c1ccccc1)C","InChI=1S/C10H10O/c1-9(11)7-8-10-5-3-2-4-6-10/h2-8H,1H3/b8-7-","BWHOZHOGCMHOBV-FPLPWBNLSA-N"
9322910,"3-Methylene-1-indanol",146.073166,"C10H10O","OC2c1ccccc1\C(=C)C2","InChI=1S/C10H10O/c1-7-6-10(11)9-5-3-2-4-8(7)9/h2-5,10-11H,1,6H2","FWMZNYAXDOOYJE-UHFFFAOYSA-N"
9346144,"4-Methylene-3,4-dihydro-1H-isochromene",146.073166,"C10H10O","O2CC(/c1c(cccc1)C2)=C","InChI=1S/C10H10O/c1-8-6-11-7-9-4-2-3-5-10(8)9/h2-5H,1,6-7H2","ITLGBCGWOPTPOK-UHFFFAOYSA-N"
9357763,"(1S,2S,6R,7R)-Tricyclo[5.2.1.0~2,6~]deca-4,8-dien-3-one",146.073166,"C10H10O","O=C2\C=C/[C@@H]3[C@H]1/C=C\[C@H](C1)[C@H]23","InChI=1S/C10H10O/c11-9-4-3-8-6-1-2-7(5-6)10(8)9/h1-4,6-8,10H,5H2/t6-,7+,8+,10-/m0/s1","USCIQHADNYEBHX-WHQQTDPMSA-N"
9369482,"2-Vinyl-2,3-dihydro-1-benzofuran",146.073166,"C10H10O","O2c1ccccc1CC2\C=C","InChI=1S/C10H10O/c1-2-9-7-8-5-3-4-6-10(8)11-9/h2-6,9H,1,7H2","KUUQXWYXLRJNNG-UHFFFAOYSA-N"
9369483,"4-Phenyl-2,3-butadien-1-ol",146.073166,"C10H10O","C(=C\CO)=C\c1ccccc1","InChI=1S/C10H10O/c11-9-5-4-8-10-6-2-1-3-7-10/h1-3,5-8,11H,9H2","FMYUQOLTIKKMPM-UHFFFAOYSA-N"
9380898,"1-Methoxy-3-propadienylbenzene",146.073166,"C10H10O","O(c1cc(\C=C=C)ccc1)C","InChI=1S/C10H10O/c1-3-5-9-6-4-7-10(8-9)11-2/h4-8H,1H2,2H3","CNZOHTSVEWWHRI-UHFFFAOYSA-N"
9403919,"1-Methoxy-2-(1-propyn-1-yl)benzene",146.073166,"C10H10O","C(#CC)c1ccccc1OC","InChI=1S/C10H10O/c1-3-6-9-7-4-5-8-10(9)11-2/h4-5,7-8H,1-2H3","RTLAJYPVXKNGFV-UHFFFAOYSA-N"
9507491,"[4-(2-Propyn-1-yl)phenyl]methanol",146.073166,"C10H10O","OCc1ccc(cc1)CC#C","InChI=1S/C10H10O/c1-2-3-9-4-6-10(8-11)7-5-9/h1,4-7,11H,3,8H2","KMFBMUWZGGIREA-UHFFFAOYSA-N"
9541987,"4-Methyl-1H-isochromene",146.073166,"C10H10O","O2\C=C(/c1c(cccc1)C2)C","InChI=1S/C10H10O/c1-8-6-11-7-9-4-2-3-5-10(8)9/h2-6H,7H2,1H3","GLFVCAAZLNKMIU-UHFFFAOYSA-N"
9564364,"2-Phenyl-2-vinyloxirane",146.073166,"C10H10O","O2C(c1ccccc1)(\C=C)C2","InChI=1S/C10H10O/c1-2-10(8-11-10)9-6-4-3-5-7-9/h2-7H,1,8H2","RAMTWFWSBOIROB-UHFFFAOYSA-N"
9594031,"3,4-Dihydro-1-naphthalenol",146.073166,"C10H10O","OC=2c1c(cccc1)CCC=2","InChI=1S/C10H10O/c11-10-7-3-5-8-4-1-2-6-9(8)10/h1-2,4,6-7,11H,3,5H2","KKHIFLYUSFQMDJ-UHFFFAOYSA-N"
9621270,"4-Vinyl-2,3-dihydro-1-benzofuran",146.073166,"C10H10O","C=CC1=C2CCOC2=CC=C1","InChI=1S/C10H10O/c1-2-8-4-3-5-10-9(8)6-7-11-10/h2-5H,1,6-7H2","WLZOPMPOGRQZCJ-UHFFFAOYSA-N"
9643971,"2-Phenylcyclobutanone",146.073166,"C10H10O","C1CC(=O)C1C2=CC=CC=C2","InChI=1S/C10H10O/c11-10-7-6-9(10)8-4-2-1-3-5-8/h1-5,9H,6-7H2","BJFZFQHWYGJPQD-UHFFFAOYSA-N"
9643972,"2-Methylenechromane",146.073166,"C10H10O","O/2c1ccccc1CCC\2=C","InChI=1S/C10H10O/c1-8-6-7-9-4-2-3-5-10(9)11-8/h2-5H,1,6-7H2","SKVLAYXNJMOXCS-UHFFFAOYSA-N"
9681271,"4-Cyclopropylbenzaldehyde",146.073166,"C10H10O","C1CC1C2=CC=C(C=C2)C=O","InChI=1S/C10H10O/c11-7-8-1-3-9(4-2-8)10-5-6-10/h1-4,7,10H,5-6H2","CZUQVKFJAJAHGK-UHFFFAOYSA-N"
9732089,"1-Phenyl-3-butyn-2-ol",146.073166,"C10H10O","OC(C#C)Cc1ccccc1","InChI=1S/C10H10O/c1-2-10(11)8-9-6-4-3-5-7-9/h1,3-7,10-11H,8H2","OCGGBKUCKYBJSC-UHFFFAOYSA-N"
9746594,"7,8-Dihydro-1-naphthalenol",146.073166,"C10H10O","Oc1cccc\2c1CC/C=C/2","InChI=1S/C10H10O/c11-10-7-3-5-8-4-1-2-6-9(8)10/h1,3-5,7,11H,2,6H2","GUNUOUOMYPMVSK-UHFFFAOYSA-N"
9840164,"(1-Phenyl-2-cyclopropen-1-yl)methanol",146.073166,"C10H10O","OCC\2(c1ccccc1)/C=C/2","InChI=1S/C10H10O/c11-8-10(6-7-10)9-4-2-1-3-5-9/h1-7,11H,8H2","CNKAOWOWVMHPSR-UHFFFAOYSA-N"
9919475,"2-Indanecarbaldehyde",146.073166,"C10H10O","O=CC2Cc1ccccc1C2","InChI=1S/C10H10O/c11-7-8-5-9-3-1-2-4-10(9)6-8/h1-4,7-8H,5-6H2","KPTYDOSQASSERS-UHFFFAOYSA-N"
9943391,"3,4-Dihydro-1(2H)-azulenone",146.073166,"C10H10O","C1CC(=O)C2=C1CC=CC=C2","InChI=1S/C10H10O/c11-10-7-6-8-4-2-1-3-5-9(8)10/h1-3,5H,4,6-7H2","FCLCKEGCKMNYKQ-UHFFFAOYSA-N"
9943392,"2-Allyl-2,4,6-cycloheptatrien-1-one",146.073166,"C10H10O","O=C\1/C=C\C=C/C=C/1C\C=C","InChI=1S/C10H10O/c1-2-6-9-7-4-3-5-8-10(9)11/h2-5,7-8H,1,6H2","UFUDXCGHSORSER-UHFFFAOYSA-N"
9963043,"(2E)-3-(3-Methylphenyl)acrylaldehyde",146.073166,"C10H10O","CC1=CC(=CC=C1)/C=C/C=O","InChI=1S/C10H10O/c1-9-4-2-5-10(8-9)6-3-7-11/h2-8H,1H3/b6-3+","SJLLZWMNPJCLBC-ZZXKWVIFSA-N"
9964018,"(1S)-1-Phenyl-2,3-butadien-1-ol",146.073166,"C10H10O","O[C@@H](\C=C=C)c1ccccc1","InChI=1S/C10H10O/c1-2-6-10(11)9-7-4-3-5-8-9/h3-8,10-11H,1H2/t10-/m0/s1","JIXQASRAAIEDKW-JTQLQIEISA-N"
9979569,"(1S,7R)-Tricyclo[5.2.1.0~2,6~]deca-2(6),8-dien-3-one",146.073166,"C10H10O","O=C1\C2=C(/CC1)[C@H]3\C=C/[C@@H]2C3","InChI=1S/C10H10O/c11-9-4-3-8-6-1-2-7(5-6)10(8)9/h1-2,6-7H,3-5H2/t6-,7+/m0/s1","JFUGANDOIVLPKQ-NKWVEPMBSA-N"
9993840,"1-Phenyl-2-butyn-1-ol",146.073166,"C10H10O","CC#CC(c1ccccc1)O","InChI=1S/C10H10O/c1-2-6-10(11)9-7-4-3-5-8-9/h3-5,7-8,10-11H,1H3","UUZRIAGCTHKQSP-UHFFFAOYSA-N"
10004235,"(2R,3R)-2-Phenyl-3-vinyloxirane",146.073166,"C10H10O","C=C[C@@H]1[C@H](O1)c2ccccc2","InChI=1S/C10H10O/c1-2-9-10(11-9)8-6-4-3-5-7-8/h2-7,9-10H,1H2/t9-,10-/m1/s1","JREKMQNEGCRTPI-NXEZZACHSA-N"
10038656,"(1S,2R,6R,7S)-Tricyclo[5.2.1.0~2,6~]deca-4,8-dien-3-one",146.073166,"C10H10O","C1[C@H]2C=C[C@H]1[C@@H]3[C@@H]2C=CC3=O","InChI=1S/C10H10O/c11-9-4-3-8-6-1-2-7(5-6)10(8)9/h1-4,6-8,10H,5H2/t6-,7-,8-,10-/m1/s1","USCIQHADNYEBHX-FDDDBJFASA-N"
10061736,"(1R,2R,6R,7R)-Tricyclo[5.2.1.0~2,6~]deca-4,8-dien-3-one",146.073166,"C10H10O","C1[C@@H]2C=C[C@@H]1[C@@H]3[C@@H]2C=CC3=O","InChI=1S/C10H10O/c11-9-4-3-8-6-1-2-7(5-6)10(8)9/h1-4,6-8,10H,5H2/t6-,7-,8+,10+/m0/s1","USCIQHADNYEBHX-QHOPCYEYSA-N"
10172916,"4,6,8-Decatriyn-1-ol",146.073166,"C10H10O","CC#CC#CC#CCCCO","InChI=1S/C10H10O/c1-2-3-4-5-6-7-8-9-10-11/h11H,8-10H2,1H3","GBMVLGTXGKHYSC-UHFFFAOYSA-N"
10178782,"4,6-Dimethyl-1-benzofuran",146.073166,"C10H10O","Cc1cc(c2ccoc2c1)C","InChI=1S/C10H10O/c1-7-5-8(2)9-3-4-11-10(9)6-7/h3-6H,1-2H3","FTDWPZACXQZNMS-UHFFFAOYSA-N"
10236476,"Bicyclo[4.2.1]nona-2,4,7-triene-9-carbaldehyde",146.073166,"C10H10O","C1=CC2C=CC(C2C=O)C=C1","InChI=1S/C10H10O/c11-7-10-8-3-1-2-4-9(10)6-5-8/h1-10H","ZSALCQGSAPFCPO-UHFFFAOYSA-N"
10273958,"3-Phenyl-2-butenal",146.073166,"C10H10O","C/C(=C/C=O)/c1ccccc1","InChI=1S/C10H10O/c1-9(7-8-11)10-5-3-2-4-6-10/h2-8H,1H3/b9-7-","IEARORYJISZKGK-CLFYSBASSA-N"
10295660,"(1S,2S)-2-Phenylcyclopropanecarbaldehyde",146.073166,"C10H10O","c1ccc(cc1)[C@H]2C[C@@H]2C=O","InChI=1S/C10H10O/c11-7-9-6-10(9)8-4-2-1-3-5-8/h1-5,7,9-10H,6H2/t9-,10-/m1/s1","TYJRXMZXDBSURR-NXEZZACHSA-N"
10350303,"6-Methyl-2H-chromene",146.073166,"C10H10O","Cc1ccc2c(c1)C=CCO2","InChI=1S/C10H10O/c1-8-4-5-10-9(7-8)3-2-6-11-10/h2-5,7H,6H2,1H3","JCSJECFXHPZAOC-UHFFFAOYSA-N"
10350304,"7-Methyl-2H-chromene",146.073166,"C10H10O","Cc1ccc2/C=C\COc2c1","InChI=1S/C10H10O/c1-8-4-5-9-3-2-6-11-10(9)7-8/h2-5,7H,6H2,1H3","ICIFCIKFQZAAIB-UHFFFAOYSA-N"
10350305,"8-Methyl-2H-chromene",146.073166,"C10H10O","Cc1cccc2c1OCC=C2","InChI=1S/C10H10O/c1-8-4-2-5-9-6-3-7-11-10(8)9/h2-6H,7H2,1H3","ZEOWDTZITGQRJG-UHFFFAOYSA-N"
10359549,"5-Methoxy-1H-indene",146.073166,"C10H10O","COc1ccc2c(c1)C=CC2","InChI=1S/C10H10O/c1-11-10-6-5-8-3-2-4-9(8)7-10/h2,4-7H,3H2,1H3","JKUYMLAKNNWKGZ-UHFFFAOYSA-N"
10416238,"2-Cyclopropylbenzaldehyde",146.073166,"C10H10O","c1ccc(c(c1)C=O)C2CC2","InChI=1S/C10H10O/c11-7-9-3-1-2-4-10(9)8-5-6-8/h1-4,7-8H,5-6H2","ZVDXHSUCDWVQEY-UHFFFAOYSA-N"
10428014,"1-Methoxy-3-(2-propyn-1-yl)benzene",146.073166,"C10H10O","COc1cccc(c1)CC#C","InChI=1S/C10H10O/c1-3-5-9-6-4-7-10(8-9)11-2/h1,4,6-8H,5H2,2H3","DBQNLKUFTRKUIA-UHFFFAOYSA-N"
10523585,"3-Methyl-2H-chromene",146.073166,"C10H10O","C\C1=C\c2ccccc2OC1","InChI=1S/C10H10O/c1-8-6-9-4-2-3-5-10(9)11-7-8/h2-6H,7H2,1H3","CYEDGXSCQSIYAY-UHFFFAOYSA-N"
10628733,"3-Phenyl-1-butyn-1-ol",146.073166,"C10H10O","CC(C#CO)c1ccccc1","InChI=1S/C10H10O/c1-9(7-8-11)10-5-3-2-4-6-10/h2-6,9,11H,1H3","MQSZOZMNAJHVML-UHFFFAOYSA-N"
10759472,"4-Allylbenzaldehyde",146.073166,"C10H10O","C=CCC1=CC=C(C=C1)C=O","InChI=1S/C10H10O/c1-2-3-9-4-6-10(8-11)7-5-9/h2,4-8H,1,3H2","VBZGCBZCEGCNPR-UHFFFAOYSA-N"
11261750,"1,2-Dihydro-1-naphthalenol",146.073166,"C10H10O","c1ccc2c(c1)C=CCC2O","InChI=1S/C10H10O/c11-10-7-3-5-8-4-1-2-6-9(8)10/h1-6,10-11H,7H2","TVZQDMRKJSXJPZ-UHFFFAOYSA-N"
11293626,"2-Methyl-4-vinylbenzaldehyde",146.073166,"C10H10O","Cc1cc(ccc1C=O)C=C","InChI=1S/C10H10O/c1-3-9-4-5-10(7-11)8(2)6-9/h3-7H,1H2,2H3","UASMMGZSYVCUBZ-UHFFFAOYSA-N"
11455182,"2-Phenyl-3-butyn-1-ol",146.073166,"C10H10O","OCC(C#C)c1ccccc1","InChI=1S/C10H10O/c1-2-9(8-11)10-6-4-3-5-7-10/h1,3-7,9,11H,8H2","LXHRCMUFNALUGM-UHFFFAOYSA-N"
11503975,"7,8-Dihydro-2-naphthalenol",146.073166,"C10H10O","c1cc2c(cc1O)CCC=C2","InChI=1S/C10H10O/c11-10-6-5-8-3-1-2-4-9(8)7-10/h1,3,5-7,11H,2,4H2","QTUANRNBNIECOH-UHFFFAOYSA-N"
11596174,"2-Isopropenylbenzaldehyde",146.073166,"C10H10O","CC(=C)c1ccccc1C=O","InChI=1S/C10H10O/c1-8(2)10-6-4-3-5-9(10)7-11/h3-7H,1H2,2H3","BBXDYSHCNKJGJK-UHFFFAOYSA-N"
13285777,"2,4-Divinylphenol",146.073166,"C10H10O","C=Cc1ccc(c(c1)C=C)O","InChI=1S/C10H10O/c1-3-8-5-6-10(11)9(4-2)7-8/h3-7,11H,1-2H2","GZGSEMRMKBBQGA-UHFFFAOYSA-N"
13532836,"1-Methyl-2-(2-propyn-1-yloxy)benzene",146.073166,"C10H10O","Cc1ccccc1OCC#C","InChI=1S/C10H10O/c1-3-8-11-10-7-5-4-6-9(10)2/h1,4-7H,8H2,2H3","OLTSDELLNSPMAO-UHFFFAOYSA-N"
14208925,"4-Ethynyl-2,6-dimethylphenol",146.073166,"C10H10O","Cc1cc(cc(c1O)C)C#C","InChI=1S/C10H10O/c1-4-9-5-7(2)10(11)8(3)6-9/h1,5-6,11H,2-3H3","YELAAEXFTUBGOH-UHFFFAOYSA-N"
14285313,"1,2-Dihydro-2-naphthalenol",146.073166,"C10H10O","c1ccc2c(c1)CC(C=C2)O","InChI=1S/C10H10O/c11-10-6-5-8-3-1-2-4-9(8)7-10/h1-6,10-11H,7H2","KBILEKAHWIGRSO-UHFFFAOYSA-N"
14318073,"1-(4-Methylphenyl)-2-propen-1-one",146.073166,"C10H10O","Cc1ccc(cc1)C(=O)C=C","InChI=1S/C10H10O/c1-3-10(11)9-6-4-8(2)5-7-9/h3-7H,1H2,2H3","XHCPTPNCDKFRPZ-UHFFFAOYSA-N"
14382570,"3-Isopropenylbenzaldehyde",146.073166,"C10H10O","CC(=C)c1cccc(c1)C=O","InChI=1S/C10H10O/c1-8(2)10-5-3-4-9(6-10)7-11/h3-7H,1H2,2H3","MLZRUSKIYQALJC-UHFFFAOYSA-N"
14461392,"2-hydroxyethylbenzocyclobutene",146.073166,"C10H10O","c1ccc2c(c1)C=C2CCO","InChI=1S/C10H10O/c11-6-5-9-7-8-3-1-2-4-10(8)9/h1-4,7,11H,5-6H2","ZRRVVJPPUVDEIM-UHFFFAOYSA-N"
14582561,"6-Methoxy-1H-indene",146.073166,"C10H10O","COc1ccc2c(c1)CC=C2","InChI=1S/C10H10O/c1-11-10-6-5-8-3-2-4-9(8)7-10/h2-3,5-7H,4H2,1H3","HEUZFDDFOXBWAM-UHFFFAOYSA-N"
15012847,"1-Methyl-1H-isochromene",146.073166,"C10H10O","CC1c2ccccc2C=CO1","InChI=1S/C10H10O/c1-8-10-5-3-2-4-9(10)6-7-11-8/h2-8H,1H3","WHGBNFULEZIUEW-UHFFFAOYSA-N"
15230799,"2-[(1E)-1-Propen-1-yl]benzaldehyde",146.073166,"C10H10O","C/C=C/c1ccccc1C=O","InChI=1S/C10H10O/c1-2-5-9-6-3-4-7-10(9)8-11/h2-8H,1H3/b5-2+","GMCCYLYNCRYFNB-GORDUTHDSA-N"
15368881,"1-(3-Vinylphenyl)ethanone",146.073166,"C10H10O","CC(=O)c1cccc(c1)C=C","InChI=1S/C10H10O/c1-3-9-5-4-6-10(7-9)8(2)11/h3-7H,1H2,2H3","YJKURLAXYPVMHQ-UHFFFAOYSA-N"
15715693,"7-Methoxy-1H-indene",146.073166,"C10H10O","COc1cccc2c1CC=C2","InChI=1S/C10H10O/c1-11-10-7-3-5-8-4-2-6-9(8)10/h2-5,7H,6H2,1H3","AAFRBPFPAYJCDK-UHFFFAOYSA-N"
17272132,"6-Vinyl-1,3,5-cycloheptatriene-1-carbaldehyde",146.073166,"C10H10O","C=CC1=CC=CC=C(C1)C=O","InChI=1S/C10H10O/c1-2-9-5-3-4-6-10(7-9)8-11/h2-6,8H,1,7H2","PEDWQLNRQLJCJH-UHFFFAOYSA-N"
17341484,"1-Ethynyl-4-methoxy-2-methylbenzene",146.073166,"C10H10O","Cc1cc(ccc1C#C)OC","InChI=1S/C10H10O/c1-4-9-5-6-10(11-3)7-8(9)2/h1,5-7H,2-3H3","IETBNYUYILAKFK-UHFFFAOYSA-N"
19001608,"4-[(1E)-1-Propen-1-yl]benzaldehyde",146.073166,"C10H10O","C/C=C/c1ccc(cc1)C=O","InChI=1S/C10H10O/c1-2-3-9-4-6-10(8-11)7-5-9/h2-8H,1H3/b3-2+","KWWVKYPHFGKMCB-NSCUHMNNSA-N"
19042399,"3-Ethyl-1-benzofuran",146.073166,"C10H10O","CCc1coc2c1cccc2","InChI=1S/C10H10O/c1-2-8-7-11-10-6-4-3-5-9(8)10/h3-7H,2H2,1H3","BELMSLQEYXXRGC-UHFFFAOYSA-N"
19199500,"3-(3-Methylphenyl)-2-propyn-1-ol",146.073166,"C10H10O","Cc1cccc(c1)C#CCO","InChI=1S/C10H10O/c1-9-4-2-5-10(8-9)6-3-7-11/h2,4-5,8,11H,7H2,1H3","RFIKWNCBYZLXAV-UHFFFAOYSA-N"
20481337,"Methyl cinnamic aldehyde",146.073166,"C10H10O","Cc1ccc(cc1)C=CC=O","InChI=1S/C10H10O/c1-9-4-6-10(7-5-9)3-2-8-11/h2-8H,1H3","DKOUYOVAEBQFHU-UHFFFAOYSA-N"
21106584,"Benzylideneacetone",146.073166,"C10H10O","CC(=O)/C=C/c1ccccc1","InChI=1S/C10H10O/c1-9(11)7-8-10-5-3-2-4-6-10/h2-8H,1H3/b8-7+","BWHOZHOGCMHOBV-BQYQJAHWSA-N"
21162176,"5,7-Dimethyl-1-benzofuran",146.073166,"C10H10O","Cc1cc(c2c(c1)cco2)C","InChI=1S/C10H10O/c1-7-5-8(2)10-9(6-7)3-4-11-10/h3-6H,1-2H3","VWFSSXIIBGOKGR-UHFFFAOYSA-N"
21172948,"5,6-Dimethyl-1-benzofuran",146.073166,"C10H10O","Cc1cc2ccoc2cc1C","InChI=1S/C10H10O/c1-7-5-9-3-4-11-10(9)6-8(7)2/h3-6H,1-2H3","WPTWOMTZGUIVFZ-UHFFFAOYSA-N"
21173254,"4,7-Dimethyl-1-benzofuran",146.073166,"C10H10O","Cc1ccc(c2c1cco2)C","InChI=1S/C10H10O/c1-7-3-4-8(2)10-9(7)5-6-11-10/h3-6H,1-2H3","PFXVPEGRXODMIQ-UHFFFAOYSA-N"
21883434,"8-Oxatricyclo[4.3.2.0~1,6~]undeca-2,4,10-triene",146.073166,"C10H10O","C1C23C=CC=CC2(CO1)C=C3","InChI=1S/C10H10O/c1-2-4-10-6-5-9(10,3-1)7-11-8-10/h1-6H,7-8H2","ORZVOIJGHRHZTD-UHFFFAOYSA-N"
21883524,"2a,4a,6a,6b-Tetrahydrocyclopenta[cd]pentalen-1(2H)-one",146.073166,"C10H10O","C1C2C=CC3C2C(C1=O)C=C3","InChI=1S/C10H10O/c11-9-5-7-2-1-6-3-4-8(9)10(6)7/h1-4,6-8,10H,5H2","SKHIOVIFOWQDMT-UHFFFAOYSA-N"
22898489,"(4bR,5aS)-2a,4a,4b,5a,5b,5c-Hexahydrocyclopenta[3,4]pentaleno[1,2-b]oxirene",146.073166,"C10H10O","C1=CC2[C@H]3[C@H](O3)C4C2C1C=C4","InChI=1S/C10H10O/c1-3-6-8-5(1)2-4-7(8)10-9(6)11-10/h1-10H/t5?,6?,7?,8?,9-,10+","PJERZLSMZRIHRP-VBDZYGTNSA-N"
24188875,"4-Methyl-2-propadienylphenol",146.073166,"C10H10O","Cc1ccc(c(c1)C=C=C)O","InChI=1S/C10H10O/c1-3-4-9-7-8(2)5-6-10(9)11/h4-7,11H,1H2,2H3","VHJWDJOLVYKIQO-UHFFFAOYSA-N"
24188896,"1-Methylene-5-indanol",146.073166,"C10H10O","C=C1CCc2c1ccc(c2)O","InChI=1S/C10H10O/c1-7-2-3-8-6-9(11)4-5-10(7)8/h4-6,11H,1-3H2","AIFXRDHDKPEMRF-UHFFFAOYSA-N"
24188897,"1-Methylene-4-indanol",146.073166,"C10H10O","C=C1CCc2c1cccc2O","InChI=1S/C10H10O/c1-7-5-6-9-8(7)3-2-4-10(9)11/h2-4,11H,1,5-6H2","FAGDVDBRSVITPP-UHFFFAOYSA-N"
24188902,"1,1a,6,6a-Tetrahydrocyclopropa[a]inden-5-ol",146.073166,"C10H10O","c1cc2c(c(c1)O)CC3C2C3","InChI=1S/C10H10O/c11-10-3-1-2-7-8-4-6(8)5-9(7)10/h1-3,6,8,11H,4-5H2","KMYSECWUJGJJTL-UHFFFAOYSA-N"
24188903,"1,1a,6,6a-Tetrahydrocyclopropa[a]inden-2-ol",146.073166,"C10H10O","c1cc2c(c(c1)O)C3CC3C2","InChI=1S/C10H10O/c11-9-3-1-2-6-4-7-5-8(7)10(6)9/h1-3,7-8,11H,4-5H2","ZHVUANVYZSPDKK-UHFFFAOYSA-N"
24188918,"4-[(1Z)-1,3-Butadien-1-yl]phenol",146.073166,"C10H10O","C=C/C=C\c1ccc(cc1)O","InChI=1S/C10H10O/c1-2-3-4-9-5-7-10(11)8-6-9/h2-8,11H,1H2/b4-3-","QPFTUXZQTWMAOU-ARJAWSKDSA-N"
24189846,"(1R)-1-Indanecarbaldehyde",146.073166,"C10H10O","c1ccc2c(c1)CC[C@H]2C=O","InChI=1S/C10H10O/c11-7-9-6-5-8-3-1-2-4-10(8)9/h1-4,7,9H,5-6H2/t9-/m0/s1","CMKDJMDGRSJZIS-VIFPVBQESA-N"
24189847,"(2Z,4Z,6Z,8Z)-2,4,6,8-Cyclononatetraene-1-carbaldehyde",146.073166,"C10H10O","C\1=C\C=C/C(/C=C\C=C1)C=O","InChI=1S/C10H10O/c11-9-10-7-5-3-1-2-4-6-8-10/h1-10H/b3-1-,4-2-,7-5-,8-6-","RMBSTTPFQYNZLR-KZPCVFJPSA-N"
24189849,"2-[(1Z)-1-Propen-1-yl]benzaldehyde",146.073166,"C10H10O","C/C=C\c1ccccc1C=O","InChI=1S/C10H10O/c1-2-5-9-6-3-4-7-10(9)8-11/h2-8H,1H3/b5-2-","GMCCYLYNCRYFNB-DJWKRKHSSA-N"
24189852,"(1S,2R)-2-Phenylcyclopropanecarbaldehyde",146.073166,"C10H10O","c1ccc(cc1)[C@@H]2C[C@@H]2C=O","InChI=1S/C10H10O/c11-7-9-6-10(9)8-4-2-1-3-5-8/h1-5,7,9-10H,6H2/t9-,10+/m1/s1","TYJRXMZXDBSURR-ZJUUUORDSA-N"
24189853,"4-[(1Z)-1-Propen-1-yl]benzaldehyde",146.073166,"C10H10O","C/C=C\c1ccc(cc1)C=O","InChI=1S/C10H10O/c1-2-3-9-4-6-10(8-11)7-5-9/h2-8H,1H3/b3-2-","KWWVKYPHFGKMCB-IHWYPQMZSA-N"
24189856,"(1R,2S)-2-Phenylcyclopropanecarbaldehyde",146.073166,"C10H10O","c1ccc(cc1)[C@H]2C[C@H]2C=O","InChI=1S/C10H10O/c11-7-9-6-10(9)8-4-2-1-3-5-8/h1-5,7,9-10H,6H2/t9-,10+/m0/s1","TYJRXMZXDBSURR-VHSXEESVSA-N"
24189862,"(1R,2R)-2-Phenylcyclopropanecarbaldehyde",146.073166,"C10H10O","c1ccc(cc1)[C@@H]2C[C@H]2C=O","InChI=1S/C10H10O/c11-7-9-6-10(9)8-4-2-1-3-5-8/h1-5,7,9-10H,6H2/t9-,10-/m0/s1","TYJRXMZXDBSURR-UWVGGRQHSA-N"
24189868,"2-Methyl-1,3,5,7-cyclooctatetraene-1-carbaldehyde",146.073166,"C10H10O","C/C/1=C(/C=C\C=C/C=C1)\C=O","InChI=1S/C10H10O/c1-9-6-4-2-3-5-7-10(9)8-11/h2-8H,1H3/b3-2-,4-2?,5-3?,6-4-,7-5-,9-6?,10-7?,10-9+","AEAKORPVVFTPMB-QHJIZVITSA-N"
24189869,"Pentacyclo[4.3.0.0~2,5~.0~3,8~.0~4,7~]nonane-4-carbaldehyde",146.073166,"C10H10O","C1C2C3C4C1C5C2C3C45C=O","InChI=1S/C10H10O/c11-2-10-7-4-1-3-5(7)9(10)6(3)8(4)10/h2-9H,1H2","KBQQUSKGZZYAJK-UHFFFAOYSA-N"
24189870,"Tricyclo[3.3.1.0~2,8~]nona-3,6-diene-9-carbaldehyde",146.073166,"C10H10O","C1=CC2C3C2C(C1C=C3)C=O","InChI=1S/C10H10O/c11-5-9-6-1-3-7-8(4-2-6)10(7)9/h1-10H","HHHALOOHLFUWBT-UHFFFAOYSA-N"
24193101,"1-(Bicyclo[4.2.0]octa-1,3,5-trien-2-yl)ethanone",146.073166,"C10H10O","CC(=O)c1cccc2c1CC2","InChI=1S/C10H10O/c1-7(11)9-4-2-3-8-5-6-10(8)9/h2-4H,5-6H2,1H3","WJUHGJXFHBEXSC-UHFFFAOYSA-N"
24193115,"1-(Pentacyclo[4.2.0.0~2,5~.0~3,8~.0~4,7~]oct-1-yl)ethanone",146.073166,"C10H10O","CC(=O)C12C3C4C1C5C4C3C25","InChI=1S/C10H10O/c1-2(11)10-7-4-3-5(7)9(10)6(3)8(4)10/h3-9H,1H3","XZBJTTXCEKAVHY-UHFFFAOYSA-N"
24221363,"2-Methyl-6,6a-dihydro-1aH-indeno[1,2-b]oxirene",146.073166,"C10H10O","Cc1cccc2c1C3C(C2)O3","InChI=1S/C10H10O/c1-6-3-2-4-7-5-8-10(11-8)9(6)7/h2-4,8,10H,5H2,1H3","LYFVWFUZJCAEIO-UHFFFAOYSA-N"
24221370,"5-Methyl-6,6a-dihydro-1aH-indeno[1,2-b]oxirene",146.073166,"C10H10O","Cc1cccc2c1CC3C2O3","InChI=1S/C10H10O/c1-6-3-2-4-7-8(6)5-9-10(7)11-9/h2-4,9-10H,5H2,1H3","JXUJQVIGWLHKQG-UHFFFAOYSA-N"
24221401,"6-Methyl-6,6a-dihydro-1aH-indeno[1,2-b]oxirene",146.073166,"C10H10O","CC1c2ccccc2C3C1O3","InChI=1S/C10H10O/c1-6-7-4-2-3-5-8(7)10-9(6)11-10/h2-6,9-10H,1H3","WUWYRHCOIFWYEY-UHFFFAOYSA-N"
24534620,"2,6-Dimethyl-1-benzofuran",146.073166,"C10H10O","Cc1ccc2cc(oc2c1)C","InChI=1S/C10H10O/c1-7-3-4-9-6-8(2)11-10(9)5-7/h3-6H,1-2H3","ZGYVLTVJKZLTPQ-UHFFFAOYSA-N"
24534621,"2,5-Dimethyl-1-benzofuran",146.073166,"C10H10O","Cc1ccc2c(c1)cc(o2)C","InChI=1S/C10H10O/c1-7-3-4-10-9(5-7)6-8(2)11-10/h3-6H,1-2H3","GABZMWUBFGPQPX-UHFFFAOYSA-N"
24539978,"4-isopropenylbenzaldehyde",146.073166,"C10H10O","CC(=C)c1ccc(cc1)C=O","InChI=1S/C10H10O/c1-8(2)10-5-3-9(7-11)4-6-10/h3-7H,1H2,2H3","IRWAASJGTLXGMV-UHFFFAOYSA-N"
24684021,"1,1a,6,6a-Tetrahydrocyclopropa[a]inden-3-ol",146.073166,"C10H10O","c1cc2c(cc1O)C3CC3C2","InChI=1S/C10H10O/c11-8-2-1-6-3-7-4-9(7)10(6)5-8/h1-2,5,7,9,11H,3-4H2","LJTDPAAWRDMJOX-UHFFFAOYSA-N"
24722624,"1-Ethoxy-3-ethynylbenzene",146.073166,"C10H10O","CCOc1cccc(c1)C#C","InChI=1S/C10H10O/c1-3-9-6-5-7-10(8-9)11-4-2/h1,5-8H,4H2,2H3","GXHPKYAAABZZRJ-UHFFFAOYSA-N"
24722659,"1-Ethoxy-2-ethynylbenzene",146.073166,"C10H10O","CCOc1ccccc1C#C","InChI=1S/C10H10O/c1-3-9-7-5-6-8-10(9)11-4-2/h1,5-8H,4H2,2H3","DMZBUTOTDGCRRB-UHFFFAOYSA-N"
24751020,"5-vinyl-2,3-dihydrobenzofuran",146.073166,"C10H10O","C=Cc1ccc2c(c1)CCO2","InChI=1S/C10H10O/c1-2-8-3-4-10-9(7-8)5-6-11-10/h2-4,7H,1,5-6H2","WCWQHSAUMUIREZ-UHFFFAOYSA-N"
24793968,"3,5-Dimethyl-1-benzofuran",146.073166,"C10H10O","Cc1ccc2c(c1)c(co2)C","InChI=1S/C10H10O/c1-7-3-4-10-9(5-7)8(2)6-11-10/h3-6H,1-2H3","KUXQCQUICXOOFT-UHFFFAOYSA-N"
25996174,"1-Methyl-3-(2-propyn-1-yloxy)benzene",146.073166,"C10H10O","Cc1cccc(c1)OCC#C","InChI=1S/C10H10O/c1-3-7-11-10-6-4-5-9(2)8-10/h1,4-6,8H,7H2,2H3","CVTRRYVALLYFFO-UHFFFAOYSA-N"
25996477,"3,6-Dimethyl-1-benzofuran",146.073166,"C10H10O","Cc1ccc2c(coc2c1)C","InChI=1S/C10H10O/c1-7-3-4-9-8(2)6-11-10(9)5-7/h3-6H,1-2H3","VQIHEXZMNXLAFR-UHFFFAOYSA-N"
26231387,"1-Methoxy-2-(2-propyn-1-yl)benzene",146.073166,"C10H10O","COc1ccccc1CC#C","InChI=1S/C10H10O/c1-3-6-9-7-4-5-8-10(9)11-2/h1,4-5,7-8H,6H2,2H3","NYGGUFDJFMUHFM-UHFFFAOYSA-N"
26516796,"3-(2-Methylphenyl)acrylaldehyde",146.073166,"C10H10O","Cc1ccccc1C=CC=O","InChI=1S/C10H10O/c1-9-5-2-3-6-10(9)7-4-8-11/h2-8H,1H3","ZAUAFFKABKNGKX-UHFFFAOYSA-N"
27474568,"Methoxymethane pentahydrofluoride",146.073013,"C2H11F5O","COC.F.F.F.F.F","InChI=1S/C2H6O.5FH/c1-3-2;;;;;/h1-2H3;5*1H","UXSOKQNTBQTPHD-UHFFFAOYSA-N"
28540923,"1-Ethynyl-3-(methoxymethyl)benzene",146.073166,"C10H10O","COCc1cccc(c1)C#C","InChI=1S/C10H10O/c1-3-9-5-4-6-10(7-9)8-11-2/h1,4-7H,8H2,2H3","GLEKHLWDIYVFMX-UHFFFAOYSA-N"
28587571,"2-(4-Ethylphenyl)ethenone",146.073166,"C10H10O","CCc1ccc(cc1)C=C=O","InChI=1S/C10H10O/c1-2-9-3-5-10(6-4-9)7-8-11/h3-7H,2H2,1H3","DDQAPNMUTJESMI-UHFFFAOYSA-N"
28671340,"3,4-Divinylphenol",146.073166,"C10H10O","C=Cc1ccc(cc1C=C)O","InChI=1S/C10H10O/c1-3-8-5-6-10(11)7-9(8)4-2/h3-7,11H,1-2H2","QRQZYWXCCOWFJR-UHFFFAOYSA-N"
28673217,"(2-Methoxy-1-cyclopropen-1-yl)benzene",146.073166,"C10H10O","COC1=C(C1)c2ccccc2","InChI=1S/C10H10O/c1-11-10-7-9(10)8-5-3-2-4-6-8/h2-6H,7H2,1H3","BUSAGBBBLCNNEI-UHFFFAOYSA-N"
546613,"2-Methoxy-1H-indene",146.073166,"C10H10O","COC1=Cc2ccccc2C1","InChI=1S/C10H10O/c1-11-10-6-8-4-2-3-5-9(8)7-10/h2-6H,7H2,1H3","KTOPJQVXKBVHKJ-UHFFFAOYSA-N"
2840720,"7-(Chloromethyl)-2-azoniabicyclo[2.2.1]heptane",146.073105,"C7H13ClN","C1CC2C(C1C[NH2+]2)CCl","InChI=1S/C7H12ClN/c8-3-6-5-1-2-7(6)9-4-5/h5-7,9H,1-4H2/p+1","WMQUGSAVAKRKDS-UHFFFAOYSA-O"
4895946,"2,8-Decadiene-4,6-diyn-1-ol",146.073166,"C10H10O","C/C=C/C#CC#C/C=C/CO","InChI=1S/C10H10O/c1-2-3-4-5-6-7-8-9-10-11/h2-3,8-9,11H,10H2,1H3/b3-2+,9-8+","ONZYQGMNWZGRPO-VHYPUYLQSA-N"
4953871,"1,1a,2a,3-Tetrahydronaphth(2,3-b)oxirene",146.073166,"C10H10O","C1C=CC=C2C1CC3C(=C2)O3","InChI=1S/C10H10O/c1-2-4-8-6-10-9(11-10)5-7(8)3-1/h1-3,5,8,10H,4,6H2","YFGONIAVNGIUBY-UHFFFAOYSA-N"
4956016,"1-(Chloromethylene)azepanium",146.073105,"C7H13ClN","C1CCC[N+](=CCl)CC1","InChI=1S/C7H13ClN/c8-7-9-5-3-1-2-4-6-9/h7H,1-6H2/q+1","QZZXVIDHQQOUDC-UHFFFAOYSA-N"
5412888,"(1S)-3-Methyl-1H-inden-1-ol",146.073166,"C10H10O","O[C@@H]/2c1ccccc1\C(=C\2)C","InChI=1S/C10H10O/c1-7-6-10(11)9-5-3-2-4-8(7)9/h2-6,10-11H,1H3/t10-/m0/s1","GSQPELZRDBGGHB-JTQLQIEISA-N"
5412889,"(1R)-3-Methyl-1H-inden-1-ol",146.073166,"C10H10O","O[C@H]/2c1ccccc1\C(=C\2)C","InChI=1S/C10H10O/c1-7-6-10(11)9-5-3-2-4-8(7)9/h2-6,10-11H,1H3/t10-/m1/s1","GSQPELZRDBGGHB-SNVBAGLBSA-N"
5412930,"(1S)-2-Methyl-1H-inden-1-ol",146.073166,"C10H10O","O[C@@H]/2c1ccccc1\C=C\2C","InChI=1S/C10H10O/c1-7-6-8-4-2-3-5-9(8)10(7)11/h2-6,10-11H,1H3/t10-/m0/s1","KESWHXSLZBSBCR-JTQLQIEISA-N"
5412931,"(1R)-2-Methyl-1H-inden-1-ol",146.073166,"C10H10O","O[C@H]/2c1ccccc1\C=C\2C","InChI=1S/C10H10O/c1-7-6-8-4-2-3-5-9(8)10(7)11/h2-6,10-11H,1H3/t10-/m1/s1","KESWHXSLZBSBCR-SNVBAGLBSA-N"
8187616,"3-methyl-1H-isochromene",146.073166,"C10H10O","O2\C(=C/c1c(cccc1)C2)C","InChI=1S/C10H10O/c1-8-6-9-4-2-3-5-10(9)7-11-8/h2-6H,7H2,1H3","HEIAGRNVOHGGKA-UHFFFAOYSA-N"
8233182,"8,8a-Dihydro-2(1H)-naphthalenone",146.073166,"C10H10O","O=C2\C=C/C1=C/C=C\CC1C2","InChI=1S/C10H10O/c11-10-6-5-8-3-1-2-4-9(8)7-10/h1-3,5-6,9H,4,7H2","ZCQHEGUXRVHGIM-UHFFFAOYSA-N"
8329634,"Methyl(2-methyl-2-pyrrolidinyl)oxophosphonium",146.072922,"C6H13NOP","O=[PH2+](C)C1(NCCC1)C","InChI=1S/C6H15NOP/c1-6(9(2)8)4-3-5-7-6/h7H,3-5,9H2,1-2H3/q+1","DEWMLAXWIVURCO-UHFFFAOYSA-N"
8662397,"(1S)-1,2-Dihydro-1-naphthalenol",146.073166,"C10H10O","O[C@@H]2c1ccccc1\C=C/C2","InChI=1S/C10H10O/c11-10-7-3-5-8-4-1-2-6-9(8)10/h1-6,10-11H,7H2/t10-/m0/s1","TVZQDMRKJSXJPZ-JTQLQIEISA-N"
8710189,"1,9-Decadiene-4,6-diyn-3-ol",146.073166,"C10H10O","C(#CC#CC(O)\C=C)C\C=C","InChI=1S/C10H10O/c1-3-5-6-7-8-9-10(11)4-2/h3-4,10-11H,1-2,5H2","USWFWYHTKFPFFU-UHFFFAOYSA-N"
8758291,"(3E,5E)-3,5-Decadiene-7,9-diyn-2-ol",146.073166,"C10H10O","C(#C\C=C\C=C\C(O)C)C#C","InChI=1S/C10H10O/c1-3-4-5-6-7-8-9-10(2)11/h1,6-11H,2H3/b7-6+,9-8+","XOLYEIOZADIDTE-BLHCBFLLSA-N"
8829706,"(2S)-1,2-Dihydro-2-naphthalenol",146.073166,"C10H10O","O[C@@H]2/C=C\c1c(cccc1)C2","InChI=1S/C10H10O/c11-10-6-5-8-3-1-2-4-9(8)7-10/h1-6,10-11H,7H2/t10-/m1/s1","KBILEKAHWIGRSO-SNVBAGLBSA-N"
8829707,"2-Phenyl-1-oxaspiro[2.2]pentane",146.073166,"C10H10O","O2C1(CC1)C2c3ccccc3","InChI=1S/C10H10O/c1-2-4-8(5-3-1)9-10(11-9)6-7-10/h1-5,9H,6-7H2","PWYFEXQZHFQDMV-UHFFFAOYSA-N"
8877297,"(1R)-1,4-Dihydro-1-naphthalenol",146.073166,"C10H10O","c1ccc2c(c1)CC=CC2O","InChI=1S/C10H10O/c11-10-7-3-5-8-4-1-2-6-9(8)10/h1-4,6-7,10-11H,5H2","NZKPJOBNZFODAQ-UHFFFAOYSA-N"
8900819,"2-(3-methylbut-3-en-1-ynyl)cyclopent-2-en-1-one",146.073166,"C10H10O","O=C1C(\C#C\C(=C)C)=C/CC1","InChI=1S/C10H10O/c1-8(2)6-7-9-4-3-5-10(9)11/h4H,1,3,5H2,2H3","CNPVRQJGOVUEMF-UHFFFAOYSA-N"
9230409,"2-(2,4-Cyclohexadien-1-yl)furan",146.073166,"C10H10O","o1c(ccc1)C2/C=C\C=C/C2","InChI=1S/C10H10O/c1-2-5-9(6-3-1)10-7-4-8-11-10/h1-5,7-9H,6H2","VNEWMFOYOIOFPJ-UHFFFAOYSA-N"
9334512,"2-Methyl-1H-inden-3-ol",146.073166,"C10H10O","OC=2c1ccccc1CC=2C","InChI=1S/C10H10O/c1-7-6-8-4-2-3-5-9(8)10(7)11/h2-5,11H,6H2,1H3","HNNCJXQGBDDHRW-UHFFFAOYSA-N"
10751898,"phenylethyl ketene",146.073166,"C10H10O","O=C=C\CCc1ccccc1","InChI=1S/C10H10O/c11-9-5-4-8-10-6-2-1-3-7-10/h1-3,5-7H,4,8H2","WHVUEILNCDOYJE-UHFFFAOYSA-N"
10759510,"3-Allylbenzaldehyde",146.073166,"C10H10O","C=CCc1cccc(c1)C=O","InChI=1S/C10H10O/c1-2-4-9-5-3-6-10(7-9)8-11/h2-3,5-8H,1,4H2","KUEDNSFBFPTFIA-UHFFFAOYSA-N"
11297779,"Naphthalene hydrate (1:1)",146.073166,"C10H10O","c1ccc2ccccc2c1.O","InChI=1S/C10H8.H2O/c1-2-6-10-8-4-3-7-9(10)5-1;/h1-8H;1H2","DGVVJWXRCWCCOD-UHFFFAOYSA-N"
11368209,"2-Methyl-3-phenyl-1-propen-1-one",146.073166,"C10H10O","CC(=C=O)Cc1ccccc1","InChI=1S/C10H10O/c1-9(8-11)7-10-5-3-2-4-6-10/h2-6H,7H2,1H3","XLINTHZLBFGDAD-UHFFFAOYSA-N"
13185547,"2-(4-Methylphenyl)acrylaldehyde",146.073166,"C10H10O","Cc1ccc(cc1)C(=C)C=O","InChI=1S/C10H10O/c1-8-3-5-10(6-4-8)9(2)7-11/h3-7H,2H2,1H3","UEZQGMIYAJPGEJ-UHFFFAOYSA-N"
13808459,"5-Methyl-1,3-dihydro-2H-inden-2-one",146.073166,"C10H10O","Cc1ccc2c(c1)CC(=O)C2","InChI=1S/C10H10O/c1-7-2-3-8-5-10(11)6-9(8)4-7/h2-4H,5-6H2,1H3","QLOAMIGYZXLFKF-UHFFFAOYSA-N"
14629262,"4-Methoxy-1H-indene",146.073166,"C10H10O","COc1cccc2c1C=CC2","InChI=1S/C10H10O/c1-11-10-7-3-5-8-4-2-6-9(8)10/h2-3,5-7H,4H2,1H3","CKSXTGYGVIQEMH-UHFFFAOYSA-N"
14684625,"4-Methylenechromane",146.073166,"C10H10O","C=C1CCOc2c1cccc2","InChI=1S/C10H10O/c1-8-6-7-11-10-5-3-2-4-9(8)10/h2-5H,1,6-7H2","KGNWOIOTHSSWGW-UHFFFAOYSA-N"
17252452,"(1R)-1-Methyl-1H-isochromene",146.073166,"C10H10O","C[C@@H]1c2ccccc2C=CO1","InChI=1S/C10H10O/c1-8-10-5-3-2-4-9(10)6-7-11-8/h2-8H,1H3/t8-/m1/s1","WHGBNFULEZIUEW-MRVPVSSYSA-N"
17330746,"5-Methyl-2-vinylbenzaldehyde",146.073166,"C10H10O","Cc1ccc(c(c1)C=O)C=C","InChI=1S/C10H10O/c1-3-9-5-4-8(2)6-10(9)7-11/h3-7H,1H2,2H3","NLJHZVURLXDEBU-UHFFFAOYSA-N"
24188915,"Tricyclo[4.4.0.0~2,5~]deca-1(10),6,8-trien-2-ol",146.073166,"C10H10O","c1ccc2c(c1)C3C2(CC3)O","InChI=1S/C10H10O/c11-10-6-5-9(10)7-3-1-2-4-8(7)10/h1-4,9,11H,5-6H2","VFAXRGMYEDYTFF-UHFFFAOYSA-N"
24591748,"5-Methyl-2-methylene-2,3-dihydro-1-benzofuran",146.073166,"C10H10O","Cc1ccc2c(c1)CC(=C)O2","InChI=1S/C10H10O/c1-7-3-4-10-9(5-7)6-8(2)11-10/h3-5H,2,6H2,1H3","KOSSGEFKHFMIGI-UHFFFAOYSA-N"
24591749,"7-Methyl-2-methylene-2,3-dihydro-1-benzofuran",146.073166,"C10H10O","Cc1cccc2c1OC(=C)C2","InChI=1S/C10H10O/c1-7-4-3-5-9-6-8(2)11-10(7)9/h3-5H,2,6H2,1H3","QFOVAIVUIQJVRT-UHFFFAOYSA-N"
26467886,"3-(3-Methylphenyl)acrylaldehyde",146.073166,"C10H10O","Cc1cccc(c1)C=CC=O","InChI=1S/C10H10O/c1-9-4-2-5-10(8-9)6-3-7-11/h2-8H,1H3","SJLLZWMNPJCLBC-UHFFFAOYSA-N"
26570527,"(2aS,4aR,6bS)-2a,4a,5,6b-Tetrahydrocyclopenta[cd]pentalen-1(2H)-one",146.073166,"C10H10O","C1C=C2C3[C@H]1C=C[C@@H]3CC2=O","InChI=1S/C10H10O/c11-9-5-7-2-1-6-3-4-8(9)10(6)7/h1-2,4,6-7,10H,3,5H2/t6-,7+,10?/m0/s1","CQDQHZLNNHYERF-HSNVITMPSA-N"
26577579,"2-[(1E)-1-Propen-1-yl]benzaldehyde",146.073166,"C10H10O","C/C=C/c1ccccc1C=O","InChI=1S/C10H10O/c1-2-5-9-6-3-4-7-10(9)8-11/h2-8H,1H3/b5-2+","GMCCYLYNCRYFNB-GORDUTHDSA-N"
26668230,"7-Oxatricyclo[6.2.1.0~1,6~]undeca-2,4,9-triene",146.073166,"C10H10O","C1C2C=CC13C=CC=CC3O2","InChI=1S/C10H10O/c1-2-5-10-6-4-8(7-10)11-9(10)3-1/h1-6,8-9H,7H2","BOMLVJYJKZHDNI-UHFFFAOYSA-N"
26669198,"1-(4-Ethynylphenyl)ethanol",146.073166,"C10H10O","CC(c1ccc(cc1)C#C)O","InChI=1S/C10H10O/c1-3-9-4-6-10(7-5-9)8(2)11/h1,4-8,11H,2H3","GMDRGYIMVBVLHY-UHFFFAOYSA-N"
28416842,"8,8-Dimethylbicyclo[4.2.0]octa-1,3,5-trien-7-one",146.073166,"C10H10O","CC1(c2ccccc2C1=O)C","InChI=1S/C10H10O/c1-10(2)8-6-4-3-5-7(8)9(10)11/h3-6H,1-2H3","DCIPRJJRNWRAGG-UHFFFAOYSA-N"
28578764,"11-Oxatricyclo[6.2.1.0~2,7~]undeca-2(7),4,9-triene",146.073166,"C10H10O","C1C=CCC2=C1C3C=CC2O3","InChI=1S/C10H10O/c1-2-4-8-7(3-1)9-5-6-10(8)11-9/h1-2,5-6,9-10H,3-4H2","QEOFHCXHQCCXDS-UHFFFAOYSA-N"
28675729,"Tricyclo[5.2.1.0~2,6~]deca-3,8-dien-10-one",146.073166,"C10H10O","C1C=CC2C1C3C=CC2C3=O","InChI=1S/C10H10O/c11-10-8-4-5-9(10)7-3-1-2-6(7)8/h1-2,4-9H,3H2","MCMMLGNEUXFJPF-UHFFFAOYSA-N"
28681691,"2-(4-Methylphenyl)-1-propen-1-one",146.073166,"C10H10O","Cc1ccc(cc1)C(=C=O)C","InChI=1S/C10H10O/c1-8-3-5-10(6-4-8)9(2)7-11/h3-6H,1-2H3","ZAAGESUDJKMAAD-UHFFFAOYSA-N"
28684470,"2-(3-Butyn-1-yl)phenol",146.073166,"C10H10O","C#CCCc1ccccc1O","InChI=1S/C10H10O/c1-2-3-6-9-7-4-5-8-10(9)11/h1,4-5,7-8,11H,3,6H2","PRERQKVRYGLSIP-UHFFFAOYSA-N"
29339134,"4-Ethynyl-2-methoxy-1-methylbenzene",146.073166,"C10H10O","Cc1ccc(cc1OC)C#C","InChI=1S/C10H10O/c1-4-9-6-5-8(2)10(7-9)11-3/h1,5-7H,2-3H3","QZYSLTRJAQVAEE-UHFFFAOYSA-N"
29542353,"2-(Bicyclo[4.2.0]octa-1,3,5,7-tetraen-3-yl)ethanol",146.073166,"C10H10O","c1cc2c(cc1CCO)C=C2","InChI=1S/C10H10O/c11-6-5-8-1-2-9-3-4-10(9)7-8/h1-4,7,11H,5-6H2","JNTQGJGQLAKBQU-UHFFFAOYSA-N"
29545461,"1-Methoxy-2-propadienylbenzene",146.073166,"C10H10O","COc1ccccc1C=C=C","InChI=1S/C10H10O/c1-3-6-9-7-4-5-8-10(9)11-2/h4-8H,1H2,2H3","RTGGRRAFZPRKEI-UHFFFAOYSA-N"
29778317,"(2Z,4E,6Z,8E)-2,4,6,8-Cyclononatetraene-1-carbaldehyde",146.073166,"C10H10O","C\1=C/C=C\C(/C=C\C=C1)C=O","InChI=1S/C10H10O/c11-9-10-7-5-3-1-2-4-6-8-10/h1-10H/b3-1-,4-2+,7-5-,8-6-","RMBSTTPFQYNZLR-YKDINNQGSA-N"
29778346,"4-[(1E)-1,3-Butadien-1-yl]phenol",146.073166,"C10H10O","C=C/C=C/c1ccc(cc1)O","InChI=1S/C10H10O/c1-2-3-4-9-5-7-10(11)8-6-9/h2-8,11H,1H2/b4-3+","QPFTUXZQTWMAOU-ONEGZZNKSA-N"
30800516,"2-(4-Ethynylphenyl)ethanol",146.073166,"C10H10O","C#Cc1ccc(cc1)CCO","InChI=1S/C10H10O/c1-2-9-3-5-10(6-4-9)7-8-11/h1,3-6,11H,7-8H2","QJFGPLQSJZKZRC-UHFFFAOYSA-N"
30904589,"[2-(2-Propyn-1-yl)phenyl]methanol",146.073166,"C10H10O","C#CCc1ccccc1CO","InChI=1S/C10H10O/c1-2-5-9-6-3-4-7-10(9)8-11/h1,3-4,6-7,11H,5,8H2","VKGKKTIXBTZMKT-UHFFFAOYSA-N"
30992696,"(6R)-1-Methylbicyclo[4.2.1]nona-2,4,7-trien-9-one",146.073166,"C10H10O","CC12C=CC=C[C@@H](C1=O)C=C2","InChI=1S/C10H10O/c1-10-6-3-2-4-8(5-7-10)9(10)11/h2-8H,1H3/t8-,10?/m1/s1","PYNJLEBQMQJQAN-HNHGDDPOSA-N"
32683352,"5-Methyl-2H-chromene",146.073166,"C10H10O","Cc1cccc2c1C=CCO2","InChI=1S/C10H10O/c1-8-4-2-6-10-9(8)5-3-7-11-10/h2-6H,7H2,1H3","LAARGSXCSXRJDH-UHFFFAOYSA-N"
32683383,"4,5-Dimethyl-1-benzofuran",146.073166,"C10H10O","Cc1ccc2c(c1C)cco2","InChI=1S/C10H10O/c1-7-3-4-10-9(8(7)2)5-6-11-10/h3-6H,1-2H3","BICFOGDDVXBEJA-UHFFFAOYSA-N"
32683384,"6,7-Dimethyl-1-benzofuran",146.073166,"C10H10O","Cc1ccc2ccoc2c1C","InChI=1S/C10H10O/c1-7-3-4-9-5-6-11-10(9)8(7)2/h3-6H,1-2H3","OMEUGZPBAFYWGX-UHFFFAOYSA-N"
32789365,"(1S)-1-(4-Methylphenyl)-2-propyn-1-ol",146.073166,"C10H10O","Cc1ccc(cc1)[C@H](C#C)O","InChI=1S/C10H10O/c1-3-10(11)9-6-4-8(2)5-7-9/h1,4-7,10-11H,2H3/t10-/m0/s1","QNRVVPCYHOFMFO-JTQLQIEISA-N"
32789366,"(1R)-1-(4-Methylphenyl)-2-propyn-1-ol",146.073166,"C10H10O","Cc1ccc(cc1)[C@@H](C#C)O","InChI=1S/C10H10O/c1-3-10(11)9-6-4-8(2)5-7-9/h1,4-7,10-11H,2H3/t10-/m1/s1","QNRVVPCYHOFMFO-SNVBAGLBSA-N"
32789371,"(2S)-1-Phenyl-3-butyn-2-ol",146.073166,"C10H10O","C#C[C@H](Cc1ccccc1)O","InChI=1S/C10H10O/c1-2-10(11)8-9-6-4-3-5-7-9/h1,3-7,10-11H,8H2/t10-/m1/s1","OCGGBKUCKYBJSC-SNVBAGLBSA-N"
32789372,"(2R)-1-Phenyl-3-butyn-2-ol",146.073166,"C10H10O","C#C[C@@H](Cc1ccccc1)O","InChI=1S/C10H10O/c1-2-10(11)8-9-6-4-3-5-7-9/h1,3-7,10-11H,8H2/t10-/m0/s1","OCGGBKUCKYBJSC-JTQLQIEISA-N"
32792786,"(2S)-2-Phenylcyclobutanone",146.073166,"C10H10O","c1ccc(cc1)[C@@H]2CCC2=O","InChI=1S/C10H10O/c11-10-7-6-9(10)8-4-2-1-3-5-8/h1-5,9H,6-7H2/t9-/m0/s1","BJFZFQHWYGJPQD-VIFPVBQESA-N"
32792787,"(2R)-2-Phenylcyclobutanone",146.073166,"C10H10O","c1ccc(cc1)[C@H]2CCC2=O","InChI=1S/C10H10O/c11-10-7-6-9(10)8-4-2-1-3-5-8/h1-5,9H,6-7H2/t9-/m1/s1","BJFZFQHWYGJPQD-SECBINFHSA-N"
34215091,"[4-(1-Propyn-1-yl)phenyl]methanol",146.073166,"C10H10O","CC#Cc1ccc(cc1)CO","InChI=1S/C10H10O/c1-2-3-9-4-6-10(8-11)7-5-9/h4-7,11H,8H2,1H3","NWFNSGJGQYFTFA-UHFFFAOYSA-N"
35769818,"(3-Methoxypropadienyl)benzene",146.073166,"C10H10O","COC=C=Cc1ccccc1","InChI=1S/C10H10O/c1-11-9-5-8-10-6-3-2-4-7-10/h2-4,6-9H,1H3","QONAILJQVLUDCB-UHFFFAOYSA-N"
35796394,"4-Ethynyl-1-methoxy-2-methylbenzene",146.073166,"C10H10O","Cc1cc(ccc1OC)C#C","InChI=1S/C10H10O/c1-4-9-5-6-10(11-3)8(2)7-9/h1,5-7H,2-3H3","AGTWWFRYYPHKBO-UHFFFAOYSA-N"
35801266,"(2R)-1,2-Dihydro-2-naphthalenol",146.073166,"C10H10O","c1ccc2c(c1)C[C@H](C=C2)O","InChI=1S/C10H10O/c11-10-6-5-8-3-1-2-4-9(8)7-10/h1-6,10-11H,7H2/t10-/m0/s1","KBILEKAHWIGRSO-JTQLQIEISA-N"
36809982,"5-Vinyl-1,3-dihydro-2-benzofuran",146.073166,"C10H10O","C=Cc1ccc2c(c1)COC2","InChI=1S/C10H10O/c1-2-8-3-4-9-6-11-7-10(9)5-8/h2-5H,1,6-7H2","LQTALFFPGUPAAA-UHFFFAOYSA-N"
37480901,"2-Ethynyl-1-methoxy-4-methylbenzene",146.073166,"C10H10O","Cc1ccc(c(c1)C#C)OC","InChI=1S/C10H10O/c1-4-9-7-8(2)5-6-10(9)11-3/h1,5-7H,2-3H3","HFFKWHJVUBJWRM-UHFFFAOYSA-N"
40099726,"1,3-Dihydrospiro[indene-2,2'-oxirane]",146.073166,"C10H10O","c1ccc2c(c1)CC3(C2)CO3","InChI=1S/C10H10O/c1-2-4-9-6-10(7-11-10)5-8(9)3-1/h1-4H,5-7H2","KJLYVWSFIYRUEQ-UHFFFAOYSA-N"
40099751,"2,3-Dihydrospiro[indene-1,2'-oxirane]",146.073166,"C10H10O","c1ccc2c(c1)CCC23CO3","InChI=1S/C10H10O/c1-2-4-9-8(3-1)5-6-10(9)7-11-10/h1-4H,5-7H2","JDPDZIGYFWUCHQ-UHFFFAOYSA-N"
40142081,"1-Ethynyl-2-(methoxymethyl)benzene",146.073166,"C10H10O","COCc1ccccc1C#C","InChI=1S/C10H10O/c1-3-9-6-4-5-7-10(9)8-11-2/h1,4-7H,8H2,2H3","GAKXHJKSQQMWPF-UHFFFAOYSA-N"
