"Identifier","CompoundName","MonoisotopicMass","MolecularFormula","SMILES","InChI","InChIKey"
25118,"1,1-Bis(2-chloroethyl)-2-isopropylidenehydrazine",196.053406,"C7H14Cl2N2","CC(=NN(CCCl)CCCl)C","InChI=1S/C7H14Cl2N2/c1-7(2)10-11(5-3-8)6-4-9/h3-6H2,1-2H3","RVSFODLYNDOWNJ-UHFFFAOYSA-N"
40120,"3-Fluoro-2-oxopropyl benzoate",196.053574,"C10H9FO3","c1ccc(cc1)C(=O)OCC(=O)CF","InChI=1S/C10H9FO3/c11-6-9(12)7-14-10(13)8-4-2-1-3-5-8/h1-5H,6-7H2","MEIIQQDRKMJWQT-UHFFFAOYSA-N"
91589,"beta-(4-fluorobenzoyl)propionic acid",196.053574,"C10H9FO3","c1cc(ccc1C(=O)CCC(=O)O)F","InChI=1S/C10H9FO3/c11-8-3-1-7(2-4-8)9(12)5-6-10(13)14/h1-4H,5-6H2,(H,13,14)","WUYWHIAAQYQKPP-UHFFFAOYSA-N"
92015,"3-(3-Fluoro-4-methoxyphenyl)acrylic acid",196.053574,"C10H9FO3","COc1ccc(cc1F)C=CC(=O)O","InChI=1S/C10H9FO3/c1-14-9-4-2-7(6-8(9)11)3-5-10(12)13/h2-6H,1H3,(H,12,13)","VKZYEBQHWQTZKA-UHFFFAOYSA-N"
154787,"1-(2-Amino-1,3-thiazol-5-yl)-3-cyano-2-methylguanidine",196.053116,"C6H8N6S","C/N=C(\NC#N)/Nc1cnc(s1)N","InChI=1S/C6H8N6S/c1-9-6(11-3-7)12-4-2-10-5(8)13-4/h2H,1H3,(H2,8,10)(H2,9,11,12)","MFOGCNNZPZIDEL-UHFFFAOYSA-N"
219266,"N,N'-Dimethyl[1,2,5]thiadiazolo[3,4-d]pyrimidine-5,7-diamine",196.053116,"C6H8N6S","CNc1c2c(nc(n1)NC)nsn2","InChI=1S/C6H8N6S/c1-7-4-3-5(12-13-11-3)10-6(8-2)9-4/h1-2H3,(H2,7,8,9,10,12)","VYVFOEABWXGKEY-UHFFFAOYSA-N"
297230,"4-Hydrazino-2-(methylsulfanyl)pyrazolo[1,5-a][1,3,5]triazine",196.053116,"C6H8N6S","CSc1nc2ccnn2c(n1)NN","InChI=1S/C6H8N6S/c1-13-6-9-4-2-3-8-12(4)5(10-6)11-7/h2-3H,7H2,1H3,(H,9,10,11)","AEMYSEGRNTZEMS-UHFFFAOYSA-N"
365321,"7-(Ethylsulfanyl)-7aH-[1,2,3]triazolo[4,5-d]pyrimidin-5-amine",196.053116,"C6H8N6S","CCSC1=NC(=NC2=NN=NC21)N","InChI=1S/C6H8N6S/c1-2-13-5-3-4(11-12-10-3)8-6(7)9-5/h3H,2H2,1H3,(H2,7,8,10,11)","VHDBQEMIKCNENT-UHFFFAOYSA-N"
365773,"6-(Methylsulfanyl)-5H-purine-2,8-diamine",196.053116,"C6H8N6S","CSC1=NC(=NC2=NC(=NC21)N)N","InChI=1S/C6H8N6S/c1-13-4-2-3(10-5(7)9-2)11-6(8)12-4/h2H,1H3,(H4,7,8,9,10,11)","YNFRVROCWVNILV-UHFFFAOYSA-N"
470537,"8-(Methylsulfanyl)-7H-purine-2,6-diamine",196.053116,"C6H8N6S","CSc1[nH]c2c(nc(nc2n1)N)N","InChI=1S/C6H8N6S/c1-13-6-9-2-3(7)10-5(8)11-4(2)12-6/h1H3,(H5,7,8,9,10,11,12)","YWXNYCKLPHNYHE-UHFFFAOYSA-N"
503647,"methyl p-fluorobenzoylacetate",196.053574,"C10H9FO3","COC(=O)CC(=O)c1ccc(cc1)F","InChI=1S/C10H9FO3/c1-14-10(13)6-9(12)7-2-4-8(11)5-3-7/h2-5H,6H2,1H3","HGLVYXXPRSNKQN-UHFFFAOYSA-N"
1320996,"2-Carbamothioyl-1-(3-hydroxybenzylidene)hydrazinium",196.053909,"C8H10N3OS","c1cc(cc(c1)O)C=[NH+]NC(=S)N","InChI=1S/C8H9N3OS/c9-8(13)11-10-5-6-2-1-3-7(12)4-6/h1-5,12H,(H3,9,11,13)/p+1","OUKYJMFNAHUPKE-UHFFFAOYSA-O"
1468831,"[4-(Methylamino)-6-(methylsulfanyl)-1,3,5-triazin-2-yl]cyanamide",196.053116,"C6H8N6S","CNc1nc(nc(n1)SC)NC#N","InChI=1S/C6H8N6S/c1-8-4-10-5(9-3-7)12-6(11-4)13-2/h1-2H3,(H2,8,9,10,11,12)","HPNJVBGXIBGVNQ-UHFFFAOYSA-N"
2039877,"4-(3-Fluorophenyl)-4-oxobutanoic acid",196.053574,"C10H9FO3","c1cc(cc(c1)F)C(=O)CCC(=O)O","InChI=1S/C10H9FO3/c11-8-3-1-2-7(6-8)9(12)4-5-10(13)14/h1-3,6H,4-5H2,(H,13,14)","HHVYNFFVNGZSNG-UHFFFAOYSA-N"
2039878,"Methyl 3-(2-fluorophenyl)-3-oxopropanoate",196.053574,"C10H9FO3","COC(=O)CC(=O)c1ccccc1F","InChI=1S/C10H9FO3/c1-14-10(13)6-9(12)7-4-2-3-5-8(7)11/h2-5H,6H2,1H3","HVFIYFIBZJWQAE-UHFFFAOYSA-N"
2039879,"Methyl 3-(3-fluorophenyl)-3-oxopropanoate",196.053574,"C10H9FO3","COC(=O)CC(=O)c1cccc(c1)F","InChI=1S/C10H9FO3/c1-14-10(13)6-9(12)7-3-2-4-8(11)5-7/h2-5H,6H2,1H3","SMVCLVGDGBKTMN-UHFFFAOYSA-N"
2050061,"Ethyl 3-fluorobenzoylformate",196.053574,"C10H9FO3","CCOC(=O)C(=O)c1cccc(c1)F","InChI=1S/C10H9FO3/c1-2-14-10(13)9(12)7-4-3-5-8(11)6-7/h3-6H,2H2,1H3","MOXJARUICGBSPM-UHFFFAOYSA-N"
2289349,"2-(2-Fluorophenyl)-3-oxobutanoic acid",196.053574,"C10H9FO3","CC(=O)C(c1ccccc1F)C(=O)O","InChI=1S/C10H9FO3/c1-6(12)9(10(13)14)7-4-2-3-5-8(7)11/h2-5,9H,1H3,(H,13,14)","KBCTYIGQRPRHST-UHFFFAOYSA-N"
2312086,"7H-Pyrimido[4,5-b][1,4]thiazine-2,4,6-triamine",196.053116,"C6H8N6S","C1C(=Nc2c(nc(nc2S1)N)N)N","InChI=1S/C6H8N6S/c7-2-1-13-5-3(10-2)4(8)11-6(9)12-5/h1H2,(H2,7,10)(H4,8,9,11,12)","BRRSDGWGJXNOPY-UHFFFAOYSA-N"
2660552,"6-(Methylsulfanyl)-7H-purine-2,8-diamine",196.053116,"C6H8N6S","CSc1c2c(nc([nH]2)N)nc(n1)N","InChI=1S/C6H8N6S/c1-13-4-2-3(10-5(7)9-2)11-6(8)12-4/h1H3,(H5,7,8,9,10,11,12)","RQZNPTOABBPGGU-UHFFFAOYSA-N"
3002459,"5-Amino-3-ethyl-2,3-dihydro-7H-[1,2,3]triazolo[4,5-d]pyrimidine-7-thione",196.053116,"C6H8N6S","CCn1c-2nc(nc(=S)c2n[nH]1)N","InChI=1S/C6H8N6S/c1-2-12-4-3(10-11-12)5(13)9-6(7)8-4/h11H,2H2,1H3,(H2,7,9,13)","VTPUKFBAOQQSQA-UHFFFAOYSA-N"
3732829,"N,N-Dimethyl-1-(1,3-thiazol-2-yl)-1H-tetrazol-5-amine",196.053116,"C6H8N6S","CN(C)c1nnnn1c2nccs2","InChI=1S/C6H8N6S/c1-11(2)5-8-9-10-12(5)6-7-3-4-13-6/h3-4H,1-2H3","VUJPFDBPXPKIER-UHFFFAOYSA-N"
3913310,"N~1~-(3-Thienylmethyl)-1H-tetrazole-1,5-diamine",196.053116,"C6H8N6S","c1cscc1CNn2c(nnn2)N","InChI=1S/C6H8N6S/c7-6-9-10-11-12(6)8-3-5-1-2-13-4-5/h1-2,4,8H,3H2,(H2,7,9,11)","DVTXATXFMBEGQQ-UHFFFAOYSA-N"
3913620,"N~1~-(2-Thienylmethyl)-1H-tetrazole-1,5-diamine",196.053116,"C6H8N6S","c1cc(sc1)CNn2c(nnn2)N","InChI=1S/C6H8N6S/c7-6-9-10-11-12(6)8-4-5-2-1-3-13-5/h1-3,8H,4H2,(H2,7,9,11)","DLRDBOYBMLYOHR-UHFFFAOYSA-N"
4776070,"1-[Amino(sulfanyl)methylene]-2-[(4-oxo-2,5-cyclohexadien-1-ylidene)methyl]hydrazinium",196.053909,"C8H10N3OS","C1=CC(=O)C=CC1=CN[NH+]=C(N)S","InChI=1S/C8H9N3OS/c9-8(13)11-10-5-6-1-3-7(12)4-2-6/h1-5,10H,(H3,9,11,13)/p+1","AWWJQGRWJATWTH-UHFFFAOYSA-O"
4857355,"(2E)-3-(3-Fluoro-4-methoxyphenyl)acrylic acid",196.053574,"C10H9FO3","COc1ccc(cc1F)/C=C/C(=O)O","InChI=1S/C10H9FO3/c1-14-9-4-2-7(6-8(9)11)3-5-10(12)13/h2-6H,1H3,(H,12,13)/b5-3+","VKZYEBQHWQTZKA-HWKANZROSA-N"
4897439,"pentanamidine sulfate",196.052872,"C5H12N2O4S","[H]/N=C(\CCCC)/N.[O-]S(=O)(=O)[O-]","InChI=1S/C5H12N2.H2O4S/c1-2-3-4-5(6)7;1-5(2,3)4/h2-4H2,1H3,(H3,6,7);(H2,1,2,3,4)/p-2","QHNNLCMFCVJFIK-UHFFFAOYSA-L"
4918560,"5-(Ethylsulfanyl)-2H-[1,2,3]triazolo[4,5-d]pyrimidin-7-amine",196.053116,"C6H8N6S","CCSc1nc(c2c(n1)n[nH]n2)N","InChI=1S/C6H8N6S/c1-2-13-6-8-4(7)3-5(9-6)11-12-10-3/h2H2,1H3,(H3,7,8,9,10,11,12)","NQVKJHDTWLVATP-UHFFFAOYSA-N"
4920693,"7-(Ethylsulfanyl)-2H-[1,2,3]triazolo[4,5-d]pyrimidin-5-amine",196.053116,"C6H8N6S","CCSc1c2c(nc(n1)N)n[nH]n2","InChI=1S/C6H8N6S/c1-2-13-5-3-4(11-12-10-3)8-6(7)9-5/h2H2,1H3,(H3,7,8,9,10,11,12)","IHDGWFLCXUWMLE-UHFFFAOYSA-N"
8165840,"(2E)-3-(5-Fluoro-2-methoxyphenyl)acrylic acid",196.053574,"C10H9FO3","COC1=C(C=C(C=C1)F)/C=C/C(=O)O","InChI=1S/C10H9FO3/c1-14-9-4-3-8(11)6-7(9)2-5-10(12)13/h2-6H,1H3,(H,12,13)/b5-2+","WWZPWGXNJORULY-GORDUTHDSA-N"
8188471,"(2E)-1-(4-Fluorophenyl)-3-hydroxy-3-methoxy-2-propen-1-one",196.053574,"C10H9FO3","O=C(c1ccc(F)cc1)\C=C(/O)OC","InChI=1S/C10H9FO3/c1-14-10(13)6-9(12)7-2-4-8(11)5-3-7/h2-6,13H,1H3/b10-6+","ZYWREHVIJWDUNH-UXBLZVDNSA-N"
8256921,"5-(Methylsulfanyl)-1-(1H-1,2,4-triazol-1-ylmethyl)-1H-1,2,4-triazole",196.053116,"C6H8N6S","n1cncn1Cn2ncnc2SC","InChI=1S/C6H8N6S/c1-13-6-8-3-10-12(6)5-11-4-7-2-9-11/h2-4H,5H2,1H3","DUDDVTABBXMIQF-UHFFFAOYSA-N"
8663507,"Methyl (2S,3R)-3-(4-fluorophenyl)-2-oxiranecarboxylate",196.053574,"C10H9FO3","O=C(OC)[C@H]2O[C@@H]2c1ccc(F)cc1","InChI=1S/C10H9FO3/c1-13-10(12)9-8(14-9)6-2-4-7(11)5-3-6/h2-5,8-9H,1H3/t8-,9+/m1/s1","IURCTQVKJWILJD-BDAKNGLRSA-N"
8687471,"2-Fluoro-6-[(2R)-2-oxiranylmethoxy]benzaldehyde",196.053574,"C10H9FO3","Fc2cccc(OC[C@@H]1OC1)c2C=O","InChI=1S/C10H9FO3/c11-9-2-1-3-10(8(9)4-12)14-6-7-5-13-7/h1-4,7H,5-6H2/t7-/m1/s1","ROEVFCLOMRHXJA-SSDOTTSWSA-N"
8687472,"4-Fluorophenyl (2E)-4-hydroxy-2-butenoate",196.053574,"C10H9FO3","O=C(Oc1ccc(F)cc1)/C=C/CO","InChI=1S/C10H9FO3/c11-8-3-5-9(6-4-8)14-10(13)2-1-7-12/h1-6,12H,7H2/b2-1+","UCZBPOSEGTVLFH-OWOJBTEDSA-N"
8711266,"4-Hydrazino-2-(methylsulfanyl)imidazo[2,1-f][1,2,4]triazine",196.053116,"C6H8N6S","n1c(c2nccn2nc1SC)NN","InChI=1S/C6H8N6S/c1-13-6-9-4(10-7)5-8-2-3-12(5)11-6/h2-3H,7H2,1H3,(H,9,10,11)","JJLCPXZJJLZEJI-UHFFFAOYSA-N"
8759407,"(2Z)-3-Fluoro-2-methoxy-3-phenylacrylic acid",196.053574,"C10H9FO3","F/C(=C(\OC)C(=O)O)c1ccccc1","InChI=1S/C10H9FO3/c1-14-9(10(12)13)8(11)7-5-3-2-4-6-7/h2-6H,1H3,(H,12,13)/b9-8-","GHOKTZVCMUVPDY-HJWRWDBZSA-N"
8759408,"Methyl 3-fluoro-2-oxo-3-phenylpropanoate",196.053574,"C10H9FO3","FC(C(=O)C(=O)OC)c1ccccc1","InChI=1S/C10H9FO3/c1-14-10(13)9(12)8(11)7-5-3-2-4-6-7/h2-6,8H,1H3","FDZYBAUITTUEGR-UHFFFAOYSA-N"
8949579,"2-Methyl-5-(methylsulfanyl)[1,2,4]triazolo[1,5-a][1,3,5]triazin-7-amine",196.053116,"C6H8N6S","n1c(nn2c1nc(nc2N)SC)C","InChI=1S/C6H8N6S/c1-3-8-5-10-6(13-2)9-4(7)12(5)11-3/h1-2H3,(H2,7,8,9,10,11)","GSZXNJKDBRIQFL-UHFFFAOYSA-N"
8973235,"6-Fluoro-2-hydroxy-3-propionylbenzaldehyde",196.053574,"C10H9FO3","O=Cc1c(F)ccc(C(=O)CC)c1O","InChI=1S/C10H9FO3/c1-2-9(13)6-3-4-8(11)7(5-12)10(6)14/h3-5,14H,2H2,1H3","QMLOUDJYIOZWNW-UHFFFAOYSA-N"
9031681,"Ethyl (4-fluorophenyl)(oxo)acetate",196.053574,"C10H9FO3","CCOC(=O)C(=O)c1ccc(cc1)F","InChI=1S/C10H9FO3/c1-2-14-10(13)9(12)7-3-5-8(11)6-4-7/h3-6H,2H2,1H3","RFKIEIUHZZILBI-UHFFFAOYSA-N"
9173136,"1-(Chloromethyl)-4-aza-1-azoniabicyclo[2.2.2]octane chloride",196.053406,"C7H14Cl2N2","C1C[N+]2(CCN1CC2)CCl.[Cl-]","InChI=1S/C7H14ClN2.ClH/c8-7-10-4-1-9(2-5-10)3-6-10;/h1-7H2;1H/q+1;/p-1","RKVXEZAWSNSRPA-UHFFFAOYSA-M"
9302292,"(7-Methoxy-1,3-benzodioxol-5-yl)boronic acid",196.054306,"C8H9BO5","O1c2cc(cc(OC)c2OC1)B(O)O","InChI=1S/C8H9BO5/c1-12-6-2-5(9(10)11)3-7-8(6)14-4-13-7/h2-3,10-11H,4H2,1H3","FNYVGOCHXURZQH-UHFFFAOYSA-N"
9302295,"5-(1,3-Dioxolan-2-yl)-2-fluorobenzaldehyde",196.053574,"C10H9FO3","O=Cc1c(F)ccc(c1)C2OCCO2","InChI=1S/C10H9FO3/c11-9-2-1-7(5-8(9)6-12)10-13-3-4-14-10/h1-2,5-6,10H,3-4H2","YKDPLUKRMOJQKU-UHFFFAOYSA-N"
9369987,"2-Acetyl-4-fluorophenyl acetate",196.053574,"C10H9FO3","O=C(Oc1ccc(F)cc1C(=O)C)C","InChI=1S/C10H9FO3/c1-6(12)9-5-8(11)3-4-10(9)14-7(2)13/h3-5H,1-2H3","MXRAZRIJZWNGGT-UHFFFAOYSA-N"
9542499,"(2Z)-2-(4-Fluorophenoxy)-2-butenoic acid",196.053574,"C10H9FO3","Fc1ccc(O/C(C(=O)O)=C\C)cc1","InChI=1S/C10H9FO3/c1-2-9(10(12)13)14-8-5-3-7(11)4-6-8/h2-6H,1H3,(H,12,13)/b9-2-","DTHDURFCVQEZOG-MBXJOHMKSA-N"
9542500,"1,1'-(5-Fluoro-2-hydroxy-1,3-phenylene)diethanone",196.053574,"C10H9FO3","O=C(c1cc(F)cc(C(=O)C)c1O)C","InChI=1S/C10H9FO3/c1-5(12)8-3-7(11)4-9(6(2)13)10(8)14/h3-4,14H,1-2H3","ZCHKBCGLUJXPLY-UHFFFAOYSA-N"
9576219,"2-[(R)-(4-Fluorophenyl)(hydroxy)methyl]acrylic acid",196.053574,"C10H9FO3","Fc1ccc(cc1)[C@@H](O)C(=C)/C(=O)O","InChI=1S/C10H9FO3/c1-6(10(13)14)9(12)7-2-4-8(11)5-3-7/h2-5,9,12H,1H2,(H,13,14)/t9-/m0/s1","QISRIYGJXCGTBY-VIFPVBQESA-N"
9621752,"Methyl (2R,3S)-3-(4-fluorophenyl)-2-oxiranecarboxylate",196.053574,"C10H9FO3","O=C(OC)[C@@H]2O[C@H]2c1ccc(F)cc1","InChI=1S/C10H9FO3/c1-13-10(12)9-8(14-9)6-2-4-7(11)5-3-6/h2-5,8-9H,1H3/t8-,9+/m0/s1","IURCTQVKJWILJD-DTWKUNHWSA-N"
9710526,"7-Fluoro-8-hydroxy-3-methyl-3,4-dihydro-1H-isochromen-1-one",196.053574,"C10H9FO3","Fc2ccc1c(C(=O)OC(C1)C)c2O","InChI=1S/C10H9FO3/c1-5-4-6-2-3-7(11)9(12)8(6)10(13)14-5/h2-3,5,12H,4H2,1H3","QYHBUROVDIQVPN-UHFFFAOYSA-N"
10569267,"4-Amino-5-(3-methyl-1H-pyrazol-5-yl)-2,4-dihydro-3H-1,2,4-triazole-3-thione",196.053116,"C6H8N6S","CC1=NNC(=C1)C2=NN=C(N2N)S","InChI=1S/C6H8N6S/c1-3-2-4(9-8-3)5-10-11-6(13)12(5)7/h2H,7H2,1H3,(H,8,9)(H,11,13)","LXXGXEZHAPITAL-UHFFFAOYSA-N"
10638257,"(2E)-3-(4-Fluoro-3-methoxyphenyl)acrylic acid",196.053574,"C10H9FO3","COC1=C(C=CC(=C1)/C=C/C(=O)O)F","InChI=1S/C10H9FO3/c1-14-9-6-7(2-4-8(9)11)3-5-10(12)13/h2-6H,1H3,(H,12,13)/b5-3+","NVEDFCULNXTLOA-HWKANZROSA-N"
10691566,"6-Fluoro-2-chromanecarboxylic acid",196.053574,"C10H9FO3","C1CC2=C(C=CC(=C2)F)OC1C(=O)O","InChI=1S/C10H9FO3/c11-7-2-4-8-6(5-7)1-3-9(14-8)10(12)13/h2,4-5,9H,1,3H2,(H,12,13)","ZNJANLXCXMVFFI-UHFFFAOYSA-N"
10742555,"(2E)-3-(3-Fluoro-5-methoxyphenyl)acrylic acid",196.053574,"C10H9FO3","Fc1cc(cc(OC)c1)/C=C/C(O)=O","InChI=1S/C10H9FO3/c1-14-9-5-7(2-3-10(12)13)4-8(11)6-9/h2-6H,1H3,(H,12,13)/b3-2+","IMYBFKQCTCBNPY-NSCUHMNNSA-N"
11023399,"1-(2-Propyn-1-yl)piperazine dihydrochloride",196.053406,"C7H14Cl2N2","C#CCN1CCNCC1.Cl.Cl","InChI=1S/C7H12N2.2ClH/c1-2-5-9-6-3-8-4-7-9;;/h1,8H,3-7H2;2*1H","QUAVZGFCRQIHHK-UHFFFAOYSA-N"
11203757,"(2E)-3-(2-Fluoro-5-methoxyphenyl)acrylic acid",196.053574,"C10H9FO3","COc1ccc(c(c1)/C=C/C(=O)O)F","InChI=1S/C10H9FO3/c1-14-8-3-4-9(11)7(6-8)2-5-10(12)13/h2-6H,1H3,(H,12,13)/b5-2+","GWIGKLPZLSEETO-GORDUTHDSA-N"
11339997,"3-(4-Fluorophenyl)-2-methyl-3-oxopropanoic acid",196.053574,"C10H9FO3","CC(C(=O)c1ccc(cc1)F)C(=O)O","InChI=1S/C10H9FO3/c1-6(10(13)14)9(12)7-2-4-8(11)5-3-7/h2-6H,1H3,(H,13,14)","OHDQOMYXIDCELX-UHFFFAOYSA-N"
13892661,"Methyl 3-acetyl-4-fluorobenzoate",196.053574,"C10H9FO3","CC(=O)c1cc(ccc1F)C(=O)OC","InChI=1S/C10H9FO3/c1-6(12)8-5-7(10(13)14-2)3-4-9(8)11/h3-5H,1-2H3","UUACGIJGQLBVJL-UHFFFAOYSA-N"
14317369,"Methyl (2E)-2-(4-fluorophenyl)-3-hydroxyacrylate",196.053574,"C10H9FO3","COC(=O)/C(=C/O)/c1ccc(cc1)F","InChI=1S/C10H9FO3/c1-14-10(13)9(6-12)7-2-4-8(11)5-3-7/h2-6,12H,1H3/b9-6+","TXTDVRNCZMFXTP-RMKNXTFCSA-N"
14334225,"6-Fluoro-4-chromanecarboxylic acid",196.053574,"C10H9FO3","c1cc2c(cc1F)C(CCO2)C(=O)O","InChI=1S/C10H9FO3/c11-6-1-2-9-8(5-6)7(10(12)13)3-4-14-9/h1-2,5,7H,3-4H2,(H,12,13)","SAXNXTGVOFQJRX-UHFFFAOYSA-N"
14716558,"4-(2-Fluorophenyl)-4-oxobutanoic acid",196.053574,"C10H9FO3","c1ccc(c(c1)C(=O)CCC(=O)O)F","InChI=1S/C10H9FO3/c11-8-4-2-1-3-7(8)9(12)5-6-10(13)14/h1-4H,5-6H2,(H,13,14)","DJQBIEXWDRJOTM-UHFFFAOYSA-N"
14880994,"Methyl 3-(4-fluorophenyl)-2-oxiranecarboxylate",196.053574,"C10H9FO3","COC(=O)C1C(O1)c2ccc(cc2)F","InChI=1S/C10H9FO3/c1-13-10(12)9-8(14-9)6-2-4-7(11)5-3-6/h2-5,8-9H,1H3","IURCTQVKJWILJD-UHFFFAOYSA-N"
15019924,"Methyl 2-fluoro-3-oxo-3-phenylpropanoate",196.053574,"C10H9FO3","COC(=O)C(C(=O)c1ccccc1)F","InChI=1S/C10H9FO3/c1-14-10(13)8(11)9(12)7-5-3-2-4-6-7/h2-6,8H,1H3","ZSEUQFAHPLXARP-UHFFFAOYSA-N"
15635350,"Ethyl (2-fluorophenyl)(oxo)acetate",196.053574,"C10H9FO3","CCOC(=O)C(=O)c1ccccc1F","InChI=1S/C10H9FO3/c1-2-14-10(13)9(12)7-5-3-4-6-8(7)11/h3-6H,2H2,1H3","YMBISXZGELJNMH-UHFFFAOYSA-N"
16163676,"4-(Dihydroxyboryl)-3-methoxybenzoic acid",196.054306,"C8H9BO5","B(c1ccc(cc1OC)C(=O)O)(O)O","InChI=1S/C8H9BO5/c1-14-7-4-5(8(10)11)2-3-6(7)9(12)13/h2-4,12-13H,1H3,(H,10,11)","ITWXOEQLYFYTJX-UHFFFAOYSA-N"
16163754,"4-(Dihydroxyboryl)-2-methoxybenzoic acid",196.054306,"C8H9BO5","B(c1ccc(c(c1)OC)C(=O)O)(O)O","InChI=1S/C8H9BO5/c1-14-7-4-5(9(12)13)2-3-6(7)8(10)11/h2-4,12-13H,1H3,(H,10,11)","ASOXJGFTNRPKEN-UHFFFAOYSA-N"
16182054,"(2E)-3-(4-Fluoro-2-methoxyphenyl)acrylic acid",196.053574,"C10H9FO3","COc1cc(ccc1/C=C/C(=O)O)F","InChI=1S/C10H9FO3/c1-14-9-6-8(11)4-2-7(9)3-5-10(12)13/h2-6H,1H3,(H,12,13)/b5-3+","CBAPVFYKWHSEKG-HWKANZROSA-N"
17334082,"2-(4-Fluorophenyl)-3-oxobutanoic acid",196.053574,"C10H9FO3","CC(=O)C(c1ccc(cc1)F)C(=O)O","InChI=1S/C10H9FO3/c1-6(12)9(10(13)14)7-2-4-8(11)5-3-7/h2-5,9H,1H3,(H,13,14)","RBHZLFQKJLXZRT-UHFFFAOYSA-N"
19214543,"(2E)-3-(3-Fluoro-4-hydroxyphenyl)-2-methylacrylic acid",196.053574,"C10H9FO3","C/C(=C\c1ccc(c(c1)F)O)/C(=O)O","InChI=1S/C10H9FO3/c1-6(10(13)14)4-7-2-3-9(12)8(11)5-7/h2-5,12H,1H3,(H,13,14)/b6-4+","CHSCNSGPPVPIIT-GQCTYLIASA-N"
21267818,"2-(4-Fluorophenyl)-2-oxoethyl acetate",196.053574,"C10H9FO3","CC(=O)OCC(=O)c1ccc(cc1)F","InChI=1S/C10H9FO3/c1-7(12)14-6-10(13)8-2-4-9(11)5-3-8/h2-5H,6H2,1H3","NWWVLMFYYZBSGA-UHFFFAOYSA-N"
21301497,"2-(Ethylsulfanyl)[1,2,4]triazolo[1,5-a][1,3,5]triazin-7-amine",196.053116,"C6H8N6S","CCSc1nc2ncnc(n2n1)N","InChI=1S/C6H8N6S/c1-2-13-6-10-5-9-3-8-4(7)12(5)11-6/h3H,2H2,1H3,(H2,7,8,9,10,11)","NWRNGJSUOYNDSQ-UHFFFAOYSA-N"
21406160,"3-[(4,6-Diamino-1,3,5-triazin-2-yl)sulfanyl]propanenitrile",196.053116,"C6H8N6S","C(CSc1nc(nc(n1)N)N)C#N","InChI=1S/C6H8N6S/c7-2-1-3-13-6-11-4(8)10-5(9)12-6/h1,3H2,(H4,8,9,10,11,12)","HWNAYZVUSCGVDF-UHFFFAOYSA-N"
21417228,"4-(1,3-Dioxolan-2-yl)-2-fluorobenzaldehyde",196.053574,"C10H9FO3","c1cc(c(cc1C2OCCO2)F)C=O","InChI=1S/C10H9FO3/c11-9-5-7(1-2-8(9)6-12)10-13-3-4-14-10/h1-2,5-6,10H,3-4H2","QQJVAGHNJLTLHX-UHFFFAOYSA-N"
21419397,"4,5-Dimethyl-2-(trifluoromethyl)-3,6-dihydro-2H-thiopyran",196.05336,"C8H11F3S","CC1=C(CSC(C1)C(F)(F)F)C","InChI=1S/C8H11F3S/c1-5-3-7(8(9,10)11)12-4-6(5)2/h7H,3-4H2,1-2H3","UCBVKTQKJXWYHQ-UHFFFAOYSA-N"
21427175,"(2R)-6-Fluoro-2-chromanecarboxylic acid",196.053574,"C10H9FO3","c1cc2c(cc1F)CC[C@@H](O2)C(=O)O","InChI=1S/C10H9FO3/c11-7-2-4-8-6(5-7)1-3-9(14-8)10(12)13/h2,4-5,9H,1,3H2,(H,12,13)/t9-/m1/s1","ZNJANLXCXMVFFI-SECBINFHSA-N"
21442092,"(2E)-3-(2-Fluoro-4-methoxyphenyl)acrylic acid",196.053574,"C10H9FO3","COc1ccc(c(c1)F)/C=C/C(=O)O","InChI=1S/C10H9FO3/c1-14-8-4-2-7(9(11)6-8)3-5-10(12)13/h2-6H,1H3,(H,12,13)/b5-3+","KDSPBZWHHBVYFN-HWKANZROSA-N"
21472629,"3-(Dihydroxyboryl)-4-methoxybenzoic acid",196.054306,"C8H9BO5","B(c1cc(ccc1OC)C(=O)O)(O)O","InChI=1S/C8H9BO5/c1-14-7-3-2-5(8(10)11)4-6(7)9(12)13/h2-4,12-13H,1H3,(H,10,11)","UENFRNNKQBQROW-UHFFFAOYSA-N"
21472632,"5-(Dihydroxyboryl)-2-methoxybenzoic acid",196.054306,"C8H9BO5","B(c1ccc(c(c1)C(=O)O)OC)(O)O","InChI=1S/C8H9BO5/c1-14-7-3-2-5(9(12)13)4-6(7)8(10)11/h2-4,12-13H,1H3,(H,10,11)","YZKWFWNYFKBAHO-UHFFFAOYSA-N"
21472636,"3-(Dihydroxyboryl)-2-methoxybenzoic acid",196.054306,"C8H9BO5","B(c1cccc(c1OC)C(=O)O)(O)O","InChI=1S/C8H9BO5/c1-14-7-5(8(10)11)3-2-4-6(7)9(12)13/h2-4,12-13H,1H3,(H,10,11)","QUWLFFYGKXZCER-UHFFFAOYSA-N"
21499743,"1-(5-Fluoro-2-hydroxyphenyl)-1,3-butanedione",196.053574,"C10H9FO3","CC(=O)CC(=O)c1cc(ccc1O)F","InChI=1S/C10H9FO3/c1-6(12)4-10(14)8-5-7(11)2-3-9(8)13/h2-3,5,13H,4H2,1H3","CSXLYPSVPVEJEF-UHFFFAOYSA-N"
21790200,"3-(3-Fluoro-4-methoxyphenyl)-3-oxopropanal",196.053574,"C10H9FO3","COc1ccc(cc1F)C(=O)CC=O","InChI=1S/C10H9FO3/c1-14-10-3-2-7(6-8(10)11)9(13)4-5-12/h2-3,5-6H,4H2,1H3","UQXRVWQUBAUAMA-UHFFFAOYSA-N"
21790208,"4-Amino-5-(1-methyl-1H-pyrazol-4-yl)-2,4-dihydro-3H-1,2,4-triazole-3-thione",196.053116,"C6H8N6S","Cn1cc(cn1)c2nnc(n2N)S","InChI=1S/C6H8N6S/c1-11-3-4(2-8-11)5-9-10-6(13)12(5)7/h2-3H,7H2,1H3,(H,10,13)","BSUKBYRTJFEECC-UHFFFAOYSA-N"
22543176,"trifluoro(4-isoquinolyl)boron",196.054535,"C9H6BF3N","B(c1cncc2c1cccc2)(F)(F)F","InChI=1S/C9H6BF3N/c11-10(12,13)9-6-14-5-7-3-1-2-4-8(7)9/h1-6H","ZWOZZSCNJUQREZ-UHFFFAOYSA-N"
23347799,"(2E)-3-(2-Fluoro-3-methoxyphenyl)acrylic acid",196.053574,"C10H9FO3","COc1cccc(c1F)/C=C/C(=O)O","InChI=1S/C10H9FO3/c1-14-8-4-2-3-7(10(8)11)5-6-9(12)13/h2-6H,1H3,(H,12,13)/b6-5+","XWKXMMLZGWSNHQ-AATRIKPKSA-N"
23347800,"(2E)-3-(2-Fluoro-6-methoxyphenyl)acrylic acid",196.053574,"C10H9FO3","COc1cccc(c1/C=C/C(=O)O)F","InChI=1S/C10H9FO3/c1-14-9-4-2-3-8(11)7(9)5-6-10(12)13/h2-6H,1H3,(H,12,13)/b6-5+","YUVNOPHHSLSHKS-AATRIKPKSA-N"
23347801,"(2E)-3-(3-Fluoro-2-methoxyphenyl)acrylic acid",196.053574,"C10H9FO3","COc1c(cccc1F)/C=C/C(=O)O","InChI=1S/C10H9FO3/c1-14-10-7(5-6-9(12)13)3-2-4-8(10)11/h2-6H,1H3,(H,12,13)/b6-5+","FMYBYMHWQVOYKV-AATRIKPKSA-N"
23365583,"5-Methyl-2-(methylsulfanyl)[1,2,4]triazolo[1,5-a][1,3,5]triazin-7-amine",196.053116,"C6H8N6S","Cc1nc(n2c(n1)nc(n2)SC)N","InChI=1S/C6H8N6S/c1-3-8-4(7)12-5(9-3)10-6(11-12)13-2/h1-2H3,(H2,7,8,9,10,11)","IYJNDTUGGKACKK-UHFFFAOYSA-N"
24722005,"(2R,3R)-Bicyclo[2.2.1]hept-5-ene-2,3-diamine dihydrochloride",196.053406,"C7H14Cl2N2","C1C2C=CC1[C@H]([C@@H]2N)N.Cl.Cl","InChI=1S/C7H12N2.2ClH/c8-6-4-1-2-5(3-4)7(6)9;;/h1-2,4-7H,3,8-9H2;2*1H/t4?,5?,6-,7-;;/m1../s1","OVNUQSLCQWWCQI-HADLFCMBSA-N"
25649541,"Methyl (4-fluoro-3-methylphenyl)(oxo)acetate",196.054,"C10H9FO3","Cc1cc(ccc1F)C(=O)C(=O)OC","InChI=1S/C10H9FO3/c1-6-5-7(3-4-8(6)11)9(12)10(13)14-2/h3-5H,1-2H3","FQNKYSAZSDRDKK-UHFFFAOYSA-N"
25939352,"3-trifluoromethyl-2-propynyl trimethylsilyl ether",196.053131,"C7H11F3OSi","C[Si](C)(C)OCC#CC(F)(F)F","InChI=1S/C7H11F3OSi/c1-12(2,3)11-6-4-5-7(8,9)10/h6H2,1-3H3","SKPMOCDPJPBGHV-UHFFFAOYSA-N"
25949529,"[4-(Dihydroxyboryl)phenoxy]acetic acid",196.054306,"C8H9BO5","B(c1ccc(cc1)OCC(=O)O)(O)O","InChI=1S/C8H9BO5/c10-8(11)5-14-7-3-1-6(2-4-7)9(12)13/h1-4,12-13H,5H2,(H,10,11)","RJTGNLGIQQFSEI-UHFFFAOYSA-N"
26265440,"1,3-Dioxolan-2-yl(4-fluorophenyl)methanone",196.053574,"C10H9FO3","c1cc(ccc1C(=O)C2OCCO2)F","InChI=1S/C10H9FO3/c11-8-3-1-7(2-4-8)9(12)10-13-5-6-14-10/h1-4,10H,5-6H2","AGDFJDVICDSSKW-UHFFFAOYSA-N"
26283369,"(2E)-3-(5-Fluoro-2-hydroxy-3-methylphenyl)acrylic acid",196.053574,"C10H9FO3","Cc1cc(cc(c1O)/C=C/C(=O)O)F","InChI=1S/C10H9FO3/c1-6-4-8(11)5-7(10(6)14)2-3-9(12)13/h2-5,14H,1H3,(H,12,13)/b3-2+","LLCHJVQFHISUKM-NSCUHMNNSA-N"
26284250,"(2E)-3-(3-Fluoro-2-hydroxyphenyl)-2-methylacrylic acid",196.053574,"C10H9FO3","C/C(=C\c1cccc(c1O)F)/C(=O)O","InChI=1S/C10H9FO3/c1-6(10(13)14)5-7-3-2-4-8(11)9(7)12/h2-5,12H,1H3,(H,13,14)/b6-5+","QIMDOLICQIJDGB-AATRIKPKSA-N"
26284688,"(2E)-3-(5-Fluoro-2-hydroxyphenyl)-2-methylacrylic acid",196.053574,"C10H9FO3","C/C(=C\c1cc(ccc1O)F)/C(=O)O","InChI=1S/C10H9FO3/c1-6(10(13)14)4-7-5-8(11)2-3-9(7)12/h2-5,12H,1H3,(H,13,14)/b6-4+","BYBVWNHGVXKWFA-GQCTYLIASA-N"
26284903,"(2E)-3-(2-Fluoro-6-hydroxyphenyl)-2-methylacrylic acid",196.053574,"C10H9FO3","C/C(=C\c1c(cccc1F)O)/C(=O)O","InChI=1S/C10H9FO3/c1-6(10(13)14)5-7-8(11)3-2-4-9(7)12/h2-5,12H,1H3,(H,13,14)/b6-5+","PVNYABWXYZSQQA-AATRIKPKSA-N"
26285087,"(2E)-3-(4-Fluoro-2-hydroxyphenyl)-2-methylacrylic acid",196.053574,"C10H9FO3","C/C(=C\c1ccc(cc1O)F)/C(=O)O","InChI=1S/C10H9FO3/c1-6(10(13)14)4-7-2-3-8(11)5-9(7)12/h2-5,12H,1H3,(H,13,14)/b6-4+","LVXGPBAXMKBUEO-GQCTYLIASA-N"
26467119,"3-(2-Fluoro-4-methoxyphenyl)acrylic acid",196.053574,"C10H9FO3","COc1ccc(c(c1)F)C=CC(=O)O","InChI=1S/C10H9FO3/c1-14-8-4-2-7(9(11)6-8)3-5-10(12)13/h2-6H,1H3,(H,12,13)","KDSPBZWHHBVYFN-UHFFFAOYSA-N"
26480323,"3-(3-Fluoro-4-methylphenyl)-3-oxopropanoic acid",196.053574,"C10H9FO3","Cc1ccc(cc1F)C(=O)CC(=O)O","InChI=1S/C10H9FO3/c1-6-2-3-7(4-8(6)11)9(12)5-10(13)14/h2-4H,5H2,1H3,(H,13,14)","KJVQHTFKCLDTOY-UHFFFAOYSA-N"
26480461,"3-(5-Fluoro-2-methylphenyl)-3-oxopropanoic acid",196.053574,"C10H9FO3","Cc1ccc(cc1C(=O)CC(=O)O)F","InChI=1S/C10H9FO3/c1-6-2-3-7(11)4-8(6)9(12)5-10(13)14/h2-4H,5H2,1H3,(H,13,14)","RYLPZMAWZQCCNT-UHFFFAOYSA-N"
26480557,"3-(2-Fluoro-5-methylphenyl)-3-oxopropanoic acid",196.053574,"C10H9FO3","Cc1ccc(c(c1)C(=O)CC(=O)O)F","InChI=1S/C10H9FO3/c1-6-2-3-8(11)7(4-6)9(12)5-10(13)14/h2-4H,5H2,1H3,(H,13,14)","LQBJMJRUYBDTJD-UHFFFAOYSA-N"
26480771,"3-(4-Fluoro-3-methylphenyl)-3-oxopropanoic acid",196.053574,"C10H9FO3","Cc1cc(ccc1F)C(=O)CC(=O)O","InChI=1S/C10H9FO3/c1-6-4-7(2-3-8(6)11)9(12)5-10(13)14/h2-4H,5H2,1H3,(H,13,14)","KPPUADOBSOTNNK-UHFFFAOYSA-N"
26480838,"3-(3-Fluoro-5-methylphenyl)-3-oxopropanoic acid",196.053574,"C10H9FO3","Cc1cc(cc(c1)F)C(=O)CC(=O)O","InChI=1S/C10H9FO3/c1-6-2-7(4-8(11)3-6)9(12)5-10(13)14/h2-4H,5H2,1H3,(H,13,14)","RTLPSALDGCNWNH-UHFFFAOYSA-N"
26498946,"Methyl 3-(2-fluorophenyl)-2-oxiranecarboxylate",196.053574,"C10H9FO3","COC(=O)C1C(O1)c2ccccc2F","InChI=1S/C10H9FO3/c1-13-10(12)9-8(14-9)6-4-2-3-5-7(6)11/h2-5,8-9H,1H3","ZUWUXFWWSPNMCA-UHFFFAOYSA-N"
26498947,"Methyl 3-(3-fluorophenyl)-2-oxiranecarboxylate",196.053574,"C10H9FO3","COC(=O)C1C(O1)c2cccc(c2)F","InChI=1S/C10H9FO3/c1-13-10(12)9-8(14-9)6-3-2-4-7(11)5-6/h2-5,8-9H,1H3","PIHQFYWGMXPPLZ-UHFFFAOYSA-N"
26521349,"2-(Dihydroxyboryl)-6-methoxybenzoic acid",196.054306,"C8H9BO5","B(c1cccc(c1C(=O)O)OC)(O)O","InChI=1S/C8H9BO5/c1-14-6-4-2-3-5(9(12)13)7(6)8(10)11/h2-4,12-13H,1H3,(H,10,11)","FANBEBZGFTYXKE-UHFFFAOYSA-N"
26547395,"3-(4-Fluoro-3-methoxyphenyl)acrylic acid",196.053574,"C10H9FO3","COc1cc(ccc1F)C=CC(=O)O","InChI=1S/C10H9FO3/c1-14-9-6-7(2-4-8(9)11)3-5-10(12)13/h2-6H,1H3,(H,12,13)","NVEDFCULNXTLOA-UHFFFAOYSA-N"
26557594,"3-(Dihydroxyboryl)-5-methoxybenzoic acid",196.054306,"C8H9BO5","B(c1cc(cc(c1)OC)C(=O)O)(O)O","InChI=1S/C8H9BO5/c1-14-7-3-5(8(10)11)2-6(4-7)9(12)13/h2-4,12-13H,1H3,(H,10,11)","UDYMDCFKOUCBHW-UHFFFAOYSA-N"
26956615,"(2S)-6-Fluoro-2-chromanecarboxylic acid",196.053574,"C10H9FO3","c1cc2c(cc1F)CC[C@H](O2)C(=O)O","InChI=1S/C10H9FO3/c11-7-2-4-8-6(5-7)1-3-9(14-8)10(12)13/h2,4-5,9H,1,3H2,(H,12,13)/t9-/m0/s1","ZNJANLXCXMVFFI-VIFPVBQESA-N"
27072942,"3-(5-Fluoro-2-methoxyphenyl)-3-oxopropanal",196.053574,"C10H9FO3","COc1ccc(cc1C(=O)CC=O)F","InChI=1S/C10H9FO3/c1-14-10-3-2-7(11)6-8(10)9(13)4-5-12/h2-3,5-6H,4H2,1H3","KPLDTFITZRZDIJ-UHFFFAOYSA-N"
27234959,"8-Fluoro-3-chromanecarboxylic acid",196.053574,"C10H9FO3","c1cc2c(c(c1)F)OCC(C2)C(=O)O","InChI=1S/C10H9FO3/c11-8-3-1-2-6-4-7(10(12)13)5-14-9(6)8/h1-3,7H,4-5H2,(H,12,13)","UPHKLKAYPWGWSX-UHFFFAOYSA-N"
27234960,"6-Fluoro-3-chromanecarboxylic acid",196.053574,"C10H9FO3","c1cc2c(cc1F)CC(CO2)C(=O)O","InChI=1S/C10H9FO3/c11-8-1-2-9-6(4-8)3-7(5-14-9)10(12)13/h1-2,4,7H,3,5H2,(H,12,13)","POJZDZQAEYSLOK-UHFFFAOYSA-N"
27285193,"6-Hydrazino-7H-pyrimido[4,5-b][1,4]thiazin-4-amine",196.053116,"C6H8N6S","c1nc(c2c(n1)SCC(=N2)NN)N","InChI=1S/C6H8N6S/c7-5-4-6(10-2-9-5)13-1-3(11-4)12-8/h2H,1,8H2,(H,11,12)(H2,7,9,10)","XVRDDJRUSWSVSW-UHFFFAOYSA-N"
27475085,"5-(Dihydroxyboryl)-2-(hydroxymethyl)benzoic acid",196.054306,"C8H9BO5","B(c1ccc(c(c1)C(=O)O)CO)(O)O","InChI=1S/C8H9BO5/c10-4-5-1-2-6(9(13)14)3-7(5)8(11)12/h1-3,10,13-14H,4H2,(H,11,12)","KXQALGPOXHVKBH-UHFFFAOYSA-N"
27658885,"3-(3-Fluorophenyl)-3-oxetanecarboxylic acid",196.053574,"C10H9FO3","c1cc(cc(c1)F)C2(COC2)C(=O)O","InChI=1S/C10H9FO3/c11-8-3-1-2-7(4-8)10(9(12)13)5-14-6-10/h1-4H,5-6H2,(H,12,13)","YBHGVJBNBLKZGB-UHFFFAOYSA-N"
27658886,"3-(4-Fluorophenyl)-3-oxetanecarboxylic acid",196.053574,"C10H9FO3","c1cc(ccc1C2(COC2)C(=O)O)F","InChI=1S/C10H9FO3/c11-8-3-1-7(2-4-8)10(9(12)13)5-14-6-10/h1-4H,5-6H2,(H,12,13)","SNRWYJJNIIPGDM-UHFFFAOYSA-N"
28189621,"7-Fluoro-4-chromanecarboxylic acid",196.053574,"C10H9FO3","c1cc2c(cc1F)OCCC2C(=O)O","InChI=1S/C10H9FO3/c11-6-1-2-7-8(10(12)13)3-4-14-9(7)5-6/h1-2,5,8H,3-4H2,(H,12,13)","JKWBRUNLFGSLTL-UHFFFAOYSA-N"
28425016,"N-Methyl-2,4-cyclohexadiene-1,1-diamine dihydrochloride",196.053406,"C7H14Cl2N2","CNC1(CC=CC=C1)N.Cl.Cl","InChI=1S/C7H12N2.2ClH/c1-9-7(8)5-3-2-4-6-7;;/h2-5,9H,6,8H2,1H3;2*1H","YVRZXFDJVFKFAK-UHFFFAOYSA-N"
28552971,"Methyl (2E)-3-(3-fluoro-4-hydroxyphenyl)acrylate",196.053574,"C10H9FO3","COC(=O)/C=C/c1ccc(c(c1)F)O","InChI=1S/C10H9FO3/c1-14-10(13)5-3-7-2-4-9(12)8(11)6-7/h2-6,12H,1H3/b5-3+","ANGCKEXOIZGQFH-HWKANZROSA-N"
28565846,"4-Fluorobenzyl 2-oxopropanoate",196.053574,"C10H9FO3","CC(=O)C(=O)OCc1ccc(cc1)F","InChI=1S/C10H9FO3/c1-7(12)10(13)14-6-8-2-4-9(11)5-3-8/h2-5H,6H2,1H3","XERKJXWFGDTNGG-UHFFFAOYSA-N"
28584181,"5-Chloro-1,2,3,4-tetramethyl-2,3-dihydro-1H-pyrazol-1-ium chloride",196.053406,"C7H14Cl2N2","CC1C(=C([NH+](N1C)C)Cl)C.[Cl-]","InChI=1S/C7H13ClN2.ClH/c1-5-6(2)9(3)10(4)7(5)8;/h6H,1-4H3;1H","KRJFMDHTOMFXSK-UHFFFAOYSA-N"
28943564,"N-(2-chloroethyl)-2,3,4,5-tetrahydropyridin-6-amine hydrochloride",196.053406,"C7H14Cl2N2","C1CCN=C(C1)NCCCl.Cl","InChI=1S/C7H13ClN2.ClH/c8-4-6-10-7-3-1-2-5-9-7;/h1-6H2,(H,9,10);1H","YXBORWOHGLARAZ-UHFFFAOYSA-N"
29339259,"Methyl (2R,3R)-3-(4-fluorophenyl)-2-oxiranecarboxylate",196.053574,"C10H9FO3","COC(=O)[C@H]1[C@H](O1)c2ccc(cc2)F","InChI=1S/C10H9FO3/c1-13-10(12)9-8(14-9)6-2-4-7(11)5-3-6/h2-5,8-9H,1H3/t8-,9-/m1/s1","IURCTQVKJWILJD-RKDXNWHRSA-N"
29342445,"7-Fluoro-6-methoxy-2,3-dihydro-4H-chromen-4-one",196.053574,"C10H9FO3","COc1cc2c(cc1F)OCCC2=O","InChI=1S/C10H9FO3/c1-13-10-4-6-8(12)2-3-14-9(6)5-7(10)11/h4-5H,2-3H2,1H3","XAVFQLDEFOPRKZ-UHFFFAOYSA-N"
29358236,"5-(1-Aziridinyl)-3-pentyn-1-amine dihydrochloride",196.053406,"C7H14Cl2N2","C1CN1CC#CCCN.Cl.Cl","InChI=1S/C7H12N2.2ClH/c8-4-2-1-3-5-9-6-7-9;;/h2,4-8H2;2*1H","NNSJMDFQTKCABI-UHFFFAOYSA-N"
29739353,"Allyl 3-fluorophenyl carbonate",196.053574,"C10H9FO3","C=CCOC(=O)Oc1cccc(c1)F","InChI=1S/C10H9FO3/c1-2-6-13-10(12)14-9-5-3-4-8(11)7-9/h2-5,7H,1,6H2","KCEGDOSJRRNENM-UHFFFAOYSA-N"
29739354,"Allyl 2-fluorophenyl carbonate",196.053574,"C10H9FO3","C=CCOC(=O)Oc1ccccc1F","InChI=1S/C10H9FO3/c1-2-7-13-10(12)14-9-6-4-3-5-8(9)11/h2-6H,1,7H2","NSOWLQHBCZMAJC-UHFFFAOYSA-N"
30647056,"7-Fluoro-2-chromanecarboxylic acid",196.053574,"C10H9FO3","c1cc2c(cc1F)OC(CC2)C(=O)O","InChI=1S/C10H9FO3/c11-7-3-1-6-2-4-8(10(12)13)14-9(6)5-7/h1,3,5,8H,2,4H2,(H,12,13)","JYXWUWXJDMWTMS-UHFFFAOYSA-N"
30775688,"4-Hydrazino-6-(methylsulfanyl)-1H-pyrazolo[3,4-d]pyrimidine",196.053116,"C6H8N6S","CSc1nc2c(cn[nH]2)c(n1)NN","InChI=1S/C6H8N6S/c1-13-6-9-4(11-7)3-2-8-12-5(3)10-6/h2H,7H2,1H3,(H2,8,9,10,11,12)","XJVVFRXDJCORMW-UHFFFAOYSA-N"
30790474,"(2E)-1-(3-Fluorophenyl)-3-hydroxy-3-methoxy-2-propen-1-one",196.053574,"C10H9FO3","CO/C(=C/C(=O)c1cccc(c1)F)/O","InChI=1S/C10H9FO3/c1-14-10(13)6-9(12)7-3-2-4-8(11)5-7/h2-6,13H,1H3/b10-6+","OBPOGOUAZKHDCQ-UXBLZVDNSA-N"
30804231,"[4-Hydroxy-2-(methoxycarbonyl)phenyl]boronic acid",196.054306,"C8H9BO5","B(c1ccc(cc1C(=O)OC)O)(O)O","InChI=1S/C8H9BO5/c1-14-8(11)6-4-5(10)2-3-7(6)9(12)13/h2-4,10,12-13H,1H3","XDLFXKFQRSEBBT-UHFFFAOYSA-N"
30908388,"Allyl 5-fluoro-2-hydroxybenzoate",196.053574,"C10H9FO3","C=CCOC(=O)c1cc(ccc1O)F","InChI=1S/C10H9FO3/c1-2-5-14-10(13)8-6-7(11)3-4-9(8)12/h2-4,6,12H,1,5H2","QOXMHIJWOOJQMQ-UHFFFAOYSA-N"
30911030,"3-[(1E)-Hydrazino]-4-(methylsulfanyl)-5H-pyrazolo[3,4-d]pyrimidine",196.053116,"C6H8N6S","CSc1c2c([nH]nc2NN)ncn1","InChI=1S/C6H8N6S/c1-13-6-3-4(8-2-9-6)11-12-5(3)10-7/h2H,7H2,1H3,(H2,8,9,10,11,12)","ZWWLQIPWECMTPZ-UHFFFAOYSA-N"
32054649,"4-Fluoro-3-propionylbenzoic acid",196.053574,"C10H9FO3","CCC(=O)c1cc(ccc1F)C(=O)O","InChI=1S/C10H9FO3/c1-2-9(12)7-5-6(10(13)14)3-4-8(7)11/h3-5H,2H2,1H3,(H,13,14)","HJFDGBROCIOCHF-UHFFFAOYSA-N"
32675704,"Methyl (2E)-3-(3-fluoro-2-hydroxyphenyl)acrylate",196.053574,"C10H9FO3","COC(=O)/C=C/c1cccc(c1O)F","InChI=1S/C10H9FO3/c1-14-9(12)6-5-7-3-2-4-8(11)10(7)13/h2-6,13H,1H3/b6-5+","BDGGDHSLOCKLKD-AATRIKPKSA-N"
32675711,"Methyl (2E)-3-(5-fluoro-2-hydroxyphenyl)acrylate",196.053574,"C10H9FO3","COC(=O)/C=C/c1cc(ccc1O)F","InChI=1S/C10H9FO3/c1-14-10(13)5-2-7-6-8(11)3-4-9(7)12/h2-6,12H,1H3/b5-2+","GRWMLNRVEVGSSW-GORDUTHDSA-N"
32743375,"3-(Cyclopropyloxy)-4-fluorobenzoic acid",196.053574,"C10H9FO3","c1cc(c(cc1C(=O)O)OC2CC2)F","InChI=1S/C10H9FO3/c11-8-4-1-6(10(12)13)5-9(8)14-7-2-3-7/h1,4-5,7H,2-3H2,(H,12,13)","QRALSLXLEAHCKY-UHFFFAOYSA-N"
32749487,"2-Chloro-N-cyclopentylethanimidamide hydrochloride (1:1)",196.053406,"C7H14Cl2N2","C1CCC(C1)NC(=N)CCl.Cl","InChI=1S/C7H13ClN2.ClH/c8-5-7(9)10-6-3-1-2-4-6;/h6H,1-5H2,(H2,9,10);1H","UQFJHOFKFAEEDH-UHFFFAOYSA-N"
32751770,"5-Amino-3-ethyl-3,4-dihydro-7H-[1,2,3]triazolo[4,5-d]pyrimidine-7-thione",196.053116,"C6H8N6S","CCn1c2c(c(=S)nc([nH]2)N)nn1","InChI=1S/C6H8N6S/c1-2-12-4-3(10-11-12)5(13)9-6(7)8-4/h2H2,1H3,(H3,7,8,9,13)","QEAAWVGZJYLVRI-UHFFFAOYSA-N"
32806209,"(3S)-6-Fluoro-3-chromanecarboxylic acid",196.053574,"C10H9FO3","c1cc2c(cc1F)C[C@@H](CO2)C(=O)O","InChI=1S/C10H9FO3/c11-8-1-2-9-6(4-8)3-7(5-14-9)10(12)13/h1-2,4,7H,3,5H2,(H,12,13)/t7-/m0/s1","POJZDZQAEYSLOK-ZETCQYMHSA-N"
32806210,"(3R)-6-Fluoro-3-chromanecarboxylic acid",196.053574,"C10H9FO3","c1cc2c(cc1F)C[C@H](CO2)C(=O)O","InChI=1S/C10H9FO3/c11-8-1-2-9-6(4-8)3-7(5-14-9)10(12)13/h1-2,4,7H,3,5H2,(H,12,13)/t7-/m1/s1","POJZDZQAEYSLOK-SSDOTTSWSA-N"
32808530,"(2S)-7-Fluoro-2-chromanecarboxylic acid",196.053574,"C10H9FO3","c1cc2c(cc1F)O[C@@H](CC2)C(=O)O","InChI=1S/C10H9FO3/c11-7-3-1-6-2-4-8(10(12)13)14-9(6)5-7/h1,3,5,8H,2,4H2,(H,12,13)/t8-/m0/s1","JYXWUWXJDMWTMS-QMMMGPOBSA-N"
32808531,"(2R)-7-Fluoro-2-chromanecarboxylic acid",196.053574,"C10H9FO3","c1cc2c(cc1F)O[C@H](CC2)C(=O)O","InChI=1S/C10H9FO3/c11-7-3-1-6-2-4-8(10(12)13)14-9(6)5-7/h1,3,5,8H,2,4H2,(H,12,13)/t8-/m1/s1","JYXWUWXJDMWTMS-MRVPVSSYSA-N"
32844283,"2-(2-Fluorophenyl)-2-oxoethyl acetate",196.053574,"C10H9FO3","CC(=O)OCC(=O)c1ccccc1F","InChI=1S/C10H9FO3/c1-7(12)14-6-10(13)8-4-2-3-5-9(8)11/h2-5H,6H2,1H3","KMNWOIQIBNKUIL-UHFFFAOYSA-N"
32866296,"N~2~-Methyl[1,3]thiazolo[4,5-d]pyrimidine-2,5,7-triamine",196.053116,"C6H8N6S","CNc1nc2c(s1)c(nc(n2)N)N","InChI=1S/C6H8N6S/c1-9-6-12-4-2(13-6)3(7)10-5(8)11-4/h1H3,(H5,7,8,9,10,11,12)","MYGZTEMLFCQWJB-UHFFFAOYSA-N"
32868076,"8-Fluoro-7-methoxy-2,3-dihydro-4H-chromen-4-one",196.053574,"C10H9FO3","COc1ccc2c(c1F)OCCC2=O","InChI=1S/C10H9FO3/c1-13-8-3-2-6-7(12)4-5-14-10(6)9(8)11/h2-3H,4-5H2,1H3","JTCXGQQFOBITCC-UHFFFAOYSA-N"
32868077,"6-Fluoro-7-methoxy-2,3-dihydro-4H-chromen-4-one",196.053574,"C10H9FO3","COc1cc2c(cc1F)C(=O)CCO2","InChI=1S/C10H9FO3/c1-13-10-5-9-6(4-7(10)11)8(12)2-3-14-9/h4-5H,2-3H2,1H3","NGJPSHYOMJSVBW-UHFFFAOYSA-N"
32868078,"8-Fluoro-6-methoxy-2,3-dihydro-4H-chromen-4-one",196.053574,"C10H9FO3","COc1cc2c(c(c1)F)OCCC2=O","InChI=1S/C10H9FO3/c1-13-6-4-7-9(12)2-3-14-10(7)8(11)5-6/h4-5H,2-3H2,1H3","CIBNOTXMMUBSTI-UHFFFAOYSA-N"
32868079,"6-Fluoro-5-methoxy-2,3-dihydro-4H-chromen-4-one",196.053574,"C10H9FO3","COc1c(ccc2c1C(=O)CCO2)F","InChI=1S/C10H9FO3/c1-13-10-6(11)2-3-8-9(10)7(12)4-5-14-8/h2-3H,4-5H2,1H3","ZVTXEOPJPYQSQT-UHFFFAOYSA-N"
32877271,"Methyl (3-fluoro-4-methylphenyl)(oxo)acetate",196.053574,"C10H9FO3","Cc1ccc(cc1F)C(=O)C(=O)OC","InChI=1S/C10H9FO3/c1-6-3-4-7(5-8(6)11)9(12)10(13)14-2/h3-5H,1-2H3","BLGFVYZNORJAMG-UHFFFAOYSA-N"
32917045,"5-Fluoro-8-methoxy-2,3-dihydro-4H-chromen-4-one",196.053574,"C10H9FO3","COc1ccc(c2c1OCCC2=O)F","InChI=1S/C10H9FO3/c1-13-8-3-2-6(11)9-7(12)4-5-14-10(8)9/h2-3H,4-5H2,1H3","FJCNYDDVPOHAMK-UHFFFAOYSA-N"
32917305,"4-Fluoro-6-hydroxy-7-methoxy-1-indanone",196.053574,"C10H9FO3","COc1c(cc(c2c1C(=O)CC2)F)O","InChI=1S/C10H9FO3/c1-14-10-8(13)4-6(11)5-2-3-7(12)9(5)10/h4,13H,2-3H2,1H3","DMFUADOBYHMPIW-UHFFFAOYSA-N"
32936882,"6-Fluoro-8-methoxy-2,3-dihydro-4H-chromen-4-one",196.053574,"C10H9FO3","COc1cc(cc2c1OCCC2=O)F","InChI=1S/C10H9FO3/c1-13-9-5-6(11)4-7-8(12)2-3-14-10(7)9/h4-5H,2-3H2,1H3","KSEPWDHONGHJIY-UHFFFAOYSA-N"
32967890,"2,4-Dihydrazinothieno[2,3-d]pyrimidine",196.053116,"C6H8N6S","c1csc2c1c(nc(n2)NN)NN","InChI=1S/C6H8N6S/c7-11-4-3-1-2-13-5(3)10-6(9-4)12-8/h1-2H,7-8H2,(H2,9,10,11,12)","LMJSJJBXNLVCKN-UHFFFAOYSA-N"
32968722,"4,7-Dihydrazinothieno[2,3-d]pyridazine",196.053116,"C6H8N6S","c1csc2c1c(nnc2NN)NN","InChI=1S/C6H8N6S/c7-9-5-3-1-2-13-4(3)6(10-8)12-11-5/h1-2H,7-8H2,(H,9,11)(H,10,12)","LBBAJSJAYYEETO-UHFFFAOYSA-N"
32971106,"2-Amino-4-hydrazino-6-(methylsulfanyl)-5-pyrimidinecarbonitrile",196.053116,"C6H8N6S","CSc1c(c(nc(n1)N)NN)C#N","InChI=1S/C6H8N6S/c1-13-5-3(2-7)4(12-9)10-6(8)11-5/h9H2,1H3,(H3,8,10,11,12)","JTLAZMBUCBQNIH-UHFFFAOYSA-N"
32971109,"2-Hydrazino-5-(1-methyl-1H-pyrazol-4-yl)-1,3,4-thiadiazole",196.053116,"C6H8N6S","Cn1cc(cn1)c2nnc(s2)NN","InChI=1S/C6H8N6S/c1-12-3-4(2-8-12)5-10-11-6(9-7)13-5/h2-3H,7H2,1H3,(H,9,11)","UDZYFYSCWRUDGX-UHFFFAOYSA-N"
32981525,"3-(2-Fluoro-4-methoxyphenyl)-3-oxopropanal",196.053574,"C10H9FO3","COc1ccc(c(c1)F)C(=O)CC=O","InChI=1S/C10H9FO3/c1-14-7-2-3-8(9(11)6-7)10(13)4-5-12/h2-3,5-6H,4H2,1H3","WVRCCBJGLABLED-UHFFFAOYSA-N"
33003899,"Methyl (3-fluoro-2-methylphenyl)(oxo)acetate",196.053574,"C10H9FO3","Cc1c(cccc1F)C(=O)C(=O)OC","InChI=1S/C10H9FO3/c1-6-7(4-3-5-8(6)11)9(12)10(13)14-2/h3-5H,1-2H3","ADTWWAJESRIOTI-UHFFFAOYSA-N"
33003987,"Methyl (3-fluoro-5-methylphenyl)(oxo)acetate",196.053574,"C10H9FO3","Cc1cc(cc(c1)F)C(=O)C(=O)OC","InChI=1S/C10H9FO3/c1-6-3-7(5-8(11)4-6)9(12)10(13)14-2/h3-5H,1-2H3","GGLPTQCFQDFWNX-UHFFFAOYSA-N"
33003989,"Methyl (5-fluoro-2-methylphenyl)(oxo)acetate",196.053574,"C10H9FO3","Cc1ccc(cc1C(=O)C(=O)OC)F","InChI=1S/C10H9FO3/c1-6-3-4-7(11)5-8(6)9(12)10(13)14-2/h3-5H,1-2H3","HXEDRHGZKXYXND-UHFFFAOYSA-N"
33012787,"Methyl (4-fluoro-2-methylphenyl)(oxo)acetate",196.053574,"C10H9FO3","Cc1cc(ccc1C(=O)C(=O)OC)F","InChI=1S/C10H9FO3/c1-6-5-7(11)3-4-8(6)9(12)10(13)14-2/h3-5H,1-2H3","NGAHVDXKHJCQKN-UHFFFAOYSA-N"
33013103,"5-Fluoro-7-methoxy-2,3-dihydro-4H-chromen-4-one",196.053574,"C10H9FO3","COc1cc2c(c(c1)F)C(=O)CCO2","InChI=1S/C10H9FO3/c1-13-6-4-7(11)10-8(12)2-3-14-9(10)5-6/h4-5H,2-3H2,1H3","SBLGLAXBNOOJJZ-UHFFFAOYSA-N"
33013104,"8-Fluoro-5-methoxy-2,3-dihydro-4H-chromen-4-one",196.053574,"C10H9FO3","COc1ccc(c2c1C(=O)CCO2)F","InChI=1S/C10H9FO3/c1-13-8-3-2-6(11)10-9(8)7(12)4-5-14-10/h2-3H,4-5H2,1H3","UKRWTFKUGGZXQJ-UHFFFAOYSA-N"
33013190,"7-Fluoro-8-methoxy-2,3-dihydro-4H-chromen-4-one",196.053574,"C10H9FO3","COc1c(ccc2c1OCCC2=O)F","InChI=1S/C10H9FO3/c1-13-10-7(11)3-2-6-8(12)4-5-14-9(6)10/h2-3H,4-5H2,1H3","SHQOXCMUHTZDHX-UHFFFAOYSA-N"
33013191,"5-Fluoro-6-methoxy-2,3-dihydro-4H-chromen-4-one",196.053574,"C10H9FO3","COc1ccc2c(c1F)C(=O)CCO2","InChI=1S/C10H9FO3/c1-13-8-3-2-7-9(10(8)11)6(12)4-5-14-7/h2-3H,4-5H2,1H3","JOOKFGBZBBBUTB-UHFFFAOYSA-N"
33013192,"7-Fluoro-5-methoxy-2,3-dihydro-4H-chromen-4-one",196.053574,"C10H9FO3","COc1cc(cc2c1C(=O)CCO2)F","InChI=1S/C10H9FO3/c1-13-8-4-6(11)5-9-10(8)7(12)2-3-14-9/h4-5H,2-3H2,1H3","YNZAYFPHLKJHBA-UHFFFAOYSA-N"
33289655,"2-(Dihydroxyboryl)-5-methoxybenzoic acid",196.054306,"C8H9BO5","B(c1ccc(cc1C(=O)O)OC)(O)O","InChI=1S/C8H9BO5/c1-14-5-2-3-7(9(12)13)6(4-5)8(10)11/h2-4,12-13H,1H3,(H,10,11)","PNVDQPLVKWPORA-UHFFFAOYSA-N"
33289656,"2-(Dihydroxyboryl)-4-methoxybenzoic acid",196.054306,"C8H9BO5","B(c1cc(ccc1C(=O)O)OC)(O)O","InChI=1S/C8H9BO5/c1-14-5-2-3-6(8(10)11)7(4-5)9(12)13/h2-4,12-13H,1H3,(H,10,11)","BRKFZFXHNYARDX-UHFFFAOYSA-N"
33289827,"3-(2-Fluoro-6-methoxyphenyl)-3-oxopropanal",196.053574,"C10H9FO3","COc1cccc(c1C(=O)CC=O)F","InChI=1S/C10H9FO3/c1-14-9-4-2-3-7(11)10(9)8(13)5-6-12/h2-4,6H,5H2,1H3","FBLZAVPCMFMHRI-UHFFFAOYSA-N"
33289828,"3-(4-Fluoro-3-methoxyphenyl)-3-oxopropanal",196.053574,"C10H9FO3","COc1cc(ccc1F)C(=O)CC=O","InChI=1S/C10H9FO3/c1-14-10-6-7(2-3-8(10)11)9(13)4-5-12/h2-3,5-6H,4H2,1H3","AIICHDPGSGZRPN-UHFFFAOYSA-N"
33289829,"3-(4-Fluoro-2-methoxyphenyl)-3-oxopropanal",196.053574,"C10H9FO3","COc1cc(ccc1C(=O)CC=O)F","InChI=1S/C10H9FO3/c1-14-10-6-7(11)2-3-8(10)9(13)4-5-12/h2-3,5-6H,4H2,1H3","OQWSHGZTJBIISA-UHFFFAOYSA-N"
33290038,"1-(2-Fluoro-4-hydroxyphenyl)-1,3-butanedione",196.053574,"C10H9FO3","CC(=O)CC(=O)c1ccc(cc1F)O","InChI=1S/C10H9FO3/c1-6(12)4-10(14)8-3-2-7(13)5-9(8)11/h2-3,5,13H,4H2,1H3","GMPOCASJNQRVAP-UHFFFAOYSA-N"
35326541,"(4-Fluoro-3,5-dimethylphenyl)(oxo)acetic acid",196.053574,"C10H9FO3","Cc1cc(cc(c1F)C)C(=O)C(=O)O","InChI=1S/C10H9FO3/c1-5-3-7(9(12)10(13)14)4-6(2)8(5)11/h3-4H,1-2H3,(H,13,14)","RUEFEKFMHVJCHB-UHFFFAOYSA-N"
35469605,"3-Fluoro-3,4-dihydro-2H-1,5-benzodioxepine-7-carbaldehyde",196.053574,"C10H9FO3","c1cc2c(cc1C=O)OCC(CO2)F","InChI=1S/C10H9FO3/c11-8-5-13-9-2-1-7(4-12)3-10(9)14-6-8/h1-4,8H,5-6H2","XDEFXWUHQHXTFZ-UHFFFAOYSA-N"
35485769,"1-(2-Fluorophenoxy)cyclopropanecarboxylic acid",196.053574,"C10H9FO3","c1ccc(c(c1)OC2(CC2)C(=O)O)F","InChI=1S/C10H9FO3/c11-7-3-1-2-4-8(7)14-10(5-6-10)9(12)13/h1-4H,5-6H2,(H,12,13)","FWDPMQNMDHRTTM-UHFFFAOYSA-N"
35485770,"1-(4-Fluorophenoxy)cyclopropanecarboxylic acid",196.053574,"C10H9FO3","c1cc(ccc1OC2(CC2)C(=O)O)F","InChI=1S/C10H9FO3/c11-7-1-3-8(4-2-7)14-10(5-6-10)9(12)13/h1-4H,5-6H2,(H,12,13)","JIFRXJWQLPSQGG-UHFFFAOYSA-N"
35498484,"4-[(2-Fluoro-2-propen-1-yl)oxy]benzoic acid",196.053574,"C10H9FO3","C=C(COc1ccc(cc1)C(=O)O)F","InChI=1S/C10H9FO3/c1-7(11)6-14-9-4-2-8(3-5-9)10(12)13/h2-5H,1,6H2,(H,12,13)","TXQNVRWNPLTWSG-UHFFFAOYSA-N"
35498485,"3-[(2-Fluoro-2-propen-1-yl)oxy]benzoic acid",196.053574,"C10H9FO3","C=C(COc1cccc(c1)C(=O)O)F","InChI=1S/C10H9FO3/c1-7(11)6-14-9-4-2-3-8(5-9)10(12)13/h2-5H,1,6H2,(H,12,13)","WPCLTIAIRKSCSV-UHFFFAOYSA-N"
35498486,"2-[(2-Fluoro-2-propen-1-yl)oxy]benzoic acid",196.053574,"C10H9FO3","C=C(COc1ccccc1C(=O)O)F","InChI=1S/C10H9FO3/c1-7(11)6-14-9-5-3-2-4-8(9)10(12)13/h2-5H,1,6H2,(H,12,13)","DXGOWTMONWSAEV-UHFFFAOYSA-N"
35501687,"(6-Fluoro-2,3-dihydro-1-benzofuran-3-yl)acetic acid",196.053574,"C10H9FO3","c1cc2c(cc1F)OCC2CC(=O)O","InChI=1S/C10H9FO3/c11-7-1-2-8-6(3-10(12)13)5-14-9(8)4-7/h1-2,4,6H,3,5H2,(H,12,13)","LBSQNKLJOUDFOS-UHFFFAOYSA-N"
35510972,"6-(2-Isopropylidenehydrazino)[1,2,4]triazolo[3,4-b][1,3,4]thiadiazole",196.053116,"C6H8N6S","CC(=NNc1nn2cnnc2s1)C","InChI=1S/C6H8N6S/c1-4(2)8-9-5-11-12-3-7-10-6(12)13-5/h3H,1-2H3,(H,9,11)","JWNPDRHJDHDOMB-UHFFFAOYSA-N"
35802876,"(2Z)-2-Fluoro-3-(4-methoxyphenyl)acrylic acid",196.053574,"C10H9FO3","COc1ccc(cc1)/C=C(/C(=O)O)\F","InChI=1S/C10H9FO3/c1-14-8-4-2-7(3-5-8)6-9(11)10(12)13/h2-6H,1H3,(H,12,13)/b9-6-","UQVSDMZJQZHKNE-TWGQIWQCSA-N"
35899170,"2-[5-(1,3-Thiazol-5-yl)-1H-tetrazol-1-yl]ethanamine",196.053116,"C6H8N6S","c1c(scn1)c2nnnn2CCN","InChI=1S/C6H8N6S/c7-1-2-12-6(9-10-11-12)5-3-8-4-13-5/h3-4H,1-2,7H2","OVKWYQHPKLHHMW-UHFFFAOYSA-N"
35912347,"2-[5-(1,3-Thiazol-4-yl)-1H-tetrazol-1-yl]ethanamine",196.053116,"C6H8N6S","c1c(ncs1)c2nnnn2CCN","InChI=1S/C6H8N6S/c7-1-2-12-6(9-10-11-12)5-3-13-4-8-5/h3-4H,1-2,7H2","QCHICFVXLIDSHY-UHFFFAOYSA-N"
35914160,"5-(2-Methyl-1,3-thiazol-4-yl)-4H-1,2,4-triazole-3,4-diamine",196.053116,"C6H8N6S","Cc1nc(cs1)c2nnc(n2N)N","InChI=1S/C6H8N6S/c1-3-9-4(2-13-3)5-10-11-6(7)12(5)8/h2H,8H2,1H3,(H2,7,11)","HKHFHYANIFTAHB-UHFFFAOYSA-N"
35914196,"5-(4-Methyl-1,3-thiazol-5-yl)-4H-1,2,4-triazole-3,4-diamine",196.053116,"C6H8N6S","Cc1c(scn1)c2nnc(n2N)N","InChI=1S/C6H8N6S/c1-3-4(13-2-9-3)5-10-11-6(7)12(5)8/h2H,8H2,1H3,(H2,7,11)","OSNNQKMXETVSGX-UHFFFAOYSA-N"
35914371,"5-(3-Amino-2-thienyl)-4H-1,2,4-triazole-3,4-diamine",196.053116,"C6H8N6S","c1csc(c1N)c2nnc(n2N)N","InChI=1S/C6H8N6S/c7-3-1-2-13-4(3)5-10-11-6(8)12(5)9/h1-2H,7,9H2,(H2,8,11)","KNWGZMFDVZJRKO-UHFFFAOYSA-N"
35914397,"5-(2-Amino-3-thienyl)-4H-1,2,4-triazole-3,4-diamine",196.053116,"C6H8N6S","c1csc(c1c2nnc(n2N)N)N","InChI=1S/C6H8N6S/c7-4-3(1-2-13-4)5-10-11-6(8)12(5)9/h1-2H,7,9H2,(H2,8,11)","MAIVCGCWSQRPIS-UHFFFAOYSA-N"
35914471,"5-(5-Amino-2-thienyl)-4H-1,2,4-triazole-3,4-diamine",196.053116,"C6H8N6S","c1cc(sc1c2nnc(n2N)N)N","InChI=1S/C6H8N6S/c7-4-2-1-3(13-4)5-10-11-6(8)12(5)9/h1-2H,7,9H2,(H2,8,11)","JEVOUSGEIVXWCC-UHFFFAOYSA-N"
35918316,"N-Ethyl-3-(1H-1,2,3-triazol-4-yl)-1,2,4-thiadiazol-5-amine",196.053116,"C6H8N6S","CCNc1nc(ns1)c2c[nH]nn2","InChI=1S/C6H8N6S/c1-2-7-6-9-5(11-13-6)4-3-8-12-10-4/h3H,2H2,1H3,(H,7,9,11)(H,8,10,12)","GLRMFQWUSOYSMD-UHFFFAOYSA-N"
35918950,"1-[5-(1H-1,2,3-Triazol-4-yl)-1,3,4-thiadiazol-2-yl]ethanamine",196.053116,"C6H8N6S","CC(c1nnc(s1)c2c[nH]nn2)N","InChI=1S/C6H8N6S/c1-3(7)5-10-11-6(13-5)4-2-8-12-9-4/h2-3H,7H2,1H3,(H,8,9,12)","QPSCYGMFBZDZAF-UHFFFAOYSA-N"
35918952,"2-[5-(1H-1,2,3-Triazol-4-yl)-1,3,4-thiadiazol-2-yl]ethanamine",196.053116,"C6H8N6S","c1c(nn[nH]1)c2nnc(s2)CCN","InChI=1S/C6H8N6S/c7-2-1-5-10-11-6(13-5)4-3-8-12-9-4/h3H,1-2,7H2,(H,8,9,12)","KHQXVXKVDVJUNO-UHFFFAOYSA-N"
35918959,"N-Methyl-1-[5-(1H-1,2,3-triazol-4-yl)-1,3,4-thiadiazol-2-yl]methanamine",196.053116,"C6H8N6S","CNCc1nnc(s1)c2c[nH]nn2","InChI=1S/C6H8N6S/c1-7-3-5-10-11-6(13-5)4-2-8-12-9-4/h2,7H,3H2,1H3,(H,8,9,12)","LWXXRRDBYDJHQF-UHFFFAOYSA-N"
36017398,"N-Methyl-5-(1H-1,2,4-triazol-1-ylmethyl)-1,3,4-thiadiazol-2-amine",196.053116,"C6H8N6S","CNc1nnc(s1)Cn2cncn2","InChI=1S/C6H8N6S/c1-7-6-11-10-5(13-6)2-12-4-8-3-9-12/h3-4H,2H2,1H3,(H,7,11)","LCZMQNICTUUAOD-UHFFFAOYSA-N"
36019522,"2-Hydrazino-5-(1H-pyrazol-1-ylmethyl)-1,3,4-thiadiazole",196.053116,"C6H8N6S","c1cnn(c1)Cc2nnc(s2)NN","InChI=1S/C6H8N6S/c7-9-6-11-10-5(13-6)4-12-3-1-2-8-12/h1-3H,4,7H2,(H,9,11)","XXSCUPWIMHFYGP-UHFFFAOYSA-N"
36019524,"2-Hydrazino-5-(1H-imidazol-1-ylmethyl)-1,3,4-thiadiazole",196.053116,"C6H8N6S","c1cn(cn1)Cc2nnc(s2)NN","InChI=1S/C6H8N6S/c7-9-6-11-10-5(13-6)3-12-2-1-8-4-12/h1-2,4H,3,7H2,(H,9,11)","IOOPOHLPYVCIJK-UHFFFAOYSA-N"
36025842,"N-Methyl-1-[5-(1H-1,2,4-triazol-1-yl)-1,3,4-thiadiazol-2-yl]methanamine",196.053116,"C6H8N6S","CNCc1nnc(s1)n2cncn2","InChI=1S/C6H8N6S/c1-7-2-5-10-11-6(13-5)12-4-8-3-9-12/h3-4,7H,2H2,1H3","WIHFZRWHZZZATD-UHFFFAOYSA-N"
36062618,"(2E)-3-[3-Fluoro-5-(hydroxymethyl)phenyl]acrylic acid",196.053574,"C10H9FO3","c1c(cc(cc1/C=C/C(=O)O)F)CO","InChI=1S/C10H9FO3/c11-9-4-7(1-2-10(13)14)3-8(5-9)6-12/h1-5,12H,6H2,(H,13,14)/b2-1+","WPSDAKGRUHAHQF-OWOJBTEDSA-N"
36086729,"(2E)-2-Fluoro-3-(2-methoxyphenyl)acrylic acid",196.053574,"C10H9FO3","COc1ccccc1/C=C(\C(=O)O)/F","InChI=1S/C10H9FO3/c1-14-9-5-3-2-4-7(9)6-8(11)10(12)13/h2-6H,1H3,(H,12,13)/b8-6+","USCFYNZMHQYNQM-SOFGYWHQSA-N"
36131399,"1-[(2-Hydrazino-1,3-thiazol-5-yl)methyl]-1H-1,2,4-triazole",196.053116,"C6H8N6S","c1c(sc(n1)NN)Cn2cncn2","InChI=1S/C6H8N6S/c7-11-6-9-1-5(13-6)2-12-4-8-3-10-12/h1,3-4H,2,7H2,(H,9,11)","OQJXRJMVAARQEY-UHFFFAOYSA-N"
36133388,"N~5~-(1-Methyl-1H-pyrazol-3-yl)-1,2,4-thiadiazole-3,5-diamine",196.053116,"C6H8N6S","Cn1ccc(n1)Nc2nc(ns2)N","InChI=1S/C6H8N6S/c1-12-3-2-4(10-12)8-6-9-5(7)11-13-6/h2-3H,1H3,(H3,7,8,9,10,11)","YOQALJCAWICXBS-UHFFFAOYSA-N"
36133775,"5-Amino-4-(1-methyl-1H-pyrazol-3-yl)-4H-1,2,4-triazole-3-thiol",196.053116,"C6H8N6S","Cn1ccc(n1)n2c(nnc2S)N","InChI=1S/C6H8N6S/c1-11-3-2-4(10-11)12-5(7)8-9-6(12)13/h2-3H,1H3,(H2,7,8)(H,9,13)","DSXGMXNROCULLF-UHFFFAOYSA-N"
36332378,"6-(2-Fluoroethoxy)-1-benzofuran-3(2H)-one",196.053574,"C10H9FO3","c1cc2c(cc1OCCF)OCC2=O","InChI=1S/C10H9FO3/c11-3-4-13-7-1-2-8-9(12)6-14-10(8)5-7/h1-2,5H,3-4,6H2","CBEWVKPCPPKIHU-UHFFFAOYSA-N"
37510728,"(5-Fluoro-2,3-dihydro-1-benzofuran-7-yl)acetic acid",196.053574,"C10H9FO3","c1c(cc(c2c1CCO2)CC(=O)O)F","InChI=1S/C10H9FO3/c11-8-3-6-1-2-14-10(6)7(4-8)5-9(12)13/h3-4H,1-2,5H2,(H,12,13)","KMQSSGWDDJAEJN-UHFFFAOYSA-N"
37510729,"7-Fluoro-3-chromanecarboxylic acid",196.053574,"C10H9FO3","c1cc2c(cc1F)OCC(C2)C(=O)O","InChI=1S/C10H9FO3/c11-8-2-1-6-3-7(10(12)13)5-14-9(6)4-8/h1-2,4,7H,3,5H2,(H,12,13)","ZWDJJPHDKFWADW-UHFFFAOYSA-N"
37510730,"5-Fluoro-4-chromanecarboxylic acid",196.053574,"C10H9FO3","c1cc2c(c(c1)F)C(CCO2)C(=O)O","InChI=1S/C10H9FO3/c11-7-2-1-3-8-9(7)6(10(12)13)4-5-14-8/h1-3,6H,4-5H2,(H,12,13)","BHLDXNIZVBMEBN-UHFFFAOYSA-N"
37551178,"Methyl 5-acetyl-2-fluorobenzoate",196.053574,"C10H9FO3","CC(=O)c1ccc(c(c1)C(=O)OC)F","InChI=1S/C10H9FO3/c1-6(12)7-3-4-9(11)8(5-7)10(13)14-2/h3-5H,1-2H3","AKYXMXLDNGAJMC-UHFFFAOYSA-N"
37554252,"Methyl 3-acetyl-5-fluorobenzoate",196.053574,"C10H9FO3","CC(=O)c1cc(cc(c1)F)C(=O)OC","InChI=1S/C10H9FO3/c1-6(12)7-3-8(10(13)14-2)5-9(11)4-7/h3-5H,1-2H3","ZZJQXLQRLJNXAY-UHFFFAOYSA-N"
37565145,"4-Fluoro-7-methyl-2,3-dihydro-1-benzofuran-2-carboxylic acid",196.053574,"C10H9FO3","Cc1ccc(c2c1OC(C2)C(=O)O)F","InChI=1S/C10H9FO3/c1-5-2-3-7(11)6-4-8(10(12)13)14-9(5)6/h2-3,8H,4H2,1H3,(H,12,13)","RAJCMXMCBQDPMV-UHFFFAOYSA-N"
37569385,"N-[4-(Aminomethyl)-1,3-thiazol-2-yl]-4H-1,2,4-triazol-3-amine",196.053116,"C6H8N6S","c1c(nc(s1)Nc2[nH]cnn2)CN","InChI=1S/C6H8N6S/c7-1-4-2-13-6(10-4)11-5-8-3-9-12-5/h2-3H,1,7H2,(H2,8,9,10,11,12)","SQKGICSNJXLKFJ-UHFFFAOYSA-N"
37662818,"2-(3-Methyl[1,2,4]triazolo[3,4-b][1,3,4]thiadiazol-6-yl)ethanimidamide",196.053116,"C6H8N6S","Cc1nnc2n1nc(s2)CC(=N)N","InChI=1S/C6H8N6S/c1-3-9-10-6-12(3)11-5(13-6)2-4(7)8/h2H2,1H3,(H3,7,8)","VVGXJYBLGPGQAQ-UHFFFAOYSA-N"
37693174,"1-(3-Fluoro-2-hydroxyphenyl)cyclopropanecarboxylic acid",196.053574,"C10H9FO3","c1cc(c(c(c1)F)O)C2(CC2)C(=O)O","InChI=1S/C10H9FO3/c11-7-3-1-2-6(8(7)12)10(4-5-10)9(13)14/h1-3,12H,4-5H2,(H,13,14)","CHHOLEPJZDQYNS-UHFFFAOYSA-N"
37693175,"1-(4-Fluoro-2-hydroxyphenyl)cyclopropanecarboxylic acid",196.053574,"C10H9FO3","c1cc(c(cc1F)O)C2(CC2)C(=O)O","InChI=1S/C10H9FO3/c11-6-1-2-7(8(12)5-6)10(3-4-10)9(13)14/h1-2,5,12H,3-4H2,(H,13,14)","QGKSFZFSHZMQBD-UHFFFAOYSA-N"
37693176,"1-(5-Fluoro-2-hydroxyphenyl)cyclopropanecarboxylic acid",196.053574,"C10H9FO3","c1cc(c(cc1F)C2(CC2)C(=O)O)O","InChI=1S/C10H9FO3/c11-6-1-2-8(12)7(5-6)10(3-4-10)9(13)14/h1-2,5,12H,3-4H2,(H,13,14)","DTFGZGSLGLVJPN-UHFFFAOYSA-N"
37693177,"1-(2-Fluoro-3-hydroxyphenyl)cyclopropanecarboxylic acid",196.053574,"C10H9FO3","c1cc(c(c(c1)O)F)C2(CC2)C(=O)O","InChI=1S/C10H9FO3/c11-8-6(2-1-3-7(8)12)10(4-5-10)9(13)14/h1-3,12H,4-5H2,(H,13,14)","QYQVUARHCQVCPK-UHFFFAOYSA-N"
37693178,"1-(4-Fluoro-3-hydroxyphenyl)cyclopropanecarboxylic acid",196.053574,"C10H9FO3","c1cc(c(cc1C2(CC2)C(=O)O)O)F","InChI=1S/C10H9FO3/c11-7-2-1-6(5-8(7)12)10(3-4-10)9(13)14/h1-2,5,12H,3-4H2,(H,13,14)","PFQVLACWDFGXDO-UHFFFAOYSA-N"
37693179,"1-(3-Fluoro-5-hydroxyphenyl)cyclopropanecarboxylic acid",196.053574,"C10H9FO3","c1c(cc(cc1O)F)C2(CC2)C(=O)O","InChI=1S/C10H9FO3/c11-7-3-6(4-8(12)5-7)10(1-2-10)9(13)14/h3-5,12H,1-2H2,(H,13,14)","ZEYLUHDKCWUHOI-UHFFFAOYSA-N"
37693180,"1-(2-Fluoro-4-hydroxyphenyl)cyclopropanecarboxylic acid",196.053574,"C10H9FO3","c1cc(c(cc1O)F)C2(CC2)C(=O)O","InChI=1S/C10H9FO3/c11-8-5-6(12)1-2-7(8)10(3-4-10)9(13)14/h1-2,5,12H,3-4H2,(H,13,14)","UTVGACWRRFGQNN-UHFFFAOYSA-N"
37693181,"1-(3-Fluoro-4-hydroxyphenyl)cyclopropanecarboxylic acid",196.053574,"C10H9FO3","c1cc(c(cc1C2(CC2)C(=O)O)F)O","InChI=1S/C10H9FO3/c11-7-5-6(1-2-8(7)12)10(3-4-10)9(13)14/h1-2,5,12H,3-4H2,(H,13,14)","MMHDRLXPXHAXLD-UHFFFAOYSA-N"
37693182,"1-(2-Fluoro-5-hydroxyphenyl)cyclopropanecarboxylic acid",196.053574,"C10H9FO3","c1cc(c(cc1O)C2(CC2)C(=O)O)F","InChI=1S/C10H9FO3/c11-8-2-1-6(12)5-7(8)10(3-4-10)9(13)14/h1-2,5,12H,3-4H2,(H,13,14)","RAHUJWIEBJJPBA-UHFFFAOYSA-N"
37773513,"3-(2-Fluoro-3-methylphenyl)-2-oxopropanoic acid",196.053574,"C10H9FO3","Cc1cccc(c1F)CC(=O)C(=O)O","InChI=1S/C10H9FO3/c1-6-3-2-4-7(9(6)11)5-8(12)10(13)14/h2-4H,5H2,1H3,(H,13,14)","RRVLHHRBVGQECN-UHFFFAOYSA-N"
37773514,"3-(2-Fluoro-5-methylphenyl)-2-oxopropanoic acid",196.053574,"C10H9FO3","Cc1ccc(c(c1)CC(=O)C(=O)O)F","InChI=1S/C10H9FO3/c1-6-2-3-8(11)7(4-6)5-9(12)10(13)14/h2-4H,5H2,1H3,(H,13,14)","PQQYBXXNLFHAPA-UHFFFAOYSA-N"
37844251,"(7-Fluoro-2,3-dihydro-1-benzofuran-3-yl)acetic acid",196.053574,"C10H9FO3","c1cc2c(c(c1)F)OCC2CC(=O)O","InChI=1S/C10H9FO3/c11-8-3-1-2-7-6(4-9(12)13)5-14-10(7)8/h1-3,6H,4-5H2,(H,12,13)","MQWODFUFBGBOEK-UHFFFAOYSA-N"
37844252,"(5-Fluoro-2,3-dihydro-1-benzofuran-3-yl)acetic acid",196.053574,"C10H9FO3","c1cc2c(cc1F)C(CO2)CC(=O)O","InChI=1S/C10H9FO3/c11-7-1-2-9-8(4-7)6(5-14-9)3-10(12)13/h1-2,4,6H,3,5H2,(H,12,13)","ZFEDFWPVCOMBKM-UHFFFAOYSA-N"
38236285,"Methyl 4-(fluoroacetyl)benzoate",196.053574,"C10H9FO3","COC(=O)c1ccc(cc1)C(=O)CF","InChI=1S/C10H9FO3/c1-14-10(13)8-4-2-7(3-5-8)9(12)6-11/h2-5H,6H2,1H3","REEXYRYCOINICW-UHFFFAOYSA-N"
38589850,"1-[2-(1H-Pyrazol-1-yl)ethyl]-1H-tetrazole-5-thiol",196.053116,"C6H8N6S","c1cnn(c1)CCn2c(nnn2)S","InChI=1S/C6H8N6S/c13-6-8-9-10-12(6)5-4-11-3-1-2-7-11/h1-3H,4-5H2,(H,8,10,13)","DWOVPLBQSNERIP-UHFFFAOYSA-N"
38936555,"1-(1H-Tetrazol-5-yl)-N-(1,3-thiazol-4-ylmethyl)methanamine",196.053116,"C6H8N6S","c1c(ncs1)CNCc2[nH]nnn2","InChI=1S/C6H8N6S/c1(5-3-13-4-8-5)7-2-6-9-11-12-10-6/h3-4,7H,1-2H2,(H,9,10,11,12)","UXHNPTLEFZBFAB-UHFFFAOYSA-N"
38964956,"1-[(1-Methyl-1H-pyrazol-4-yl)methyl]-1H-tetrazole-5-thiol",196.053116,"C6H8N6S","Cn1cc(cn1)Cn2c(nnn2)S","InChI=1S/C6H8N6S/c1-11-3-5(2-7-11)4-12-6(13)8-9-10-12/h2-3H,4H2,1H3,(H,8,10,13)","DPCNCJCARAGPTB-UHFFFAOYSA-N"
39599296,"4-[(4-Methyl-4H-1,2,4-triazol-3-yl)methyl]-4H-1,2,4-triazole-3-thiol",196.053116,"C6H8N6S","Cn1cnnc1Cn2cnnc2S","InChI=1S/C6H8N6S/c1-11-3-7-9-5(11)2-12-4-8-10-6(12)13/h3-4H,2H2,1H3,(H,10,13)","PAWBSEPLOFVLLT-UHFFFAOYSA-N"
39924655,"5-Hydrazino-4-(1H-pyrazol-1-ylmethyl)-1,2,3-thiadiazole",196.053116,"C6H8N6S","c1cnn(c1)Cc2c(snn2)NN","InChI=1S/C6H8N6S/c7-9-6-5(10-11-13-6)4-12-3-1-2-8-12/h1-3,9H,4,7H2","WQRIHCXMEPZQNN-UHFFFAOYSA-N"
39924671,"5-Hydrazino-4-(1H-imidazol-1-ylmethyl)-1,2,3-thiadiazole",196.053116,"C6H8N6S","c1cn(cn1)Cc2c(snn2)NN","InChI=1S/C6H8N6S/c7-9-6-5(10-11-13-6)3-12-2-1-8-4-12/h1-2,4,9H,3,7H2","DUVNEKIIZVLVFR-UHFFFAOYSA-N"
40247451,"1-Methyl-N-(1,3-thiazol-2-ylmethyl)-1H-tetrazol-5-amine",196.053116,"C6H8N6S","Cn1c(nnn1)NCc2nccs2","InChI=1S/C6H8N6S/c1-12-6(9-10-11-12)8-4-5-7-2-3-13-5/h2-3H,4H2,1H3,(H,8,9,11)","FZMMXYJPCVQLGJ-UHFFFAOYSA-N"
41112291,"N-[(2Z)-2,3-Dichloro-2-propen-1-yl]-N-methyl-1,3-propanediamine",196.053406,"C7H14Cl2N2","CN(CCCN)C/C(=C/Cl)/Cl","InChI=1S/C7H14Cl2N2/c1-11(4-2-3-10)6-7(9)5-8/h5H,2-4,6,10H2,1H3/b7-5-","TUARKEDXDCYOFT-ALCCZGGFSA-N"
41183224,"4-Ethyl-5-(1H-1,2,3-triazol-4-yl)-4H-1,2,4-triazole-3-thiol",196.053116,"C6H8N6S","CCn1c(nnc1S)c2c[nH]nn2","InChI=1S/C6H8N6S/c1-2-12-5(9-10-6(12)13)4-3-7-11-8-4/h3H,2H2,1H3,(H,10,13)(H,7,8,11)","VGHUZAQPSYEKBW-UHFFFAOYSA-N"
41281681,"6-Hydrazino-4-(methylsulfanyl)-1H-pyrazolo[3,4-d]pyrimidine",196.053116,"C6H8N6S","CSc1c2cn[nH]c2nc(n1)NN","InChI=1S/C6H8N6S/c1-13-5-3-2-8-12-4(3)9-6(10-5)11-7/h2H,7H2,1H3,(H2,8,9,10,11,12)","QJUAVTRRPSYPJT-UHFFFAOYSA-N"
41487738,"1-(1-Ethyl-1H-pyrazol-4-yl)-1H-tetrazole-5-thiol",196.053116,"C6H8N6S","CCn1cc(cn1)n2c(nnn2)S","InChI=1S/C6H8N6S/c1-2-11-4-5(3-7-11)12-6(13)8-9-10-12/h3-4H,2H2,1H3,(H,8,10,13)","QBVYGAGNLNWYFN-UHFFFAOYSA-N"
41992687,"3-Oxetanyl 4-fluorobenzoate",196.053574,"C10H9FO3","c1cc(ccc1C(=O)OC2COC2)F","InChI=1S/C10H9FO3/c11-8-3-1-7(2-4-8)10(12)14-9-5-13-6-9/h1-4,9H,5-6H2","YTBRPRIVZQNIOO-UHFFFAOYSA-N"
41992690,"3-Oxetanyl 2-fluorobenzoate",196.053574,"C10H9FO3","c1ccc(c(c1)C(=O)OC2COC2)F","InChI=1S/C10H9FO3/c11-9-4-2-1-3-8(9)10(12)14-7-5-13-6-7/h1-4,7H,5-6H2","ZJXZQBCBJFYLFQ-UHFFFAOYSA-N"
42050552,"(2E)-6,7-Dihydro-1-benzofuran-4(5H)-ylidene(fluoro)acetic acid",196.053574,"C10H9FO3","c1coc2c1/C(=C(\C(=O)O)/F)/CCC2","InChI=1S/C10H9FO3/c11-9(10(12)13)7-2-1-3-8-6(7)4-5-14-8/h4-5H,1-3H2,(H,12,13)/b9-7+","ACNQXQPKAKITGO-VQHVLOKHSA-N"
42476169,"1-(2-Methyl-1,3-thiazol-4-yl)-1-(1H-tetrazol-5-yl)methanamine",196.053116,"C6H8N6S","Cc1nc(cs1)C(c2[nH]nnn2)N","InChI=1S/C6H8N6S/c1-3-8-4(2-13-3)5(7)6-9-11-12-10-6/h2,5H,7H2,1H3,(H,9,10,11,12)","HHGGAAKNYWDLAY-UHFFFAOYSA-N"
42623749,"N-(1,3-Thiazol-5-ylmethyl)-4H-1,2,4-triazole-3,5-diamine",196.053116,"C6H8N6S","c1c(scn1)CNc2[nH]c(nn2)N","InChI=1S/C6H8N6S/c7-5-10-6(12-11-5)9-2-4-1-8-3-13-4/h1,3H,2H2,(H4,7,9,10,11,12)","JWWVVMJZIXYIJY-UHFFFAOYSA-N"
42689145,"(2Z)-3-(3-Fluoro-5-hydroxyphenyl)-2-methylacrylic acid",196.053574,"C10H9FO3","C/C(=C/c1cc(cc(c1)F)O)/C(=O)O","InChI=1S/C10H9FO3/c1-6(10(13)14)2-7-3-8(11)5-9(12)4-7/h2-5,12H,1H3,(H,13,14)/b6-2-","JINYUXIBIJFINH-KXFIGUGUSA-N"
42689147,"Methyl (2E)-3-(3-fluoro-5-hydroxyphenyl)acrylate",196.053574,"C10H9FO3","COC(=O)/C=C/c1cc(cc(c1)F)O","InChI=1S/C10H9FO3/c1-14-10(13)3-2-7-4-8(11)6-9(12)5-7/h2-6,12H,1H3/b3-2+","XPQRSAQMEVGOHW-NSCUHMNNSA-N"
42689157,"3-Fluoro-5-(3-oxopropoxy)benzaldehyde",196.053574,"C10H9FO3","c1c(cc(cc1OCCC=O)F)C=O","InChI=1S/C10H9FO3/c11-9-4-8(7-13)5-10(6-9)14-3-1-2-12/h2,4-7H,1,3H2","BSHAZNBLWAKWKY-UHFFFAOYSA-N"
42689204,"3-Fluoro-5-(2-oxopropoxy)benzaldehyde",196.053574,"C10H9FO3","CC(=O)COc1cc(cc(c1)F)C=O","InChI=1S/C10H9FO3/c1-7(13)6-14-10-3-8(5-12)2-9(11)4-10/h2-5H,6H2,1H3","VBGSQQHVEZDEFK-UHFFFAOYSA-N"
43263680,"1-(1H-Tetrazol-5-yl)-N-(1,3-thiazol-2-ylmethyl)methanamine",196.053116,"C6H8N6S","c1csc(n1)CNCc2[nH]nnn2","InChI=1S/C6H8N6S/c1-2-13-6(8-1)4-7-3-5-9-11-12-10-5/h1-2,7H,3-4H2,(H,9,10,11,12)","NLBCUDAZTUFLSW-UHFFFAOYSA-N"
43280281,"3-(3-Fluoro-4-methylphenyl)-2-oxopropanoic acid",196.053574,"C10H9FO3","Cc1ccc(cc1F)CC(=O)C(=O)O","InChI=1S/C10H9FO3/c1-6-2-3-7(4-8(6)11)5-9(12)10(13)14/h2-4H,5H2,1H3,(H,13,14)","UHHNMSKBPFJPAT-UHFFFAOYSA-N"
43458085,"1-[(1-Methyl-1H-imidazol-2-yl)methyl]-1H-tetrazole-5-thiol",196.053116,"C6H8N6S","Cn1ccnc1Cn2c(nnn2)S","InChI=1S/C6H8N6S/c1-11-3-2-7-5(11)4-12-6(13)8-9-10-12/h2-3H,4H2,1H3,(H,8,10,13)","YGVXPPFLBSYXFM-UHFFFAOYSA-N"
43467845,"1-[(1-Methyl-1H-pyrazol-5-yl)methyl]-1H-tetrazole-5-thiol",196.053116,"C6H8N6S","Cn1c(ccn1)Cn2c(nnn2)S","InChI=1S/C6H8N6S/c1-11-5(2-3-7-11)4-12-6(13)8-9-10-12/h2-3H,4H2,1H3,(H,8,10,13)","LMAWNOPSWLKIFB-UHFFFAOYSA-N"
130973,"3-((2-Chloroethyl)ethylamino)propanenitrile monohydrochloride",196.053406,"C7H14Cl2N2","CCN(CCC#N)CCCl.Cl","InChI=1S/C7H13ClN2.ClH/c1-2-10(7-4-8)6-3-5-9;/h2-4,6-7H2,1H3;1H","ZINJFDKLICITGN-UHFFFAOYSA-N"
