"Identifier","CompoundName","MonoisotopicMass","MolecularFormula","SMILES","InChI","InChIKey"
69917,"4,4'-dinitrooctafluorobiphenyl",387.973022,"C12F8N2O4","c1(c(c(c(c(c1F)F)[N+](=O)[O-])F)F)c2c(c(c(c(c2F)F)[N+](=O)[O-])F)F","InChI=1S/C12F8N2O4/c13-3-1(4(14)8(18)11(7(3)17)21(23)24)2-5(15)9(19)12(22(25)26)10(20)6(2)16","FHSUVJURYZPEIO-UHFFFAOYSA-N"
97674,"13,14-Dihydro[1,3]benzothiazolo[3',2':4,5][1,4]diazepino[7,1-b][1,3]benzothiazol-12-ium bromide",387.970337,"C17H13BrN2S2","c1ccc2c(c1)[n+]3c(s2)C=C4N(CC3)c5ccccc5S4.[Br-]","InChI=1S/C17H13N2S2.BrH/c1-3-7-14-12(5-1)18-9-10-19-13-6-2-4-8-15(13)21-17(19)11-16(18)20-14;/h1-8,11H,9-10H2;1H/q+1;/p-1","GOALYCOKLUSVFO-UHFFFAOYSA-M"
112118,"5-(5-Bromo-2-thienyl)-1-(2-deoxy-D-erythro-pentofuranosyl)-2,4(1H,3H)-pyrimidinedione",387.972839,"C13H13BrN2O5S","c1cc(sc1c2cn(c(=O)[nH]c2=O)C3C[C@@H]([C@H](O3)CO)O)Br","InChI=1S/C13H13BrN2O5S/c14-10-2-1-9(22-10)6-4-16(13(20)15-12(6)19)11-3-7(18)8(5-17)21-11/h1-2,4,7-8,11,17-18H,3,5H2,(H,15,19,20)/t7-,8+,11?/m0/s1","IGUZFFOBAZCVRK-DLLGPJQISA-N"
181808,"(2S,5R,6R)-6-[(5-Bromo-2-furoyl)amino]-3,3-dimethyl-7-oxo-4-thia-1-azabicyclo[3.2.0]heptane-2-carboxylic acid",387.972839,"C13H13BrN2O5S","CC1([C@@H](N2[C@H](S1)[C@@H](C2=O)NC(=O)c3ccc(o3)Br)C(=O)O)C","InChI=1S/C13H13BrN2O5S/c1-13(2)8(12(19)20)16-10(18)7(11(16)22-13)15-9(17)5-3-4-6(14)21-5/h3-4,7-8,11H,1-2H3,(H,15,17)(H,19,20)/t7-,8+,11-/m1/s1","MMXHZLKLPBPXIK-VHSKPIJISA-N"
229383,"(3-{[(4-Aminophenyl)sulfonyl]amino}-4-hydroxyphenyl)arsonic acid",387.971039,"C12H13AsN2O6S","c1cc(ccc1N)S(=O)(=O)Nc2cc(ccc2O)[As](=O)(O)O","InChI=1S/C12H13AsN2O6S/c14-9-2-4-10(5-3-9)22(20,21)15-11-7-8(13(17,18)19)1-6-12(11)16/h1-7,15-16H,14H2,(H2,17,18,19)","RVDJXVKYVYFQKG-UHFFFAOYSA-N"
250052,"1-(2-Chloroethyl)-3-(2,4,7-trichloro-9H-fluoren-9-yl)urea",387.970367,"C16H12Cl4N2O","c1cc-2c(cc1Cl)C(c3c2c(cc(c3)Cl)Cl)NC(=O)NCCCl","InChI=1S/C16H12Cl4N2O/c17-3-4-21-16(23)22-15-11-5-8(18)1-2-10(11)14-12(15)6-9(19)7-13(14)20/h1-2,5-7,15H,3-4H2,(H2,21,22,23)","FPHZBSZTABBMBB-UHFFFAOYSA-N"
392181,"(1S,2R,3R,4R)-2,3-Dihydroxy-4-[(phosphonooxy)methyl]cyclopentyl trihydrogen diphosphate",387.972534,"C6H15O13P3","C1[C@@H]([C@H]([C@H]([C@H]1OP(=O)(O)OP(=O)(O)O)O)O)COP(=O)(O)O","InChI=1S/C6H15O13P3/c7-5-3(2-17-20(9,10)11)1-4(6(5)8)18-22(15,16)19-21(12,13)14/h3-8H,1-2H2,(H,15,16)(H2,9,10,11)(H2,12,13,14)/t3-,4+,5-,6+/m1/s1","OICBXEWBKALHHB-MOJAZDJTSA-N"
394009,"5-(5-Bromo-2-thienyl)-2'-deoxyuridine",387.972839,"C13H13BrN2O5S","c1cc(sc1c2cn(c(=O)[nH]c2=O)[C@H]3C[C@@H]([C@H](O3)CO)O)Br","InChI=1S/C13H13BrN2O5S/c14-10-2-1-9(22-10)6-4-16(13(20)15-12(6)19)11-3-7(18)8(5-17)21-11/h1-2,4,7-8,11,17-18H,3,5H2,(H,15,19,20)/t7-,8+,11+/m0/s1","IGUZFFOBAZCVRK-VAOFZXAKSA-N"
394768,"(1S,2S,3S,4R)-2,3-Dihydroxy-4-[(phosphonooxy)methyl]cyclopentyl trihydrogen diphosphate",387.972534,"C6H15O13P3","C1[C@@H]([C@@H]([C@@H]([C@H]1O[P@@](=O)(O)OP(=O)(O)O)O)O)COP(=O)(O)O","InChI=1S/C6H15O13P3/c7-5-3(2-17-20(9,10)11)1-4(6(5)8)18-22(15,16)19-21(12,13)14/h3-8H,1-2H2,(H,15,16)(H2,9,10,11)(H2,12,13,14)/t3-,4+,5+,6-/m1/s1","OICBXEWBKALHHB-DPYQTVNSSA-N"
395060,"1-O-[(R)-Hydroxy(phosphonomethyl)phosphoryl]-5-O-phosphono-alpha-D-ribofuranose",387.972534,"C6H15O13P3","C([C@@H]1[C@H]([C@H]([C@H](O1)O[P@@](=O)(CP(=O)(O)O)O)O)O)OP(=O)(O)O","InChI=1S/C6H15O13P3/c7-4-3(1-17-22(14,15)16)18-6(5(4)8)19-21(12,13)2-20(9,10)11/h3-8H,1-2H2,(H,12,13)(H2,9,10,11)(H2,14,15,16)/t3-,4-,5-,6-/m1/s1","JFMKBQDEISBIPL-KVTDHHQDSA-N"
449505,"5-(3-Bromo-2-thienyl)-2'-deoxyuridine",387.972839,"C13H13BrN2O5S","c1csc(c1Br)c2cn(c(=O)[nH]c2=O)[C@H]3C[C@@H]([C@H](O3)CO)O","InChI=1S/C13H13BrN2O5S/c14-7-1-2-22-11(7)6-4-16(13(20)15-12(6)19)10-3-8(18)9(5-17)21-10/h1-2,4,8-10,17-18H,3,5H2,(H,15,19,20)/t8-,9+,10+/m0/s1","WTPCEGWZXOSLSS-IVZWLZJFSA-N"
449509,"5-(4-Bromo-3-thienyl)-2'-deoxyuridine",387.972839,"C13H13BrN2O5S","c1c(c(=O)[nH]c(=O)n1[C@H]2C[C@@H]([C@H](O2)CO)O)c3cscc3Br","InChI=1S/C13H13BrN2O5S/c14-8-5-22-4-7(8)6-2-16(13(20)15-12(6)19)11-1-9(18)10(3-17)21-11/h2,4-5,9-11,17-18H,1,3H2,(H,15,19,20)/t9-,10+,11+/m0/s1","BKJOSZFLRXVYPW-HBNTYKKESA-N"
933907,"5-Bromo-N'-[(2-chloro-3-quinolinyl)methylene]nicotinohydrazide",387.972656,"C16H10BrClN4O","c1ccc2c(c1)cc(c(n2)Cl)C=NNC(=O)c3cc(cnc3)Br","InChI=1S/C16H10BrClN4O/c17-13-6-12(7-19-9-13)16(23)22-20-8-11-5-10-3-1-2-4-14(10)21-15(11)18/h1-9H,(H,22,23)","UGQWTMRZFFTAAR-UHFFFAOYSA-N"
1229071,"N-[4-(3-Chloro-2-thienyl)-1,3-thiazol-2-yl]-3-(trifluoromethyl)benzamide",387.971863,"C15H8ClF3N2OS2","c1cc(cc(c1)C(F)(F)F)C(=O)Nc2nc(cs2)c3c(ccs3)Cl","InChI=1S/C15H8ClF3N2OS2/c16-10-4-5-23-12(10)11-7-24-14(20-11)21-13(22)8-2-1-3-9(6-8)15(17,18)19/h1-7H,(H,20,21,22)","VPNWPIXWWDYHHM-UHFFFAOYSA-N"
1275340,"5-Bromo-1-[(4-propoxyphenyl)sulfonyl]-2,4(1H,3H)-pyrimidinedione",387.972839,"C13H13BrN2O5S","CCCOc1ccc(cc1)S(=O)(=O)n2cc(c(=O)[nH]c2=O)Br","InChI=1S/C13H13BrN2O5S/c1-2-7-21-9-3-5-10(6-4-9)22(19,20)16-8-11(14)12(17)15-13(16)18/h3-6,8H,2,7H2,1H3,(H,15,17,18)","KDYGQGXSXKSUEN-UHFFFAOYSA-N"
1539291,"(5E)-2-{[4-Chloro-2-(trifluoromethyl)phenyl]amino}-5-(2-thienylmethylene)-1,3-thiazol-4(5H)-one",387.971863,"C15H8ClF3N2OS2","c1cc(sc1)/C=C/2\C(=O)N=C(S2)Nc3ccc(cc3C(F)(F)F)Cl","InChI=1S/C15H8ClF3N2OS2/c16-8-3-4-11(10(6-8)15(17,18)19)20-14-21-13(22)12(24-14)7-9-2-1-5-23-9/h1-7H,(H,20,21,22)/b12-7+","XAMZRKKJCUBBCM-KPKJPENVSA-N"
1539292,"(5Z)-2-{[4-Chloro-2-(trifluoromethyl)phenyl]amino}-5-(2-thienylmethylene)-1,3-thiazol-4(5H)-one",387.971863,"C15H8ClF3N2OS2","c1cc(sc1)/C=C\2/C(=O)N=C(S2)Nc3ccc(cc3C(F)(F)F)Cl","InChI=1S/C15H8ClF3N2OS2/c16-8-3-4-11(10(6-8)15(17,18)19)20-14-21-13(22)12(24-14)7-9-2-1-5-23-9/h1-7H,(H,20,21,22)/b12-7-","XAMZRKKJCUBBCM-GHXNOFRVSA-N"
1762786,"N-[4-(5-Chloro-2-thienyl)-1,3-thiazol-2-yl]-3-(trifluoromethyl)benzamide",387.971863,"C15H8ClF3N2OS2","c1cc(cc(c1)C(F)(F)F)C(=O)Nc2nc(cs2)c3ccc(s3)Cl","InChI=1S/C15H8ClF3N2OS2/c16-12-5-4-11(24-12)10-7-23-14(20-10)21-13(22)8-2-1-3-9(6-8)15(17,18)19/h1-7H,(H,20,21,22)","WLFKNAZYLNJELB-UHFFFAOYSA-N"
1796620,"N-[4-(5-Chloro-2-thienyl)-1,3-thiazol-2-yl]-2-(trifluoromethyl)benzamide",387.971863,"C15H8ClF3N2OS2","c1ccc(c(c1)C(=O)Nc2nc(cs2)c3ccc(s3)Cl)C(F)(F)F","InChI=1S/C15H8ClF3N2OS2/c16-12-6-5-11(24-12)10-7-23-14(20-10)21-13(22)8-3-1-2-4-9(8)15(17,18)19/h1-7H,(H,20,21,22)","KHPZLUBCXIMPAB-UHFFFAOYSA-N"
1800481,"2-(5-Bromo-2-thienyl)-2-oxoethyl (4,4-dimethyl-2,5-dioxo-1-imidazolidinyl)acetate",387.972839,"C13H13BrN2O5S","CC1(C(=O)N(C(=O)N1)CC(=O)OCC(=O)c2ccc(s2)Br)C","InChI=1S/C13H13BrN2O5S/c1-13(2)11(19)16(12(20)15-13)5-10(18)21-6-7(17)8-3-4-9(14)22-8/h3-4H,5-6H2,1-2H3,(H,15,20)","VRVFCOHEKIODMD-UHFFFAOYSA-N"
1828373,"2-Chloro-5-(methylsulfanyl)-N-(4,5,6-trifluoro-1,3-benzothiazol-2-yl)benzamide",387.971863,"C15H8ClF3N2OS2","CSc1ccc(c(c1)C(=O)Nc2nc3c(s2)cc(c(c3F)F)F)Cl","InChI=1S/C15H8ClF3N2OS2/c1-23-6-2-3-8(16)7(4-6)14(22)21-15-20-13-10(24-15)5-9(17)11(18)12(13)19/h2-5H,1H3,(H,20,21,22)","ZGPUSCNKMXVECY-UHFFFAOYSA-N"
1961220,"Cyanomethyl 4-bromo-3-(4-morpholinylsulfonyl)benzoate",387.972839,"C13H13BrN2O5S","c1cc(c(cc1C(=O)OCC#N)S(=O)(=O)N2CCOCC2)Br","InChI=1S/C13H13BrN2O5S/c14-11-2-1-10(13(17)21-6-3-15)9-12(11)22(18,19)16-4-7-20-8-5-16/h1-2,9H,4-8H2","ZFYLRDQXXAKLBZ-UHFFFAOYSA-N"
2097856,"N'-{[(2,5-Dichlorophenyl)sulfonyl]oxy}-2-(isopropylsulfonyl)ethanimidamide",387.972107,"C11H14Cl2N2O5S2","CC(C)S(=O)(=O)CC(=NOS(=O)(=O)c1cc(ccc1Cl)Cl)N","InChI=1S/C11H14Cl2N2O5S2/c1-7(2)21(16,17)6-11(14)15-20-22(18,19)10-5-8(12)3-4-9(10)13/h3-5,7H,6H2,1-2H3,(H2,14,15)","VXOIYPOMWYKZCK-UHFFFAOYSA-N"
2102313,"4-(3-methylbenzo[b]thiophen-2-yl)-2-(4-pyridyl)-1,3-thiazole hydrobromide",387.970337,"C17H13BrN2S2","Cc1c2ccccc2sc1c3csc(n3)c4ccncc4.Br","InChI=1S/C17H12N2S2.BrH/c1-11-13-4-2-3-5-15(13)21-16(11)14-10-20-17(19-14)12-6-8-18-9-7-12;/h2-10H,1H3;1H","QTICZTFLDIHVMS-UHFFFAOYSA-N"
2119557,"1-(4-Bromophenyl)-3,5-di(2-thienyl)-4,5-dihydro-1H-pyrazole",387.970337,"C17H13BrN2S2","c1cc(sc1)C2CC(=NN2c3ccc(cc3)Br)c4cccs4","InChI=1S/C17H13BrN2S2/c18-12-5-7-13(8-6-12)20-15(17-4-2-10-22-17)11-14(19-20)16-3-1-9-21-16/h1-10,15H,11H2","PPATWOWGMYWYIP-UHFFFAOYSA-N"
2119827,"1-(3-Bromophenyl)-3,5-di(2-thienyl)-4,5-dihydro-1H-pyrazole",387.970337,"C17H13BrN2S2","c1cc(cc(c1)Br)N2C(CC(=N2)c3cccs3)c4cccs4","InChI=1S/C17H13BrN2S2/c18-12-4-1-5-13(10-12)20-15(17-7-3-9-22-17)11-14(19-20)16-6-2-8-21-16/h1-10,15H,11H2","WBKJRLKGUMZVKA-UHFFFAOYSA-N"
2541133,"2,3-Dihydroxy-4-[(phosphonooxy)methyl]cyclopentyl trihydrogen diphosphate",387.972534,"C6H15O13P3","C1C(C(C(C1OP(=O)(O)OP(=O)(O)O)O)O)COP(=O)(O)O","InChI=1S/C6H15O13P3/c7-5-3(2-17-20(9,10)11)1-4(6(5)8)18-22(15,16)19-21(12,13)14/h3-8H,1-2H2,(H,15,16)(H2,9,10,11)(H2,12,13,14)","OICBXEWBKALHHB-UHFFFAOYSA-N"
2566075,"1-O-[Hydroxy(phosphonomethyl)phosphoryl]-5-O-phosphonopentofuranose",387.972534,"C6H15O13P3","C(C1C(C(C(O1)OP(=O)(CP(=O)(O)O)O)O)O)OP(=O)(O)O","InChI=1S/C6H15O13P3/c7-4-3(1-17-22(14,15)16)18-6(5(4)8)19-21(12,13)2-20(9,10)11/h3-8H,1-2H2,(H,12,13)(H2,9,10,11)(H2,14,15,16)","JFMKBQDEISBIPL-UHFFFAOYSA-N"
2678273,"2-Chloro-3-[(2-chlorophenyl)amino]-N-(3,4-dichlorophenyl)-2-butenamide",387.970367,"C16H12Cl4N2O","CC(=C(C(=O)Nc1ccc(c(c1)Cl)Cl)Cl)Nc2ccccc2Cl","InChI=1S/C16H12Cl4N2O/c1-9(21-14-5-3-2-4-12(14)18)15(20)16(23)22-10-6-7-11(17)13(19)8-10/h2-8,21H,1H3,(H,22,23)","ZQPVTMZNEJSNHA-UHFFFAOYSA-N"
2736704,"5-(5-Bromo-2-thienyl)-1-(2-deoxypentofuranosyl)-2,4(1H,3H)-pyrimidinedione",387.972839,"C13H13BrN2O5S","c1cc(sc1c2cn(c(=O)[nH]c2=O)C3CC(C(O3)CO)O)Br","InChI=1S/C13H13BrN2O5S/c14-10-2-1-9(22-10)6-4-16(13(20)15-12(6)19)11-3-7(18)8(5-17)21-11/h1-2,4,7-8,11,17-18H,3,5H2,(H,15,19,20)","IGUZFFOBAZCVRK-UHFFFAOYSA-N"
2781020,"2-{[4-Chloro-3-(trifluoromethyl)phenyl]amino}-5-(2-thienylmethylene)-1,3-thiazol-4(5H)-one",387.971863,"C15H8ClF3N2OS2","c1cc(sc1)C=C2C(=O)N=C(S2)Nc3ccc(c(c3)C(F)(F)F)Cl","InChI=1S/C15H8ClF3N2OS2/c16-11-4-3-8(6-10(11)15(17,18)19)20-14-21-13(22)12(24-14)7-9-2-1-5-23-9/h1-7H,(H,20,21,22)","MAUVZOCFRPVFQW-UHFFFAOYSA-N"
2825811,"N-(2,3-Dichlorophenyl)-3-[(2,3-dichlorophenyl)amino]-2-butenamide",387.970367,"C16H12Cl4N2O","CC(=CC(=O)Nc1cccc(c1Cl)Cl)Nc2cccc(c2Cl)Cl","InChI=1S/C16H12Cl4N2O/c1-9(21-12-6-2-4-10(17)15(12)19)8-14(23)22-13-7-3-5-11(18)16(13)20/h2-8,21H,1H3,(H,22,23)","RJWQEYGATXOJAK-UHFFFAOYSA-N"
2831579,"2-{[4-Chloro-2-(trifluoromethyl)phenyl]amino}-5-(2-thienylmethylene)-1,3-thiazol-4(5H)-one",387.971863,"C15H8ClF3N2OS2","c1cc(sc1)C=C2C(=O)N=C(S2)Nc3ccc(cc3C(F)(F)F)Cl","InChI=1S/C15H8ClF3N2OS2/c16-8-3-4-11(10(6-8)15(17,18)19)20-14-21-13(22)12(24-14)7-9-2-1-5-23-9/h1-7H,(H,20,21,22)","XAMZRKKJCUBBCM-UHFFFAOYSA-N"
2944648,"1-(2-Bromo-4-fluorophenyl)-3-{2-[(2-furylmethyl)sulfanyl]ethyl}thiourea",387.971497,"C14H14BrFN2OS2","c1cc(oc1)CSCCNC(=S)Nc2ccc(cc2Br)F","InChI=1S/C14H14BrFN2OS2/c15-12-8-10(16)3-4-13(12)18-14(20)17-5-7-21-9-11-2-1-6-19-11/h1-4,6,8H,5,7,9H2,(H2,17,18,20)","HJKYBMKTAOFRRH-UHFFFAOYSA-N"
2994584,"2,4-Dichloro-N'-[1-(2,4-dichlorophenyl)propylidene]benzohydrazide",387.970367,"C16H12Cl4N2O","CCC(=NNC(=O)c1ccc(cc1Cl)Cl)c2ccc(cc2Cl)Cl","InChI=1S/C16H12Cl4N2O/c1-2-15(11-5-3-9(17)7-13(11)19)21-22-16(23)12-6-4-10(18)8-14(12)20/h3-8H,2H2,1H3,(H,22,23)","SQGRCGOQUBKTQR-UHFFFAOYSA-N"
3026905,"N-(2-Bromo-4-methylphenyl)-4H-thiochromeno[4,3-d][1,3]thiazol-2-amine",387.970337,"C17H13BrN2S2","Cc1ccc(c(c1)Br)Nc2nc-3c(s2)CSc4c3cccc4","InChI=1S/C17H13BrN2S2/c1-10-6-7-13(12(18)8-10)19-17-20-16-11-4-2-3-5-14(11)21-9-15(16)22-17/h2-8H,9H2,1H3,(H,19,20)","PVRNERSPWYQOMR-UHFFFAOYSA-N"
3133202,"4-Amino-3,5,6-trichloro-N'-[4-(methylsulfanyl)benzylidene]-2-pyridinecarbohydrazide",387.971924,"C14H11Cl3N4OS","CSc1ccc(cc1)C=NNC(=O)c2c(c(c(c(n2)Cl)Cl)N)Cl","InChI=1S/C14H11Cl3N4OS/c1-23-8-4-2-7(3-5-8)6-19-21-14(22)12-9(15)11(18)10(16)13(17)20-12/h2-6H,1H3,(H2,18,20)(H,21,22)","JQOFSUVXXSPMAF-UHFFFAOYSA-N"
3298088,"3,4-Dichloro-N'-[1-(2,4-dichlorophenyl)propylidene]benzohydrazide",387.970367,"C16H12Cl4N2O","CCC(=NNC(=O)c1ccc(c(c1)Cl)Cl)c2ccc(cc2Cl)Cl","InChI=1S/C16H12Cl4N2O/c1-2-15(11-5-4-10(17)8-13(11)19)21-22-16(23)9-3-6-12(18)14(20)7-9/h3-8H,2H2,1H3,(H,22,23)","JHELBKXWNBFFRN-UHFFFAOYSA-N"
3642627,"2-[(5-Chloro-1,3-benzothiazol-2-yl)sulfanyl]-N-(2,3,4-trifluorophenyl)acetamide",387.971863,"C15H8ClF3N2OS2","c1cc2c(cc1Cl)nc(s2)SCC(=O)Nc3ccc(c(c3F)F)F","InChI=1S/C15H8ClF3N2OS2/c16-7-1-4-11-10(5-7)21-15(24-11)23-6-12(22)20-9-3-2-8(17)13(18)14(9)19/h1-5H,6H2,(H,20,22)","ZRIYCVSJFGOVIW-UHFFFAOYSA-N"
3872838,"Bis(2,2,2-trinitroethyl) carbonate",387.97345,"C5H4N6O15","C(C([N+](=O)[O-])([N+](=O)[O-])[N+](=O)[O-])OC(=O)OCC([N+](=O)[O-])([N+](=O)[O-])[N+](=O)[O-]","InChI=1S/C5H4N6O15/c12-3(25-1-4(6(13)14,7(15)16)8(17)18)26-2-5(9(19)20,10(21)22)11(23)24/h1-2H2","VPTUVPKWWSNHKX-UHFFFAOYSA-N"
3879077,"2,2',3,3',4,4',6,6'-Octafluoro-5,5'-dinitrobiphenyl",387.973022,"C12F8N2O4","c1(c(c(c(c(c1F)F)F)[N+](=O)[O-])F)c2c(c(c(c(c2F)F)F)[N+](=O)[O-])F","InChI=1S/C12F8N2O4/c13-3-1(5(15)11(21(23)24)9(19)7(3)17)2-4(14)8(18)10(20)12(6(2)16)22(25)26","QYOXEMHVENMHHE-UHFFFAOYSA-N"
3948405,"2-{[2-Chloro-5-(trifluoromethyl)phenyl]amino}-5-(2-thienylmethylene)-1,3-thiazol-4(5H)-one",387.971863,"C15H8ClF3N2OS2","c1cc(sc1)C=C2C(=O)N=C(S2)Nc3cc(ccc3Cl)C(F)(F)F","InChI=1S/C15H8ClF3N2OS2/c16-10-4-3-8(15(17,18)19)6-11(10)20-14-21-13(22)12(24-14)7-9-2-1-5-23-9/h1-7H,(H,20,21,22)","OKCNBHBPDVWSNH-UHFFFAOYSA-N"
3949675,"3-[4-Chloro-3-(trifluoromethyl)phenyl]-5-(1H-pyrrol-2-ylmethylene)-2-thioxo-1,3-thiazolidin-4-one",387.971863,"C15H8ClF3N2OS2","c1cc([nH]c1)C=C2C(=O)N(C(=S)S2)c3ccc(c(c3)C(F)(F)F)Cl","InChI=1S/C15H8ClF3N2OS2/c16-11-4-3-9(7-10(11)15(17,18)19)21-13(22)12(24-14(21)23)6-8-2-1-5-20-8/h1-7,20H","RCFTUIDJNXBWHZ-UHFFFAOYSA-N"
4271427,"2-{[5-(5-Chloro-2-thienyl)-1,3,4-oxadiazol-2-yl]sulfonyl}-N-(5-methyl-1,2-oxazol-3-yl)acetamide",387.970276,"C12H9ClN4O5S2","Cc1cc(no1)NC(=O)CS(=O)(=O)c2nnc(o2)c3ccc(s3)Cl","InChI=1S/C12H9ClN4O5S2/c1-6-4-9(17-22-6)14-10(18)5-24(19,20)12-16-15-11(21-12)7-2-3-8(13)23-7/h2-4H,5H2,1H3,(H,14,17,18)","KCQRTGKTZHXGAA-UHFFFAOYSA-N"
4509863,"2-Bromo-4-fluorophenyl (2E)-3-[3-(trifluoromethyl)phenyl]acrylate",387.972198,"C16H9BrF4O2","c1cc(cc(c1)C(F)(F)F)/C=C/C(=O)Oc2ccc(cc2Br)F","InChI=1S/C16H9BrF4O2/c17-13-9-12(18)5-6-14(13)23-15(22)7-4-10-2-1-3-11(8-10)16(19,20)21/h1-9H/b7-4+","CEUFNHWVEQWLNR-QPJJXVBHSA-N"
4521479,"4-{(2E)-2-[4-(4-Hydroxyphenyl)-1,3-dithiol-2-ylidene]-1,3-dithiol-4-yl}phenol",387.972015,"C18H12O2S4","c1cc(ccc1C2=CS/C(=C\3/SC=C(S3)c4ccc(cc4)O)/S2)O","InChI=1S/C18H12O2S4/c19-13-5-1-11(2-6-13)15-9-21-17(23-15)18-22-10-16(24-18)12-3-7-14(20)8-4-12/h1-10,19-20H/b18-17+","KHYUDYISCZJZOR-ISLYRVAYSA-N"
4563357,"5-Bromo-N'-[(Z)-(2-chloro-3-quinolinyl)methylene]nicotinohydrazide",387.972656,"C16H10BrClN4O","c1ccc2c(c1)cc(c(n2)Cl)/C=N\NC(=O)c3cc(cnc3)Br","InChI=1S/C16H10BrClN4O/c17-13-6-12(7-19-9-13)16(23)22-20-8-11-5-10-3-1-2-4-14(10)21-15(11)18/h1-9H,(H,22,23)/b20-8-","UGQWTMRZFFTAAR-ZBKNUEDVSA-N"
4582283,"(3Z)-5-Iodo-3-(3-oxo-1,3-dihydro-2H-indol-2-ylidene)-1,3-dihydro-2H-indol-2-one",387.970856,"C16H9IN2O2","c1ccc2c(c1)C(=O)/C(=C/3\c4cc(ccc4NC3=O)I)/N2","InChI=1S/C16H9IN2O2/c17-8-5-6-12-10(7-8)13(16(21)19-12)14-15(20)9-3-1-2-4-11(9)18-14/h1-7,18H,(H,19,21)/b14-13-","GTQDKQRZKDDFGV-YPKPFQOOSA-N"
4713739,"(2Z)-2-Chloro-3-[(2-chlorophenyl)amino]-N-(3,4-dichlorophenyl)-2-butenamide",387.970367,"C16H12Cl4N2O","C/C(=C(\C(=O)Nc1ccc(c(c1)Cl)Cl)/Cl)/Nc2ccccc2Cl","InChI=1S/C16H12Cl4N2O/c1-9(21-14-5-3-2-4-12(14)18)15(20)16(23)22-10-6-7-11(17)13(19)8-10/h2-8,21H,1H3,(H,22,23)/b15-9-","ZQPVTMZNEJSNHA-DHDCSXOGSA-N"
4724308,"(5Z)-2-{[4-Chloro-3-(trifluoromethyl)phenyl]amino}-5-(2-thienylmethylene)-1,3-thiazol-4(5H)-one",387.971863,"C15H8ClF3N2OS2","c1cc(sc1)/C=C\2/C(=O)N=C(S2)Nc3ccc(c(c3)C(F)(F)F)Cl","InChI=1S/C15H8ClF3N2OS2/c16-11-4-3-8(6-10(11)15(17,18)19)20-14-21-13(22)12(24-14)7-9-2-1-5-23-9/h1-7H,(H,20,21,22)/b12-7-","MAUVZOCFRPVFQW-GHXNOFRVSA-N"
4728707,"(2E)-N-(2,3-Dichlorophenyl)-3-[(2,3-dichlorophenyl)amino]-2-butenamide",387.970367,"C16H12Cl4N2O","C/C(=C\C(=O)Nc1cccc(c1Cl)Cl)/Nc2cccc(c2Cl)Cl","InChI=1S/C16H12Cl4N2O/c1-9(21-12-6-2-4-10(17)15(12)19)8-14(23)22-13-7-3-5-11(18)16(13)20/h2-8,21H,1H3,(H,22,23)/b9-8+","RJWQEYGATXOJAK-CMDGGOBGSA-N"
4746839,"2,4-Dichloro-N'-[(1Z)-1-(2,4-dichlorophenyl)propylidene]benzohydrazide",387.970367,"C16H12Cl4N2O","CC/C(=N/NC(=O)c1ccc(cc1Cl)Cl)/c2ccc(cc2Cl)Cl","InChI=1S/C16H12Cl4N2O/c1-2-15(11-5-3-9(17)7-13(11)19)21-22-16(23)12-6-4-10(18)8-14(12)20/h3-8H,2H2,1H3,(H,22,23)/b21-15-","SQGRCGOQUBKTQR-QNGOZBTKSA-N"
4843218,"(5Z)-3-[4-Chloro-3-(trifluoromethyl)phenyl]-5-(1H-pyrrol-2-ylmethylene)-2-thioxo-1,3-thiazolidin-4-one",387.971863,"C15H8ClF3N2OS2","c1cc([nH]c1)/C=C\2/C(=O)N(C(=S)S2)c3ccc(c(c3)C(F)(F)F)Cl","InChI=1S/C15H8ClF3N2OS2/c16-11-4-3-9(7-10(11)15(17,18)19)21-13(22)12(24-14(21)23)6-8-2-1-5-20-8/h1-7,20H/b12-6-","RCFTUIDJNXBWHZ-SDQBBNPISA-N"
5021293,"(3Z)-6-Iodo-3-(3-oxo-1,3-dihydro-2H-indol-2-ylidene)-1,3-dihydro-2H-indol-2-one",387.970856,"C16H9IN2O2","c1ccc2c(c1)C(=O)/C(=C/3\c4ccc(cc4NC3=O)I)/N2","InChI=1S/C16H9IN2O2/c17-8-5-6-9-12(7-8)19-16(21)13(9)14-15(20)10-3-1-2-4-11(10)18-14/h1-7,18H,(H,19,21)/b14-13-","JTHVTIHMUMQVAF-YPKPFQOOSA-N"
5144894,"5-Iodo-3-(3-oxo-1,3-dihydro-2H-indol-2-ylidene)-1,3-dihydro-2H-indol-2-one",387.970856,"C16H9IN2O2","c1ccc2c(c1)C(=O)C(=C3c4cc(ccc4NC3=O)I)N2","InChI=1S/C16H9IN2O2/c17-8-5-6-12-10(7-8)13(16(21)19-12)14-15(20)9-3-1-2-4-11(9)18-14/h1-7,18H,(H,19,21)","GTQDKQRZKDDFGV-UHFFFAOYSA-N"
5401453,"2-Chloro-5-{[4-(methylsulfonyl)phenyl]sulfamoyl}benzoate",387.972168,"C14H11ClNO6S2","O=C([O-])c1cc(ccc1Cl)S(=O)(=O)Nc2ccc(cc2)S(=O)(=O)C","InChI=1S/C14H12ClNO6S2/c1-23(19,20)10-4-2-9(3-5-10)16-24(21,22)11-6-7-13(15)12(8-11)14(17)18/h2-8,16H,1H3,(H,17,18)/p-1","VRIDRQSDTJPSGO-UHFFFAOYSA-M"
5622473,"(5S)-1-(3-Bromophenyl)-3,5-di(2-thienyl)-4,5-dihydro-1H-pyrazole",387.970337,"C17H13BrN2S2","Brc4cccc(N2/N=C(/c1sccc1)C[C@H]2c3sccc3)c4","InChI=1S/C17H13BrN2S2/c18-12-4-1-5-13(10-12)20-15(17-7-3-9-22-17)11-14(19-20)16-6-2-8-21-16/h1-10,15H,11H2/t15-/m0/s1","WBKJRLKGUMZVKA-HNNXBMFYSA-N"
5622474,"(5R)-1-(3-Bromophenyl)-3,5-di(2-thienyl)-4,5-dihydro-1H-pyrazole",387.970337,"C17H13BrN2S2","Brc4cccc(N2/N=C(/c1sccc1)C[C@@H]2c3sccc3)c4","InChI=1S/C17H13BrN2S2/c18-12-4-1-5-13(10-12)20-15(17-7-3-9-22-17)11-14(19-20)16-6-2-8-21-16/h1-10,15H,11H2/t15-/m1/s1","WBKJRLKGUMZVKA-OAHLLOKOSA-N"
5657701,"(5S)-1-(4-Bromophenyl)-3,5-di(2-thienyl)-4,5-dihydro-1H-pyrazole",387.970337,"C17H13BrN2S2","Brc4ccc(N2/N=C(/c1sccc1)C[C@H]2c3sccc3)cc4","InChI=1S/C17H13BrN2S2/c18-12-5-7-13(8-6-12)20-15(17-4-2-10-22-17)11-14(19-20)16-3-1-9-21-16/h1-10,15H,11H2/t15-/m0/s1","PPATWOWGMYWYIP-HNNXBMFYSA-N"
5657702,"(5R)-1-(4-Bromophenyl)-3,5-di(2-thienyl)-4,5-dihydro-1H-pyrazole",387.970337,"C17H13BrN2S2","Brc4ccc(N2/N=C(/c1sccc1)C[C@@H]2c3sccc3)cc4","InChI=1S/C17H13BrN2S2/c18-12-5-7-13(8-6-12)20-15(17-4-2-10-22-17)11-14(19-20)16-3-1-9-21-16/h1-10,15H,11H2/t15-/m1/s1","PPATWOWGMYWYIP-OAHLLOKOSA-N"
5794402,"4-Bromophenyl 1,3,6-trimethyl-2,4-dioxo-1,2,3,4-tetrahydro-5-pyrimidinesulfonate",387.972839,"C13H13BrN2O5S","O=C1N(/C(=C(\C(=O)N1C)S(=O)(=O)Oc2ccc(Br)cc2)C)C","InChI=1S/C13H13BrN2O5S/c1-8-11(12(17)16(3)13(18)15(8)2)22(19,20)21-10-6-4-9(14)5-7-10/h4-7H,1-3H3","PSFWVYONVUSBIZ-UHFFFAOYSA-N"
5794425,"3-Bromophenyl 1,3,6-trimethyl-2,4-dioxo-1,2,3,4-tetrahydro-5-pyrimidinesulfonate",387.972839,"C13H13BrN2O5S","O=C1N(/C(=C(\C(=O)N1C)S(=O)(=O)Oc2cccc(Br)c2)C)C","InChI=1S/C13H13BrN2O5S/c1-8-11(12(17)16(3)13(18)15(8)2)22(19,20)21-10-6-4-5-9(14)7-10/h4-7H,1-3H3","DNSYLVOHLIJOCK-UHFFFAOYSA-N"
5972857,"(5E)-2-{[4-Chloro-3-(trifluoromethyl)phenyl]amino}-5-(2-thienylmethylene)-1,3-thiazol-4(5H)-one",387.971863,"C15H8ClF3N2OS2","FC(F)(F)c1cc(ccc1Cl)NC\2=N\C(=O)C(\S/2)=C/c3sccc3","InChI=1S/C15H8ClF3N2OS2/c16-11-4-3-8(6-10(11)15(17,18)19)20-14-21-13(22)12(24-14)7-9-2-1-5-23-9/h1-7H,(H,20,21,22)/b12-7+","MAUVZOCFRPVFQW-KPKJPENVSA-N"
5972858,"(5E)-2-{[2-Chloro-5-(trifluoromethyl)phenyl]amino}-5-(2-thienylmethylene)-1,3-thiazol-4(5H)-one",387.971863,"C15H8ClF3N2OS2","FC(F)(F)c1cc(c(Cl)cc1)NC\2=N\C(=O)C(\S/2)=C/c3sccc3","InChI=1S/C15H8ClF3N2OS2/c16-10-4-3-8(15(17,18)19)6-11(10)20-14-21-13(22)12(24-14)7-9-2-1-5-23-9/h1-7H,(H,20,21,22)/b12-7+","OKCNBHBPDVWSNH-KPKJPENVSA-N"
6112948,"Cyanomethyl 2-bromo-5-(4-morpholinylsulfonyl)benzoate",387.972839,"C13H13BrN2O5S","O=S(=O)(N1CCOCC1)c2cc(C(=O)OCC#N)c(Br)cc2","InChI=1S/C13H13BrN2O5S/c14-12-2-1-10(9-11(12)13(17)21-6-3-15)22(18,19)16-4-7-20-8-5-16/h1-2,9H,4-8H2","RSIAIIQGDIOBTB-UHFFFAOYSA-N"
6490970,"Methyl 5-bromo-2-{[(3,5-dimethyl-1,2-oxazol-4-yl)sulfonyl]amino}benzoate",387.972839,"C13H13BrN2O5S","O=S(=O)(c1c(onc1C)C)Nc2ccc(Br)cc2C(=O)OC","InChI=1S/C13H13BrN2O5S/c1-7-12(8(2)21-15-7)22(18,19)16-11-5-4-9(14)6-10(11)13(17)20-3/h4-6,16H,1-3H3","XMBAFTRCXKQJMY-UHFFFAOYSA-N"
6670621,"Methyl (2S)-4-(4-bromo-3-nitrobenzoyl)-2-thiomorpholinecarboxylate",387.972839,"C13H13BrN2O5S","O=C(N1C[C@H](SCC1)C(=O)OC)c2ccc(Br)c([N+]([O-])=O)c2","InChI=1S/C13H13BrN2O5S/c1-21-13(18)11-7-15(4-5-22-11)12(17)8-2-3-9(14)10(6-8)16(19)20/h2-3,6,11H,4-5,7H2,1H3/t11-/m0/s1","URUOCERKUXNIJO-NSHDSACASA-N"
6670627,"Methyl (2R)-4-(4-bromo-3-nitrobenzoyl)-2-thiomorpholinecarboxylate",387.972839,"C13H13BrN2O5S","O=C(N1C[C@@H](SCC1)C(=O)OC)c2ccc(Br)c([N+]([O-])=O)c2","InChI=1S/C13H13BrN2O5S/c1-21-13(18)11-7-15(4-5-22-11)12(17)8-2-3-9(14)10(6-8)16(19)20/h2-3,6,11H,4-5,7H2,1H3/t11-/m1/s1","URUOCERKUXNIJO-LLVKDONJSA-N"
6715194,"(3S)-N'-[(Z)-(7-Bromo-1,3-benzodioxol-5-yl)methylene]tetrahydro-3-thiophenecarbohydrazide 1,1-dioxide",387.972839,"C13H13BrN2O5S","O=C(N/N=C\c2cc1OCOc1c(Br)c2)[C@@H]3CCS(=O)(=O)C3","InChI=1S/C13H13BrN2O5S/c14-10-3-8(4-11-12(10)21-7-20-11)5-15-16-13(17)9-1-2-22(18,19)6-9/h3-5,9H,1-2,6-7H2,(H,16,17)/b15-5-/t9-/m1/s1","SFTMHAMIPHDMGB-JRJICXHWSA-N"
6715195,"(3R)-N'-[(Z)-(7-Bromo-1,3-benzodioxol-5-yl)methylene]tetrahydro-3-thiophenecarbohydrazide 1,1-dioxide",387.972839,"C13H13BrN2O5S","O=C(N/N=C\c2cc1OCOc1c(Br)c2)[C@@H]3CS(=O)(=O)CC3","InChI=1S/C13H13BrN2O5S/c14-10-3-8(4-11-12(10)21-7-20-11)5-15-16-13(17)9-1-2-22(18,19)6-9/h3-5,9H,1-2,6-7H2,(H,16,17)/b15-5-/t9-/m0/s1","SFTMHAMIPHDMGB-DSGHGPTJSA-N"
6715214,"(3S)-N'-[(Z)-(6-Bromo-1,3-benzodioxol-5-yl)methylene]tetrahydro-3-thiophenecarbohydrazide 1,1-dioxide",387.972839,"C13H13BrN2O5S","O=C(N/N=C\c2cc1OCOc1cc2Br)[C@H]3CS(=O)(=O)CC3","InChI=1S/C13H13BrN2O5S/c14-10-4-12-11(20-7-21-12)3-9(10)5-15-16-13(17)8-1-2-22(18,19)6-8/h3-5,8H,1-2,6-7H2,(H,16,17)/b15-5-/t8-/m1/s1","BXNQNSFZPAYVFY-IUNNTMLISA-N"
6715215,"(3R)-N'-[(Z)-(6-Bromo-1,3-benzodioxol-5-yl)methylene]tetrahydro-3-thiophenecarbohydrazide 1,1-dioxide",387.972839,"C13H13BrN2O5S","O=C(N/N=C\c2cc1OCOc1cc2Br)[C@H]3CCS(=O)(=O)C3","InChI=1S/C13H13BrN2O5S/c14-10-4-12-11(20-7-21-12)3-9(10)5-15-16-13(17)8-1-2-22(18,19)6-8/h3-5,8H,1-2,6-7H2,(H,16,17)/b15-5-/t8-/m0/s1","BXNQNSFZPAYVFY-DWXJKQSDSA-N"
6726308,"2-Oxo-2-(2-propyn-1-ylamino)ethyl 2-bromo-5-(methylsulfamoyl)benzoate",387.972839,"C13H13BrN2O5S","O=C(OCC(=O)NCC#C)c1cc(ccc1Br)S(=O)(=O)NC","InChI=1S/C13H13BrN2O5S/c1-3-6-16-12(17)8-21-13(18)10-7-9(4-5-11(10)14)22(19,20)15-2/h1,4-5,7,15H,6,8H2,2H3,(H,16,17)","MMFDXZWKTDFOEK-UHFFFAOYSA-N"
6746920,"2-(5-Bromo-2-thienyl)-2-oxoethyl 4-(2,5-dioxo-1-imidazolidinyl)butanoate",387.972839,"C13H13BrN2O5S","O=C(c1sc(Br)cc1)COC(=O)CCCN2C(=O)CNC2=O","InChI=1S/C13H13BrN2O5S/c14-10-4-3-9(22-10)8(17)7-21-12(19)2-1-5-16-11(18)6-15-13(16)20/h3-4H,1-2,5-7H2,(H,15,20)","LJBNEVSKRNRLGV-UHFFFAOYSA-N"
6911741,"N'-[(3-Bromo-4-methoxyphenyl)sulfonyl]-2-methyl-3-furohydrazide",387.972839,"C13H13BrN2O5S","O=C(NNS(=O)(=O)c1ccc(OC)c(Br)c1)c2c(occ2)C","InChI=1S/C13H13BrN2O5S/c1-8-10(5-6-21-8)13(17)15-16-22(18,19)9-3-4-12(20-2)11(14)7-9/h3-7,16H,1-2H3,(H,15,17)","HHXKKZCRRREQJN-UHFFFAOYSA-N"
6911784,"N'-[(5-Bromo-2-methoxyphenyl)sulfonyl]-2-methyl-3-furohydrazide",387.972839,"C13H13BrN2O5S","O=C(NNS(=O)(=O)c1cc(Br)ccc1OC)c2c(occ2)C","InChI=1S/C13H13BrN2O5S/c1-8-10(5-6-21-8)13(17)15-16-22(18,19)12-7-9(14)3-4-11(12)20-2/h3-7,16H,1-2H3,(H,15,17)","DPZMHEQENYZIEZ-UHFFFAOYSA-N"
6912757,"N'-[(5-Bromo-2-ethoxyphenyl)sulfonyl]-2-furohydrazide",387.972839,"C13H13BrN2O5S","O=C(NNS(=O)(=O)c1cc(Br)ccc1OCC)c2occc2","InChI=1S/C13H13BrN2O5S/c1-2-20-10-6-5-9(14)8-12(10)22(18,19)16-15-13(17)11-4-3-7-21-11/h3-8,16H,2H2,1H3,(H,15,17)","VRTFCXVQEXRCKG-UHFFFAOYSA-N"
7180091,"2-Oxo-2-(2-propyn-1-ylamino)ethyl N-[(3-bromophenyl)sulfonyl]glycinate",387.972839,"C13H13BrN2O5S","O=S(=O)(c1cc(Br)ccc1)NCC(=O)OCC(=O)NCC#C","InChI=1S/C13H13BrN2O5S/c1-2-6-15-12(17)9-21-13(18)8-16-22(19,20)11-5-3-4-10(14)7-11/h1,3-5,7,16H,6,8-9H2,(H,15,17)","KLEPAFDVAXJYOP-UHFFFAOYSA-N"
7460097,"1-(2-{[(5-Bromo-2-thienyl)methyl]sulfanyl}ethyl)-3-(4-fluorophenyl)urea",387.971497,"C14H14BrFN2OS2","Brc1sc(cc1)CSCCNC(=O)Nc2ccc(F)cc2","InChI=1S/C14H14BrFN2OS2/c15-13-6-5-12(21-13)9-20-8-7-17-14(19)18-11-3-1-10(16)2-4-11/h1-6H,7-9H2,(H2,17,18,19)","NUODSNGNXCPJBO-UHFFFAOYSA-N"
7908654,"2,4-Dichloro-N'-[(1E)-1-(2,4-dichlorophenyl)propylidene]benzohydrazide",387.970367,"C16H12Cl4N2O","O=C(c1ccc(Cl)cc1Cl)N/N=C(/c2ccc(Cl)cc2Cl)CC","InChI=1S/C16H12Cl4N2O/c1-2-15(11-5-3-9(17)7-13(11)19)21-22-16(23)12-6-4-10(18)8-14(12)20/h3-8H,2H2,1H3,(H,22,23)/b21-15+","SQGRCGOQUBKTQR-RCCKNPSSSA-N"
7919371,"3,4-Dichloro-N'-[(1E)-1-(2,4-dichlorophenyl)propylidene]benzohydrazide",387.970367,"C16H12Cl4N2O","Clc2ccc(C(=O)N/N=C(/c1ccc(Cl)cc1Cl)CC)cc2Cl","InChI=1S/C16H12Cl4N2O/c1-2-15(11-5-4-10(17)8-13(11)19)21-22-16(23)9-3-6-12(18)14(20)7-9/h3-8H,2H2,1H3,(H,22,23)/b21-15+","JHELBKXWNBFFRN-RCCKNPSSSA-N"
8175934,"5a,7a,13a,13b-Tetrahydrothiochromeno[2',3':5,6][1,2]dithiino[4,3-b]thiochromene-5,8-dione",387.972015,"C18H12O2S4","O=C4c5ccccc5SC2C4SSC1C(=O)c3c(SC12)cccc3","InChI=1S/C18H12O2S4/c19-13-9-5-1-3-7-11(9)21-17-15(13)23-24-16-14(20)10-6-2-4-8-12(10)22-18(16)17/h1-8,15-18H","PRYAYFJZZMPJPI-UHFFFAOYSA-N"
8310413,"5-Amino-1-[2,6-dichloro-4-(trifluoromethyl)phenyl]-3-(trifluoromethyl)-1H-pyrazole-4-carbonitrile",387.97171,"C12H4Cl2F6N4","FC(F)(F)c2cc(Cl)c(n1nc(c(C#N)c1N)C(F)(F)F)c(Cl)c2","InChI=1S/C12H4Cl2F6N4/c13-6-1-4(11(15,16)17)2-7(14)8(6)24-10(22)5(3-21)9(23-24)12(18,19)20/h1-2H,22H2","ZUSSXGHWQGZELT-UHFFFAOYSA-N"
8425210,"5-Bromo-3-(4-morpholinylsulfonyl)-1H-indole-2-carboxylic acid",387.972839,"C13H13BrN2O5S","O=S(=O)(N1CCOCC1)c3c2cc(Br)ccc2nc3C(=O)O","InChI=1S/C13H13BrN2O5S/c14-8-1-2-10-9(7-8)12(11(15-10)13(17)18)22(19,20)16-3-5-21-6-4-16/h1-2,7,15H,3-6H2,(H,17,18)","BPGZDJWEJKLGMT-UHFFFAOYSA-N"
8583368,"(1R,2R,3S,4R)-3-Hydroxy-1,2,4-cyclohexanetriyl tris[dihydrogen (phosphate)]",387.972534,"C6H15O13P3","O=P(O)(O)O[C@@H]1CC[C@@H](OP(=O)(O)O)[C@H](O)[C@H]1OP(=O)(O)O","InChI=1S/C6H15O13P3/c7-5-3(17-20(8,9)10)1-2-4(18-21(11,12)13)6(5)19-22(14,15)16/h3-7H,1-2H2,(H2,8,9,10)(H2,11,12,13)(H2,14,15,16)/t3-,4-,5+,6+/m1/s1","GCQVSVDNSSJLME-ZXXMMSQZSA-N"
8583432,"(E)-Amino[(2,6-dichlorophenyl)hydrazono]-N,N,N-trimethylmethanaminium iodide",387.971832,"C10H15Cl2IN4","[I-].Clc1cccc(Cl)c1N\N=C(/N)[N+](C)(C)C","InChI=1S/C10H15Cl2N4.HI/c1-16(2,3)10(13)15-14-9-7(11)5-4-6-8(9)12;/h4-6,14H,1-3H3,(H2,13,15);1H/q+1;/p-1","ODBCYTUDHJQERG-UHFFFAOYSA-M"
8733550,"[(1R,2R,4R,5S)-4-hydroxy-2,5-diphosphonooxy-cyclohexyl] dihydrogen phosphate",387.972534,"C6H15O13P3","O=P(O[C@@H]1C[C@H](OP(=O)(O)O)[C@H](O)C[C@H]1OP(=O)(O)O)(O)O","InChI=1S/C6H15O13P3/c7-3-1-5(18-21(11,12)13)6(19-22(14,15)16)2-4(3)17-20(8,9)10/h3-7H,1-2H2,(H2,8,9,10)(H2,11,12,13)(H2,14,15,16)/t3-,4+,5-,6-/m1/s1","OMLZLRINQXMXBW-JGWLITMVSA-N"
8771787,"2,3,4,5,6-Pentafluoro-N-[(2E)-3-methyl-5-sulfamoyl-1,3,4-thiadiazol-2(3H)-ylidene]benzamide",387.972321,"C10H5F5N4O3S2","CN1/C(=N\C(=O)C2=C(C(=C(C(=C2F)F)F)F)F)/SC(=N1)S(=O)(=O)N","InChI=1S/C10H5F5N4O3S2/c1-19-9(23-10(18-19)24(16,21)22)17-8(20)2-3(11)5(13)7(15)6(14)4(2)12/h1H3,(H2,16,21,22)/b17-9+","XEEATOCFEUTHHG-RQZCQDPDSA-N"
8851612,"Decyl(iodo)-lambda~2~-stannane",387.970978,"C10H21ISn","I[Sn]CCCCCCCCCC","InChI=1S/C10H21.HI.Sn/c1-3-5-7-9-10-8-6-4-2;;/h1,3-10H2,2H3;1H;/q;;+1/p-1","OODJVORPMNMVSN-UHFFFAOYSA-M"
9276280,"Dibenzyl phosphoriodidate",387.972504,"C14H14IO3P","IP(=O)(OCc1ccccc1)OCc2ccccc2","InChI=1S/C14H14IO3P/c15-19(16,17-11-13-7-3-1-4-8-13)18-12-14-9-5-2-6-10-14/h1-10H,11-12H2","UWWGQJSXOZIDFJ-UHFFFAOYSA-N"
9409655,"4-[(2-Fluoro-4-iodophenyl)amino]-1-methyl-6-oxo-1,6-dihydro-3-pyridinecarboxylic acid",387.972015,"C13H10FIN2O3","CN1C=C(C(=CC1=O)NC2=C(C=C(C=C2)I)F)C(=O)O","InChI=1S/C13H10FIN2O3/c1-17-6-8(13(19)20)11(5-12(17)18)16-10-3-2-7(15)4-9(10)14/h2-6,16H,1H3,(H,19,20)","DSKCFNMBWKCOQW-UHFFFAOYSA-N"
9570002,"[(2S,3S,4S,5R)-3,4-dihydroxy-5-(phosphonooxymethyl)tetrahydrofuran-2-yl]methyl-phosphonooxy-phosphinic acid",387.972534,"C6H15O13P3","O=P(OC[C@H]1O[C@@H]([C@@H](O)[C@@H]1O)CP(=O)(O)OP(=O)(O)O)(O)O","InChI=1S/C6H15O13P3/c7-5-3(1-17-21(11,12)13)18-4(6(5)8)2-20(9,10)19-22(14,15)16/h3-8H,1-2H2,(H,9,10)(H2,11,12,13)(H2,14,15,16)/t3-,4-,5-,6-/m1/s1","BHUAJEKCGZSWIU-KVTDHHQDSA-N"
9720332,"3-Chloro-2-ethyl-4-iodo-5-[(E)-2-(4-methoxyphenyl)vinyl]furan",387.972687,"C15H14ClIO2","Ic1c(oc(c1Cl)CC)\C=C\c2ccc(OC)cc2","InChI=1S/C15H14ClIO2/c1-3-12-14(16)15(17)13(19-12)9-6-10-4-7-11(18-2)8-5-10/h4-9H,3H2,1-2H3/b9-6+","NUCKNSVTVRIWJR-RMKNXTFCSA-N"
9734937,"2-Bromo-4-(2-thienyl)-6,7,8,9-tetrahydro-5H-cyclohepta[b]thieno[3,2-e]pyridine-3-carbonitrile",387.970337,"C17H13BrN2S2","N#Cc4c1c(nc3c(c1c2sccc2)CCCCC3)sc4Br","InChI=1S/C17H13BrN2S2/c18-16-11(9-19)15-14(13-7-4-8-21-13)10-5-2-1-3-6-12(10)20-17(15)22-16/h4,7-8H,1-3,5-6H2","HKTMHPVSTFBOOA-UHFFFAOYSA-N"
9756611,"2-Fluoro-3-iodo-6-[2-(4-nitrophenyl)ethoxy]pyridine",387.972015,"C13H10FIN2O3","[O-][N+](=O)c1ccc(cc1)CCOc2nc(F)c(I)cc2","InChI=1S/C13H10FIN2O3/c14-13-11(15)5-6-12(16-13)20-8-7-9-1-3-10(4-2-9)17(18)19/h1-6H,7-8H2","OPZZUFYELAAXAR-UHFFFAOYSA-N"
10020264,"(3Z)-7-Iodo-3-(3-oxo-1,3-dihydro-2H-indol-2-ylidene)-1,3-dihydro-2H-indol-2-one",387.970856,"C16H9IN2O2","c1ccc2c(c1)C(=O)/C(=C/3\c4cccc(c4NC3=O)I)/N2","InChI=1S/C16H9IN2O2/c17-10-6-3-5-9-12(16(21)19-13(9)10)14-15(20)8-4-1-2-7-11(8)18-14/h1-7,18H,(H,19,21)/b14-12-","BGMLXPUHFUJTET-OWBHPGMISA-N"
11542895,"FIPRONIL-DESULFINYL",387.97171,"C12H4Cl2F6N4","c1c(cc(c(c1Cl)n2c(c(c(n2)C#N)C(F)(F)F)N)Cl)C(F)(F)F","InChI=1S/C12H4Cl2F6N4/c13-5-1-4(11(15,16)17)2-6(14)9(5)24-10(22)8(12(18,19)20)7(3-21)23-24/h1-2H,22H2","JWKXVHLIRTVXLD-UHFFFAOYSA-N"
11750294,"3,4,5,6-Tetrachloro-N-[cyclopropyl(phenyl)methyl]-2-pyridinecarboxamide",387.970367,"C16H12Cl4N2O","c1ccc(cc1)C(C2CC2)NC(=O)c3c(c(c(c(n3)Cl)Cl)Cl)Cl","InChI=1S/C16H12Cl4N2O/c17-10-11(18)14(21-15(20)12(10)19)16(23)22-13(9-6-7-9)8-4-2-1-3-5-8/h1-5,9,13H,6-7H2,(H,22,23)","UJJBLBGDYGMITJ-UHFFFAOYSA-N"
11982971,"(5E)-3-[4-Chloro-3-(trifluoromethyl)phenyl]-5-(1H-pyrrol-2-ylmethylene)-2-thioxo-1,3-thiazolidin-4-one",387.971863,"C15H8ClF3N2OS2","c1cc([nH]c1)/C=C/2\C(=O)N(C(=S)S2)c3ccc(c(c3)C(F)(F)F)Cl","InChI=1S/C15H8ClF3N2OS2/c16-11-4-3-9(7-10(11)15(17,18)19)21-13(22)12(24-14(21)23)6-8-2-1-5-20-8/h1-7,20H/b12-6+","RCFTUIDJNXBWHZ-WUXMJOGZSA-N"
13179184,"8-Bromo-4-(3-chlorophenyl)-1-methyl[1,2,4]triazolo[4,3-a]quinazolin-5(4H)-one",387.972656,"C16H10BrClN4O","Cc1nnc2n1c3cc(ccc3c(=O)n2c4cccc(c4)Cl)Br","InChI=1S/C16H10BrClN4O/c1-9-19-20-16-21(9)14-7-10(17)5-6-13(14)15(23)22(16)12-4-2-3-11(18)8-12/h2-8H,1H3","IVDJYUQLPFJQQU-UHFFFAOYSA-N"
17621742,"decyl-iodo-tin",387.969879,"C10H21ISn","CCCCCCCCCC[Sn+2]I","InChI=1S/C10H21.HI.Sn/c1-3-5-7-9-10-8-6-4-2;;/h1,3-10H2,2H3;1H;/q;;+3/p-1","IDNXPVMEQGIDGV-UHFFFAOYSA-M"
20034230,"5-(3-Bromo-2-thienyl)-1-(2-deoxypentofuranosyl)-2,4(1H,3H)-pyrimidinedione",387.972839,"C13H13BrN2O5S","c1csc(c1Br)c2cn(c(=O)[nH]c2=O)C3CC(C(O3)CO)O","InChI=1S/C13H13BrN2O5S/c14-7-1-2-22-11(7)6-4-16(13(20)15-12(6)19)10-3-8(18)9(5-17)21-10/h1-2,4,8-10,17-18H,3,5H2,(H,15,19,20)","WTPCEGWZXOSLSS-UHFFFAOYSA-N"
20034234,"5-(4-Bromo-3-thienyl)-1-(2-deoxypentofuranosyl)-2,4(1H,3H)-pyrimidinedione",387.972839,"C13H13BrN2O5S","c1c(c(=O)[nH]c(=O)n1C2CC(C(O2)CO)O)c3cscc3Br","InChI=1S/C13H13BrN2O5S/c14-8-5-22-4-7(8)6-2-16(13(20)15-12(6)19)11-1-9(18)10(3-17)21-11/h2,4-5,9-11,17-18H,1,3H2,(H,15,19,20)","BKJOSZFLRXVYPW-UHFFFAOYSA-N"
21202315,"5-(5-Bromo-2-thienyl)-1-(2-deoxypentofuranosyl)-2,4(1H,3H)-pyrimidinedione",387.972839,"C13H13BrN2O5S","c1cc(sc1c2cn(c(=O)[nH]c2=O)[C@H]3C[C@H]([C@H](O3)CO)O)Br","InChI=1S/C13H13BrN2O5S/c14-10-2-1-9(22-10)6-4-16(13(20)15-12(6)19)11-3-7(18)8(5-17)21-11/h1-2,4,7-8,11,17-18H,3,5H2,(H,15,19,20)/t7-,8-,11-/m1/s1","IGUZFFOBAZCVRK-SOCHQFKDSA-N"
21258461,"Sodium dihydrogen phosphate hydrogen phosphate hydrate (3:1:1:7)",387.973572,"H17Na3O15P2","O.O.O.O.O.O.O.OP(=O)(O)[O-].OP(=O)([O-])[O-].[Na+].[Na+].[Na+]","InChI=1S/3Na.2H3O4P.7H2O/c;;;2*1-5(2,3)4;;;;;;;/h;;;2*(H3,1,2,3,4);7*1H2/q3*+1;;;;;;;;;/p-3","CUWYKMCLGXCMJU-UHFFFAOYSA-K"
22023904,"(6-Methyl-3,4-dihydro-1(2H)-quinolinyl)(3,4,5,6-tetrachloro-2-pyridinyl)methanone",387.970367,"C16H12Cl4N2O","Cc1ccc2c(c1)CCCN2C(=O)c3c(c(c(c(n3)Cl)Cl)Cl)Cl","InChI=1S/C16H12Cl4N2O/c1-8-4-5-10-9(7-8)3-2-6-22(10)16(23)14-12(18)11(17)13(19)15(20)21-14/h4-5,7H,2-3,6H2,1H3","WQGOJDMJJZLWCZ-UHFFFAOYSA-N"
22336155,"3,4,5,6-Tetrachloro-N-[(1-phenylcyclopropyl)methyl]-2-pyridinecarboxamide",387.970367,"C16H12Cl4N2O","c1ccc(cc1)C2(CC2)CNC(=O)c3c(c(c(c(n3)Cl)Cl)Cl)Cl","InChI=1S/C16H12Cl4N2O/c17-10-11(18)13(22-14(20)12(10)19)15(23)21-8-16(6-7-16)9-4-2-1-3-5-9/h1-5H,6-8H2,(H,21,23)","RNUGVKSREUCDTF-UHFFFAOYSA-N"
23172477,"1-[2,3-Dideoxy-2-fluoro-3-(fluoromethyl)-alpha-D-glycero-pentofuranosyl]-5-iodo-2,4(1H,3H)-pyrimidinedione",387.973145,"C10H11F2IN2O4","c1c(c(=O)[nH]c(=O)n1C2[C@H]([C@H]([C@H](O2)CO)CF)F)I","InChI=1S/C10H11F2IN2O4/c11-1-4-6(3-16)19-9(7(4)12)15-2-5(13)8(17)14-10(15)18/h2,4,6-7,9,16H,1,3H2,(H,14,17,18)/t4-,6+,7-,9?/m0/s1","GLQRNDMOTRWGSU-MQVHMZHQSA-N"
23187731,"1-[2,6-Dichloro-4-(trifluoromethyl)phenyl]-4-[3-(trifluoromethyl)-3H-diaziren-3-yl]-1H-pyrazole",387.97171,"C12H4Cl2F6N4","c1c(cc(c(c1Cl)n2cc(cn2)C3(N=N3)C(F)(F)F)Cl)C(F)(F)F","InChI=1S/C12H4Cl2F6N4/c13-7-1-5(11(15,16)17)2-8(14)9(7)24-4-6(3-21-24)10(22-23-10)12(18,19)20/h1-4H","HUOVVNDFQLHQOR-UHFFFAOYSA-N"
23262006,"2,3,4,5,6-Pentafluoro-N-[(2Z)-3-methyl-5-sulfamoyl-1,3,4-thiadiazol-2(3H)-ylidene]benzamide",387.972321,"C10H5F5N4O3S2","Cn1/c(=N/C(=O)c2c(c(c(c(c2F)F)F)F)F)/sc(n1)S(=O)(=O)N","InChI=1S/C10H5F5N4O3S2/c1-19-9(23-10(18-19)24(16,21)22)17-8(20)2-3(11)5(13)7(15)6(14)4(2)12/h1H3,(H2,16,21,22)/b17-9-","XEEATOCFEUTHHG-MFOYZWKCSA-N"
23273190,"2'-Hydroxy-7'-iodo-1'H,3H-2,3'-biindol-3-one",387.970856,"C16H9IN2O2","c1ccc2c(c1)C(=O)C(=N2)c3c4cccc(c4[nH]c3O)I","InChI=1S/C16H9IN2O2/c17-10-6-3-5-9-12(16(21)19-13(9)10)14-15(20)8-4-1-2-7-11(8)18-14/h1-7,19,21H","OUWDTFBGCYJAMD-UHFFFAOYSA-N"
23312049,"N-{4-Bromo-2-[(1E)-N-ethoxyethanimidoyl]phenyl}-1,1,1-trifluoromethanesulfonamide",387.970398,"C11H12BrF3N2O3S","CCO/N=C(\C)/c1cc(ccc1NS(=O)(=O)C(F)(F)F)Br","InChI=1S/C11H12BrF3N2O3S/c1-3-20-16-7(2)9-6-8(12)4-5-10(9)17-21(18,19)11(13,14)15/h4-6,17H,3H2,1-2H3/b16-7+","QIBDSJFIWRCLST-FRKPEAEDSA-N"
23324380,"5-Bromo-7-hydroxy-8-(1-piperazinylsulfonyl)-2H-chromen-2-one",387.972839,"C13H13BrN2O5S","c1cc(=O)oc2c1c(cc(c2S(=O)(=O)N3CCNCC3)O)Br","InChI=1S/C13H13BrN2O5S/c14-9-7-10(17)13(12-8(9)1-2-11(18)21-12)22(19,20)16-5-3-15-4-6-16/h1-2,7,15,17H,3-6H2","HMXROWWCRCEFPW-UHFFFAOYSA-N"
23342363,"2-Chloro-5-({(2E)-2-[(5-nitro-2-thienyl)methylene]hydrazino}carbonyl)benzenesulfonamide",387.970276,"C12H9ClN4O5S2","c1cc(c(cc1C(=O)N/N=C/c2ccc(s2)[N+](=O)[O-])S(=O)(=O)N)Cl","InChI=1S/C12H9ClN4O5S2/c13-9-3-1-7(5-10(9)24(14,21)22)12(18)16-15-6-8-2-4-11(23-8)17(19)20/h1-6H,(H,16,18)(H2,14,21,22)/b15-6+","YTLMMJCSPQKBQG-GIDUJCDVSA-N"
24613713,"2-Carbamimidamido-N-(6-chloro-1,3-benzothiazol-2-yl)-1,3-thiazole-4-carboxamide hydrochloride (1:1)",387.97345,"C12H10Cl2N6OS2","c1cc2c(cc1Cl)sc(n2)NC(=O)c3csc(n3)NC(=N)N.Cl","InChI=1S/C12H9ClN6OS2.ClH/c13-5-1-2-6-8(3-5)22-12(16-6)18-9(20)7-4-21-11(17-7)19-10(14)15;/h1-4H,(H,16,18,20)(H4,14,15,17,19);1H","MSEVPWJLLNXECV-UHFFFAOYSA-N"
24645678,"1,5-Anhydro-3-deoxy-2,4,6-tri-O-phosphono-D-ribo-hexitol",387.972534,"C6H15O13P3","C1[C@H](CO[C@@H]([C@H]1OP(=O)(O)O)COP(=O)(O)O)OP(=O)(O)O","InChI=1S/C6H15O13P3/c7-20(8,9)17-3-6-5(19-22(13,14)15)1-4(2-16-6)18-21(10,11)12/h4-6H,1-3H2,(H2,7,8,9)(H2,10,11,12)(H2,13,14,15)/t4-,5+,6-/m1/s1","CUWBCARTRRVMIX-NGJCXOISSA-N"
24681611,"2'-Hydroxy-5'-iodo-1'H,3H-2,3'-biindol-3-one",387.970856,"C16H9IN2O2","c1ccc2c(c1)C(=O)C(=N2)c3c4cc(ccc4[nH]c3O)I","InChI=1S/C16H9IN2O2/c17-8-5-6-12-10(7-8)13(16(21)19-12)14-15(20)9-3-1-2-4-11(9)18-14/h1-7,19,21H","JCJGSZCPPTXTGO-UHFFFAOYSA-N"
24681705,"2'-Hydroxy-6'-iodo-1'H,3H-2,3'-biindol-3-one",387.970856,"C16H9IN2O2","c1ccc2c(c1)C(=O)C(=N2)c3c4ccc(cc4[nH]c3O)I","InChI=1S/C16H9IN2O2/c17-8-5-6-9-12(7-8)19-16(21)13(9)14-15(20)10-3-1-2-4-11(10)18-14/h1-7,19,21H","NRQCVZPNBUOBQY-UHFFFAOYSA-N"
25036091,"(2R,4S)-3-Hydroxy-1,2,4-cyclohexanetriyl tris[dihydrogen (phosphate)]",387.972534,"C6H15O13P3","C1CC([C@@H]([C@@H](C1OP(=O)(O)O)O)OP(=O)(O)O)OP(=O)(O)O","InChI=1S/C6H15O13P3/c7-5-3(17-20(8,9)10)1-2-4(18-21(11,12)13)6(5)19-22(14,15)16/h3-7H,1-2H2,(H2,8,9,10)(H2,11,12,13)(H2,14,15,16)/t3?,4?,5-,6+/m1/s1","GCQVSVDNSSJLME-KTGMNZKDSA-N"
25049017,"1-Acetyl-4-[(2-fluoro-4-iodophenyl)amino]-1H-pyrrole-3-carboxylic acid",387.972015,"C13H10FIN2O3","CC(=O)n1cc(c(c1)Nc2ccc(cc2F)I)C(=O)O","InChI=1S/C13H10FIN2O3/c1-7(18)17-5-9(13(19)20)12(6-17)16-11-3-2-8(15)4-10(11)14/h2-6,16H,1H3,(H,19,20)","BBYBHDRRGQXNPK-UHFFFAOYSA-N"
26330153,"(1R,2R,3S,4S)-2,3-Dihydroxy-4-[(phosphonooxy)methyl]cyclopentyl trihydrogen diphosphate",387.972534,"C6H15O13P3","C1[C@H]([C@@H]([C@H]([C@@H]1O[P@@](=O)(O)OP(=O)(O)O)O)O)COP(=O)(O)O","InChI=1S/C6H15O13P3/c7-5-3(2-17-20(9,10)11)1-4(6(5)8)18-22(15,16)19-21(12,13)14/h3-8H,1-2H2,(H,15,16)(H2,9,10,11)(H2,12,13,14)/t3-,4+,5-,6-/m0/s1","OICBXEWBKALHHB-FSIIMWSLSA-N"
26330258,"1-O-[(S)-Hydroxy(phosphonomethyl)phosphoryl]-5-O-phosphono-alpha-L-arabinofuranose",387.972534,"C6H15O13P3","C([C@H]1[C@@H]([C@H]([C@@H](O1)O[P@](=O)(CP(=O)(O)O)O)O)O)OP(=O)(O)O","InChI=1S/C6H15O13P3/c7-4-3(1-17-22(14,15)16)18-6(5(4)8)19-21(12,13)2-20(9,10)11/h3-8H,1-2H2,(H,12,13)(H2,9,10,11)(H2,14,15,16)/t3-,4-,5+,6-/m0/s1","JFMKBQDEISBIPL-AZGQCCRYSA-N"
26341167,"4-[(3-Bromo-2-thienyl)(methoxy)methyl]-1H-imidazole (2E)-2-butenedioate (1:1)",387.972839,"C13H13BrN2O5S","COC(c1c[nH]cn1)c2c(ccs2)Br.C(=C/C(=O)O)\C(=O)O","InChI=1S/C9H9BrN2OS.C4H4O4/c1-13-8(7-4-11-5-12-7)9-6(10)2-3-14-9;5-3(6)1-2-4(7)8/h2-5,8H,1H3,(H,11,12);1-2H,(H,5,6)(H,7,8)/b;2-1+","KLTKFXOXDRNQEO-WLHGVMLRSA-N"
26343067,"4-[(4-Bromo-3-thienyl)(methoxy)methyl]-1H-imidazole (2E)-2-butenedioate (1:1)",387.972839,"C13H13BrN2O5S","COC(c1c[nH]cn1)c2cscc2Br.C(=C/C(=O)O)\C(=O)O","InChI=1S/C9H9BrN2OS.C4H4O4/c1-13-9(8-2-11-5-12-8)6-3-14-4-7(6)10;5-3(6)1-2-4(7)8/h2-5,9H,1H3,(H,11,12);1-2H,(H,5,6)(H,7,8)/b;2-1+","UPQJFBQGNKKZTN-WLHGVMLRSA-N"
26350822,"4-Isobutyl-5-methylene-2-oxo-1-(2,3,5,6-tetrachlorophenyl)-2,5-dihydro-1H-pyrrole-3-carbonitrile",387.970367,"C16H12Cl4N2O","CC(C)CC1=C(C(=O)N(C1=C)c2c(c(cc(c2Cl)Cl)Cl)Cl)C#N","InChI=1S/C16H12Cl4N2O/c1-7(2)4-9-8(3)22(16(23)10(9)6-21)15-13(19)11(17)5-12(18)14(15)20/h5,7H,3-4H2,1-2H3","RHMNJZLSEGOMJZ-UHFFFAOYSA-N"
28671777,"3,6-Diphenyl-7H-[1,3]thiazolo[2,3-b][1,3,4]thiadiazin-4-ium bromide",387.970337,"C17H13BrN2S2","c1ccc(cc1)c2csc3[n+]2N=C(CS3)c4ccccc4.[Br-]","InChI=1S/C17H13N2S2.BrH/c1-3-7-13(8-4-1)15-11-20-17-19(18-15)16(12-21-17)14-9-5-2-6-10-14;/h1-10,12H,11H2;1H/q+1;/p-1","WVOGWKAGJSHACG-UHFFFAOYSA-M"
29799508,"7-Bromo-N-[(5-methyl-1,3-oxazol-4-yl)methyl]-2,3-dihydro-1,4-benzodioxine-6-sulfonamide",387.972839,"C13H13BrN2O5S","Cc1c(nco1)CNS(=O)(=O)c2cc3c(cc2Br)OCCO3","InChI=1S/C13H13BrN2O5S/c1-8-10(15-7-21-8)6-16-22(17,18)13-5-12-11(4-9(13)14)19-2-3-20-12/h4-5,7,16H,2-3,6H2,1H3","KIOAILLASGBSOP-UHFFFAOYSA-N"
29985513,"5-Bromo-N-{3-methoxy-4-[(methylsulfonyl)amino]phenyl}-2-furamide",387.972839,"C13H13BrN2O5S","COc1cc(ccc1NS(=O)(=O)C)NC(=O)c2ccc(o2)Br","InChI=1S/C13H13BrN2O5S/c1-20-11-7-8(3-4-9(11)16-22(2,18)19)15-13(17)10-5-6-12(14)21-10/h3-7,16H,1-2H3,(H,15,17)","LWDFLPDJNVWLBQ-UHFFFAOYSA-N"
30637516,"N-(7-Bromo-2,3-dihydro-1,4-benzodioxin-6-yl)-3,5-dimethyl-1,2-oxazole-4-sulfonamide",387.972839,"C13H13BrN2O5S","Cc1c(c(on1)C)S(=O)(=O)Nc2cc3c(cc2Br)OCCO3","InChI=1S/C13H13BrN2O5S/c1-7-13(8(2)21-15-7)22(17,18)16-10-6-12-11(5-9(10)14)19-3-4-20-12/h5-6,16H,3-4H2,1-2H3","CLUSTDPVNXFKSP-UHFFFAOYSA-N"
30793318,"2,3,4,5,6-Pentafluoro-N-(3-methyl-5-sulfamoyl-1,3,4-thiadiazol-2(3H)-ylidene)benzamide",387.972321,"C10H5F5N4O3S2","Cn1c(=NC(=O)c2c(c(c(c(c2F)F)F)F)F)sc(n1)S(=O)(=O)N","InChI=1S/C10H5F5N4O3S2/c1-19-9(23-10(18-19)24(16,21)22)17-8(20)2-3(11)5(13)7(15)6(14)4(2)12/h1H3,(H2,16,21,22)","XEEATOCFEUTHHG-UHFFFAOYSA-N"
30898584,"5-(4-Bromophenyl)-6-ethyl-4-(2-propyn-1-ylsulfanyl)thieno[2,3-d]pyrimidine",387.970337,"C17H13BrN2S2","CCc1c(c2c(s1)ncnc2SCC#C)c3ccc(cc3)Br","InChI=1S/C17H13BrN2S2/c1-3-9-21-16-15-14(11-5-7-12(18)8-6-11)13(4-2)22-17(15)20-10-19-16/h1,5-8,10H,4,9H2,2H3","GGBMAEJUEAJKIC-UHFFFAOYSA-N"
31124003,"(5E)-5-({5-[4-Chloro-3-(trifluoromethyl)phenyl]-2-thienyl}methylene)-2-thioxo-4-imidazolidinone",387.971863,"C15H8ClF3N2OS2","c1cc(c(cc1c2ccc(s2)/C=C/3\C(=O)NC(=S)N3)C(F)(F)F)Cl","InChI=1S/C15H8ClF3N2OS2/c16-10-3-1-7(5-9(10)15(17,18)19)12-4-2-8(24-12)6-11-13(22)21-14(23)20-11/h1-6H,(H2,20,21,22,23)/b11-6+","MIWWIWKCEXSCJY-IZZDOVSWSA-N"
31270911,"N~3~-[(3-Bromophenyl)sulfonyl]-N-(2,2,2-trifluoroethyl)-beta-alaninamide",387.970398,"C11H12BrF3N2O3S","c1cc(cc(c1)Br)S(=O)(=O)NCCC(=O)NCC(F)(F)F","InChI=1S/C11H12BrF3N2O3S/c12-8-2-1-3-9(6-8)21(19,20)17-5-4-10(18)16-7-11(13,14)15/h1-3,6,17H,4-5,7H2,(H,16,18)","CLBIMCUWQQIDIJ-UHFFFAOYSA-N"
31339485,"N~3~-[(4-Bromophenyl)sulfonyl]-N-(2,2,2-trifluoroethyl)-beta-alaninamide",387.970398,"C11H12BrF3N2O3S","c1cc(ccc1S(=O)(=O)NCCC(=O)NCC(F)(F)F)Br","InChI=1S/C11H12BrF3N2O3S/c12-8-1-3-9(4-2-8)21(19,20)17-6-5-10(18)16-7-11(13,14)15/h1-4,17H,5-7H2,(H,16,18)","FRCZPDNYGJEFHN-UHFFFAOYSA-N"
31339574,"4-Bromo-3-(dimethylsulfamoyl)-N-(2,2,2-trifluoroethyl)benzamide",387.970398,"C11H12BrF3N2O3S","CN(C)S(=O)(=O)c1cc(ccc1Br)C(=O)NCC(F)(F)F","InChI=1S/C11H12BrF3N2O3S/c1-17(2)21(19,20)9-5-7(3-4-8(9)12)10(18)16-6-11(13,14)15/h3-5H,6H2,1-2H3,(H,16,18)","VOPMYZKPFWPXCJ-UHFFFAOYSA-N"
31472929,"5-Bromo-N-{4-[methoxy(methyl)sulfamoyl]phenyl}-2-furamide",387.972839,"C13H13BrN2O5S","CN(OC)S(=O)(=O)c1ccc(cc1)NC(=O)c2ccc(o2)Br","InChI=1S/C13H13BrN2O5S/c1-16(20-2)22(18,19)10-5-3-9(4-6-10)15-13(17)11-7-8-12(14)21-11/h3-8H,1-2H3,(H,15,17)","YWYVDNHNHGEHRW-UHFFFAOYSA-N"
31645218,"N-[(5-Bromo-2-furyl)methyl]-N,2-dimethyl-5-nitrobenzenesulfonamide",387.972839,"C13H13BrN2O5S","Cc1ccc(cc1S(=O)(=O)N(C)Cc2ccc(o2)Br)[N+](=O)[O-]","InChI=1S/C13H13BrN2O5S/c1-9-3-4-10(16(17)18)7-12(9)22(19,20)15(2)8-11-5-6-13(14)21-11/h3-7H,8H2,1-2H3","FYFHMJPKVADGQD-UHFFFAOYSA-N"
31648471,"5-Bromo-N-(2-methoxy-5-sulfamoylphenyl)-3-methyl-2-furamide",387.972839,"C13H13BrN2O5S","Cc1cc(oc1C(=O)Nc2cc(ccc2OC)S(=O)(=O)N)Br","InChI=1S/C13H13BrN2O5S/c1-7-5-11(14)21-12(7)13(17)16-9-6-8(22(15,18)19)3-4-10(9)20-2/h3-6H,1-2H3,(H,16,17)(H2,15,18,19)","GNBPSLZPKDGWDN-UHFFFAOYSA-N"
31820009,"3-Bromo-4-[(4-chloro-1-naphthyl)oxy]-1-methyl-1H-pyrazolo[3,4-d]pyrimidine",387.972656,"C16H10BrClN4O","Cn1c2c(c(ncn2)Oc3ccc(c4c3cccc4)Cl)c(n1)Br","InChI=1S/C16H10BrClN4O/c1-22-15-13(14(17)21-22)16(20-8-19-15)23-12-7-6-11(18)9-4-2-3-5-10(9)12/h2-8H,1H3","ZUQKIDIMBBDGLZ-UHFFFAOYSA-N"
31898603,"2-[2-(5-Chloro-2-thienyl)-1,3-thiazol-4-yl]-N-(2,3,4-trifluorophenyl)acetamide",387.971863,"C15H8ClF3N2OS2","c1cc(c(c(c1NC(=O)Cc2csc(n2)c3ccc(s3)Cl)F)F)F","InChI=1S/C15H8ClF3N2OS2/c16-11-4-3-10(24-11)15-20-7(6-23-15)5-12(22)21-9-2-1-8(17)13(18)14(9)19/h1-4,6H,5H2,(H,21,22)","AKVPJHOXYFPRLR-UHFFFAOYSA-N"
31990228,"3-Bromo-N-[(2,5-dimethyl-3-furyl)methyl]-5-nitrobenzenesulfonamide",387.972839,"C13H13BrN2O5S","Cc1cc(c(o1)C)CNS(=O)(=O)c2cc(cc(c2)Br)[N+](=O)[O-]","InChI=1S/C13H13BrN2O5S/c1-8-3-10(9(2)21-8)7-15-22(19,20)13-5-11(14)4-12(6-13)16(17)18/h3-6,15H,7H2,1-2H3","HDDNLOFDRJGGDW-UHFFFAOYSA-N"
32179980,"N-(5-Bromo-2-hydroxy-3-pyridinyl)-2,5-dimethoxybenzenesulfonamide",387.972839,"C13H13BrN2O5S","COc1ccc(c(c1)S(=O)(=O)Nc2cc(cnc2O)Br)OC","InChI=1S/C13H13BrN2O5S/c1-20-9-3-4-11(21-2)12(6-9)22(18,19)16-10-5-8(14)7-15-13(10)17/h3-7,16H,1-2H3,(H,15,17)","RHHSIUJKSZIVAY-UHFFFAOYSA-N"
32193021,"5,6-Dichloro-2-(3,5-dichloro-4-isopropoxyphenyl)-1H-benzimidazole",387.970367,"C16H12Cl4N2O","CC(C)Oc1c(cc(cc1Cl)c2[nH]c3cc(c(cc3n2)Cl)Cl)Cl","InChI=1S/C16H12Cl4N2O/c1-7(2)23-15-11(19)3-8(4-12(15)20)16-21-13-5-9(17)10(18)6-14(13)22-16/h3-7H,1-2H3,(H,21,22)","DIYORTNHEDAKEE-UHFFFAOYSA-N"
32193022,"5,6-Dichloro-2-(3,5-dichloro-4-propoxyphenyl)-1H-benzimidazole",387.970367,"C16H12Cl4N2O","CCCOc1c(cc(cc1Cl)c2[nH]c3cc(c(cc3n2)Cl)Cl)Cl","InChI=1S/C16H12Cl4N2O/c1-2-3-23-15-11(19)4-8(5-12(15)20)16-21-13-6-9(17)10(18)7-14(13)22-16/h4-7H,2-3H2,1H3,(H,21,22)","DXNGOPWVTLQIFS-UHFFFAOYSA-N"
32224961,"Ethyl 5-{[(4-bromophenyl)sulfonyl]amino}-3-methyl-1,2-oxazole-4-carboxylate",387.972839,"C13H13BrN2O5S","CCOC(=O)c1c(noc1NS(=O)(=O)c2ccc(cc2)Br)C","InChI=1S/C13H13BrN2O5S/c1-3-20-13(17)11-8(2)15-21-12(11)16-22(18,19)10-6-4-9(14)5-7-10/h4-7,16H,3H2,1-2H3","WAVXQMRXCJHQET-UHFFFAOYSA-N"
32681260,"7-Bromo-2-fluoro-9-methylene-3-(2,2,2-trifluoroethoxy)-9H-xanthene",387.972198,"C16H9BrF4O2","C=C1c2cc(ccc2Oc3c1cc(c(c3)OCC(F)(F)F)F)Br","InChI=1S/C16H9BrF4O2/c1-8-10-4-9(17)2-3-13(10)23-14-6-15(12(18)5-11(8)14)22-7-16(19,20)21/h2-6H,1,7H2","DQOXGJDKGZATHJ-UHFFFAOYSA-N"
32835731,"2-(5-Bromo-2-chlorophenyl)-7-methyl-5-(4H-1,2,4-triazol-4-yl)-1,3-benzoxazole",387.972656,"C16H10BrClN4O","Cc1cc(cc2c1oc(n2)c3cc(ccc3Cl)Br)n4cnnc4","InChI=1S/C16H10BrClN4O/c1-9-4-11(22-7-19-20-8-22)6-14-15(9)23-16(21-14)12-5-10(17)2-3-13(12)18/h2-8H,1H3","UBKNEHPWXBJGLA-UHFFFAOYSA-N"
32911895,"2-(2,3-Dihydro-1H-indol-1-yl)-N-(2,3,5,6-tetrachlorophenyl)acetamide",387.970367,"C16H12Cl4N2O","c1ccc2c(c1)CCN2CC(=O)Nc3c(c(cc(c3Cl)Cl)Cl)Cl","InChI=1S/C16H12Cl4N2O/c17-10-7-11(18)15(20)16(14(10)19)21-13(23)8-22-6-5-9-3-1-2-4-12(9)22/h1-4,7H,5-6,8H2,(H,21,23)","MLWIDXCBTYDHSP-UHFFFAOYSA-N"
33145482,"2-(4-Sulfamoylphenoxy)ethyl 4-bromo-1H-pyrrole-2-carboxylate",387.972839,"C13H13BrN2O5S","c1cc(ccc1OCCOC(=O)c2cc(c[nH]2)Br)S(=O)(=O)N","InChI=1S/C13H13BrN2O5S/c14-9-7-12(16-8-9)13(17)21-6-5-20-10-1-3-11(4-2-10)22(15,18)19/h1-4,7-8,16H,5-6H2,(H2,15,18,19)","CNQRRHBWFIMTQV-UHFFFAOYSA-N"
33556415,"[5-(Dimethylsulfamoyl)-2-furyl]methyl 5-bromonicotinate",387.972839,"C13H13BrN2O5S","CN(C)S(=O)(=O)c1ccc(o1)COC(=O)c2cc(cnc2)Br","InChI=1S/C13H13BrN2O5S/c1-16(2)22(18,19)12-4-3-11(21-12)8-20-13(17)9-5-10(14)7-15-6-9/h3-7H,8H2,1-2H3","VTYHIQUBXIHAQH-UHFFFAOYSA-N"
34261927,"5-Bromo-N-[2-(4-chlorophenyl)-5-pyrimidinyl]nicotinamide",387.972656,"C16H10BrClN4O","c1cc(ccc1c2ncc(cn2)NC(=O)c3cc(cnc3)Br)Cl","InChI=1S/C16H10BrClN4O/c17-12-5-11(6-19-7-12)16(23)22-14-8-20-15(21-9-14)10-1-3-13(18)4-2-10/h1-9H,(H,22,23)","NIHMWSAEACRTLJ-UHFFFAOYSA-N"
34555838,"3-Bromo-N-[5-(4-chlorophenyl)-1,3-oxazol-2-yl]-1H-indazol-5-amine",387.972656,"C16H10BrClN4O","c1cc(ccc1c2cnc(o2)Nc3ccc4c(c3)c(n[nH]4)Br)Cl","InChI=1S/C16H10BrClN4O/c17-15-12-7-11(5-6-13(12)21-22-15)20-16-19-8-14(23-16)9-1-3-10(18)4-2-9/h1-8H,(H,19,20)(H,21,22)","MTBAPCPQJXEMAC-UHFFFAOYSA-N"
34838114,"2,2,2-Trichloro-N-[6-(2,4-dimethylphenyl)[1,3]thiazolo[3,2-b][1,2,4]triazol-2-yl]acetamide",387.971924,"C14H11Cl3N4OS","Cc1ccc(c(c1)C)c2csc3n2nc(n3)NC(=O)C(Cl)(Cl)Cl","InChI=1S/C14H11Cl3N4OS/c1-7-3-4-9(8(2)5-7)10-6-23-13-19-12(20-21(10)13)18-11(22)14(15,16)17/h3-6H,1-2H3,(H,18,20,22)","QFGMEJNOCFCLSQ-UHFFFAOYSA-N"
35012077,"3-{1-[(2-Bromophenyl)sulfonyl]-3-pyrrolidinyl}-1,3-oxazolidine-2,4-dione",387.972839,"C13H13BrN2O5S","c1ccc(c(c1)S(=O)(=O)N2CCC(C2)N3C(=O)COC3=O)Br","InChI=1S/C13H13BrN2O5S/c14-10-3-1-2-4-11(10)22(19,20)15-6-5-9(7-15)16-12(17)8-21-13(16)18/h1-4,9H,5-8H2","CHEDSNWXVXFRBY-UHFFFAOYSA-N"
35031759,"2,5-Anhydro-1-deoxy-6-O-(hydroxy{[hydroxy(phosphonooxy)phosphoryl]oxy}phosphoryl)-D-allitol",387.972534,"C6H15O13P3","C[C@H]1[C@@H]([C@@H]([C@H](O1)COP(=O)(O)OP(=O)(O)OP(=O)(O)O)O)O","InChI=1S/C6H15O13P3/c1-3-5(7)6(8)4(17-3)2-16-21(12,13)19-22(14,15)18-20(9,10)11/h3-8H,2H2,1H3,(H,12,13)(H,14,15)(H2,9,10,11)/t3-,4+,5-,6+/m0/s1","UPWHZOYYXHKXLQ-BGPJRJDNSA-N"
35035411,"10-Iodo-11H-indolo[3,2-c]quinoline-6-carboxylic acid",387.970856,"C16H9IN2O2","c1ccc2c(c1)c3c(c4cccc(c4[nH]3)I)c(n2)C(=O)O","InChI=1S/C16H9IN2O2/c17-10-6-3-5-9-12-14(19-13(9)10)8-4-1-2-7-11(8)18-15(12)16(20)21/h1-7,19H,(H,20,21)","SDRAETFVRBBLOB-UHFFFAOYSA-N"
36126413,"5-Ethyl-1-(4-fluoro-2-iodophenyl)-4-oxo-1,4-dihydro-3-pyridazinecarboxylic acid",387.972015,"C13H10FIN2O3","CCc1cn(nc(c1=O)C(=O)O)c2ccc(cc2I)F","InChI=1S/C13H10FIN2O3/c1-2-7-6-17(16-11(12(7)18)13(19)20)10-4-3-8(14)5-9(10)15/h3-6H,2H2,1H3,(H,19,20)","NUXRWQNTVYIJDP-UHFFFAOYSA-N"
36126415,"Ethyl 1-(4-fluoro-2-iodophenyl)-4-oxo-1,4-dihydro-3-pyridazinecarboxylate",387.972015,"C13H10FIN2O3","CCOC(=O)c1c(=O)ccn(n1)c2ccc(cc2I)F","InChI=1S/C13H10FIN2O3/c1-2-20-13(19)12-11(18)5-6-17(16-12)10-4-3-8(14)7-9(10)15/h3-7H,2H2,1H3","CLXNZIFGQYVLIO-UHFFFAOYSA-N"
36126417,"Methyl 1-(4-fluoro-2-iodophenyl)-5-methyl-4-oxo-1,4-dihydro-3-pyridazinecarboxylate",387.972015,"C13H10FIN2O3","Cc1cn(nc(c1=O)C(=O)OC)c2ccc(cc2I)F","InChI=1S/C13H10FIN2O3/c1-7-6-17(10-4-3-8(14)5-9(10)15)16-11(12(7)18)13(19)20-2/h3-6H,1-2H3","AIADRNXTJDKYPW-UHFFFAOYSA-N"
36128589,"1-(4-Fluoro-2-iodophenyl)-1,4,6,7-tetrahydropyrano[4,3-c]pyrazole-3-carboxylic acid",387.972015,"C13H10FIN2O3","c1cc(c(cc1F)I)n2c3c(c(n2)C(=O)O)COCC3","InChI=1S/C13H10FIN2O3/c14-7-1-2-11(9(15)5-7)17-10-3-4-20-6-8(10)12(16-17)13(18)19/h1-2,5H,3-4,6H2,(H,18,19)","YRRFJZRYAOAVKM-UHFFFAOYSA-N"
36129038,"{2-[(4-Fluoro-2-iodophenyl)carbamoyl]-1H-pyrrol-1-yl}acetic acid",387.972015,"C13H10FIN2O3","c1cc(n(c1)CC(=O)O)C(=O)Nc2ccc(cc2I)F","InChI=1S/C13H10FIN2O3/c14-8-3-4-10(9(15)6-8)16-13(20)11-2-1-5-17(11)7-12(18)19/h1-6H,7H2,(H,16,20)(H,18,19)","VHAXKNUJDMQWQF-UHFFFAOYSA-N"
36129043,"1-{2-[(4-Fluoro-2-iodophenyl)amino]-2-oxoethyl}-1H-pyrrole-2-carboxylic acid",387.972015,"C13H10FIN2O3","c1cc(n(c1)CC(=O)Nc2ccc(cc2I)F)C(=O)O","InChI=1S/C13H10FIN2O3/c14-8-3-4-10(9(15)6-8)16-12(18)7-17-5-1-2-11(17)13(19)20/h1-6H,7H2,(H,16,18)(H,19,20)","AZGNHEUEXSMHSP-UHFFFAOYSA-N"
36154211,"2-({[(5-Bromo-3-thienyl)methyl](methyl)carbamoyl}amino)-3,3,3-trifluoro-2-methylpropanoic acid",387.970398,"C11H12BrF3N2O3S","CC(C(=O)O)(C(F)(F)F)NC(=O)N(C)Cc1cc(sc1)Br","InChI=1S/C11H12BrF3N2O3S/c1-10(8(18)19,11(13,14)15)16-9(20)17(2)4-6-3-7(12)21-5-6/h3,5H,4H2,1-2H3,(H,16,20)(H,18,19)","GRFSNLIXHRWUGE-UHFFFAOYSA-N"
36154220,"2-({[(4-Bromo-2-thienyl)methyl](methyl)carbamoyl}amino)-3,3,3-trifluoro-2-methylpropanoic acid",387.970398,"C11H12BrF3N2O3S","CC(C(=O)O)(C(F)(F)F)NC(=O)N(C)Cc1cc(cs1)Br","InChI=1S/C11H12BrF3N2O3S/c1-10(8(18)19,11(13,14)15)16-9(20)17(2)4-7-3-6(12)5-21-7/h3,5H,4H2,1-2H3,(H,16,20)(H,18,19)","TUOMQCWABZTNSI-UHFFFAOYSA-N"
37004383,"2-Bromo-N-(3-sulfamoylpropyl)-5-(trifluoromethyl)benzamide",387.970398,"C11H12BrF3N2O3S","c1cc(c(cc1C(F)(F)F)C(=O)NCCCS(=O)(=O)N)Br","InChI=1S/C11H12BrF3N2O3S/c12-9-3-2-7(11(13,14)15)6-8(9)10(18)17-4-1-5-21(16,19)20/h2-3,6H,1,4-5H2,(H,17,18)(H2,16,19,20)","STGHFDIWTLGSFP-UHFFFAOYSA-N"
37027083,"3-Bromo-N,4-dimethyl-5-sulfamoyl-N-(2,2,2-trifluoroethyl)benzamide",387.970398,"C11H12BrF3N2O3S","Cc1c(cc(cc1Br)C(=O)N(C)CC(F)(F)F)S(=O)(=O)N","InChI=1S/C11H12BrF3N2O3S/c1-6-8(12)3-7(4-9(6)21(16,19)20)10(18)17(2)5-11(13,14)15/h3-4H,5H2,1-2H3,(H2,16,19,20)","HWGGIILUHNBJMM-UHFFFAOYSA-N"
37027118,"3-Bromo-4-methyl-5-sulfamoyl-N-(3,3,3-trifluoropropyl)benzamide",387.970398,"C11H12BrF3N2O3S","Cc1c(cc(cc1Br)C(=O)NCCC(F)(F)F)S(=O)(=O)N","InChI=1S/C11H12BrF3N2O3S/c1-6-8(12)4-7(5-9(6)21(16,19)20)10(18)17-3-2-11(13,14)15/h4-5H,2-3H2,1H3,(H,17,18)(H2,16,19,20)","OJQPSVDZPHIIDP-UHFFFAOYSA-N"
37146966,"2-Bromo-N-{2-[(methylsulfonyl)amino]ethyl}-5-(trifluoromethyl)benzamide",387.970398,"C11H12BrF3N2O3S","CS(=O)(=O)NCCNC(=O)c1cc(ccc1Br)C(F)(F)F","InChI=1S/C11H12BrF3N2O3S/c1-21(19,20)17-5-4-16-10(18)8-6-7(11(13,14)15)2-3-9(8)12/h2-3,6,17H,4-5H2,1H3,(H,16,18)","UOKOKCHGYQHLDA-UHFFFAOYSA-N"
37177810,"4-(5-Fluoro-4-iodo-2-nitrophenoxy)-3-methylaniline",387.972015,"C13H10FIN2O3","Cc1cc(ccc1Oc2cc(c(cc2[N+](=O)[O-])I)F)N","InChI=1S/C13H10FIN2O3/c1-7-4-8(16)2-3-12(7)20-13-5-9(14)10(15)6-11(13)17(18)19/h2-6H,16H2,1H3","NOWOGWWUFLWWSQ-UHFFFAOYSA-N"
37369655,"4-Bromo-N-{2-[(methylsulfonyl)amino]ethyl}-3-(trifluoromethyl)benzamide",387.970398,"C11H12BrF3N2O3S","CS(=O)(=O)NCCNC(=O)c1ccc(c(c1)C(F)(F)F)Br","InChI=1S/C11H12BrF3N2O3S/c1-21(19,20)17-5-4-16-10(18)7-2-3-9(12)8(6-7)11(13,14)15/h2-3,6,17H,4-5H2,1H3,(H,16,18)","WKLNFSSKCMRDJG-UHFFFAOYSA-N"
37386514,"4-Bromo-N-(3-sulfamoylpropyl)-3-(trifluoromethyl)benzamide",387.970398,"C11H12BrF3N2O3S","c1cc(c(cc1C(=O)NCCCS(=O)(=O)N)C(F)(F)F)Br","InChI=1S/C11H12BrF3N2O3S/c12-9-3-2-7(6-8(9)11(13,14)15)10(18)17-4-1-5-21(16,19)20/h2-3,6H,1,4-5H2,(H,17,18)(H2,16,19,20)","WZOYOBBLDJLWBP-UHFFFAOYSA-N"
38190483,"N~2~-[(4-Bromophenyl)sulfonyl]-N~2~-methyl-N-(2,2,2-trifluoroethyl)glycinamide",387.970398,"C11H12BrF3N2O3S","CN(CC(=O)NCC(F)(F)F)S(=O)(=O)c1ccc(cc1)Br","InChI=1S/C11H12BrF3N2O3S/c1-17(6-10(18)16-7-11(13,14)15)21(19,20)9-4-2-8(12)3-5-9/h2-5H,6-7H2,1H3,(H,16,18)","AMMMHIKKJBLQRC-UHFFFAOYSA-N"
38766246,"N~2~-[(3-Bromophenyl)sulfonyl]-N~2~-methyl-N-(2,2,2-trifluoroethyl)glycinamide",387.970398,"C11H12BrF3N2O3S","CN(CC(=O)NCC(F)(F)F)S(=O)(=O)c1cccc(c1)Br","InChI=1S/C11H12BrF3N2O3S/c1-17(6-10(18)16-7-11(13,14)15)21(19,20)9-4-2-3-8(12)5-9/h2-5H,6-7H2,1H3,(H,16,18)","ILLBLBKVQQVYSZ-UHFFFAOYSA-N"
38766247,"N~2~-[(2-Bromophenyl)sulfonyl]-N~2~-methyl-N-(2,2,2-trifluoroethyl)glycinamide",387.970398,"C11H12BrF3N2O3S","CN(CC(=O)NCC(F)(F)F)S(=O)(=O)c1ccccc1Br","InChI=1S/C11H12BrF3N2O3S/c1-17(6-10(18)16-7-11(13,14)15)21(19,20)9-5-3-2-4-8(9)12/h2-5H,6-7H2,1H3,(H,16,18)","YDSBTHYLJZOQEC-UHFFFAOYSA-N"
39331369,"2-(4-{[(Bromomethyl)sulfonyl]amino}phenyl)-N-(2,2,2-trifluoroethyl)acetamide",387.970398,"C11H12BrF3N2O3S","c1cc(ccc1CC(=O)NCC(F)(F)F)NS(=O)(=O)CBr","InChI=1S/C11H12BrF3N2O3S/c12-7-21(19,20)17-9-3-1-8(2-4-9)5-10(18)16-6-11(13,14)15/h1-4,17H,5-7H2,(H,16,18)","IADCKPLEESQMLC-UHFFFAOYSA-N"
39464098,"3-{1-[(4-Bromophenyl)sulfonyl]-3-pyrrolidinyl}-1,3-oxazolidine-2,4-dione",387.972839,"C13H13BrN2O5S","c1cc(ccc1S(=O)(=O)N2CCC(C2)N3C(=O)COC3=O)Br","InChI=1S/C13H13BrN2O5S/c14-9-1-3-11(4-2-9)22(19,20)15-6-5-10(7-15)16-12(17)8-21-13(16)18/h1-4,10H,5-8H2","QCMWKKWWZNQZAR-UHFFFAOYSA-N"
40942826,"N-(2-Bromo-5-methyl-4-sulfamoylphenyl)-4,4,4-trifluorobutanamide",387.970398,"C11H12BrF3N2O3S","Cc1cc(c(cc1S(=O)(=O)N)Br)NC(=O)CCC(F)(F)F","InChI=1S/C11H12BrF3N2O3S/c1-6-4-8(7(12)5-9(6)21(16,19)20)17-10(18)2-3-11(13,14)15/h4-5H,2-3H2,1H3,(H,17,18)(H2,16,19,20)","KHWGQEYNGGLKGC-UHFFFAOYSA-N"
41033784,"2-Bromo-5-sulfamoyl-N-(4,4,4-trifluorobutyl)benzamide",387.970398,"C11H12BrF3N2O3S","c1cc(c(cc1S(=O)(=O)N)C(=O)NCCCC(F)(F)F)Br","InChI=1S/C11H12BrF3N2O3S/c12-9-3-2-7(21(16,19)20)6-8(9)10(18)17-5-1-4-11(13,14)15/h2-3,6H,1,4-5H2,(H,17,18)(H2,16,19,20)","HZNLXRFYKIJQRU-UHFFFAOYSA-N"
41033865,"4-Bromo-3-sulfamoyl-N-(4,4,4-trifluorobutyl)benzamide",387.970398,"C11H12BrF3N2O3S","c1cc(c(cc1C(=O)NCCCC(F)(F)F)S(=O)(=O)N)Br","InChI=1S/C11H12BrF3N2O3S/c12-8-3-2-7(6-9(8)21(16,19)20)10(18)17-5-1-4-11(13,14)15/h2-3,6H,1,4-5H2,(H,17,18)(H2,16,19,20)","HEQQSHYJSHZGBK-UHFFFAOYSA-N"
41700729,"2-(5-Chloro-2-methoxyphenyl)-1-(3-iodophenyl)ethanol",387.972687,"C15H14ClIO2","COc1ccc(cc1CC(c2cccc(c2)I)O)Cl","InChI=1S/C15H14ClIO2/c1-19-15-6-5-12(16)7-11(15)9-14(18)10-3-2-4-13(17)8-10/h2-8,14,18H,9H2,1H3","SWFBERFPHRLUPC-UHFFFAOYSA-N"
41700871,"2-(5-Chloro-2-methoxyphenyl)-1-(2-iodophenyl)ethanol",387.972687,"C15H14ClIO2","COc1ccc(cc1CC(c2ccccc2I)O)Cl","InChI=1S/C15H14ClIO2/c1-19-15-7-6-11(16)8-10(15)9-14(18)12-4-2-3-5-13(12)17/h2-8,14,18H,9H2,1H3","ARBFEFZHXIICTD-UHFFFAOYSA-N"
41700884,"2-(5-Chloro-2-methoxyphenyl)-1-(4-iodophenyl)ethanol",387.972687,"C15H14ClIO2","COc1ccc(cc1CC(c2ccc(cc2)I)O)Cl","InChI=1S/C15H14ClIO2/c1-19-15-7-4-12(16)8-11(15)9-14(18)10-2-5-13(17)6-3-10/h2-8,14,18H,9H2,1H3","DRECKGCTPHZUJW-UHFFFAOYSA-N"
41715848,"1-(4-Chloro-2-methoxyphenyl)-2-(4-iodophenyl)ethanol",387.972687,"C15H14ClIO2","COc1cc(ccc1C(Cc2ccc(cc2)I)O)Cl","InChI=1S/C15H14ClIO2/c1-19-15-9-11(16)4-7-13(15)14(18)8-10-2-5-12(17)6-3-10/h2-7,9,14,18H,8H2,1H3","QDAXIMHKJQHUQQ-UHFFFAOYSA-N"
41715920,"1-(5-Chloro-2-methoxyphenyl)-2-(4-iodophenyl)ethanol",387.972687,"C15H14ClIO2","COc1ccc(cc1C(Cc2ccc(cc2)I)O)Cl","InChI=1S/C15H14ClIO2/c1-19-15-7-4-11(16)9-13(15)14(18)8-10-2-5-12(17)6-3-10/h2-7,9,14,18H,8H2,1H3","SYOWXYGLBAWKSL-UHFFFAOYSA-N"
41883519,"3-Bromo-5-sulfamoyl-N-(4,4,4-trifluorobutyl)benzamide",387.970398,"C11H12BrF3N2O3S","c1c(cc(cc1S(=O)(=O)N)Br)C(=O)NCCCC(F)(F)F","InChI=1S/C11H12BrF3N2O3S/c12-8-4-7(5-9(6-8)21(16,19)20)10(18)17-3-1-2-11(13,14)15/h4-6H,1-3H2,(H,17,18)(H2,16,19,20)","CNFMLAIPPPRSCD-UHFFFAOYSA-N"
42315157,"2-Bromo-5-[(cyclopropylamino)methyl]-N-(2,2-difluoroethyl)-N-methyl-3-thiophenesulfonamide",387.972626,"C11H15BrF2N2O2S2","CN(CC(F)F)S(=O)(=O)c1cc(sc1Br)CNC2CC2","InChI=1S/C11H15BrF2N2O2S2/c1-16(6-10(13)14)20(17,18)9-4-8(19-11(9)12)5-15-7-2-3-7/h4,7,10,15H,2-3,5-6H2,1H3","JVCJDFKRUPNLBI-UHFFFAOYSA-N"
42561041,"6-(4-Fluoro-2-iodophenyl)-6,8-diazaspiro[3.5]nonane-5,7,9-trione",387.972015,"C13H10FIN2O3","c1cc(c(cc1F)I)N2C(=O)C3(CCC3)C(=O)NC2=O","InChI=1S/C13H10FIN2O3/c14-7-2-3-9(8(15)6-7)17-11(19)13(4-1-5-13)10(18)16-12(17)20/h2-3,6H,1,4-5H2,(H,16,18,20)","ABRLHGPOUQYKDH-UHFFFAOYSA-N"
42889729,"1-(5-Bromo-4-{[4-(trifluoromethyl)-3,6-dihydro-1(2H)-pyridinyl]sulfonyl}-2-furyl)methanamine",387.970398,"C11H12BrF3N2O3S","c1c(oc(c1S(=O)(=O)N2CCC(=CC2)C(F)(F)F)Br)CN","InChI=1S/C11H12BrF3N2O3S/c12-10-9(5-8(6-16)20-10)21(18,19)17-3-1-7(2-4-17)11(13,14)15/h1,5H,2-4,6,16H2","DKRYIERQUKFCCE-UHFFFAOYSA-N"
43000624,"4-{[(5-Fluoro-4-iodo-2-nitrophenyl)amino]methyl}phenol",387.972015,"C13H10FIN2O3","c1cc(ccc1CNc2cc(c(cc2[N+](=O)[O-])I)F)O","InChI=1S/C13H10FIN2O3/c14-10-5-12(13(17(19)20)6-11(10)15)16-7-8-1-3-9(18)4-2-8/h1-6,16,18H,7H2","PDZTXQWYLICDRR-UHFFFAOYSA-N"
43000732,"2-{[(5-Fluoro-4-iodo-2-nitrophenyl)amino]methyl}phenol",387.972015,"C13H10FIN2O3","c1ccc(c(c1)CNc2cc(c(cc2[N+](=O)[O-])I)F)O","InChI=1S/C13H10FIN2O3/c14-9-5-11(12(17(19)20)6-10(9)15)16-7-8-3-1-2-4-13(8)18/h1-6,16,18H,7H2","YRFWGYVNXRWQDE-UHFFFAOYSA-N"
43419218,"4-[Chloro(4-iodophenyl)methyl]-1,2-dimethoxybenzene",387.972687,"C15H14ClIO2","COc1ccc(cc1OC)C(c2ccc(cc2)I)Cl","InChI=1S/C15H14ClIO2/c1-18-13-8-5-11(9-14(13)19-2)15(16)10-3-6-12(17)7-4-10/h3-9,15H,1-2H3","NRBVPRWPPONJAV-UHFFFAOYSA-N"
43419243,"4-[Chloro(3-iodophenyl)methyl]-1,2-dimethoxybenzene",387.972687,"C15H14ClIO2","COc1ccc(cc1OC)C(c2cccc(c2)I)Cl","InChI=1S/C15H14ClIO2/c1-18-13-7-6-11(9-14(13)19-2)15(16)10-4-3-5-12(17)8-10/h3-9,15H,1-2H3","LRSKMEAZDLVBMQ-UHFFFAOYSA-N"
43419858,"2-[Chloro(4-iodophenyl)methyl]-1,4-dimethoxybenzene",387.972687,"C15H14ClIO2","COc1ccc(c(c1)C(c2ccc(cc2)I)Cl)OC","InChI=1S/C15H14ClIO2/c1-18-12-7-8-14(19-2)13(9-12)15(16)10-3-5-11(17)6-4-10/h3-9,15H,1-2H3","NVZJUCAOIHIFCP-UHFFFAOYSA-N"
43419888,"2-[Chloro(2-iodophenyl)methyl]-1,4-dimethoxybenzene",387.972687,"C15H14ClIO2","COc1ccc(c(c1)C(c2ccccc2I)Cl)OC","InChI=1S/C15H14ClIO2/c1-18-10-7-8-14(19-2)12(9-10)15(16)11-5-3-4-6-13(11)17/h3-9,15H,1-2H3","JVGHYXZRNRWUBR-UHFFFAOYSA-N"
43419908,"2-[Chloro(3-iodophenyl)methyl]-1,4-dimethoxybenzene",387.972687,"C15H14ClIO2","COc1ccc(c(c1)C(c2cccc(c2)I)Cl)OC","InChI=1S/C15H14ClIO2/c1-18-12-6-7-14(19-2)13(9-12)15(16)10-4-3-5-11(17)8-10/h3-9,15H,1-2H3","SBTYHKUSMIEPPQ-UHFFFAOYSA-N"
43500364,"1-[Chloro(4-iodophenyl)methyl]-2,4-dimethoxybenzene",387.972687,"C15H14ClIO2","COc1ccc(c(c1)OC)C(c2ccc(cc2)I)Cl","InChI=1S/C15H14ClIO2/c1-18-12-7-8-13(14(9-12)19-2)15(16)10-3-5-11(17)6-4-10/h3-9,15H,1-2H3","RUWZXXVSBJWBFB-UHFFFAOYSA-N"
43500393,"1-[Chloro(2-iodophenyl)methyl]-2,4-dimethoxybenzene",387.972687,"C15H14ClIO2","COc1ccc(c(c1)OC)C(c2ccccc2I)Cl","InChI=1S/C15H14ClIO2/c1-18-10-7-8-12(14(9-10)19-2)15(16)11-5-3-4-6-13(11)17/h3-9,15H,1-2H3","RJNAVUZTYUEINA-UHFFFAOYSA-N"
43500413,"1-[Chloro(3-iodophenyl)methyl]-2,4-dimethoxybenzene",387.972687,"C15H14ClIO2","COc1ccc(c(c1)OC)C(c2cccc(c2)I)Cl","InChI=1S/C15H14ClIO2/c1-18-12-6-7-13(14(9-12)19-2)15(16)10-4-3-5-11(17)8-10/h3-9,15H,1-2H3","ILBMGPXYKGEWLJ-UHFFFAOYSA-N"
