"Identifier","CompoundName","MonoisotopicMass","MolecularFormula","SMILES","InChI","InChIKey"
8123,"N,N-Bis(2-hydroxyethyl)dodecanamide",287.246033,"C16H33NO3","CCCCCCCCCCCC(=O)N(CCO)CCO","InChI=1S/C16H33NO3/c1-2-3-4-5-6-7-8-9-10-11-16(20)17(12-14-18)13-15-19/h18-19H,2-15H2,1H3","AOMUHOFOVNGZAN-UHFFFAOYSA-N"
139799,"2-(Dimethylnitroryl)ethyl laurate",287.246033,"C16H33NO3","CCCCCCCCCCCC(=O)OCC[N+](C)(C)[O-]","InChI=1S/C16H33NO3/c1-4-5-6-7-8-9-10-11-12-13-16(18)20-15-14-17(2,3)19/h4-15H2,1-3H3","HBOHFDZWXXIZJU-UHFFFAOYSA-N"
146961,"Dodecanoic acid - morpholine (1:1)",287.246033,"C16H33NO3","CCCCCCCCCCCC(=O)O.C1COCCN1","InChI=1S/C12H24O2.C4H9NO/c1-2-3-4-5-6-7-8-9-10-11-12(13)14;1-3-6-4-2-5-1/h2-11H2,1H3,(H,13,14);5H,1-4H2","XOCPFOARSHYLBQ-UHFFFAOYSA-N"
147334,"2-[(2-Hydroxyethyl)amino]ethyl laurate",287.246033,"C16H33NO3","CCCCCCCCCCCC(=O)OCCNCCO","InChI=1S/C16H33NO3/c1-2-3-4-5-6-7-8-9-10-11-16(19)20-15-13-17-12-14-18/h17-18H,2-15H2,1H3","QJUDUGQUIHBCLC-UHFFFAOYSA-N"
147460,"N-[2-(2-Hydroxyethoxy)ethyl]dodecanamide",287.246033,"C16H33NO3","CCCCCCCCCCCC(=O)NCCOCCO","InChI=1S/C16H33NO3/c1-2-3-4-5-6-7-8-9-10-11-16(19)17-12-14-20-15-13-18/h18H,2-15H2,1H3,(H,17,19)","SIFSGJHNINUHSG-UHFFFAOYSA-N"
184606,"2-(Hydroxymethyl)-2-methylpentyl dibutylcarbamate",287.246033,"C16H33NO3","CCCCN(CCCC)C(=O)OCC(C)(CCC)CO","InChI=1S/C16H33NO3/c1-5-8-11-17(12-9-6-2)15(19)20-14-16(4,13-18)10-7-3/h18H,5-14H2,1-4H3","CMBVQXWTMHCRGN-UHFFFAOYSA-N"
309348,"2-Hydroxypropyl dodecylcarbamate",287.246033,"C16H33NO3","CCCCCCCCCCCCNC(=O)OCC(C)O","InChI=1S/C16H33NO3/c1-3-4-5-6-7-8-9-10-11-12-13-17-16(19)20-14-15(2)18/h15,18H,3-14H2,1-2H3,(H,17,19)","JATKNQSFORQACL-UHFFFAOYSA-N"
309349,"1-Hydroxy-2-propanyl dodecylcarbamate",287.246033,"C16H33NO3","CCCCCCCCCCCCNC(=O)OC(C)CO","InChI=1S/C16H33NO3/c1-3-4-5-6-7-8-9-10-11-12-13-17-16(19)20-15(2)14-18/h15,18H,3-14H2,1-2H3,(H,17,19)","YRZDTZDHQGSTIU-UHFFFAOYSA-N"
505731,"2-[2-(Hexyloxy)ethoxy]-N,N-dipropylacetamide",287.246033,"C16H33NO3","CCCCCCOCCOCC(=O)N(CCC)CCC","InChI=1S/C16H33NO3/c1-4-7-8-9-12-19-13-14-20-15-16(18)17(10-5-2)11-6-3/h4-15H2,1-3H3","YIFXFKZFEZLKTR-UHFFFAOYSA-N"
2630004,"Methyl 11-(diethylamino)-10-hydroxyundecanoate",287.246033,"C16H33NO3","CCN(CC)CC(CCCCCCCCC(=O)OC)O","InChI=1S/C16H33NO3/c1-4-17(5-2)14-15(18)12-10-8-6-7-9-11-13-16(19)20-3/h15,18H,4-14H2,1-3H3","VQDIZCMDQNMFSY-UHFFFAOYSA-N"
2870591,"O-Tridecylserine",287.246033,"C16H33NO3","CCCCCCCCCCCCCOCC(C(=O)O)N","InChI=1S/C16H33NO3/c1-2-3-4-5-6-7-8-9-10-11-12-13-20-14-15(17)16(18)19/h15H,2-14,17H2,1H3,(H,18,19)","IHLUAFQQQDFWPJ-UHFFFAOYSA-N"
2925931,"[Dodecyl(2-hydroxyethyl)ammonio]acetate",287.246033,"C16H33NO3","CCCCCCCCCCCC[NH+](CCO)CC(=O)[O-]","InChI=1S/C16H33NO3/c1-2-3-4-5-6-7-8-9-10-11-12-17(13-14-18)15-16(19)20/h18H,2-15H2,1H3,(H,19,20)","PVADOOQKMYVERE-UHFFFAOYSA-N"
3323058,"Octyl [(hexyloxy)methyl]carbamate",287.246033,"C16H33NO3","CCCCCCCCOC(=O)NCOCCCCCC","InChI=1S/C16H33NO3/c1-3-5-7-9-10-12-14-20-16(18)17-15-19-13-11-8-6-4-2/h3-15H2,1-2H3,(H,17,18)","DOEPMNVCQSBYLM-UHFFFAOYSA-N"
7035271,"1-{(2S)-2-Hydroxy-3-[(2-methyl-2-propanyl)oxy]propyl}-2,2,6,6-tetramethyl-4-piperidinol",287.246033,"C16H33NO3","O[C@@H](CN1C(CC(O)CC1(C)C)(C)C)COC(C)(C)C","InChI=1S/C16H33NO3/c1-14(2,3)20-11-13(19)10-17-15(4,5)8-12(18)9-16(17,6)7/h12-13,18-19H,8-11H2,1-7H3/t13-/m0/s1","ZXRAFLNKANQSSN-ZDUSSCGKSA-N"
7035273,"1-{(2R)-2-Hydroxy-3-[(2-methyl-2-propanyl)oxy]propyl}-2,2,6,6-tetramethyl-4-piperidinol",287.246033,"C16H33NO3","O[C@H](CN1C(CC(O)CC1(C)C)(C)C)COC(C)(C)C","InChI=1S/C16H33NO3/c1-14(2,3)20-11-13(19)10-17-15(4,5)8-12(18)9-16(17,6)7/h12-13,18-19H,8-11H2,1-7H3/t13-/m1/s1","ZXRAFLNKANQSSN-CYBMUJFWSA-N"
8058062,"4-(Octyloxy)-2-(1-pyrrolidinyl)-1,3-butanediol",287.246033,"C16H33NO3","OCC(N1CCCC1)C(O)COCCCCCCCC","InChI=1S/C16H33NO3/c1-2-3-4-5-6-9-12-20-14-16(19)15(13-18)17-10-7-8-11-17/h15-16,18-19H,2-14H2,1H3","CXRHQKJQGLBVBA-UHFFFAOYSA-N"
8141313,"(2S,3R,4R,5S)-2-Ethyl-1-nonyl-3,4,5-piperidinetriol",287.246033,"C16H33NO3","O[C@@H]1[C@@H](N(CCCCCCCCC)C[C@H](O)[C@H]1O)CC","InChI=1S/C16H33NO3/c1-3-5-6-7-8-9-10-11-17-12-14(18)16(20)15(19)13(17)4-2/h13-16,18-20H,3-12H2,1-2H3/t13-,14-,15+,16+/m0/s1","BECNJEJBAKPVND-CAOSSQGBSA-N"
8644733,"3-Hydroxy-N-(2-hydroxyethyl)tetradecanamide",287.246033,"C16H33NO3","O=C(NCCO)CC(O)CCCCCCCCCCC","InChI=1S/C16H33NO3/c1-2-3-4-5-6-7-8-9-10-11-15(19)14-16(20)17-12-13-18/h15,18-19H,2-14H2,1H3,(H,17,20)","LOWOEAFVJRKDJG-UHFFFAOYSA-N"
8668946,"(4S)-4-(1,4,7-Dioxazonan-7-yl)-3-ethyl-6-methyl-3-heptanol",287.246033,"C16H33NO3","O1CCN(CCOCC1)[C@@H](CC(C)C)C(O)(CC)CC","InChI=1S/C16H33NO3/c1-5-16(18,6-2)15(13-14(3)4)17-7-9-19-11-12-20-10-8-17/h14-15,18H,5-13H2,1-4H3/t15-/m0/s1","DZSYXKFHNVKOHB-HNNXBMFYSA-N"
9197708,"Hexadecyl nitrate",287.246033,"C16H33NO3","CCCCCCCCCCCCCCCCO[N+](=O)[O-]","InChI=1S/C16H33NO3/c1-2-3-4-5-6-7-8-9-10-11-12-13-14-15-16-20-17(18)19/h2-16H2,1H3","PJEUHQVUOWGBGZ-UHFFFAOYSA-N"
9589879,"(2R,5S)-2-[(2R)-2-Hydroxyhexyl]-5-[(2S)-2-hydroxyhexyl]-1-pyrrolidinol",287.246033,"C16H33NO3","O[C@@H](C[C@@H]1N(O)[C@@H](CC1)C[C@@H](O)CCCC)CCCC","InChI=1S/C16H33NO3/c1-3-5-7-15(18)11-13-9-10-14(17(13)20)12-16(19)8-6-4-2/h13-16,18-20H,3-12H2,1-2H3/t13-,14+,15-,16+","SFVOGZGIONJKEM-GEEKYZPCSA-N"
12263253,"1-(3-tert-Butoxy-2-hydroxypropyl)-2,2,6,6-tetramethylpiperidin-4-ol",287.246033,"C16H33NO3","CC1(CC(CC(N1CC(COC(C)(C)C)O)(C)C)O)C","InChI=1S/C16H33NO3/c1-14(2,3)20-11-13(19)10-17-15(4,5)8-12(18)9-16(17,6)7/h12-13,18-19H,8-11H2,1-7H3","ZXRAFLNKANQSSN-UHFFFAOYSA-N"
17460846,"O-Tridecyl-D-serine",287.246033,"C16H33NO3","CCCCCCCCCCCCCOC[C@H](C(=O)O)N","InChI=1S/C16H33NO3/c1-2-3-4-5-6-7-8-9-10-11-12-13-20-14-15(17)16(18)19/h15H,2-14,17H2,1H3,(H,18,19)/t15-/m1/s1","IHLUAFQQQDFWPJ-OAHLLOKOSA-N"
22763430,"N-(1,4-Dioxan-2-ylmethyl)-7-methoxy-3,7-dimethyl-1-octanamine",287.246033,"C16H33NO3","CC(CCCC(C)(C)OC)CCNCC1COCCO1","InChI=1S/C16H33NO3/c1-14(6-5-8-16(2,3)18-4)7-9-17-12-15-13-19-10-11-20-15/h14-15,17H,5-13H2,1-4H3","LAWRPDCZPOXVBA-UHFFFAOYSA-N"
23183326,"4-Methyl-6-(nonylamino)-1,2,3-cyclohexanetriol",287.246033,"C16H33NO3","CCCCCCCCCNC1CC(C(C(C1O)O)O)C","InChI=1S/C16H33NO3/c1-3-4-5-6-7-8-9-10-17-13-11-12(2)14(18)16(20)15(13)19/h12-20H,3-11H2,1-2H3","GBIFJVNCSQWCOB-UHFFFAOYSA-N"
24823233,"(2R,3R,6R)-6-(8-Hydroxydecyl)-2-(hydroxymethyl)-3-piperidinol",287.246033,"C16H33NO3","CCC(CCCCCCC[C@@H]1CC[C@H]([C@H](N1)CO)O)O","InChI=1S/C16H33NO3/c1-2-14(19)9-7-5-3-4-6-8-13-10-11-16(20)15(12-18)17-13/h13-20H,2-12H2,1H3/t13-,14?,15-,16-/m1/s1","SEUBYHFHBZVRCC-QGAIPKOMSA-N"
26377165,"(2S,3S,4S,5S)-2-(Hydroxymethyl)-5-undecyl-3,4-pyrrolidinediol",287.246033,"C16H33NO3","CCCCCCCCCCC[C@H]1[C@@H]([C@H]([C@@H](N1)CO)O)O","InChI=1S/C16H33NO3/c1-2-3-4-5-6-7-8-9-10-11-13-15(19)16(20)14(12-18)17-13/h13-20H,2-12H2,1H3/t13-,14-,15-,16-/m0/s1","ZFHPRXXBOYYMCJ-VGWMRTNUSA-N"
28590601,"N-(1,3-Dihydroxy-2-undecanyl)-3-methylbutanamide",287.246033,"C16H33NO3","CCCCCCCCC(C(CO)NC(=O)CC(C)C)O","InChI=1S/C16H33NO3/c1-4-5-6-7-8-9-10-15(19)14(12-18)17-16(20)11-13(2)3/h13-15,18-19H,4-12H2,1-3H3,(H,17,20)","NPJYCWOPUNAVJC-UHFFFAOYSA-N"
28591946,"Tetradecyl (hydroxymethyl)carbamate",287.246033,"C16H33NO3","CCCCCCCCCCCCCCOC(=O)NCO","InChI=1S/C16H33NO3/c1-2-3-4-5-6-7-8-9-10-11-12-13-14-20-16(19)17-15-18/h18H,2-15H2,1H3,(H,17,19)","SSOLAKZDLZVCAQ-UHFFFAOYSA-N"
30918842,"N-[(2R,3S)-3-(Methoxymethoxy)-2-dodecanyl]acetamide",287.246033,"C16H33NO3","CCCCCCCCC[C@@H]([C@@H](C)NC(=O)C)OCOC","InChI=1S/C16H33NO3/c1-5-6-7-8-9-10-11-12-16(20-13-19-4)14(2)17-15(3)18/h14,16H,5-13H2,1-4H3,(H,17,18)/t14-,16+/m1/s1","WXRTUNPTLMRFQY-ZBFHGGJFSA-N"
30918853,"N-[(2S,3R)-3-(Methoxymethoxy)-2-dodecanyl]acetamide",287.246033,"C16H33NO3","CCCCCCCCC[C@H]([C@H](C)NC(=O)C)OCOC","InChI=1S/C16H33NO3/c1-5-6-7-8-9-10-11-12-16(20-13-19-4)14(2)17-15(3)18/h14,16H,5-13H2,1-4H3,(H,17,18)/t14-,16+/m0/s1","WXRTUNPTLMRFQY-GOEBONIOSA-N"
32698675,"[(2-Hydroxydodecyl)(dimethyl)ammonio]acetate",287.246033,"C16H33NO3","CCCCCCCCCCC(C[N+](C)(C)CC(=O)[O-])O","InChI=1S/C16H33NO3/c1-4-5-6-7-8-9-10-11-12-15(18)13-17(2,3)14-16(19)20/h15,18H,4-14H2,1-3H3","FZVXZMAYYKXMCH-UHFFFAOYSA-N"
32700181,"N,N-Bis(2-hydroxypropyl)decanamide",287.246033,"C16H33NO3","CCCCCCCCCC(=O)N(CC(C)O)CC(C)O","InChI=1S/C16H33NO3/c1-4-5-6-7-8-9-10-11-16(20)17(12-14(2)18)13-15(3)19/h14-15,18-19H,4-13H2,1-3H3","STVCRBHFDMVKRP-UHFFFAOYSA-N"
34991129,"N-[(2R)-2-Hydroxypropyl]-N-[(2S)-2-hydroxypropyl]decanamide",287.246033,"C16H33NO3","CCCCCCCCCC(=O)N(C[C@@H](C)O)C[C@H](C)O","InChI=1S/C16H33NO3/c1-4-5-6-7-8-9-10-11-16(20)17(12-14(2)18)13-15(3)19/h14-15,18-19H,4-13H2,1-3H3/t14-,15+","STVCRBHFDMVKRP-GASCZTMLSA-N"
34991130,"N,N-Bis[(2R)-2-hydroxypropyl]decanamide",287.246033,"C16H33NO3","CCCCCCCCCC(=O)N(C[C@@H](C)O)C[C@@H](C)O","InChI=1S/C16H33NO3/c1-4-5-6-7-8-9-10-11-16(20)17(12-14(2)18)13-15(3)19/h14-15,18-19H,4-13H2,1-3H3/t14-,15-/m1/s1","STVCRBHFDMVKRP-HUUCEWRRSA-N"
34991131,"N,N-Bis[(2S)-2-hydroxypropyl]decanamide",287.246033,"C16H33NO3","CCCCCCCCCC(=O)N(C[C@H](C)O)C[C@H](C)O","InChI=1S/C16H33NO3/c1-4-5-6-7-8-9-10-11-16(20)17(12-14(2)18)13-15(3)19/h14-15,18-19H,4-13H2,1-3H3/t14-,15-/m0/s1","STVCRBHFDMVKRP-GJZGRUSLSA-N"
35583960,"1-(2-Butoxyethoxy)-3-[(2,2-dimethylcyclopentyl)amino]-2-propanol",287.246033,"C16H33NO3","CCCCOCCOCC(CNC1CCCC1(C)C)O","InChI=1S/C16H33NO3/c1-4-5-9-19-10-11-20-13-14(18)12-17-15-7-6-8-16(15,2)3/h14-15,17-18H,4-13H2,1-3H3","ZGOSMXYJDSMFEW-UHFFFAOYSA-N"
35591467,"1-[(2,2-Dimethylcyclohexyl)amino]-3-(2-isopropoxyethoxy)-2-propanol",287.246033,"C16H33NO3","CC(C)OCCOCC(CNC1CCCCC1(C)C)O","InChI=1S/C16H33NO3/c1-13(2)20-10-9-19-12-14(18)11-17-15-7-5-6-8-16(15,3)4/h13-15,17-18H,5-12H2,1-4H3","ARHKLDKXXRODFT-UHFFFAOYSA-N"
35726429,"4-{[Isobutyl(2-methoxyethyl)amino]methyl}-2,2,5,5-tetramethyltetrahydro-3-furanol (non-preferred name)",287.246033,"C16H33NO3","CC(C)CN(CCOC)CC1C(C(OC1(C)C)(C)C)O","InChI=1S/C16H33NO3/c1-12(2)10-17(8-9-19-7)11-13-14(18)16(5,6)20-15(13,3)4/h12-14,18H,8-11H2,1-7H3","NGHUWRJMBQDPPW-UHFFFAOYSA-N"
35726481,"4-{[(2-Hydroxyethyl)(3-pentanyl)amino]methyl}-2,2,5,5-tetramethyltetrahydro-3-furanol (non-preferred name)",287.246033,"C16H33NO3","CCC(CC)N(CCO)CC1C(C(OC1(C)C)(C)C)O","InChI=1S/C16H33NO3/c1-7-12(8-2)17(9-10-18)11-13-14(19)16(5,6)20-15(13,3)4/h12-14,18-19H,7-11H2,1-6H3","ANCBBGXOQYQIMT-UHFFFAOYSA-N"
35726483,"4-{[sec-Butyl(2-methoxyethyl)amino]methyl}-2,2,5,5-tetramethyltetrahydro-3-furanol (non-preferred name)",287.246033,"C16H33NO3","CCC(C)N(CCOC)CC1C(C(OC1(C)C)(C)C)O","InChI=1S/C16H33NO3/c1-8-12(2)17(9-10-19-7)11-13-14(18)16(5,6)20-15(13,3)4/h12-14,18H,8-11H2,1-7H3","VIUWWUDYDXCGRR-UHFFFAOYSA-N"
35823036,"Ethyl 2-methyl-5-[(3-methyl-2-butanyl)oxy]-N-propylnorvalinate",287.246033,"C16H33NO3","CCCNC(C)(CCCOC(C)C(C)C)C(=O)OCC","InChI=1S/C16H33NO3/c1-7-11-17-16(6,15(18)19-8-2)10-9-12-20-14(5)13(3)4/h13-14,17H,7-12H2,1-6H3","BESDYKZYNIWZCB-UHFFFAOYSA-N"
35823044,"Ethyl N-ethyl-2-methyl-6-[(3-methyl-2-butanyl)oxy]norleucinate",287.246033,"C16H33NO3","CCNC(C)(CCCCOC(C)C(C)C)C(=O)OCC","InChI=1S/C16H33NO3/c1-7-17-16(6,15(18)19-8-2)11-9-10-12-20-14(5)13(3)4/h13-14,17H,7-12H2,1-6H3","KBPKTQAMDPNLRF-UHFFFAOYSA-N"
35823101,"Methyl N-isopropyl-2-methyl-6-[(3-methyl-2-butanyl)oxy]norleucinate",287.246033,"C16H33NO3","CC(C)C(C)OCCCCC(C)(C(=O)OC)NC(C)C","InChI=1S/C16H33NO3/c1-12(2)14(5)20-11-9-8-10-16(6,15(18)19-7)17-13(3)4/h12-14,17H,8-11H2,1-7H3","KFUMYXCAKTXWJG-UHFFFAOYSA-N"
35823121,"Ethyl N-isopropyl-2-methyl-5-[(3-methyl-2-butanyl)oxy]norvalinate",287.246033,"C16H33NO3","CCOC(=O)C(C)(CCCOC(C)C(C)C)NC(C)C","InChI=1S/C16H33NO3/c1-8-19-15(18)16(7,17-13(4)5)10-9-11-20-14(6)12(2)3/h12-14,17H,8-11H2,1-7H3","PSBWVCKGUIRZGE-UHFFFAOYSA-N"
35823128,"Methyl 2-methyl-6-[(3-methyl-2-butanyl)oxy]-N-propylnorleucinate",287.246033,"C16H33NO3","CCCNC(C)(CCCCOC(C)C(C)C)C(=O)OC","InChI=1S/C16H33NO3/c1-7-11-17-16(5,15(18)19-6)10-8-9-12-20-14(4)13(2)3/h13-14,17H,7-12H2,1-6H3","JIPZEBHOTFEXMJ-UHFFFAOYSA-N"
36200430,"6-{[(2-Methoxyethyl)(3-methoxypropyl)amino]methyl}-2,2-dimethylcyclohexanol",287.246033,"C16H33NO3","CC1(CCCC(C1O)CN(CCCOC)CCOC)C","InChI=1S/C16H33NO3/c1-16(2)8-5-7-14(15(16)18)13-17(10-12-20-4)9-6-11-19-3/h14-15,18H,5-13H2,1-4H3","LHNDZQKSWIWAOW-UHFFFAOYSA-N"
36200464,"6-{[(2-Methoxyethyl)(1-methoxy-2-propanyl)amino]methyl}-2,2-dimethylcyclohexanol",287.246033,"C16H33NO3","CC(COC)N(CCOC)CC1CCCC(C1O)(C)C","InChI=1S/C16H33NO3/c1-13(12-20-5)17(9-10-19-4)11-14-7-6-8-16(2,3)15(14)18/h13-15,18H,6-12H2,1-5H3","TYNNOOIKTKHONE-UHFFFAOYSA-N"
36233213,"[3-(2-Butoxyethoxy)-1-(propylamino)cyclohexyl]methanol",287.246033,"C16H33NO3","CCCCOCCOC1CCCC(C1)(CO)NCCC","InChI=1S/C16H33NO3/c1-3-5-10-19-11-12-20-15-7-6-8-16(13-15,14-18)17-9-4-2/h15,17-18H,3-14H2,1-2H3","KDLSMRCLSCVEJD-UHFFFAOYSA-N"
36233217,"[3-(2-Butoxyethoxy)-1-(isopropylamino)cyclohexyl]methanol",287.246033,"C16H33NO3","CCCCOCCOC1CCCC(C1)(CO)NC(C)C","InChI=1S/C16H33NO3/c1-4-5-9-19-10-11-20-15-7-6-8-16(12-15,13-18)17-14(2)3/h14-15,17-18H,4-13H2,1-3H3","ULBOBRVXIPOPHP-UHFFFAOYSA-N"
36587443,"1-{[(3,3-Diethoxypropyl)amino]methyl}-4,4-dimethylcyclohexanol",287.246033,"C16H33NO3","CCOC(CCNCC1(CCC(CC1)(C)C)O)OCC","InChI=1S/C16H33NO3/c1-5-19-14(20-6-2)7-12-17-13-16(18)10-8-15(3,4)9-11-16/h14,17-18H,5-13H2,1-4H3","CSEUTIUKKGZAJE-UHFFFAOYSA-N"
36587447,"1-{[(3,3-Diethoxypropyl)amino]methyl}-4-ethylcyclohexanol",287.246033,"C16H33NO3","CCC1CCC(CC1)(CNCCC(OCC)OCC)O","InChI=1S/C16H33NO3/c1-4-14-7-10-16(18,11-8-14)13-17-12-9-15(19-5-2)20-6-3/h14-15,17-18H,4-13H2,1-3H3","FONGOAMTWIBFJM-UHFFFAOYSA-N"
36798980,"1-{[(3-Methyl-3-oxetanyl)methyl]amino}-3-(octyloxy)-2-propanol",287.246033,"C16H33NO3","CCCCCCCCOCC(CNCC1(COC1)C)O","InChI=1S/C16H33NO3/c1-3-4-5-6-7-8-9-19-11-15(18)10-17-12-16(2)13-20-14-16/h15,17-18H,3-14H2,1-2H3","LGITYLKADNDWPO-UHFFFAOYSA-N"
36836951,"4-({3-[(2-Ethylcyclohexyl)oxy]-2-hydroxypropyl}amino)-1-pentanol",287.246033,"C16H33NO3","CCC1CCCCC1OCC(CNC(C)CCCO)O","InChI=1S/C16H33NO3/c1-3-14-8-4-5-9-16(14)20-12-15(19)11-17-13(2)7-6-10-18/h13-19H,3-12H2,1-2H3","KJSWWQFHHFPAAM-UHFFFAOYSA-N"
36844444,"3-[({2-Hydroxy-3-[(2-methylcyclohexyl)oxy]propyl}amino)methyl]-1-pentanol",287.246033,"C16H33NO3","CCC(CCO)CNCC(COC1CCCCC1C)O","InChI=1S/C16H33NO3/c1-3-14(8-9-18)10-17-11-15(19)12-20-16-7-5-4-6-13(16)2/h13-19H,3-12H2,1-2H3","MBVLPAKJZLUSCI-UHFFFAOYSA-N"
36844701,"3-[({2-Hydroxy-3-[(4-methylcyclohexyl)oxy]propyl}amino)methyl]-1-pentanol",287.246033,"C16H33NO3","CCC(CCO)CNCC(COC1CCC(CC1)C)O","InChI=1S/C16H33NO3/c1-3-14(8-9-18)10-17-11-15(19)12-20-16-6-4-13(2)5-7-16/h13-19H,3-12H2,1-2H3","NCHRAQOTPYTNTE-UHFFFAOYSA-N"
36844775,"3-[({2-Hydroxy-3-[(3-methylcyclohexyl)oxy]propyl}amino)methyl]-1-pentanol",287.246033,"C16H33NO3","CCC(CCO)CNCC(COC1CCCC(C1)C)O","InChI=1S/C16H33NO3/c1-3-14(7-8-18)10-17-11-15(19)12-20-16-6-4-5-13(2)9-16/h13-19H,3-12H2,1-2H3","FTFPUDCKIVDLKF-UHFFFAOYSA-N"
37179874,"1-[(3,3-Dimethylcyclohexyl)amino]-3-(2-isopropoxyethoxy)-2-propanol",287.246033,"C16H33NO3","CC(C)OCCOCC(CNC1CCCC(C1)(C)C)O","InChI=1S/C16H33NO3/c1-13(2)20-9-8-19-12-15(18)11-17-14-6-5-7-16(3,4)10-14/h13-15,17-18H,5-12H2,1-4H3","SFNHLFWXPDERRC-UHFFFAOYSA-N"
37325920,"1-{[(1S)-1-Cyclohexylethyl]amino}-3-(2-isopropoxyethoxy)-2-propanol",287.246033,"C16H33NO3","C[C@@H](C1CCCCC1)NCC(COCCOC(C)C)O","InChI=1S/C16H33NO3/c1-13(2)20-10-9-19-12-16(18)11-17-14(3)15-7-5-4-6-8-15/h13-18H,4-12H2,1-3H3/t14-,16?/m0/s1","XTZRINUNXXIIIP-LBAUFKAWSA-N"
37326278,"1-{[(1R)-1-Cyclohexylethyl]amino}-3-(2-isopropoxyethoxy)-2-propanol",287.246033,"C16H33NO3","C[C@H](C1CCCCC1)NCC(COCCOC(C)C)O","InChI=1S/C16H33NO3/c1-13(2)20-10-9-19-12-16(18)11-17-14(3)15-7-5-4-6-8-15/h13-18H,4-12H2,1-3H3/t14-,16?/m1/s1","XTZRINUNXXIIIP-IURRXHLWSA-N"
37328591,"1-(2-Butoxyethoxy)-3-{[(1S)-1-cyclopentylethyl]amino}-2-propanol",287.246033,"C16H33NO3","CCCCOCCOCC(CN[C@@H](C)C1CCCC1)O","InChI=1S/C16H33NO3/c1-3-4-9-19-10-11-20-13-16(18)12-17-14(2)15-7-5-6-8-15/h14-18H,3-13H2,1-2H3/t14-,16?/m0/s1","AIHFOAUIQRAPGB-LBAUFKAWSA-N"
37328993,"1-(2-Butoxyethoxy)-3-{[(1R)-1-cyclopentylethyl]amino}-2-propanol",287.246033,"C16H33NO3","CCCCOCCOCC(CN[C@H](C)C1CCCC1)O","InChI=1S/C16H33NO3/c1-3-4-9-19-10-11-20-13-16(18)12-17-14(2)15-7-5-6-8-15/h14-18H,3-13H2,1-2H3/t14-,16?/m1/s1","AIHFOAUIQRAPGB-IURRXHLWSA-N"
37332227,"1-{[(1S)-1-Cycloheptylethyl]amino}-3-(2-ethoxyethoxy)-2-propanol",287.246033,"C16H33NO3","CCOCCOCC(CN[C@@H](C)C1CCCCCC1)O","InChI=1S/C16H33NO3/c1-3-19-10-11-20-13-16(18)12-17-14(2)15-8-6-4-5-7-9-15/h14-18H,3-13H2,1-2H3/t14-,16?/m0/s1","MCMMXIIFAXVBCJ-LBAUFKAWSA-N"
37880586,"1-(Octyloxy)-3-[(tetrahydro-2-furanylmethyl)amino]-2-propanol",287.246033,"C16H33NO3","CCCCCCCCOCC(CNCC1CCCO1)O","InChI=1S/C16H33NO3/c1-2-3-4-5-6-7-10-19-14-15(18)12-17-13-16-9-8-11-20-16/h15-18H,2-14H2,1H3","FFIDFCUEWIERGQ-UHFFFAOYSA-N"
37880589,"1-[(2-Ethylhexyl)oxy]-3-[(tetrahydro-2-furanylmethyl)amino]-2-propanol",287.246033,"C16H33NO3","CCCCC(CC)COCC(CNCC1CCCO1)O","InChI=1S/C16H33NO3/c1-3-5-7-14(4-2)12-19-13-15(18)10-17-11-16-8-6-9-20-16/h14-18H,3-13H2,1-2H3","AFSLOQGMPRIVOY-UHFFFAOYSA-N"
37881086,"1-[(3-Ethoxypropyl)amino]-3-[(2-ethylcyclohexyl)oxy]-2-propanol",287.246033,"C16H33NO3","CCC1CCCCC1OCC(CNCCCOCC)O","InChI=1S/C16H33NO3/c1-3-14-8-5-6-9-16(14)20-13-15(18)12-17-10-7-11-19-4-2/h14-18H,3-13H2,1-2H3","VLYUOCQHZXVGHU-UHFFFAOYSA-N"
39002525,"N,2-Dimethyl-6-(2-octanyloxy)norleucine",287.246033,"C16H33NO3","CCCCCCC(C)OCCCCC(C)(C(=O)O)NC","InChI=1S/C16H33NO3/c1-5-6-7-8-11-14(2)20-13-10-9-12-16(3,17-4)15(18)19/h14,17H,5-13H2,1-4H3,(H,18,19)","GMVQPDDBIPDLNO-UHFFFAOYSA-N"
39002527,"Methyl 2-methyl-6-(2-octanyloxy)norleucinate",287.246033,"C16H33NO3","CCCCCCC(C)OCCCCC(C)(C(=O)OC)N","InChI=1S/C16H33NO3/c1-5-6-7-8-11-14(2)20-13-10-9-12-16(3,17)15(18)19-4/h14H,5-13,17H2,1-4H3","BXNYGAOGGFOXTF-UHFFFAOYSA-N"
39002535,"Ethyl 2-methyl-5-(2-octanyloxy)norvalinate",287.246033,"C16H33NO3","CCCCCCC(C)OCCCC(C)(C(=O)OCC)N","InChI=1S/C16H33NO3/c1-5-7-8-9-11-14(3)20-13-10-12-16(4,17)15(18)19-6-2/h14H,5-13,17H2,1-4H3","LMLPCSWZFQZKBT-UHFFFAOYSA-N"
39002537,"Methyl N,2-dimethyl-5-(2-octanyloxy)norvalinate",287.246033,"C16H33NO3","CCCCCCC(C)OCCCC(C)(C(=O)OC)NC","InChI=1S/C16H33NO3/c1-6-7-8-9-11-14(2)20-13-10-12-16(3,17-4)15(18)19-5/h14,17H,6-13H2,1-5H3","FSJHYWWAKFJMDO-UHFFFAOYSA-N"
39002564,"Ethyl O-2-octanyl-N-propylserinate",287.246033,"C16H33NO3","CCCCCCC(C)OCC(C(=O)OCC)NCCC","InChI=1S/C16H33NO3/c1-5-8-9-10-11-14(4)20-13-15(17-12-6-2)16(18)19-7-3/h14-15,17H,5-13H2,1-4H3","VEIZMQBUDMTVKQ-UHFFFAOYSA-N"
39002567,"Ethyl N-isopropyl-O-2-octanylserinate",287.246033,"C16H33NO3","CCCCCCC(C)OCC(C(=O)OCC)NC(C)C","InChI=1S/C16H33NO3/c1-6-8-9-10-11-14(5)20-12-15(17-13(3)4)16(18)19-7-2/h13-15,17H,6-12H2,1-5H3","VETHDRKYQJTFIE-UHFFFAOYSA-N"
39002580,"5-(Heptyloxy)-N-isopropyl-2-methylnorvaline",287.246033,"C16H33NO3","CCCCCCCOCCCC(C)(C(=O)O)NC(C)C","InChI=1S/C16H33NO3/c1-5-6-7-8-9-12-20-13-10-11-16(4,15(18)19)17-14(2)3/h14,17H,5-13H2,1-4H3,(H,18,19)","HBBFMHZTXTXQLZ-UHFFFAOYSA-N"
39002587,"Ethyl O-heptyl-2-methyl-N-propylserinate",287.246033,"C16H33NO3","CCCCCCCOCC(C)(C(=O)OCC)NCCC","InChI=1S/C16H33NO3/c1-5-8-9-10-11-13-19-14-16(4,17-12-6-2)15(18)20-7-3/h17H,5-14H2,1-4H3","SBFYIENVPVNGMH-UHFFFAOYSA-N"
39002590,"Ethyl O-heptyl-N-isopropyl-2-methylserinate",287.246033,"C16H33NO3","CCCCCCCOCC(C)(C(=O)OCC)NC(C)C","InChI=1S/C16H33NO3/c1-6-8-9-10-11-12-19-13-16(5,17-14(3)4)15(18)20-7-2/h14,17H,6-13H2,1-5H3","FVRMXTBQWYUJMA-UHFFFAOYSA-N"
39002607,"Ethyl N-ethyl-4-(heptyloxy)isovalinate",287.246033,"C16H33NO3","CCCCCCCOCCC(C)(C(=O)OCC)NCC","InChI=1S/C16H33NO3/c1-5-8-9-10-11-13-19-14-12-16(4,17-6-2)15(18)20-7-3/h17H,5-14H2,1-4H3","ATLIGDPCVKTBOD-UHFFFAOYSA-N"
39002609,"Methyl 4-(heptyloxy)-N-propylisovalinate",287.246033,"C16H33NO3","CCCCCCCOCCC(C)(C(=O)OC)NCCC","InChI=1S/C16H33NO3/c1-5-7-8-9-10-13-20-14-11-16(3,15(18)19-4)17-12-6-2/h17H,5-14H2,1-4H3","VFSLMPYVUMCJQG-UHFFFAOYSA-N"
39002612,"Methyl 4-(heptyloxy)-N-isopropylisovalinate",287.246033,"C16H33NO3","CCCCCCCOCCC(C)(C(=O)OC)NC(C)C","InChI=1S/C16H33NO3/c1-6-7-8-9-10-12-20-13-11-16(4,15(18)19-5)17-14(2)3/h14,17H,6-13H2,1-5H3","BIFWCVQQWPXALH-UHFFFAOYSA-N"
39002628,"N-Ethyl-6-(heptyloxy)-2-methylnorleucine",287.246033,"C16H33NO3","CCCCCCCOCCCCC(C)(C(=O)O)NCC","InChI=1S/C16H33NO3/c1-4-6-7-8-10-13-20-14-11-9-12-16(3,15(18)19)17-5-2/h17H,4-14H2,1-3H3,(H,18,19)","HXPMLHIDBYIHTL-UHFFFAOYSA-N"
39002633,"Ethyl 6-(heptyloxy)-2-methylnorleucinate",287.246033,"C16H33NO3","CCCCCCCOCCCCC(C)(C(=O)OCC)N","InChI=1S/C16H33NO3/c1-4-6-7-8-10-13-19-14-11-9-12-16(3,17)15(18)20-5-2/h4-14,17H2,1-3H3","QGPCEJYERWFSQS-UHFFFAOYSA-N"
39002635,"Methyl 6-(heptyloxy)-N,2-dimethylnorleucinate",287.246033,"C16H33NO3","CCCCCCCOCCCCC(C)(C(=O)OC)NC","InChI=1S/C16H33NO3/c1-5-6-7-8-10-13-20-14-11-9-12-16(2,17-3)15(18)19-4/h17H,5-14H2,1-4H3","KRJGSHJZDVPAQW-UHFFFAOYSA-N"
39002645,"Ethyl 5-(heptyloxy)-N,2-dimethylnorvalinate",287.246033,"C16H33NO3","CCCCCCCOCCCC(C)(C(=O)OCC)NC","InChI=1S/C16H33NO3/c1-5-7-8-9-10-13-19-14-11-12-16(3,17-4)15(18)20-6-2/h17H,5-14H2,1-4H3","OLLBROZCDZCITK-UHFFFAOYSA-N"
39002647,"Methyl N-ethyl-5-(heptyloxy)-2-methylnorvalinate",287.246033,"C16H33NO3","CCCCCCCOCCCC(C)(C(=O)OC)NCC","InChI=1S/C16H33NO3/c1-5-7-8-9-10-13-20-14-11-12-16(3,17-6-2)15(18)19-4/h17H,5-14H2,1-4H3","QFPSJBBQHMHCIQ-UHFFFAOYSA-N"
39002876,"Ethyl 2-methyl-6-[(2-methyl-2-propanyl)oxy]-N-propylnorleucinate",287.246033,"C16H33NO3","CCCNC(C)(CCCCOC(C)(C)C)C(=O)OCC","InChI=1S/C16H33NO3/c1-7-12-17-16(6,14(18)19-8-2)11-9-10-13-20-15(3,4)5/h17H,7-13H2,1-6H3","QCKMFKXPBKTYTE-UHFFFAOYSA-N"
39002879,"Ethyl N-isopropyl-2-methyl-6-[(2-methyl-2-propanyl)oxy]norleucinate",287.246033,"C16H33NO3","CCOC(=O)C(C)(CCCCOC(C)(C)C)NC(C)C","InChI=1S/C16H33NO3/c1-8-19-14(18)16(7,17-13(2)3)11-9-10-12-20-15(4,5)6/h13,17H,8-12H2,1-7H3","IRBQILCMABUCPH-UHFFFAOYSA-N"
39003012,"N-Ethyl-5-[(2-ethylhexyl)oxy]-2-methylnorvaline",287.246033,"C16H33NO3","CCCCC(CC)COCCCC(C)(C(=O)O)NCC","InChI=1S/C16H33NO3/c1-5-8-10-14(6-2)13-20-12-9-11-16(4,15(18)19)17-7-3/h14,17H,5-13H2,1-4H3,(H,18,19)","BRQHYQDBAFQJLB-UHFFFAOYSA-N"
39003016,"Ethyl N-ethyl-O-(2-ethylhexyl)-2-methylserinate",287.246033,"C16H33NO3","CCCCC(CC)COCC(C)(C(=O)OCC)NCC","InChI=1S/C16H33NO3/c1-6-10-11-14(7-2)12-19-13-16(5,17-8-3)15(18)20-9-4/h14,17H,6-13H2,1-5H3","CVMKLYYXDSRHPX-UHFFFAOYSA-N"
39003018,"Methyl O-(2-ethylhexyl)-2-methyl-N-propylserinate",287.246033,"C16H33NO3","CCCCC(CC)COCC(C)(C(=O)OC)NCCC","InChI=1S/C16H33NO3/c1-6-9-10-14(8-3)12-20-13-16(4,15(18)19-5)17-11-7-2/h14,17H,6-13H2,1-5H3","WDERJTITMVUECW-UHFFFAOYSA-N"
39003021,"Methyl O-(2-ethylhexyl)-N-isopropyl-2-methylserinate",287.246033,"C16H33NO3","CCCCC(CC)COCC(C)(C(=O)OC)NC(C)C","InChI=1S/C16H33NO3/c1-7-9-10-14(8-2)11-20-12-16(5,15(18)19-6)17-13(3)4/h13-14,17H,7-12H2,1-6H3","XWYGCHXOKKTQAX-UHFFFAOYSA-N"
39003029,"4-[(2-Ethylhexyl)oxy]-N-isopropylisovaline",287.246033,"C16H33NO3","CCCCC(CC)COCCC(C)(C(=O)O)NC(C)C","InChI=1S/C16H33NO3/c1-6-8-9-14(7-2)12-20-11-10-16(5,15(18)19)17-13(3)4/h13-14,17H,6-12H2,1-5H3,(H,18,19)","IYQCINFHRKPRKS-UHFFFAOYSA-N"
39003035,"Ethyl 4-[(2-ethylhexyl)oxy]-N-methylisovalinate",287.246033,"C16H33NO3","CCCCC(CC)COCCC(C)(C(=O)OCC)NC","InChI=1S/C16H33NO3/c1-6-9-10-14(7-2)13-19-12-11-16(4,17-5)15(18)20-8-3/h14,17H,6-13H2,1-5H3","AEBLIYFXAOYZJX-UHFFFAOYSA-N"
39003037,"Methyl N-ethyl-4-[(2-ethylhexyl)oxy]isovalinate",287.246033,"C16H33NO3","CCCCC(CC)COCCC(C)(C(=O)OC)NCC","InChI=1S/C16H33NO3/c1-6-9-10-14(7-2)13-20-12-11-16(4,17-8-3)15(18)19-5/h14,17H,6-13H2,1-5H3","LGNMCSSGCFLZIF-UHFFFAOYSA-N"
39003055,"6-[(2-Ethylhexyl)oxy]-N,2-dimethylnorleucine",287.246033,"C16H33NO3","CCCCC(CC)COCCCCC(C)(C(=O)O)NC","InChI=1S/C16H33NO3/c1-5-7-10-14(6-2)13-20-12-9-8-11-16(3,17-4)15(18)19/h14,17H,5-13H2,1-4H3,(H,18,19)","GWGAGRCBTYSICE-UHFFFAOYSA-N"
39003057,"Methyl 6-[(2-ethylhexyl)oxy]-2-methylnorleucinate",287.246033,"C16H33NO3","CCCCC(CC)COCCCCC(C)(C(=O)OC)N","InChI=1S/C16H33NO3/c1-5-7-10-14(6-2)13-20-12-9-8-11-16(3,17)15(18)19-4/h14H,5-13,17H2,1-4H3","HZYJWMLIHQLIEA-UHFFFAOYSA-N"
39003065,"Ethyl 5-[(2-ethylhexyl)oxy]-2-methylnorvalinate",287.246033,"C16H33NO3","CCCCC(CC)COCCCC(C)(C(=O)OCC)N","InChI=1S/C16H33NO3/c1-5-8-10-14(6-2)13-19-12-9-11-16(4,17)15(18)20-7-3/h14H,5-13,17H2,1-4H3","RULOXPDBPQMYIS-UHFFFAOYSA-N"
39003067,"Methyl 5-[(2-ethylhexyl)oxy]-N,2-dimethylnorvalinate",287.246033,"C16H33NO3","CCCCC(CC)COCCCC(C)(C(=O)OC)NC","InChI=1S/C16H33NO3/c1-6-8-10-14(7-2)13-20-12-9-11-16(3,17-4)15(18)19-5/h14,17H,6-13H2,1-5H3","BLSZIYSURNKNCD-UHFFFAOYSA-N"
39003094,"Ethyl O-(2-ethylhexyl)-N-propylserinate",287.246033,"C16H33NO3","CCCCC(CC)COCC(C(=O)OCC)NCCC","InChI=1S/C16H33NO3/c1-5-9-10-14(7-3)12-19-13-15(17-11-6-2)16(18)20-8-4/h14-15,17H,5-13H2,1-4H3","FYUCGHSSHMRPBF-UHFFFAOYSA-N"
39003097,"Ethyl O-(2-ethylhexyl)-N-isopropylserinate",287.246033,"C16H33NO3","CCCCC(CC)COCC(C(=O)OCC)NC(C)C","InChI=1S/C16H33NO3/c1-6-9-10-14(7-2)11-19-12-15(17-13(4)5)16(18)20-8-3/h13-15,17H,6-12H2,1-5H3","ZGNMQLIRMYDCGD-UHFFFAOYSA-N"
39003143,"Ethyl 4-[(4-methylpentyl)oxy]-N-propylisovalinate",287.246033,"C16H33NO3","CCCNC(C)(CCOCCCC(C)C)C(=O)OCC","InChI=1S/C16H33NO3/c1-6-11-17-16(5,15(18)20-7-2)10-13-19-12-8-9-14(3)4/h14,17H,6-13H2,1-5H3","LUZJFHFYHNNBGL-UHFFFAOYSA-N"
39003146,"Ethyl N-isopropyl-4-[(4-methylpentyl)oxy]isovalinate",287.246033,"C16H33NO3","CCOC(=O)C(C)(CCOCCCC(C)C)NC(C)C","InChI=1S/C16H33NO3/c1-7-20-15(18)16(6,17-14(4)5)10-12-19-11-8-9-13(2)3/h13-14,17H,7-12H2,1-6H3","DNAQGNMRNIVQCE-UHFFFAOYSA-N"
39003162,"2-Methyl-6-[(4-methylpentyl)oxy]-N-propylnorleucine",287.246033,"C16H33NO3","CCCNC(C)(CCCCOCCCC(C)C)C(=O)O","InChI=1S/C16H33NO3/c1-5-11-17-16(4,15(18)19)10-6-7-12-20-13-8-9-14(2)3/h14,17H,5-13H2,1-4H3,(H,18,19)","HBONETDYAHWDSF-UHFFFAOYSA-N"
39003163,"N-Isopropyl-2-methyl-6-[(4-methylpentyl)oxy]norleucine",287.246033,"C16H33NO3","CC(C)CCCOCCCCC(C)(C(=O)O)NC(C)C","InChI=1S/C16H33NO3/c1-13(2)9-8-12-20-11-7-6-10-16(5,15(18)19)17-14(3)4/h13-14,17H,6-12H2,1-5H3,(H,18,19)","PPBAFSIVBGFTLV-UHFFFAOYSA-N"
39003169,"Ethyl N,2-dimethyl-6-[(4-methylpentyl)oxy]norleucinate",287.246033,"C16H33NO3","CCOC(=O)C(C)(CCCCOCCCC(C)C)NC","InChI=1S/C16H33NO3/c1-6-20-15(18)16(4,17-5)11-7-8-12-19-13-9-10-14(2)3/h14,17H,6-13H2,1-5H3","HDNYXFYYTKXQEH-UHFFFAOYSA-N"
39003171,"Methyl N-ethyl-2-methyl-6-[(4-methylpentyl)oxy]norleucinate",287.246033,"C16H33NO3","CCNC(C)(CCCCOCCCC(C)C)C(=O)OC","InChI=1S/C16H33NO3/c1-6-17-16(4,15(18)19-5)11-7-8-12-20-13-9-10-14(2)3/h14,17H,6-13H2,1-5H3","ORFFEDSFGDSMFM-UHFFFAOYSA-N"
39003183,"Ethyl N-ethyl-2-methyl-5-[(4-methylpentyl)oxy]norvalinate",287.246033,"C16H33NO3","CCNC(C)(CCCOCCCC(C)C)C(=O)OCC","InChI=1S/C16H33NO3/c1-6-17-16(5,15(18)20-7-2)11-9-13-19-12-8-10-14(3)4/h14,17H,6-13H2,1-5H3","SJRSXTAKBQDIOG-UHFFFAOYSA-N"
39003185,"Methyl 2-methyl-5-[(4-methylpentyl)oxy]-N-propylnorvalinate",287.246033,"C16H33NO3","CCCNC(C)(CCCOCCCC(C)C)C(=O)OC","InChI=1S/C16H33NO3/c1-6-11-17-16(4,15(18)19-5)10-8-13-20-12-7-9-14(2)3/h14,17H,6-13H2,1-5H3","DTBVIKLXWQLECH-UHFFFAOYSA-N"
39003188,"Methyl N-isopropyl-2-methyl-5-[(4-methylpentyl)oxy]norvalinate",287.246033,"C16H33NO3","CC(C)CCCOCCCC(C)(C(=O)OC)NC(C)C","InChI=1S/C16H33NO3/c1-13(2)9-7-11-20-12-8-10-16(5,15(18)19-6)17-14(3)4/h13-14,17H,7-12H2,1-6H3","XCJMCVKZVRMFOA-UHFFFAOYSA-N"
39003231,"Methyl N-isopropyl-2-methyl-6-[(2-methyl-2-butanyl)oxy]norleucinate",287.246033,"C16H33NO3","CCC(C)(C)OCCCCC(C)(C(=O)OC)NC(C)C","InChI=1S/C16H33NO3/c1-8-15(4,5)20-12-10-9-11-16(6,14(18)19-7)17-13(2)3/h13,17H,8-12H2,1-7H3","PMQDFBLBHXNJHX-UHFFFAOYSA-N"
39003300,"Ethyl N-ethyl-2-methyl-6-[(2-methyl-2-butanyl)oxy]norleucinate",287.246033,"C16H33NO3","CCC(C)(C)OCCCCC(C)(C(=O)OCC)NCC","InChI=1S/C16H33NO3/c1-7-15(4,5)20-13-11-10-12-16(6,17-8-2)14(18)19-9-3/h17H,7-13H2,1-6H3","RURTYWOVPMDGHH-UHFFFAOYSA-N"
39003302,"Methyl 2-methyl-6-[(2-methyl-2-butanyl)oxy]-N-propylnorleucinate",287.246033,"C16H33NO3","CCCNC(C)(CCCCOC(C)(C)CC)C(=O)OC","InChI=1S/C16H33NO3/c1-7-12-17-16(5,14(18)19-6)11-9-10-13-20-15(3,4)8-2/h17H,7-13H2,1-6H3","DRRNCVPIAWLRNA-UHFFFAOYSA-N"
39003314,"Ethyl 2-methyl-5-[(2-methyl-2-butanyl)oxy]-N-propylnorvalinate",287.246033,"C16H33NO3","CCCNC(C)(CCCOC(C)(C)CC)C(=O)OCC","InChI=1S/C16H33NO3/c1-7-12-17-16(6,14(18)19-9-3)11-10-13-20-15(4,5)8-2/h17H,7-13H2,1-6H3","HHCHFLOZDPSHAT-UHFFFAOYSA-N"
39003317,"Ethyl N-isopropyl-2-methyl-5-[(2-methyl-2-butanyl)oxy]norvalinate",287.246033,"C16H33NO3","CCC(C)(C)OCCCC(C)(C(=O)OCC)NC(C)C","InChI=1S/C16H33NO3/c1-8-15(5,6)20-12-10-11-16(7,17-13(3)4)14(18)19-9-2/h13,17H,8-12H2,1-7H3","MMZVEAFVSRKOCA-UHFFFAOYSA-N"
39003997,"Methyl N-isopropyl-2-methyl-6-(3-methylbutoxy)norleucinate",287.246033,"C16H33NO3","CC(C)CCOCCCCC(C)(C(=O)OC)NC(C)C","InChI=1S/C16H33NO3/c1-13(2)9-12-20-11-8-7-10-16(5,15(18)19-6)17-14(3)4/h13-14,17H,7-12H2,1-6H3","DCICUVFUJLJZFJ-UHFFFAOYSA-N"
39004066,"Ethyl N-ethyl-2-methyl-6-(3-methylbutoxy)norleucinate",287.246033,"C16H33NO3","CCNC(C)(CCCCOCCC(C)C)C(=O)OCC","InChI=1S/C16H33NO3/c1-6-17-16(5,15(18)20-7-2)11-8-9-12-19-13-10-14(3)4/h14,17H,6-13H2,1-5H3","UUKVMWNFRSIBDF-UHFFFAOYSA-N"
39004068,"Methyl 2-methyl-6-(3-methylbutoxy)-N-propylnorleucinate",287.246033,"C16H33NO3","CCCNC(C)(CCCCOCCC(C)C)C(=O)OC","InChI=1S/C16H33NO3/c1-6-11-17-16(4,15(18)19-5)10-7-8-12-20-13-9-14(2)3/h14,17H,6-13H2,1-5H3","FJBRMWONGYZGIA-UHFFFAOYSA-N"
39004080,"Ethyl 2-methyl-5-(3-methylbutoxy)-N-propylnorvalinate",287.246033,"C16H33NO3","CCCNC(C)(CCCOCCC(C)C)C(=O)OCC","InChI=1S/C16H33NO3/c1-6-11-17-16(5,15(18)20-7-2)10-8-12-19-13-9-14(3)4/h14,17H,6-13H2,1-5H3","VFOZWJJZWYPUDX-UHFFFAOYSA-N"
39004083,"Ethyl N-isopropyl-2-methyl-5-(3-methylbutoxy)norvalinate",287.246033,"C16H33NO3","CCOC(=O)C(C)(CCCOCCC(C)C)NC(C)C","InChI=1S/C16H33NO3/c1-7-20-15(18)16(6,17-14(4)5)10-8-11-19-12-9-13(2)3/h13-14,17H,7-12H2,1-6H3","MVGAPIYDRBHQQR-UHFFFAOYSA-N"
39004319,"Ethyl 6-isobutoxy-2-methyl-N-propylnorleucinate",287.246033,"C16H33NO3","CCCNC(C)(CCCCOCC(C)C)C(=O)OCC","InChI=1S/C16H33NO3/c1-6-11-17-16(5,15(18)20-7-2)10-8-9-12-19-13-14(3)4/h14,17H,6-13H2,1-5H3","WSAYUKPSRBPLSB-UHFFFAOYSA-N"
39004322,"Ethyl 6-isobutoxy-N-isopropyl-2-methylnorleucinate",287.246033,"C16H33NO3","CCOC(=O)C(C)(CCCCOCC(C)C)NC(C)C","InChI=1S/C16H33NO3/c1-7-20-15(18)16(6,17-14(4)5)10-8-9-11-19-12-13(2)3/h13-14,17H,7-12H2,1-6H3","MATIYOFCEKBMKU-UHFFFAOYSA-N"
39004977,"Ethyl 4-[(4-methyl-2-pentanyl)oxy]-N-propylisovalinate",287.246033,"C16H33NO3","CCCNC(C)(CCOC(C)CC(C)C)C(=O)OCC","InChI=1S/C16H33NO3/c1-7-10-17-16(6,15(18)19-8-2)9-11-20-14(5)12-13(3)4/h13-14,17H,7-12H2,1-6H3","DAEJKULTILYYFQ-UHFFFAOYSA-N"
39004980,"Ethyl N-isopropyl-4-[(4-methyl-2-pentanyl)oxy]isovalinate",287.246033,"C16H33NO3","CCOC(=O)C(C)(CCOC(C)CC(C)C)NC(C)C","InChI=1S/C16H33NO3/c1-8-19-15(18)16(7,17-13(4)5)9-10-20-14(6)11-12(2)3/h12-14,17H,8-11H2,1-7H3","UDZASOQMFZNACG-UHFFFAOYSA-N"
39004996,"2-Methyl-6-[(4-methyl-2-pentanyl)oxy]-N-propylnorleucine",287.246033,"C16H33NO3","CCCNC(C)(CCCCOC(C)CC(C)C)C(=O)O","InChI=1S/C16H33NO3/c1-6-10-17-16(5,15(18)19)9-7-8-11-20-14(4)12-13(2)3/h13-14,17H,6-12H2,1-5H3,(H,18,19)","WKIZFUPOXAQFOO-UHFFFAOYSA-N"
39004997,"N-Isopropyl-2-methyl-6-[(4-methyl-2-pentanyl)oxy]norleucine",287.246033,"C16H33NO3","CC(C)CC(C)OCCCCC(C)(C(=O)O)NC(C)C","InChI=1S/C16H33NO3/c1-12(2)11-14(5)20-10-8-7-9-16(6,15(18)19)17-13(3)4/h12-14,17H,7-11H2,1-6H3,(H,18,19)","DVBRRALSYXSNNV-UHFFFAOYSA-N"
39005003,"Ethyl N,2-dimethyl-6-[(4-methyl-2-pentanyl)oxy]norleucinate",287.246033,"C16H33NO3","CCOC(=O)C(C)(CCCCOC(C)CC(C)C)NC","InChI=1S/C16H33NO3/c1-7-19-15(18)16(5,17-6)10-8-9-11-20-14(4)12-13(2)3/h13-14,17H,7-12H2,1-6H3","KRSSCDNQQVYSJD-UHFFFAOYSA-N"
39005005,"Methyl N-ethyl-2-methyl-6-[(4-methyl-2-pentanyl)oxy]norleucinate",287.246033,"C16H33NO3","CCNC(C)(CCCCOC(C)CC(C)C)C(=O)OC","InChI=1S/C16H33NO3/c1-7-17-16(5,15(18)19-6)10-8-9-11-20-14(4)12-13(2)3/h13-14,17H,7-12H2,1-6H3","DVJSWVBRXGAYKZ-UHFFFAOYSA-N"
39005017,"Ethyl N-ethyl-2-methyl-5-[(4-methyl-2-pentanyl)oxy]norvalinate",287.246033,"C16H33NO3","CCNC(C)(CCCOC(C)CC(C)C)C(=O)OCC","InChI=1S/C16H33NO3/c1-7-17-16(6,15(18)19-8-2)10-9-11-20-14(5)12-13(3)4/h13-14,17H,7-12H2,1-6H3","PTLUULVFXHABOY-UHFFFAOYSA-N"
39005019,"Methyl 2-methyl-5-[(4-methyl-2-pentanyl)oxy]-N-propylnorvalinate",287.246033,"C16H33NO3","CCCNC(C)(CCCOC(C)CC(C)C)C(=O)OC","InChI=1S/C16H33NO3/c1-7-10-17-16(5,15(18)19-6)9-8-11-20-14(4)12-13(2)3/h13-14,17H,7-12H2,1-6H3","FXMSKOBZBFJZLX-UHFFFAOYSA-N"
39005022,"Methyl N-isopropyl-2-methyl-5-[(4-methyl-2-pentanyl)oxy]norvalinate",287.246033,"C16H33NO3","CC(C)CC(C)OCCCC(C)(C(=O)OC)NC(C)C","InChI=1S/C16H33NO3/c1-12(2)11-14(5)20-10-8-9-16(6,15(18)19-7)17-13(3)4/h12-14,17H,8-11H2,1-7H3","ORZQJQWWNZAOIZ-UHFFFAOYSA-N"
39006967,"1-(2-Isopropoxyethoxy)-3-{[(4-methylcyclohexyl)methyl]amino}-2-propanol",287.246033,"C16H33NO3","CC1CCC(CC1)CNCC(COCCOC(C)C)O","InChI=1S/C16H33NO3/c1-13(2)20-9-8-19-12-16(18)11-17-10-15-6-4-14(3)5-7-15/h13-18H,4-12H2,1-3H3","WNEQIJWLBICITF-UHFFFAOYSA-N"
39096699,"1-(2-Isopropoxyethoxy)-3-{[(2-methylcyclohexyl)methyl]amino}-2-propanol",287.246033,"C16H33NO3","CC1CCCCC1CNCC(COCCOC(C)C)O","InChI=1S/C16H33NO3/c1-13(2)20-9-8-19-12-16(18)11-17-10-15-7-5-4-6-14(15)3/h13-18H,4-12H2,1-3H3","QEDZPBKUWCJDLJ-UHFFFAOYSA-N"
39169247,"1-[(1-Ethoxy-2-propanyl)amino]-3-[(2-ethylcyclohexyl)oxy]-2-propanol",287.246033,"C16H33NO3","CCC1CCCCC1OCC(CNC(C)COCC)O","InChI=1S/C16H33NO3/c1-4-14-8-6-7-9-16(14)20-12-15(18)10-17-13(3)11-19-5-2/h13-18H,4-12H2,1-3H3","HLOIVDKDYFYTDV-UHFFFAOYSA-N"
39666804,"1-[(2-Ethylcyclohexyl)oxy]-3-[(3-methoxy-2-methylpropyl)amino]-2-propanol",287.246033,"C16H33NO3","CCC1CCCCC1OCC(CNCC(C)COC)O","InChI=1S/C16H33NO3/c1-4-14-7-5-6-8-16(14)20-12-15(18)10-17-9-13(2)11-19-3/h13-18H,4-12H2,1-3H3","BPZIHOZMPXZNRI-UHFFFAOYSA-N"
39669518,"Ethyl 6-butoxy-2-methyl-N-propylnorleucinate",287.246033,"C16H33NO3","CCCCOCCCCC(C)(C(=O)OCC)NCCC","InChI=1S/C16H33NO3/c1-5-8-13-19-14-10-9-11-16(4,17-12-6-2)15(18)20-7-3/h17H,5-14H2,1-4H3","QNVHQTANLXBUGV-UHFFFAOYSA-N"
39669521,"Ethyl 6-butoxy-N-isopropyl-2-methylnorleucinate",287.246033,"C16H33NO3","CCCCOCCCCC(C)(C(=O)OCC)NC(C)C","InChI=1S/C16H33NO3/c1-6-8-12-19-13-10-9-11-16(5,17-14(3)4)15(18)20-7-2/h14,17H,6-13H2,1-5H3","ZKNUFCDTAYSGPW-UHFFFAOYSA-N"
39669654,"Methyl N-isopropyl-2-methyl-6-(pentyloxy)norleucinate",287.246033,"C16H33NO3","CCCCCOCCCCC(C)(C(=O)OC)NC(C)C","InChI=1S/C16H33NO3/c1-6-7-9-12-20-13-10-8-11-16(4,15(18)19-5)17-14(2)3/h14,17H,6-13H2,1-5H3","SKWORKQEMXFJEL-UHFFFAOYSA-N"
39669723,"Ethyl N-ethyl-2-methyl-6-(pentyloxy)norleucinate",287.246033,"C16H33NO3","CCCCCOCCCCC(C)(C(=O)OCC)NCC","InChI=1S/C16H33NO3/c1-5-8-10-13-19-14-11-9-12-16(4,17-6-2)15(18)20-7-3/h17H,5-14H2,1-4H3","NMAZFLMJCJUPES-UHFFFAOYSA-N"
39669725,"Methyl 2-methyl-6-(pentyloxy)-N-propylnorleucinate",287.246033,"C16H33NO3","CCCCCOCCCCC(C)(C(=O)OC)NCCC","InChI=1S/C16H33NO3/c1-5-7-9-13-20-14-10-8-11-16(3,15(18)19-4)17-12-6-2/h17H,5-14H2,1-4H3","VTFRRWULYAHYLZ-UHFFFAOYSA-N"
39669737,"Ethyl 2-methyl-5-(pentyloxy)-N-propylnorvalinate",287.246033,"C16H33NO3","CCCCCOCCCC(C)(C(=O)OCC)NCCC","InChI=1S/C16H33NO3/c1-5-8-9-13-19-14-10-11-16(4,17-12-6-2)15(18)20-7-3/h17H,5-14H2,1-4H3","WMWNVIIJYIJJHL-UHFFFAOYSA-N"
39669740,"Ethyl N-isopropyl-2-methyl-5-(pentyloxy)norvalinate",287.246033,"C16H33NO3","CCCCCOCCCC(C)(C(=O)OCC)NC(C)C","InChI=1S/C16H33NO3/c1-6-8-9-12-19-13-10-11-16(5,17-14(3)4)15(18)20-7-2/h14,17H,6-13H2,1-5H3","OLGVNVVBUKMTPC-UHFFFAOYSA-N"
39670018,"Ethyl 6-sec-butoxy-2-methyl-N-propylnorleucinate",287.246033,"C16H33NO3","CCCNC(C)(CCCCOC(C)CC)C(=O)OCC","InChI=1S/C16H33NO3/c1-6-12-17-16(5,15(18)19-8-3)11-9-10-13-20-14(4)7-2/h14,17H,6-13H2,1-5H3","AXBMEMFFMGTIBC-UHFFFAOYSA-N"
39670021,"Ethyl 6-sec-butoxy-N-isopropyl-2-methylnorleucinate",287.246033,"C16H33NO3","CCC(C)OCCCCC(C)(C(=O)OCC)NC(C)C","InChI=1S/C16H33NO3/c1-7-14(5)20-12-10-9-11-16(6,17-13(3)4)15(18)19-8-2/h13-14,17H,7-12H2,1-6H3","NAPSZXLRRXTALT-UHFFFAOYSA-N"
39961617,"4-Ethyl-2-{[(2-methoxyethyl)(3-methoxypropyl)amino]methyl}cyclohexanol",287.246033,"C16H33NO3","CCC1CCC(C(C1)CN(CCCOC)CCOC)O","InChI=1S/C16H33NO3/c1-4-14-6-7-16(18)15(12-14)13-17(9-11-20-3)8-5-10-19-2/h14-16,18H,4-13H2,1-3H3","LCLPEXQMJQNMEP-UHFFFAOYSA-N"
39961784,"2-{[Bis(2-methoxyethyl)amino]methyl}-4-propylcyclohexanol",287.246033,"C16H33NO3","CCCC1CCC(C(C1)CN(CCOC)CCOC)O","InChI=1S/C16H33NO3/c1-4-5-14-6-7-16(18)15(12-14)13-17(8-10-19-2)9-11-20-3/h14-16,18H,4-13H2,1-3H3","KQKRCQZWBAPQCK-UHFFFAOYSA-N"
39961794,"4-Ethyl-2-{[(2-methoxyethyl)(1-methoxy-2-propanyl)amino]methyl}cyclohexanol",287.246033,"C16H33NO3","CCC1CCC(C(C1)CN(CCOC)C(C)COC)O","InChI=1S/C16H33NO3/c1-5-14-6-7-16(18)15(10-14)11-17(8-9-19-3)13(2)12-20-4/h13-16,18H,5-12H2,1-4H3","WGPOLCVPVPHIMH-UHFFFAOYSA-N"
39961870,"2-{[(2-Hydroxy-3-methoxypropyl)(methyl)amino]methyl}-4-(2-methyl-2-propanyl)cyclohexanol",287.246033,"C16H33NO3","CC(C)(C)C1CCC(C(C1)CN(C)CC(COC)O)O","InChI=1S/C16H33NO3/c1-16(2,3)13-6-7-15(19)12(8-13)9-17(4)10-14(18)11-20-5/h12-15,18-19H,6-11H2,1-5H3","WPCRFFRSECMPBS-UHFFFAOYSA-N"
40043189,"4-Isopropyl-2-[(2-methoxyethyl)(3-methoxypropyl)amino]cyclohexanol",287.246033,"C16H33NO3","CC(C)C1CCC(C(C1)N(CCCOC)CCOC)O","InChI=1S/C16H33NO3/c1-13(2)14-6-7-16(18)15(12-14)17(9-11-20-4)8-5-10-19-3/h13-16,18H,5-12H2,1-4H3","MQNVJKMRIVNQLV-UHFFFAOYSA-N"
40043193,"4-Isopropyl-2-[(2-methoxyethyl)(1-methoxy-2-propanyl)amino]cyclohexanol",287.246033,"C16H33NO3","CC(C)C1CCC(C(C1)N(CCOC)C(C)COC)O","InChI=1S/C16H33NO3/c1-12(2)14-6-7-16(18)15(10-14)17(8-9-19-4)13(3)11-20-5/h12-16,18H,6-11H2,1-5H3","CBQIIPDSTUFYMU-UHFFFAOYSA-N"
40044698,"2-{[Bis(2-methoxyethyl)amino]methyl}-4-isopropylcyclohexanol",287.246033,"C16H33NO3","CC(C)C1CCC(C(C1)CN(CCOC)CCOC)O","InChI=1S/C16H33NO3/c1-13(2)14-5-6-16(18)15(11-14)12-17(7-9-19-3)8-10-20-4/h13-16,18H,5-12H2,1-4H3","IFMHBHWFAPJBRH-UHFFFAOYSA-N"
40138386,"Methyl O-octyl-N-propylhomoserinate",287.246033,"C16H33NO3","CCCCCCCCOCCC(C(=O)OC)NCCC","InChI=1S/C16H33NO3/c1-4-6-7-8-9-10-13-20-14-11-15(16(18)19-3)17-12-5-2/h15,17H,4-14H2,1-3H3","NQUCOUYLSVEBHT-UHFFFAOYSA-N"
40138389,"Ethyl N-ethyl-O-octylhomoserinate",287.246033,"C16H33NO3","CCCCCCCCOCCC(C(=O)OCC)NCC","InChI=1S/C16H33NO3/c1-4-7-8-9-10-11-13-19-14-12-15(17-5-2)16(18)20-6-3/h15,17H,4-14H2,1-3H3","VYXAXQOABPQMBQ-UHFFFAOYSA-N"
40138403,"Methyl N-isopropyl-O-octylhomoserinate",287.246033,"C16H33NO3","CCCCCCCCOCCC(C(=O)OC)NC(C)C","InChI=1S/C16H33NO3/c1-5-6-7-8-9-10-12-20-13-11-15(16(18)19-4)17-14(2)3/h14-15,17H,5-13H2,1-4H3","DWYNGZLTUFQVDZ-UHFFFAOYSA-N"
40138463,"Methyl O-2-octanyl-N-propylhomoserinate",287.246033,"C16H33NO3","CCCCCCC(C)OCCC(C(=O)OC)NCCC","InChI=1S/C16H33NO3/c1-5-7-8-9-10-14(3)20-13-11-15(16(18)19-4)17-12-6-2/h14-15,17H,5-13H2,1-4H3","GNYDKFZBFWYEDA-UHFFFAOYSA-N"
40138467,"Ethyl N-ethyl-O-2-octanylhomoserinate",287.246033,"C16H33NO3","CCCCCCC(C)OCCC(C(=O)OCC)NCC","InChI=1S/C16H33NO3/c1-5-8-9-10-11-14(4)20-13-12-15(17-6-2)16(18)19-7-3/h14-15,17H,5-13H2,1-4H3","PIFWZQWMHVIPHR-UHFFFAOYSA-N"
40138482,"Methyl N-isopropyl-O-2-octanylhomoserinate",287.246033,"C16H33NO3","CCCCCCC(C)OCCC(C(=O)OC)NC(C)C","InChI=1S/C16H33NO3/c1-6-7-8-9-10-14(4)20-12-11-15(16(18)19-5)17-13(2)3/h13-15,17H,6-12H2,1-5H3","JIVXYRKTBPPZQB-UHFFFAOYSA-N"
40138491,"Ethyl O-heptyl-N-propylhomoserinate",287.246033,"C16H33NO3","CCCCCCCOCCC(C(=O)OCC)NCCC","InChI=1S/C16H33NO3/c1-4-7-8-9-10-13-19-14-11-15(17-12-5-2)16(18)20-6-3/h15,17H,4-14H2,1-3H3","OLOOKXVCDSEYFB-UHFFFAOYSA-N"
40138507,"Ethyl O-heptyl-N-isopropylhomoserinate",287.246033,"C16H33NO3","CCCCCCCOCCC(C(=O)OCC)NC(C)C","InChI=1S/C16H33NO3/c1-5-7-8-9-10-12-19-13-11-15(17-14(3)4)16(18)20-6-2/h14-15,17H,5-13H2,1-4H3","YOYKIBZQYPYNFJ-UHFFFAOYSA-N"
40138597,"Methyl O-(2-ethylhexyl)-N-propylhomoserinate",287.246033,"C16H33NO3","CCCCC(CC)COCCC(C(=O)OC)NCCC","InChI=1S/C16H33NO3/c1-5-8-9-14(7-3)13-20-12-10-15(16(18)19-4)17-11-6-2/h14-15,17H,5-13H2,1-4H3","UETMJWHONCALMY-UHFFFAOYSA-N"
40138599,"Ethyl N-ethyl-O-(2-ethylhexyl)homoserinate",287.246033,"C16H33NO3","CCCCC(CC)COCCC(C(=O)OCC)NCC","InChI=1S/C16H33NO3/c1-5-9-10-14(6-2)13-19-12-11-15(17-7-3)16(18)20-8-4/h14-15,17H,5-13H2,1-4H3","GSTRYSNFDCBIBK-UHFFFAOYSA-N"
40138614,"Methyl O-(2-ethylhexyl)-N-isopropylhomoserinate",287.246033,"C16H33NO3","CCCCC(CC)COCCC(C(=O)OC)NC(C)C","InChI=1S/C16H33NO3/c1-6-8-9-14(7-2)12-20-11-10-15(16(18)19-5)17-13(3)4/h13-15,17H,6-12H2,1-5H3","MIWAAPBSGZKFBB-UHFFFAOYSA-N"
40423276,"2-Methoxy-N-({4-[2-(3-methylbutoxy)ethyl]tetrahydro-2H-pyran-4-yl}methyl)ethanamine",287.246033,"C16H33NO3","CC(C)CCOCCC1(CCOCC1)CNCCOC","InChI=1S/C16H33NO3/c1-15(2)4-9-19-10-5-16(6-11-20-12-7-16)14-17-8-13-18-3/h15,17H,4-14H2,1-3H3","TTWOCVMNCQKMII-UHFFFAOYSA-N"
40592985,"2-Ethyl-2-({2-hydroxy-3-[(4-methylcyclohexyl)oxy]propyl}amino)-1-butanol",287.246033,"C16H33NO3","CCC(CC)(CO)NCC(COC1CCC(CC1)C)O","InChI=1S/C16H33NO3/c1-4-16(5-2,12-18)17-10-14(19)11-20-15-8-6-13(3)7-9-15/h13-15,17-19H,4-12H2,1-3H3","GTRGDQRTRKSERS-UHFFFAOYSA-N"
40592988,"2-Ethyl-2-({2-hydroxy-3-[(2-methylcyclohexyl)oxy]propyl}amino)-1-butanol",287.246033,"C16H33NO3","CCC(CC)(CO)NCC(COC1CCCCC1C)O","InChI=1S/C16H33NO3/c1-4-16(5-2,12-18)17-10-14(19)11-20-15-9-7-6-8-13(15)3/h13-15,17-19H,4-12H2,1-3H3","HRVJOLMTDXBIAY-UHFFFAOYSA-N"
40592996,"2-Ethyl-2-({2-hydroxy-3-[(3-methylcyclohexyl)oxy]propyl}amino)-1-butanol",287.246033,"C16H33NO3","CCC(CC)(CO)NCC(COC1CCCC(C1)C)O","InChI=1S/C16H33NO3/c1-4-16(5-2,12-18)17-10-14(19)11-20-15-8-6-7-13(3)9-15/h13-15,17-19H,4-12H2,1-3H3","WJIZKVRPVAGVHO-UHFFFAOYSA-N"
40595992,"1-(Hexyloxy)-3-{[1-(hydroxymethyl)cyclohexyl]amino}-2-propanol",287.246033,"C16H33NO3","CCCCCCOCC(CNC1(CCCCC1)CO)O","InChI=1S/C16H33NO3/c1-2-3-4-8-11-20-13-15(19)12-17-16(14-18)9-6-5-7-10-16/h15,17-19H,2-14H2,1H3","DHFHBSPMHDPFSU-UHFFFAOYSA-N"
40595993,"1-{[1-(Hydroxymethyl)cyclohexyl]amino}-3-[(4-methylpentyl)oxy]-2-propanol",287.246033,"C16H33NO3","CC(C)CCCOCC(CNC1(CCCCC1)CO)O","InChI=1S/C16H33NO3/c1-14(2)7-6-10-20-12-15(19)11-17-16(13-18)8-4-3-5-9-16/h14-15,17-19H,3-13H2,1-2H3","ZDIJDBWCBYEZMX-UHFFFAOYSA-N"
40595995,"1-{[1-(Hydroxymethyl)cyclohexyl]amino}-3-[(4-methyl-2-pentanyl)oxy]-2-propanol",287.246033,"C16H33NO3","CC(C)CC(C)OCC(CNC1(CCCCC1)CO)O","InChI=1S/C16H33NO3/c1-13(2)9-14(3)20-11-15(19)10-17-16(12-18)7-5-4-6-8-16/h13-15,17-19H,4-12H2,1-3H3","XTTZBDBFKDBNFG-UHFFFAOYSA-N"
40672842,"1-[(1-Cyclohexylethyl)amino]-3-(2-isopropoxyethoxy)-2-propanol",287.246033,"C16H33NO3","CC(C)OCCOCC(CNC(C)C1CCCCC1)O","InChI=1S/C16H33NO3/c1-13(2)20-10-9-19-12-16(18)11-17-14(3)15-7-5-4-6-8-15/h13-18H,4-12H2,1-3H3","XTZRINUNXXIIIP-UHFFFAOYSA-N"
40673032,"1-[(1-Cyclohexylpropyl)amino]-3-(2-ethoxyethoxy)-2-propanol",287.246033,"C16H33NO3","CCC(C1CCCCC1)NCC(COCCOCC)O","InChI=1S/C16H33NO3/c1-3-16(14-8-6-5-7-9-14)17-12-15(18)13-20-11-10-19-4-2/h14-18H,3-13H2,1-2H3","GLMOODSJTFCPPT-UHFFFAOYSA-N"
40717877,"2,5-Anhydro-6-O-(2-butoxyethyl)-1,3,4-trideoxy-1-[(2-methyl-2-propanyl)amino]hexitol",287.246033,"C16H33NO3","CCCCOCCOCC1CCC(O1)CNC(C)(C)C","InChI=1S/C16H33NO3/c1-5-6-9-18-10-11-19-13-15-8-7-14(20-15)12-17-16(2,3)4/h14-15,17H,5-13H2,1-4H3","MZFYNACRCVMZED-UHFFFAOYSA-N"
40717878,"2,5-Anhydro-6-O-(2-butoxyethyl)-1,3,4-trideoxy-1-(isobutylamino)hexitol",287.246033,"C16H33NO3","CCCCOCCOCC1CCC(O1)CNCC(C)C","InChI=1S/C16H33NO3/c1-4-5-8-18-9-10-19-13-16-7-6-15(20-16)12-17-11-14(2)3/h14-17H,4-13H2,1-3H3","QFSXSBGEHUTLHM-UHFFFAOYSA-N"
40783784,"1-[(2-Methylcyclohexyl)oxy]-3-[(3-propoxypropyl)amino]-2-propanol",287.246033,"C16H33NO3","CCCOCCCNCC(COC1CCCCC1C)O","InChI=1S/C16H33NO3/c1-3-10-19-11-6-9-17-12-15(18)13-20-16-8-5-4-7-14(16)2/h14-18H,3-13H2,1-2H3","ZFNZRQZCYUWWPF-UHFFFAOYSA-N"
40783903,"1-[(3-Methylcyclohexyl)oxy]-3-[(3-propoxypropyl)amino]-2-propanol",287.246033,"C16H33NO3","CCCOCCCNCC(COC1CCCC(C1)C)O","InChI=1S/C16H33NO3/c1-3-9-19-10-5-8-17-12-15(18)13-20-16-7-4-6-14(2)11-16/h14-18H,3-13H2,1-2H3","SGRBVCISXMFOBV-UHFFFAOYSA-N"
40783916,"1-[(4-Methylcyclohexyl)oxy]-3-[(3-propoxypropyl)amino]-2-propanol",287.246033,"C16H33NO3","CCCOCCCNCC(COC1CCC(CC1)C)O","InChI=1S/C16H33NO3/c1-3-10-19-11-4-9-17-12-15(18)13-20-16-7-5-14(2)6-8-16/h14-18H,3-13H2,1-2H3","SAPFMWWKJFTYQG-UHFFFAOYSA-N"
40786664,"2-[Bis(2-ethoxyethyl)amino]cyclooctanol",287.246033,"C16H33NO3","CCOCCN(CCOCC)C1CCCCCCC1O","InChI=1S/C16H33NO3/c1-3-19-13-11-17(12-14-20-4-2)15-9-7-5-6-8-10-16(15)18/h15-16,18H,3-14H2,1-2H3","YQLLTNRJQUEDEU-UHFFFAOYSA-N"
40786667,"2-[Bis(2-ethoxyethyl)amino]-4-ethylcyclohexanol",287.246033,"C16H33NO3","CCC1CCC(C(C1)N(CCOCC)CCOCC)O","InChI=1S/C16H33NO3/c1-4-14-7-8-16(18)15(13-14)17(9-11-19-5-2)10-12-20-6-3/h14-16,18H,4-13H2,1-3H3","NEZDCWMDAYOXTP-UHFFFAOYSA-N"
40786670,"2-[Bis(2-ethoxyethyl)amino]-4,4-dimethylcyclohexanol",287.246033,"C16H33NO3","CCOCCN(CCOCC)C1CC(CCC1O)(C)C","InChI=1S/C16H33NO3/c1-5-19-11-9-17(10-12-20-6-2)14-13-16(3,4)8-7-15(14)18/h14-15,18H,5-13H2,1-4H3","GWCOXDWCSFIQRG-UHFFFAOYSA-N"
40786672,"2-[Bis(2-ethoxyethyl)amino]-3,5-dimethylcyclohexanol",287.246033,"C16H33NO3","CCOCCN(CCOCC)C1C(CC(CC1O)C)C","InChI=1S/C16H33NO3/c1-5-19-9-7-17(8-10-20-6-2)16-14(4)11-13(3)12-15(16)18/h13-16,18H,5-12H2,1-4H3","RAPJLFPBPKVXAI-UHFFFAOYSA-N"
40786673,"6-[Bis(2-ethoxyethyl)amino]-2,2-dimethylcyclohexanol",287.246033,"C16H33NO3","CCOCCN(CCOCC)C1CCCC(C1O)(C)C","InChI=1S/C16H33NO3/c1-5-19-12-10-17(11-13-20-6-2)14-8-7-9-16(3,4)15(14)18/h14-15,18H,5-13H2,1-4H3","PZQXLBIPLIIDFW-UHFFFAOYSA-N"
40787399,"2-{[Bis(2-ethoxyethyl)amino]methyl}-4-methylcyclohexanol",287.246033,"C16H33NO3","CCOCCN(CCOCC)CC1CC(CCC1O)C","InChI=1S/C16H33NO3/c1-4-19-10-8-17(9-11-20-5-2)13-15-12-14(3)6-7-16(15)18/h14-16,18H,4-13H2,1-3H3","QVQPVVMMEYAQDT-UHFFFAOYSA-N"
40787409,"2-{[Bis(2-ethoxyethyl)amino]methyl}cycloheptanol",287.246033,"C16H33NO3","CCOCCN(CCOCC)CC1CCCCCC1O","InChI=1S/C16H33NO3/c1-3-19-12-10-17(11-13-20-4-2)14-15-8-6-5-7-9-16(15)18/h15-16,18H,3-14H2,1-2H3","MMKUUNSSFRVZBD-UHFFFAOYSA-N"
40787414,"5-{[Bis(2-ethoxyethyl)amino]methyl}-2,2-dimethylcyclopentanol",287.246033,"C16H33NO3","CCOCCN(CCOCC)CC1CCC(C1O)(C)C","InChI=1S/C16H33NO3/c1-5-19-11-9-17(10-12-20-6-2)13-14-7-8-16(3,4)15(14)18/h14-15,18H,5-13H2,1-4H3","RDMXJIREMREDAC-UHFFFAOYSA-N"
40787418,"(1-{[Bis(2-ethoxyethyl)amino]methyl}cyclohexyl)methanol",287.246033,"C16H33NO3","CCOCCN(CCOCC)CC1(CCCCC1)CO","InChI=1S/C16H33NO3/c1-3-19-12-10-17(11-13-20-4-2)14-16(15-18)8-6-5-7-9-16/h18H,3-15H2,1-2H3","ULMCWQVJMKMDDT-UHFFFAOYSA-N"
40818298,"1-[(2,2-Dimethyltetrahydro-2H-pyran-4-yl)amino]-3-[(4-methyl-2-pentanyl)oxy]-2-propanol",287.246033,"C16H33NO3","CC(C)CC(C)OCC(CNC1CCOC(C1)(C)C)O","InChI=1S/C16H33NO3/c1-12(2)8-13(3)19-11-15(18)10-17-14-6-7-20-16(4,5)9-14/h12-15,17-18H,6-11H2,1-5H3","NUDJSLMPPRZOGT-UHFFFAOYSA-N"
40818331,"1-[(2,2-Dimethyltetrahydro-2H-pyran-4-yl)amino]-3-[(4-methylpentyl)oxy]-2-propanol",287.246033,"C16H33NO3","CC(C)CCCOCC(CNC1CCOC(C1)(C)C)O","InChI=1S/C16H33NO3/c1-13(2)6-5-8-19-12-15(18)11-17-14-7-9-20-16(3,4)10-14/h13-15,17-18H,5-12H2,1-4H3","LFSLAKQYSPIDQY-UHFFFAOYSA-N"
40818339,"1-[(2,2-Dimethyltetrahydro-2H-pyran-4-yl)amino]-3-(hexyloxy)-2-propanol",287.246033,"C16H33NO3","CCCCCCOCC(CNC1CCOC(C1)(C)C)O","InChI=1S/C16H33NO3/c1-4-5-6-7-9-19-13-15(18)12-17-14-8-10-20-16(2,3)11-14/h14-15,17-18H,4-13H2,1-3H3","OVRBMWAHFQQTFC-UHFFFAOYSA-N"
40818399,"N-(3,3-Diethoxypropyl)-2,2-diethyltetrahydro-2H-pyran-4-amine",287.246033,"C16H33NO3","CCC1(CC(CCO1)NCCC(OCC)OCC)CC","InChI=1S/C16H33NO3/c1-5-16(6-2)13-14(10-12-20-16)17-11-9-15(18-7-3)19-8-4/h14-15,17H,5-13H2,1-4H3","AONKSBCUAPVNDT-UHFFFAOYSA-N"
40818443,"1-[(2,2-Diethyltetrahydro-2H-pyran-4-yl)amino]-3-isobutoxy-2-propanol",287.246033,"C16H33NO3","CCC1(CC(CCO1)NCC(COCC(C)C)O)CC","InChI=1S/C16H33NO3/c1-5-16(6-2)9-14(7-8-20-16)17-10-15(18)12-19-11-13(3)4/h13-15,17-18H,5-12H2,1-4H3","ZVCXLGMZZUOMPF-UHFFFAOYSA-N"
40818475,"1-[(2,2-Diethyltetrahydro-2H-pyran-4-yl)amino]-3-[(2-methyl-2-propanyl)oxy]-2-propanol",287.246033,"C16H33NO3","CCC1(CC(CCO1)NCC(COC(C)(C)C)O)CC","InChI=1S/C16H33NO3/c1-6-16(7-2)10-13(8-9-19-16)17-11-14(18)12-20-15(3,4)5/h13-14,17-18H,6-12H2,1-5H3","DEXSQJWFSZVUKN-UHFFFAOYSA-N"
40924702,"2,5-Anhydro-1,3,4-trideoxy-3-({3-[(2-ethylhexyl)oxy]-2-hydroxypropyl}amino)pentitol",287.246033,"C16H33NO3","CCCCC(CC)COCC(CNC1CCOC1C)O","InChI=1S/C16H33NO3/c1-4-6-7-14(5-2)11-19-12-15(18)10-17-16-8-9-20-13(16)3/h13-18H,4-12H2,1-3H3","DWBBICKILCNMOC-UHFFFAOYSA-N"
40924857,"2,5-Anhydro-1,3,4-trideoxy-3-{[2-hydroxy-3-(octyloxy)propyl]amino}pentitol",287.246033,"C16H33NO3","CCCCCCCCOCC(CNC1CCOC1C)O","InChI=1S/C16H33NO3/c1-3-4-5-6-7-8-10-19-13-15(18)12-17-16-9-11-20-14(16)2/h14-18H,3-13H2,1-2H3","SXZMKDINDHQURY-UHFFFAOYSA-N"
40980060,"1-[(Cyclopentyloxy)amino]-3-(octyloxy)-2-propanol",287.246033,"C16H33NO3","CCCCCCCCOCC(CNOC1CCCC1)O","InChI=1S/C16H33NO3/c1-2-3-4-5-6-9-12-19-14-15(18)13-17-20-16-10-7-8-11-16/h15-18H,2-14H2,1H3","AWESHIWVEKTMDK-UHFFFAOYSA-N"
40980086,"1-[(Cyclopentyloxy)amino]-3-[(2-ethylhexyl)oxy]-2-propanol",287.246033,"C16H33NO3","CCCCC(CC)COCC(CNOC1CCCC1)O","InChI=1S/C16H33NO3/c1-3-5-8-14(4-2)12-19-13-15(18)11-17-20-16-9-6-7-10-16/h14-18H,3-13H2,1-2H3","AMYZGYYSJPHNFT-UHFFFAOYSA-N"
40998529,"1-[(2-Isopropyl-5-methylcyclohexyl)oxy]-3-[(2-methoxyethyl)amino]-2-propanol",287.246033,"C16H33NO3","CC1CCC(C(C1)OCC(CNCCOC)O)C(C)C","InChI=1S/C16H33NO3/c1-12(2)15-6-5-13(3)9-16(15)20-11-14(18)10-17-7-8-19-4/h12-18H,5-11H2,1-4H3","APYJZCXJRDWIOQ-UHFFFAOYSA-N"
41152734,"1-({[1-(Hydroxymethyl)cyclopentyl]methyl}amino)-3-[(4-methyl-2-pentanyl)oxy]-2-propanol",287.246033,"C16H33NO3","CC(C)CC(C)OCC(CNCC1(CCCC1)CO)O","InChI=1S/C16H33NO3/c1-13(2)8-14(3)20-10-15(19)9-17-11-16(12-18)6-4-5-7-16/h13-15,17-19H,4-12H2,1-3H3","SGZBYARIHMWEPB-UHFFFAOYSA-N"
41152849,"1-(Hexyloxy)-3-({[1-(hydroxymethyl)cyclopentyl]methyl}amino)-2-propanol",287.246033,"C16H33NO3","CCCCCCOCC(CNCC1(CCCC1)CO)O","InChI=1S/C16H33NO3/c1-2-3-4-7-10-20-12-15(19)11-17-13-16(14-18)8-5-6-9-16/h15,17-19H,2-14H2,1H3","ATNKBTAAEYJQMU-UHFFFAOYSA-N"
41152982,"1-({[1-(Hydroxymethyl)cyclopentyl]methyl}amino)-3-[(4-methylpentyl)oxy]-2-propanol",287.246033,"C16H33NO3","CC(C)CCCOCC(CNCC1(CCCC1)CO)O","InChI=1S/C16H33NO3/c1-14(2)6-5-9-20-11-15(19)10-17-12-16(13-18)7-3-4-8-16/h14-15,17-19H,3-13H2,1-2H3","VFLVOSGIZKPOKC-UHFFFAOYSA-N"
41153123,"3-({3-[(2-Ethylcyclohexyl)oxy]-2-hydroxypropyl}amino)-2,2-dimethyl-1-propanol",287.246033,"C16H33NO3","CCC1CCCCC1OCC(CNCC(C)(C)CO)O","InChI=1S/C16H33NO3/c1-4-13-7-5-6-8-15(13)20-10-14(19)9-17-11-16(2,3)12-18/h13-15,17-19H,4-12H2,1-3H3","SDRZSHONLJEGEQ-UHFFFAOYSA-N"
41288457,"1-(2-Ethoxyethoxy)-3-[(2-isopropylcyclohexyl)amino]-2-propanol",287.246033,"C16H33NO3","CCOCCOCC(CNC1CCCCC1C(C)C)O","InChI=1S/C16H33NO3/c1-4-19-9-10-20-12-14(18)11-17-16-8-6-5-7-15(16)13(2)3/h13-18H,4-12H2,1-3H3","YJMMANUFSLAJLB-UHFFFAOYSA-N"
41328172,"N-(1,3-Dihydroxy-2-methyl-2-propanyl)dodecanamide",287.246033,"C16H33NO3","CCCCCCCCCCCC(=O)NC(C)(CO)CO","InChI=1S/C16H33NO3/c1-3-4-5-6-7-8-9-10-11-12-15(20)17-16(2,13-18)14-19/h18-19H,3-14H2,1-2H3,(H,17,20)","DOUKYMKYNOHRBR-UHFFFAOYSA-N"
41899304,"Methyl N-(2-methoxyethyl)-N-nonyl-beta-alaninate",287.246033,"C16H33NO3","CCCCCCCCCN(CCC(=O)OC)CCOC","InChI=1S/C16H33NO3/c1-4-5-6-7-8-9-10-12-17(14-15-19-2)13-11-16(18)20-3/h4-15H2,1-3H3","BINHTRFAHFCWEV-UHFFFAOYSA-N"
41932979,"1-(Octylamino)-3-(tetrahydro-2-furanylmethoxy)-2-propanol",287.246033,"C16H33NO3","CCCCCCCCNCC(COCC1CCCO1)O","InChI=1S/C16H33NO3/c1-2-3-4-5-6-7-10-17-12-15(18)13-19-14-16-9-8-11-20-16/h15-18H,2-14H2,1H3","JXMUEUUGATUGJM-UHFFFAOYSA-N"
41936297,"1-[(3-Butoxypropyl)amino]-3-(cyclohexyloxy)-2-propanol",287.246033,"C16H33NO3","CCCCOCCCNCC(COC1CCCCC1)O","InChI=1S/C16H33NO3/c1-2-3-11-19-12-7-10-17-13-15(18)14-20-16-8-5-4-6-9-16/h15-18H,2-14H2,1H3","DFZKEFLYGKEMEE-UHFFFAOYSA-N"
41955856,"1-[(2-Isobutoxyethyl)amino]-3-[(4-methylcyclohexyl)oxy]-2-propanol",287.246033,"C16H33NO3","CC1CCC(CC1)OCC(CNCCOCC(C)C)O","InChI=1S/C16H33NO3/c1-13(2)11-19-9-8-17-10-15(18)12-20-16-6-4-14(3)5-7-16/h13-18H,4-12H2,1-3H3","LRMCTTMTBDVPCR-UHFFFAOYSA-N"
41955859,"1-[(2-Isobutoxyethyl)amino]-3-[(2-methylcyclohexyl)oxy]-2-propanol",287.246033,"C16H33NO3","CC1CCCCC1OCC(CNCCOCC(C)C)O","InChI=1S/C16H33NO3/c1-13(2)11-19-9-8-17-10-15(18)12-20-16-7-5-4-6-14(16)3/h13-18H,4-12H2,1-3H3","HWMHUVOMZIWXJP-UHFFFAOYSA-N"
41955867,"1-[(2-Isobutoxyethyl)amino]-3-[(3-methylcyclohexyl)oxy]-2-propanol",287.246033,"C16H33NO3","CC1CCCC(C1)OCC(CNCCOCC(C)C)O","InChI=1S/C16H33NO3/c1-13(2)11-19-8-7-17-10-15(18)12-20-16-6-4-5-14(3)9-16/h13-18H,4-12H2,1-3H3","WICZVZCGXQSAEQ-UHFFFAOYSA-N"
41985953,"1-[(2-Ethylcyclohexyl)oxy]-3-[(1-methoxy-2-methyl-2-propanyl)amino]-2-propanol",287.246033,"C16H33NO3","CCC1CCCCC1OCC(CNC(C)(C)COC)O","InChI=1S/C16H33NO3/c1-5-13-8-6-7-9-15(13)20-11-14(18)10-17-16(2,3)12-19-4/h13-15,17-18H,5-12H2,1-4H3","LSUAFTQQOHLBKI-UHFFFAOYSA-N"
42037242,"1-[(2-Ethylhexyl)oxy]-3-({[1-(hydroxymethyl)cyclopropyl]methyl}amino)-2-propanol",287.246033,"C16H33NO3","CCCCC(CC)COCC(CNCC1(CC1)CO)O","InChI=1S/C16H33NO3/c1-3-5-6-14(4-2)10-20-11-15(19)9-17-12-16(13-18)7-8-16/h14-15,17-19H,3-13H2,1-2H3","JWKMFJVXIJAPLM-UHFFFAOYSA-N"
42037503,"1-({[1-(Hydroxymethyl)cyclopropyl]methyl}amino)-3-(octyloxy)-2-propanol",287.246033,"C16H33NO3","CCCCCCCCOCC(CNCC1(CC1)CO)O","InChI=1S/C16H33NO3/c1-2-3-4-5-6-7-10-20-12-15(19)11-17-13-16(14-18)8-9-16/h15,17-19H,2-14H2,1H3","OTBFCFAIVHBCBP-UHFFFAOYSA-N"
42114036,"N-{2-[2-(2-Butoxyethoxy)ethoxy]ethyl}-1-ethylcyclobutanamine",287.246033,"C16H33NO3","CCCCOCCOCCOCCNC1(CCC1)CC","InChI=1S/C16H33NO3/c1-3-5-10-18-12-14-20-15-13-19-11-9-17-16(4-2)7-6-8-16/h17H,3-15H2,1-2H3","LNTOAKYENPPOSU-UHFFFAOYSA-N"
42126504,"N-{2-[2-(2-Butoxyethoxy)ethoxy]ethyl}-2-cyclopropyl-1-propanamine",287.246033,"C16H33NO3","CCCCOCCOCCOCCNCC(C)C1CC1","InChI=1S/C16H33NO3/c1-3-4-8-18-10-12-20-13-11-19-9-7-17-14-15(2)16-5-6-16/h15-17H,3-14H2,1-2H3","HTXKDHIPMOKRLU-UHFFFAOYSA-N"
42138544,"1-[(2-Ethoxypropyl)amino]-3-[(2-ethylcyclohexyl)oxy]-2-propanol",287.246033,"C16H33NO3","CCC1CCCCC1OCC(CNCC(C)OCC)O","InChI=1S/C16H33NO3/c1-4-14-8-6-7-9-16(14)20-12-15(18)11-17-10-13(3)19-5-2/h13-18H,4-12H2,1-3H3","WJWUJUXIKJEJKR-UHFFFAOYSA-N"
42148953,"2-[2-(2-Butoxyethoxy)ethoxy]-N-(2-cyclobutylethyl)ethanamine",287.246033,"C16H33NO3","CCCCOCCOCCOCCNCCC1CCC1","InChI=1S/C16H33NO3/c1-2-3-10-18-12-14-20-15-13-19-11-9-17-8-7-16-5-4-6-16/h16-17H,2-15H2,1H3","GYSFSOSOSHWYET-UHFFFAOYSA-N"
42174550,"1-[(3-Methyltetrahydro-3-furanyl)amino]-3-(octyloxy)-2-propanol",287.246033,"C16H33NO3","CCCCCCCCOCC(CNC1(CCOC1)C)O","InChI=1S/C16H33NO3/c1-3-4-5-6-7-8-10-19-13-15(18)12-17-16(2)9-11-20-14-16/h15,17-18H,3-14H2,1-2H3","DGBJRSMJLJJQSJ-UHFFFAOYSA-N"
42174803,"1-[(2-Ethylhexyl)oxy]-3-[(3-methyltetrahydro-3-furanyl)amino]-2-propanol",287.246033,"C16H33NO3","CCCCC(CC)COCC(CNC1(CCOC1)C)O","InChI=1S/C16H33NO3/c1-4-6-7-14(5-2)11-20-12-15(18)10-17-16(3)8-9-19-13-16/h14-15,17-18H,4-13H2,1-3H3","LUATZNAFGAVQEW-UHFFFAOYSA-N"
42196789,"3-({3-[(2-Ethylcyclohexyl)oxy]-2-hydroxypropyl}amino)-2-methyl-1-butanol",287.246033,"C16H33NO3","CCC1CCCCC1OCC(CNC(C)C(C)CO)O","InChI=1S/C16H33NO3/c1-4-14-7-5-6-8-16(14)20-11-15(19)9-17-13(3)12(2)10-18/h12-19H,4-11H2,1-3H3","YJPJEXRQXRPVLV-UHFFFAOYSA-N"
42235513,"1-({3-[(2-Ethylcyclohexyl)oxy]-2-hydroxypropyl}amino)-3-methyl-2-butanol",287.246033,"C16H33NO3","CCC1CCCCC1OCC(CNCC(C(C)C)O)O","InChI=1S/C16H33NO3/c1-4-13-7-5-6-8-16(13)20-11-14(18)9-17-10-15(19)12(2)3/h12-19H,4-11H2,1-3H3","XSQSWSMJMBXZMG-UHFFFAOYSA-N"
42261420,"3-({3-[(2-Ethylcyclohexyl)oxy]-2-hydroxypropyl}amino)-1-pentanol",287.246033,"C16H33NO3","CCC1CCCCC1OCC(CNC(CC)CCO)O","InChI=1S/C16H33NO3/c1-3-13-7-5-6-8-16(13)20-12-15(19)11-17-14(4-2)9-10-18/h13-19H,3-12H2,1-2H3","ZHOIUEZACAUTMY-UHFFFAOYSA-N"
42261831,"1-({3-[(2-Ethylcyclohexyl)oxy]-2-hydroxypropyl}amino)-2-pentanol",287.246033,"C16H33NO3","CCCC(CNCC(COC1CCCCC1CC)O)O","InChI=1S/C16H33NO3/c1-3-7-14(18)10-17-11-15(19)12-20-16-9-6-5-8-13(16)4-2/h13-19H,3-12H2,1-2H3","ITVNZTBUGKKLIS-UHFFFAOYSA-N"
42275274,"1-({3-[(2-Ethylcyclohexyl)oxy]-2-hydroxypropyl}amino)-3-pentanol",287.246033,"C16H33NO3","CCC1CCCCC1OCC(CNCCC(CC)O)O","InChI=1S/C16H33NO3/c1-3-13-7-5-6-8-16(13)20-12-15(19)11-17-10-9-14(18)4-2/h13-19H,3-12H2,1-2H3","IFDVTLNWRYOZCX-UHFFFAOYSA-N"
42320266,"N-{2-[2-(2-Butoxyethoxy)ethoxy]ethyl}-1-cyclobutylethanamine",287.246033,"C16H33NO3","CCCCOCCOCCOCCNC(C)C1CCC1","InChI=1S/C16H33NO3/c1-3-4-9-18-11-13-20-14-12-19-10-8-17-15(2)16-6-5-7-16/h15-17H,3-14H2,1-2H3","UFZUMIMVSXPRLJ-UHFFFAOYSA-N"
42399315,"3-Ethoxy-2-ethyl-N-[4-(2-methoxyethoxy)butyl]-2-methylcyclobutanamine",287.246033,"C16H33NO3","CCC1(C(CC1OCC)NCCCCOCCOC)C","InChI=1S/C16H33NO3/c1-5-16(3)14(13-15(16)20-6-2)17-9-7-8-10-19-12-11-18-4/h14-15,17H,5-13H2,1-4H3","AFFMUOMYWFKFRF-UHFFFAOYSA-N"
42439074,"2-{[(2-Hydroxyethyl)(2-methoxyethyl)amino]methyl}-4-(2-methyl-2-propanyl)cyclohexanol",287.246033,"C16H33NO3","CC(C)(C)C1CCC(C(C1)CN(CCO)CCOC)O","InChI=1S/C16H33NO3/c1-16(2,3)14-5-6-15(19)13(11-14)12-17(7-9-18)8-10-20-4/h13-15,18-19H,5-12H2,1-4H3","MWBQAYLXFCEXDL-UHFFFAOYSA-N"
42552618,"2-[(2-Methyl-2-propanyl)oxy]ethyl 4-(2-aminoethyl)-5,5-dimethylhexanoate",287.246033,"C16H33NO3","CC(C)(C)C(CCC(=O)OCCOC(C)(C)C)CCN","InChI=1S/C16H33NO3/c1-15(2,3)13(9-10-17)7-8-14(18)19-11-12-20-16(4,5)6/h13H,7-12,17H2,1-6H3","FPOKVBIMJMTCQX-UHFFFAOYSA-N"
42553242,"2,5-Anhydro-1,3,4-trideoxy-1-[(2-methyl-2-propanyl)amino]-6-O-{2-[(2-methyl-2-propanyl)oxy]ethyl}hexitol",287.246033,"C16H33NO3","CC(C)(C)NCC1CCC(O1)COCCOC(C)(C)C","InChI=1S/C16H33NO3/c1-15(2,3)17-11-13-7-8-14(20-13)12-18-9-10-19-16(4,5)6/h13-14,17H,7-12H2,1-6H3","JLUPZILTDOEWIY-UHFFFAOYSA-N"
42553272,"2,5-Anhydro-1,3,4-trideoxy-1-(isobutylamino)-6-O-{2-[(2-methyl-2-propanyl)oxy]ethyl}hexitol",287.246033,"C16H33NO3","CC(C)CNCC1CCC(O1)COCCOC(C)(C)C","InChI=1S/C16H33NO3/c1-13(2)10-17-11-14-6-7-15(20-14)12-18-8-9-19-16(3,4)5/h13-15,17H,6-12H2,1-5H3","PPVPJODLHLHERY-UHFFFAOYSA-N"
42553415,"[3-{2-[(2-Methyl-2-propanyl)oxy]ethoxy}-1-(propylamino)cyclohexyl]methanol",287.246033,"C16H33NO3","CCCNC1(CCCC(C1)OCCOC(C)(C)C)CO","InChI=1S/C16H33NO3/c1-5-9-17-16(13-18)8-6-7-14(12-16)19-10-11-20-15(2,3)4/h14,17-18H,5-13H2,1-4H3","ARLGWCMOUKXBFE-UHFFFAOYSA-N"
42553416,"[1-(Isopropylamino)-3-{2-[(2-methyl-2-propanyl)oxy]ethoxy}cyclohexyl]methanol",287.246033,"C16H33NO3","CC(C)NC1(CCCC(C1)OCCOC(C)(C)C)CO","InChI=1S/C16H33NO3/c1-13(2)17-16(12-18)8-6-7-14(11-16)19-9-10-20-15(3,4)5/h13-14,17-18H,6-12H2,1-5H3","WGXBOXBACWCERE-UHFFFAOYSA-N"
42553417,"2-(Cyclopropylamino)-2-methyl-6-{2-[(2-methyl-2-propanyl)oxy]ethoxy}-1-hexanol",287.246033,"C16H33NO3","CC(C)(C)OCCOCCCCC(C)(CO)NC1CC1","InChI=1S/C16H33NO3/c1-15(2,3)20-12-11-19-10-6-5-9-16(4,13-18)17-14-7-8-14/h14,17-18H,5-13H2,1-4H3","XHIARBJFOGRTHV-UHFFFAOYSA-N"
42553424,"[1-(Ethylamino)-2-(2-{2-[(2-methyl-2-propanyl)oxy]ethoxy}ethyl)cyclopentyl]methanol",287.246033,"C16H33NO3","CCNC1(CCCC1CCOCCOC(C)(C)C)CO","InChI=1S/C16H33NO3/c1-5-17-16(13-18)9-6-7-14(16)8-10-19-11-12-20-15(2,3)4/h14,17-18H,5-13H2,1-4H3","ZCYZOJQZLKSFGY-UHFFFAOYSA-N"
42562526,"N-Heptyl-N-(3-hydroxypropyl)-2-[(2-methyl-2-propanyl)oxy]acetamide",287.246033,"C16H33NO3","CCCCCCCN(CCCO)C(=O)COC(C)(C)C","InChI=1S/C16H33NO3/c1-5-6-7-8-9-11-17(12-10-13-18)15(19)14-20-16(2,3)4/h18H,5-14H2,1-4H3","PRINMEBCTXNTSV-UHFFFAOYSA-N"
42576807,"3-({3-[(2-Ethylcyclohexyl)oxy]-2-hydroxypropyl}amino)-3-methyl-1-butanol",287.246033,"C16H33NO3","CCC1CCCCC1OCC(CNC(C)(C)CCO)O","InChI=1S/C16H33NO3/c1-4-13-7-5-6-8-15(13)20-12-14(19)11-17-16(2,3)9-10-18/h13-15,17-19H,4-12H2,1-3H3","RZMUDCKEBRFDBO-UHFFFAOYSA-N"
42595476,"3-({3-[(2-Ethylcyclohexyl)oxy]-2-hydroxypropyl}amino)-3-methyl-2-butanol",287.246033,"C16H33NO3","CCC1CCCCC1OCC(CNC(C)(C)C(C)O)O","InChI=1S/C16H33NO3/c1-5-13-8-6-7-9-15(13)20-11-14(19)10-17-16(3,4)12(2)18/h12-15,17-19H,5-11H2,1-4H3","HLWPMXPVHRIJAE-UHFFFAOYSA-N"
42599537,"1-{[1-(Hydroxymethyl)cyclobutyl]amino}-3-(octyloxy)-2-propanol",287.246033,"C16H33NO3","CCCCCCCCOCC(CNC1(CCC1)CO)O","InChI=1S/C16H33NO3/c1-2-3-4-5-6-7-11-20-13-15(19)12-17-16(14-18)9-8-10-16/h15,17-19H,2-14H2,1H3","FWTKUXKUYYIHBG-UHFFFAOYSA-N"
42599799,"1-[(2-Ethylhexyl)oxy]-3-{[1-(hydroxymethyl)cyclobutyl]amino}-2-propanol",287.246033,"C16H33NO3","CCCCC(CC)COCC(CNC1(CCC1)CO)O","InChI=1S/C16H33NO3/c1-3-5-7-14(4-2)11-20-12-15(19)10-17-16(13-18)8-6-9-16/h14-15,17-19H,3-13H2,1-2H3","JQUFYXIERBJILV-UHFFFAOYSA-N"
42616758,"1-({[2-Hydroxy-3-(octyloxy)propyl]amino}methyl)cyclobutanol",287.246033,"C16H33NO3","CCCCCCCCOCC(CNCC1(CCC1)O)O","InChI=1S/C16H33NO3/c1-2-3-4-5-6-7-11-20-13-15(18)12-17-14-16(19)9-8-10-16/h15,17-19H,2-14H2,1H3","UYWNBLOBUZHJCH-UHFFFAOYSA-N"
42616994,"1-[({3-[(2-Ethylhexyl)oxy]-2-hydroxypropyl}amino)methyl]cyclobutanol",287.246033,"C16H33NO3","CCCCC(CC)COCC(CNCC1(CCC1)O)O","InChI=1S/C16H33NO3/c1-3-5-7-14(4-2)11-20-12-15(18)10-17-13-16(19)8-6-9-16/h14-15,17-19H,3-13H2,1-2H3","RDNHGRIGNXQSFG-UHFFFAOYSA-N"
42652744,"N-{2-[2-(2-Butoxyethoxy)ethoxy]ethyl}-3-cyclopropyl-1-propanamine",287.246033,"C16H33NO3","CCCCOCCOCCOCCNCCCC1CC1","InChI=1S/C16H33NO3/c1-2-3-10-18-12-14-20-15-13-19-11-9-17-8-4-5-16-6-7-16/h16-17H,2-15H2,1H3","QYXGPCZFTDQTSY-UHFFFAOYSA-N"
42939263,"2-Methoxy-N-({2-methyl-3-[2-(3-methylbutoxy)ethyl]tetrahydro-3-furanyl}methyl)ethanamine",287.246033,"C16H33NO3","CC1C(CCO1)(CCOCCC(C)C)CNCCOC","InChI=1S/C16H33NO3/c1-14(2)5-9-19-10-6-16(7-11-20-15(16)3)13-17-8-12-18-4/h14-15,17H,5-13H2,1-4H3","JPWLMMGSYGAUBR-UHFFFAOYSA-N"
42950729,"N-{2-[2-(2-Butoxyethoxy)ethoxy]ethyl}-3-methylcyclopentanamine",287.246033,"C16H33NO3","CCCCOCCOCCOCCNC1CCC(C1)C","InChI=1S/C16H33NO3/c1-3-4-8-18-10-12-20-13-11-19-9-7-17-16-6-5-15(2)14-16/h15-17H,3-14H2,1-2H3","QZRORKWQDDZPOE-UHFFFAOYSA-N"
42950959,"1-(2-Butoxyethoxy)-3-[(3,3-dimethylcyclopentyl)amino]-2-propanol",287.246033,"C16H33NO3","CCCCOCCOCC(CNC1CCC(C1)(C)C)O","InChI=1S/C16H33NO3/c1-4-5-8-19-9-10-20-13-15(18)12-17-14-6-7-16(2,3)11-14/h14-15,17-18H,4-13H2,1-3H3","KVQIDGOCKJEBDS-UHFFFAOYSA-N"
43084022,"4-(Octyloxy)-N-propylisovaline",287.246033,"C16H33NO3","CCCCCCCCOCCC(C)(C(=O)O)NCCC","InChI=1S/C16H33NO3/c1-4-6-7-8-9-10-13-20-14-11-16(3,15(18)19)17-12-5-2/h17H,4-14H2,1-3H3,(H,18,19)","CJKURNGPBJLCPA-UHFFFAOYSA-N"
43084023,"N-Isopropyl-4-(octyloxy)isovaline",287.246033,"C16H33NO3","CCCCCCCCOCCC(C)(C(=O)O)NC(C)C","InChI=1S/C16H33NO3/c1-5-6-7-8-9-10-12-20-13-11-16(4,15(18)19)17-14(2)3/h14,17H,5-13H2,1-4H3,(H,18,19)","IZGHFEVBRSGCEM-UHFFFAOYSA-N"
43084024,"N-Ethyl-2-methyl-5-(octyloxy)norvaline",287.246033,"C16H33NO3","CCCCCCCCOCCCC(C)(C(=O)O)NCC","InChI=1S/C16H33NO3/c1-4-6-7-8-9-10-13-20-14-11-12-16(3,15(18)19)17-5-2/h17H,4-14H2,1-3H3,(H,18,19)","SGXJGTCQYUUUJU-UHFFFAOYSA-N"
43084027,"4-(2-Octanyloxy)-N-propylisovaline",287.246033,"C16H33NO3","CCCCCCC(C)OCCC(C)(C(=O)O)NCCC","InChI=1S/C16H33NO3/c1-5-7-8-9-10-14(3)20-13-11-16(4,15(18)19)17-12-6-2/h14,17H,5-13H2,1-4H3,(H,18,19)","GCPYGPNPQSHALH-UHFFFAOYSA-N"
43084028,"5-(Heptyloxy)-2-methyl-N-propylnorvaline",287.246033,"C16H33NO3","CCCCCCCOCCCC(C)(C(=O)O)NCCC","InChI=1S/C16H33NO3/c1-4-6-7-8-9-13-20-14-10-11-16(3,15(18)19)17-12-5-2/h17H,4-14H2,1-3H3,(H,18,19)","HURLOADUWPWBTD-UHFFFAOYSA-N"
43084033,"4-[(2-Ethylhexyl)oxy]-N-propylisovaline",287.246033,"C16H33NO3","CCCCC(CC)COCCC(C)(C(=O)O)NCCC","InChI=1S/C16H33NO3/c1-5-8-9-14(7-3)13-20-12-10-16(4,15(18)19)17-11-6-2/h14,17H,5-13H2,1-4H3,(H,18,19)","ISBMYFWGFLYEQW-UHFFFAOYSA-N"
43326606,"1-(Octyloxy)-3-(tetrahydro-2H-pyran-3-ylamino)-2-propanol",287.246033,"C16H33NO3","CCCCCCCCOCC(CNC1CCCOC1)O","InChI=1S/C16H33NO3/c1-2-3-4-5-6-7-10-20-14-16(18)12-17-15-9-8-11-19-13-15/h15-18H,2-14H2,1H3","RGUUISZVUOMLSJ-UHFFFAOYSA-N"
43326609,"1-[(2-Ethylhexyl)oxy]-3-(tetrahydro-2H-pyran-3-ylamino)-2-propanol",287.246033,"C16H33NO3","CCCCC(CC)COCC(CNC1CCCOC1)O","InChI=1S/C16H33NO3/c1-3-5-7-14(4-2)11-20-13-16(18)10-17-15-8-6-9-19-12-15/h14-18H,3-13H2,1-2H3","APBRWTUSXBGQQK-UHFFFAOYSA-N"
43461222,"1-[(2-Cyclopropyl-2-hydroxyethyl)amino]-3-(octyloxy)-2-propanol",287.246033,"C16H33NO3","CCCCCCCCOCC(CNCC(C1CC1)O)O","InChI=1S/C16H33NO3/c1-2-3-4-5-6-7-10-20-13-15(18)11-17-12-16(19)14-8-9-14/h14-19H,2-13H2,1H3","JNNFEIOAOOVDEP-UHFFFAOYSA-N"
43461227,"1-[(2-Cyclopropyl-2-hydroxyethyl)amino]-3-[(2-ethylhexyl)oxy]-2-propanol",287.246033,"C16H33NO3","CCCCC(CC)COCC(CNCC(C1CC1)O)O","InChI=1S/C16H33NO3/c1-3-5-6-13(4-2)11-20-12-15(18)9-17-10-16(19)14-7-8-14/h13-19H,3-12H2,1-2H3","GPGIVNGPNMGAIB-UHFFFAOYSA-N"
9601100,"4-(Octyloxy)-5-(trimethylammonio)pentanoate",287.246033,"C16H33NO3","[O-]C(=O)CCC(OCCCCCCCC)C[N+](C)(C)C","InChI=1S/C16H33NO3/c1-5-6-7-8-9-10-13-20-15(11-12-16(18)19)14-17(2,3)4/h15H,5-14H2,1-4H3","WOFXRAGQKIUISM-UHFFFAOYSA-N"
14063071,"N,N-BIS(HYDROXYETHYL)LAURAMIDE",287.246033,"C16H33NO3","CCCCCCCCCCCC(=O)N(C(C)O)C(C)O","InChI=1S/C16H33NO3/c1-4-5-6-7-8-9-10-11-12-13-16(20)17(14(2)18)15(3)19/h14-15,18-19H,4-13H2,1-3H3","RUQMYBFKLSCBTF-UHFFFAOYSA-N"
21411043,"10-Octyl-1,4,7-trioxa-10-azacyclododecane",287.246033,"C16H33NO3","CCCCCCCCN1CCOCCOCCOCC1","InChI=1S/C16H33NO3/c1-2-3-4-5-6-7-8-17-9-11-18-13-15-20-16-14-19-12-10-17/h2-16H2,1H3","LEAWKUKCVDJCCQ-UHFFFAOYSA-N"
23281789,"N-[(2S)-1,3-Dihydroxy-2-undecanyl]-3-methylbutanamide",287.246033,"C16H33NO3","CCCCCCCCC([C@H](CO)NC(=O)CC(C)C)O","InChI=1S/C16H33NO3/c1-4-5-6-7-8-9-10-15(19)14(12-18)17-16(20)11-13(2)3/h13-15,18-19H,4-12H2,1-3H3,(H,17,20)/t14-,15?/m0/s1","NPJYCWOPUNAVJC-MLCCFXAWSA-N"
23324671,"(2R,3R,4R,5S)-1-Decyl-2-methyl-3,4,5-piperidinetriol",287.246033,"C16H33NO3","CCCCCCCCCCN1C[C@@H]([C@H]([C@@H]([C@H]1C)O)O)O","InChI=1S/C16H33NO3/c1-3-4-5-6-7-8-9-10-11-17-12-14(18)16(20)15(19)13(17)2/h13-16,18-20H,3-12H2,1-2H3/t13-,14+,15-,16-/m1/s1","YWLQOSOXTXXELM-QKPAOTATSA-N"
24592631,"2-[(2-Hydroxyethyl)amino]tetradecanoic acid",287.246033,"C16H33NO3","CCCCCCCCCCCCC(C(=O)O)NCCO","InChI=1S/C16H33NO3/c1-2-3-4-5-6-7-8-9-10-11-12-15(16(19)20)17-13-14-18/h15,17-18H,2-14H2,1H3,(H,19,20)","LHBSBVMSIFNMEK-UHFFFAOYSA-N"
24606377,"N-[Diisopropyl(methyl)silyl]-1,1-diisopropyl-N,1-dimethylsilanamine",287.24646,"C15H37NSi2","CC(C)[Si](C)(C(C)C)N(C)[Si](C)(C(C)C)C(C)C","InChI=1S/C15H37NSi2/c1-12(2)17(10,13(3)4)16(9)18(11,14(5)6)15(7)8/h12-15H,1-11H3","PXYIHSZXKDOWDJ-UHFFFAOYSA-N"
28591259,"(2-Undecyl-1,3-oxazolidine-4,4-diyl)dimethanol",287.246033,"C16H33NO3","CCCCCCCCCCCC1NC(CO1)(CO)CO","InChI=1S/C16H33NO3/c1-2-3-4-5-6-7-8-9-10-11-15-17-16(12-18,13-19)14-20-15/h15,17-19H,2-14H2,1H3","CODOIEZZTFGERU-UHFFFAOYSA-N"
31303717,"1-(Diisobutylamino)-3-(tetrahydro-2-furanylmethoxy)-2-propanol",287.246033,"C16H33NO3","CC(C)CN(CC(C)C)CC(COCC1CCCO1)O","InChI=1S/C16H33NO3/c1-13(2)8-17(9-14(3)4)10-15(18)11-19-12-16-6-5-7-20-16/h13-16,18H,5-12H2,1-4H3","PQXQMVSFXQJUKU-UHFFFAOYSA-N"
34988210,"{[(2R)-2-Hydroxydodecyl](dimethyl)ammonio}acetate",287.246033,"C16H33NO3","CCCCCCCCCC[C@H](C[N+](C)(C)CC(=O)[O-])O","InChI=1S/C16H33NO3/c1-4-5-6-7-8-9-10-11-12-15(18)13-17(2,3)14-16(19)20/h15,18H,4-14H2,1-3H3/t15-/m1/s1","FZVXZMAYYKXMCH-OAHLLOKOSA-N"
34988211,"{[(2S)-2-Hydroxydodecyl](dimethyl)ammonio}acetate",287.246033,"C16H33NO3","CCCCCCCCCC[C@@H](C[N+](C)(C)CC(=O)[O-])O","InChI=1S/C16H33NO3/c1-4-5-6-7-8-9-10-11-12-15(18)13-17(2,3)14-16(19)20/h15,18H,4-14H2,1-3H3/t15-/m0/s1","FZVXZMAYYKXMCH-HNNXBMFYSA-N"
36788808,"1-[(2-Ethylhexyl)oxy]-3-{[(3-methyl-3-oxetanyl)methyl]amino}-2-propanol",287.246033,"C16H33NO3","CCCCC(CC)COCC(CNCC1(COC1)C)O","InChI=1S/C16H33NO3/c1-4-6-7-14(5-2)9-19-10-15(18)8-17-11-16(3)12-20-13-16/h14-15,17-18H,4-13H2,1-3H3","MNAFDJFXHFPNLG-UHFFFAOYSA-N"
37332554,"1-{[(1R)-1-Cycloheptylethyl]amino}-3-(2-ethoxyethoxy)-2-propanol",287.246033,"C16H33NO3","CCOCCOCC(CN[C@H](C)C1CCCCCC1)O","InChI=1S/C16H33NO3/c1-3-19-10-11-20-13-16(18)12-17-14(2)15-8-6-4-5-7-9-15/h14-18H,3-13H2,1-2H3/t14-,16?/m1/s1","MCMMXIIFAXVBCJ-IURRXHLWSA-N"
37881223,"1-[(2,3-Dimethylcyclohexyl)amino]-3-(2-isopropoxyethoxy)-2-propanol",287.246033,"C16H33NO3","CC1CCCC(C1C)NCC(COCCOC(C)C)O","InChI=1S/C16H33NO3/c1-12(2)20-9-8-19-11-15(18)10-17-16-7-5-6-13(3)14(16)4/h12-18H,5-11H2,1-4H3","WEXPWNLRZCWPBT-UHFFFAOYSA-N"
37881299,"1-(2-Butoxyethoxy)-3-[(2-methylcyclohexyl)amino]-2-propanol",287.246033,"C16H33NO3","CCCCOCCOCC(CNC1CCCCC1C)O","InChI=1S/C16H33NO3/c1-3-4-9-19-10-11-20-13-15(18)12-17-16-8-6-5-7-14(16)2/h14-18H,3-13H2,1-2H3","VIVGHFVHXGLOKU-UHFFFAOYSA-N"
37881799,"1-(2-Butoxyethoxy)-3-[(4-methylcyclohexyl)amino]-2-propanol",287.246033,"C16H33NO3","CCCCOCCOCC(CNC1CCC(CC1)C)O","InChI=1S/C16H33NO3/c1-3-4-9-19-10-11-20-13-16(18)12-17-15-7-5-14(2)6-8-15/h14-18H,3-13H2,1-2H3","AUYKTHGOOPZVOZ-UHFFFAOYSA-N"
37881814,"1-(Cyclooctylamino)-3-(2-isopropoxyethoxy)-2-propanol",287.246033,"C16H33NO3","CC(C)OCCOCC(CNC1CCCCCCC1)O","InChI=1S/C16H33NO3/c1-14(2)20-11-10-19-13-16(18)12-17-15-8-6-4-3-5-7-9-15/h14-18H,3-13H2,1-2H3","BPXRZOPXAVMGCS-UHFFFAOYSA-N"
37882006,"1-(2-Butoxyethoxy)-3-(cycloheptylamino)-2-propanol",287.246033,"C16H33NO3","CCCCOCCOCC(CNC1CCCCCC1)O","InChI=1S/C16H33NO3/c1-2-3-10-19-11-12-20-14-16(18)13-17-15-8-6-4-5-7-9-15/h15-18H,2-14H2,1H3","VBBGVBOLSVLLMA-UHFFFAOYSA-N"
37882136,"1-(2-Octanylamino)-3-(tetrahydro-2-furanylmethoxy)-2-propanol",287.246033,"C16H33NO3","CCCCCCC(C)NCC(COCC1CCCO1)O","InChI=1S/C16H33NO3/c1-3-4-5-6-8-14(2)17-11-15(18)12-19-13-16-9-7-10-20-16/h14-18H,3-13H2,1-2H3","AEWJKFGYVKDYCA-UHFFFAOYSA-N"
37882819,"1-(2-Butoxyethoxy)-3-[(cyclohexylmethyl)amino]-2-propanol",287.246033,"C16H33NO3","CCCCOCCOCC(CNCC1CCCCC1)O","InChI=1S/C16H33NO3/c1-2-3-9-19-10-11-20-14-16(18)13-17-12-15-7-5-4-6-8-15/h15-18H,2-14H2,1H3","SYEWJLDPLQZOPR-UHFFFAOYSA-N"
37883083,"1-[(6-Methyl-2-heptanyl)amino]-3-(tetrahydro-2-furanylmethoxy)-2-propanol",287.246033,"C16H33NO3","CC(C)CCCC(C)NCC(COCC1CCCO1)O","InChI=1S/C16H33NO3/c1-13(2)6-4-7-14(3)17-10-15(18)11-19-12-16-8-5-9-20-16/h13-18H,4-12H2,1-3H3","AWXPYVNHZSJSBJ-UHFFFAOYSA-N"
37967609,"1-(Tetrahydro-2-furanylmethoxy)-3-[(2,4,4-trimethyl-2-pentanyl)amino]-2-propanol",287.246033,"C16H33NO3","CC(C)(C)CC(C)(C)NCC(COCC1CCCO1)O","InChI=1S/C16H33NO3/c1-15(2,3)12-16(4,5)17-9-13(18)10-19-11-14-7-6-8-20-14/h13-14,17-18H,6-12H2,1-5H3","ZNRTYGYXECTPOZ-UHFFFAOYSA-N"
38026724,"1-(2-Butoxyethoxy)-3-[(2-cyclopentylethyl)amino]-2-propanol",287.246033,"C16H33NO3","CCCCOCCOCC(CNCCC1CCCC1)O","InChI=1S/C16H33NO3/c1-2-3-10-19-11-12-20-14-16(18)13-17-9-8-15-6-4-5-7-15/h15-18H,2-14H2,1H3","JFNKBCCQJHOVSJ-UHFFFAOYSA-N"
38062012,"1-[(2-Cyclohexylethyl)amino]-3-(2-isopropoxyethoxy)-2-propanol",287.246033,"C16H33NO3","CC(C)OCCOCC(CNCCC1CCCCC1)O","InChI=1S/C16H33NO3/c1-14(2)20-11-10-19-13-16(18)12-17-9-8-15-6-4-3-5-7-15/h14-18H,3-13H2,1-2H3","YNMDQKFAICIVCG-UHFFFAOYSA-N"
38062056,"1-(2-Butoxyethoxy)-3-[(3-methylcyclohexyl)amino]-2-propanol",287.246033,"C16H33NO3","CCCCOCCOCC(CNC1CCCC(C1)C)O","InChI=1S/C16H33NO3/c1-3-4-8-19-9-10-20-13-16(18)12-17-15-7-5-6-14(2)11-15/h14-18H,3-13H2,1-2H3","HVCYXJVWCJAVNL-UHFFFAOYSA-N"
38441244,"1-(Octyloxy)-3-(tetrahydro-2H-pyran-4-ylamino)-2-propanol",287.246033,"C16H33NO3","CCCCCCCCOCC(CNC1CCOCC1)O","InChI=1S/C16H33NO3/c1-2-3-4-5-6-7-10-20-14-16(18)13-17-15-8-11-19-12-9-15/h15-18H,2-14H2,1H3","VNPMTPLTZWPGDG-UHFFFAOYSA-N"
38441245,"1-[(2-Ethylhexyl)oxy]-3-(tetrahydro-2H-pyran-4-ylamino)-2-propanol",287.246033,"C16H33NO3","CCCCC(CC)COCC(CNC1CCOCC1)O","InChI=1S/C16H33NO3/c1-3-5-6-14(4-2)12-20-13-16(18)11-17-15-7-9-19-10-8-15/h14-18H,3-13H2,1-2H3","CAFUBESIRRWXBF-UHFFFAOYSA-N"
38595250,"1-[(2-Ethylcyclohexyl)amino]-3-(2-isopropoxyethoxy)-2-propanol",287.246033,"C16H33NO3","CCC1CCCCC1NCC(COCCOC(C)C)O","InChI=1S/C16H33NO3/c1-4-14-7-5-6-8-16(14)17-11-15(18)12-19-9-10-20-13(2)3/h13-18H,4-12H2,1-3H3","BMZSSTTVEUUQOO-UHFFFAOYSA-N"
38634909,"1-(2-Ethoxyethoxy)-3-[(4-propylcyclohexyl)amino]-2-propanol",287.246033,"C16H33NO3","CCCC1CCC(CC1)NCC(COCCOCC)O","InChI=1S/C16H33NO3/c1-3-5-14-6-8-15(9-7-14)17-12-16(18)13-20-11-10-19-4-2/h14-18H,3-13H2,1-2H3","CHGDKSMMGVBKEZ-UHFFFAOYSA-N"
38691206,"1-[(2-Ethylcyclohexyl)oxy]-3-[(4-methoxybutyl)amino]-2-propanol",287.246033,"C16H33NO3","CCC1CCCCC1OCC(CNCCCCOC)O","InChI=1S/C16H33NO3/c1-3-14-8-4-5-9-16(14)20-13-15(18)12-17-10-6-7-11-19-2/h14-18H,3-13H2,1-2H3","IBQUMNVVKNMUEE-UHFFFAOYSA-N"
38691690,"1-[(4-Ethylcyclohexyl)amino]-3-(2-isopropoxyethoxy)-2-propanol",287.246033,"C16H33NO3","CCC1CCC(CC1)NCC(COCCOC(C)C)O","InChI=1S/C16H33NO3/c1-4-14-5-7-15(8-6-14)17-11-16(18)12-19-9-10-20-13(2)3/h13-18H,4-12H2,1-3H3","FBPKUYKKDONTJM-UHFFFAOYSA-N"
38701764,"1-(2-Ethoxyethoxy)-3-{[(4-ethylcyclohexyl)methyl]amino}-2-propanol",287.246033,"C16H33NO3","CCC1CCC(CC1)CNCC(COCCOCC)O","InChI=1S/C16H33NO3/c1-3-14-5-7-15(8-6-14)11-17-12-16(18)13-20-10-9-19-4-2/h14-18H,3-13H2,1-2H3","WLZCAEJDELQGAB-UHFFFAOYSA-N"
38737598,"1-(Octyloxy)-3-[(tetrahydro-3-furanylmethyl)amino]-2-propanol",287.246033,"C16H33NO3","CCCCCCCCOCC(CNCC1CCOC1)O","InChI=1S/C16H33NO3/c1-2-3-4-5-6-7-9-19-14-16(18)12-17-11-15-8-10-20-13-15/h15-18H,2-14H2,1H3","ZWHRZSKFVDDRMN-UHFFFAOYSA-N"
38737599,"1-[(2-Ethylhexyl)oxy]-3-[(tetrahydro-3-furanylmethyl)amino]-2-propanol",287.246033,"C16H33NO3","CCCCC(CC)COCC(CNCC1CCOC1)O","InChI=1S/C16H33NO3/c1-3-5-6-14(4-2)11-20-13-16(18)10-17-9-15-7-8-19-12-15/h14-18H,3-13H2,1-2H3","ASKQPZKAKIJJCX-UHFFFAOYSA-N"
38850118,"2-[(2-Methoxyethyl)(3-methoxypropyl)amino]-4-propylcyclohexanol",287.246033,"C16H33NO3","CCCC1CCC(C(C1)N(CCCOC)CCOC)O","InChI=1S/C16H33NO3/c1-4-6-14-7-8-16(18)15(13-14)17(10-12-20-3)9-5-11-19-2/h14-16,18H,4-13H2,1-3H3","FPOQMPOVOZBQOO-UHFFFAOYSA-N"
38850324,"2-[(2-Methoxyethyl)(1-methoxy-2-propanyl)amino]-4-propylcyclohexanol",287.246033,"C16H33NO3","CCCC1CCC(C(C1)N(CCOC)C(C)COC)O","InChI=1S/C16H33NO3/c1-5-6-14-7-8-16(18)15(11-14)17(9-10-19-3)13(2)12-20-4/h13-16,18H,5-12H2,1-4H3","UINMNUJAEMXMGV-UHFFFAOYSA-N"
38850556,"2-[Bis(2-methoxyethyl)amino]-4-(2-methyl-2-propanyl)cyclohexanol",287.246033,"C16H33NO3","CC(C)(C)C1CCC(C(C1)N(CCOC)CCOC)O","InChI=1S/C16H33NO3/c1-16(2,3)13-6-7-15(18)14(12-13)17(8-10-19-4)9-11-20-5/h13-15,18H,6-12H2,1-5H3","PWRDQFLKHPCIKL-UHFFFAOYSA-N"
38947727,"1-(2-Butoxyethoxy)-3-[(1-methylcyclohexyl)amino]-2-propanol",287.246033,"C16H33NO3","CCCCOCCOCC(CNC1(CCCCC1)C)O","InChI=1S/C16H33NO3/c1-3-4-10-19-11-12-20-14-15(18)13-17-16(2)8-6-5-7-9-16/h15,17-18H,3-14H2,1-2H3","KNCVMIPIMXDARD-UHFFFAOYSA-N"
38960949,"1-(Cyclohexyloxy)-3-{[2-(3-methylbutoxy)ethyl]amino}-2-propanol",287.246033,"C16H33NO3","CC(C)CCOCCNCC(COC1CCCCC1)O","InChI=1S/C16H33NO3/c1-14(2)8-10-19-11-9-17-12-15(18)13-20-16-6-4-3-5-7-16/h14-18H,3-13H2,1-2H3","OKDJTVVPFYYKJA-UHFFFAOYSA-N"
39002175,"Ethyl 4-(hexyloxy)-N-propylisovalinate",287.246033,"C16H33NO3","CCCCCCOCCC(C)(C(=O)OCC)NCCC","InChI=1S/C16H33NO3/c1-5-8-9-10-13-19-14-11-16(4,17-12-6-2)15(18)20-7-3/h17H,5-14H2,1-4H3","AHHWDRBINZWLFF-UHFFFAOYSA-N"
39002178,"Ethyl 4-(hexyloxy)-N-isopropylisovalinate",287.246033,"C16H33NO3","CCCCCCOCCC(C)(C(=O)OCC)NC(C)C","InChI=1S/C16H33NO3/c1-6-8-9-10-12-19-13-11-16(5,17-14(3)4)15(18)20-7-2/h14,17H,6-13H2,1-5H3","MJJAPYVNFBJKSL-UHFFFAOYSA-N"
39002194,"6-(Hexyloxy)-2-methyl-N-propylnorleucine",287.246033,"C16H33NO3","CCCCCCOCCCCC(C)(C(=O)O)NCCC","InChI=1S/C16H33NO3/c1-4-6-7-9-13-20-14-10-8-11-16(3,15(18)19)17-12-5-2/h17H,4-14H2,1-3H3,(H,18,19)","QXBMSINEMHILPI-UHFFFAOYSA-N"
39002195,"6-(Hexyloxy)-N-isopropyl-2-methylnorleucine",287.246033,"C16H33NO3","CCCCCCOCCCCC(C)(C(=O)O)NC(C)C","InChI=1S/C16H33NO3/c1-5-6-7-9-12-20-13-10-8-11-16(4,15(18)19)17-14(2)3/h14,17H,5-13H2,1-4H3,(H,18,19)","YJKRYCFKBQYDCM-UHFFFAOYSA-N"
39002201,"Ethyl 6-(hexyloxy)-N,2-dimethylnorleucinate",287.246033,"C16H33NO3","CCCCCCOCCCCC(C)(C(=O)OCC)NC","InChI=1S/C16H33NO3/c1-5-7-8-10-13-19-14-11-9-12-16(3,17-4)15(18)20-6-2/h17H,5-14H2,1-4H3","NDSBIOCMQJZUPR-UHFFFAOYSA-N"
39002203,"Methyl N-ethyl-6-(hexyloxy)-2-methylnorleucinate",287.246033,"C16H33NO3","CCCCCCOCCCCC(C)(C(=O)OC)NCC","InChI=1S/C16H33NO3/c1-5-7-8-10-13-20-14-11-9-12-16(3,17-6-2)15(18)19-4/h17H,5-14H2,1-4H3","TXJNMMFAHHJFOO-UHFFFAOYSA-N"
39002215,"Ethyl N-ethyl-5-(hexyloxy)-2-methylnorvalinate",287.246033,"C16H33NO3","CCCCCCOCCCC(C)(C(=O)OCC)NCC","InChI=1S/C16H33NO3/c1-5-8-9-10-13-19-14-11-12-16(4,17-6-2)15(18)20-7-3/h17H,5-14H2,1-4H3","GXBVYFMDVSNSNH-UHFFFAOYSA-N"
39002217,"Methyl 5-(hexyloxy)-2-methyl-N-propylnorvalinate",287.246033,"C16H33NO3","CCCCCCOCCCC(C)(C(=O)OC)NCCC","InChI=1S/C16H33NO3/c1-5-7-8-9-13-20-14-10-11-16(3,15(18)19-4)17-12-6-2/h17H,5-14H2,1-4H3","FRJIHYSCGGHPHY-UHFFFAOYSA-N"
39002220,"Methyl 5-(hexyloxy)-N-isopropyl-2-methylnorvalinate",287.246033,"C16H33NO3","CCCCCCOCCCC(C)(C(=O)OC)NC(C)C","InChI=1S/C16H33NO3/c1-6-7-8-9-12-20-13-10-11-16(4,15(18)19-5)17-14(2)3/h14,17H,6-13H2,1-5H3","XJXXGOJRPBOQCJ-UHFFFAOYSA-N"
39002265,"Ethyl N-ethyl-2-methyl-O-octylserinate",287.246033,"C16H33NO3","CCCCCCCCOCC(C)(C(=O)OCC)NCC","InChI=1S/C16H33NO3/c1-5-8-9-10-11-12-13-19-14-16(4,17-6-2)15(18)20-7-3/h17H,5-14H2,1-4H3","MOZNOGQDLMEBAG-UHFFFAOYSA-N"
39002267,"Methyl 2-methyl-O-octyl-N-propylserinate",287.246033,"C16H33NO3","CCCCCCCCOCC(C)(C(=O)OC)NCCC","InChI=1S/C16H33NO3/c1-5-7-8-9-10-11-13-20-14-16(3,15(18)19-4)17-12-6-2/h17H,5-14H2,1-4H3","HFYTWPAIYKWOBQ-UHFFFAOYSA-N"
39002269,"Methyl N-isopropyl-2-methyl-O-octylserinate",287.246033,"C16H33NO3","CCCCCCCCOCC(C)(C(=O)OC)NC(C)C","InChI=1S/C16H33NO3/c1-6-7-8-9-10-11-12-20-13-16(4,15(18)19-5)17-14(2)3/h14,17H,6-13H2,1-5H3","NGVMKDUNSIJEBD-UHFFFAOYSA-N"
39002282,"Ethyl N-methyl-4-(octyloxy)isovalinate",287.246033,"C16H33NO3","CCCCCCCCOCCC(C)(C(=O)OCC)NC","InChI=1S/C16H33NO3/c1-5-7-8-9-10-11-13-19-14-12-16(3,17-4)15(18)20-6-2/h17H,5-14H2,1-4H3","XRFYNQRAZKNOQS-UHFFFAOYSA-N"
39002284,"Methyl N-ethyl-4-(octyloxy)isovalinate",287.246033,"C16H33NO3","CCCCCCCCOCCC(C)(C(=O)OC)NCC","InChI=1S/C16H33NO3/c1-5-7-8-9-10-11-13-20-14-12-16(3,17-6-2)15(18)19-4/h17H,5-14H2,1-4H3","XQNZDQANIBHIOF-UHFFFAOYSA-N"
39002302,"N,2-Dimethyl-6-(octyloxy)norleucine",287.246033,"C16H33NO3","CCCCCCCCOCCCCC(C)(C(=O)O)NC","InChI=1S/C16H33NO3/c1-4-5-6-7-8-10-13-20-14-11-9-12-16(2,17-3)15(18)19/h17H,4-14H2,1-3H3,(H,18,19)","RZOPRUZBSOGTNC-UHFFFAOYSA-N"
39002304,"Methyl 2-methyl-6-(octyloxy)norleucinate",287.246033,"C16H33NO3","CCCCCCCCOCCCCC(C)(C(=O)OC)N","InChI=1S/C16H33NO3/c1-4-5-6-7-8-10-13-20-14-11-9-12-16(2,17)15(18)19-3/h4-14,17H2,1-3H3","FYDNEFWVOFECOS-UHFFFAOYSA-N"
39002311,"Ethyl 2-methyl-5-(octyloxy)norvalinate",287.246033,"C16H33NO3","CCCCCCCCOCCCC(C)(C(=O)OCC)N","InChI=1S/C16H33NO3/c1-4-6-7-8-9-10-13-19-14-11-12-16(3,17)15(18)20-5-2/h4-14,17H2,1-3H3","NIZZEWXOJVEXQV-UHFFFAOYSA-N"
39002313,"Methyl N,2-dimethyl-5-(octyloxy)norvalinate",287.246033,"C16H33NO3","CCCCCCCCOCCCC(C)(C(=O)OC)NC","InChI=1S/C16H33NO3/c1-5-6-7-8-9-10-13-20-14-11-12-16(2,17-3)15(18)19-4/h17H,5-14H2,1-4H3","CRQOLTZLVJNLLI-UHFFFAOYSA-N"
39002340,"Ethyl O-octyl-N-propylserinate",287.246033,"C16H33NO3","CCCCCCCCOCC(C(=O)OCC)NCCC","InChI=1S/C16H33NO3/c1-4-7-8-9-10-11-13-19-14-15(17-12-5-2)16(18)20-6-3/h15,17H,4-14H2,1-3H3","PWHSGVBKIGLDFU-UHFFFAOYSA-N"
39002343,"Ethyl N-isopropyl-O-octylserinate",287.246033,"C16H33NO3","CCCCCCCCOCC(C(=O)OCC)NC(C)C","InChI=1S/C16H33NO3/c1-5-7-8-9-10-11-12-19-13-15(17-14(3)4)16(18)20-6-2/h14-15,17H,5-13H2,1-4H3","URTSDMUGKFTVAU-UHFFFAOYSA-N"
39002482,"N-Ethyl-2-methyl-5-(2-octanyloxy)norvaline",287.246033,"C16H33NO3","CCCCCCC(C)OCCCC(C)(C(=O)O)NCC","InChI=1S/C16H33NO3/c1-5-7-8-9-11-14(3)20-13-10-12-16(4,15(18)19)17-6-2/h14,17H,5-13H2,1-4H3,(H,18,19)","ACUGJOKSVBRYIK-UHFFFAOYSA-N"
39002486,"Ethyl N-ethyl-2-methyl-O-2-octanylserinate",287.246033,"C16H33NO3","CCCCCCC(C)OCC(C)(C(=O)OCC)NCC","InChI=1S/C16H33NO3/c1-6-9-10-11-12-14(4)20-13-16(5,17-7-2)15(18)19-8-3/h14,17H,6-13H2,1-5H3","CYBJLDOCSZZQSG-UHFFFAOYSA-N"
39002488,"Methyl 2-methyl-O-2-octanyl-N-propylserinate",287.246033,"C16H33NO3","CCCCCCC(C)OCC(C)(C(=O)OC)NCCC","InChI=1S/C16H33NO3/c1-6-8-9-10-11-14(3)20-13-16(4,15(18)19-5)17-12-7-2/h14,17H,6-13H2,1-5H3","UXCAUVQPGZTNLA-UHFFFAOYSA-N"
39002491,"Methyl N-isopropyl-2-methyl-O-2-octanylserinate",287.246033,"C16H33NO3","CCCCCCC(C)OCC(C)(C(=O)OC)NC(C)C","InChI=1S/C16H33NO3/c1-7-8-9-10-11-14(4)20-12-16(5,15(18)19-6)17-13(2)3/h13-14,17H,7-12H2,1-6H3","KHYXDTHVBPDTGC-UHFFFAOYSA-N"
39002499,"N-Isopropyl-4-(2-octanyloxy)isovaline",287.246033,"C16H33NO3","CCCCCCC(C)OCCC(C)(C(=O)O)NC(C)C","InChI=1S/C16H33NO3/c1-6-7-8-9-10-14(4)20-12-11-16(5,15(18)19)17-13(2)3/h13-14,17H,6-12H2,1-5H3,(H,18,19)","UOOZZHSQIKPBSV-UHFFFAOYSA-N"
39002505,"Ethyl N-methyl-4-(2-octanyloxy)isovalinate",287.246033,"C16H33NO3","CCCCCCC(C)OCCC(C)(C(=O)OCC)NC","InChI=1S/C16H33NO3/c1-6-8-9-10-11-14(3)20-13-12-16(4,17-5)15(18)19-7-2/h14,17H,6-13H2,1-5H3","RCHJQVLWYIRPDH-UHFFFAOYSA-N"
39002507,"Methyl N-ethyl-4-(2-octanyloxy)isovalinate",287.246033,"C16H33NO3","CCCCCCC(C)OCCC(C)(C(=O)OC)NCC","InChI=1S/C16H33NO3/c1-6-8-9-10-11-14(3)20-13-12-16(4,17-7-2)15(18)19-5/h14,17H,6-13H2,1-5H3","ANMNYVXZLSNLQQ-UHFFFAOYSA-N"
