"Identifier","CompoundName","MonoisotopicMass","MolecularFormula","SMILES","InChI","InChIKey"
1145,"(2E)-3-(1H-Imidazol-4-yl)acrylic acid",138.042923,"C6H6N2O2","c1c(nc[nH]1)/C=C/C(=O)O","InChI=1S/C6H6N2O2/c9-6(10)2-1-5-3-7-4-8-5/h1-4H,(H,7,8)(H,9,10)/b2-1+","LOIYMIARKYCTBW-OWOJBTEDSA-N"
7145,"3-Nitroaniline",138.042923,"C6H6N2O2","c1cc(cc(c1)[N+](=O)[O-])N","InChI=1S/C6H6N2O2/c7-5-2-1-3-6(4-5)8(9)10/h1-4H,7H2","XJCVRTZCHMZPBD-UHFFFAOYSA-N"
7451,"N-Hydroxy-4-nitrosoaniline",138.042923,"C6H6N2O2","c1cc(ccc1NO)N=O","InChI=1S/C6H6N2O2/c9-7-5-1-2-6(8-10)4-3-5/h1-4,7,9H","DZCCLNYLUGNUKQ-UHFFFAOYSA-N"
8343,"1-Hydroxy-2-oxo-1-phenylhydrazine",138.042923,"C6H6N2O2","c1ccc(cc1)N(N=O)O","InChI=1S/C6H6N2O2/c9-7-8(10)6-4-2-1-3-5-6/h1-5,10H","DAHPIMYBWVSMKQ-UHFFFAOYSA-N"
12253,"4-(Nitrosomethylene)-1(4H)-pyridinol",138.042923,"C6H6N2O2","C1=CN(C=CC1=CN=O)O","InChI=1S/C6H6N2O2/c9-7-5-6-1-3-8(10)4-2-6/h1-5,10H","XOTXPRUFDURHKP-UHFFFAOYSA-N"
17469,"6-Aminonicotinic acid",138.042923,"C6H6N2O2","c1cc(=N)[nH]cc1C(=O)O","InChI=1S/C6H6N2O2/c7-5-2-1-4(3-8-5)6(9)10/h1-3H,(H2,7,8)(H,9,10)","ZCIFWRHIEBXBOY-UHFFFAOYSA-N"
23028,"1,1-Dicyanoethyl acetate",138.042923,"C6H6N2O2","CC(=O)OC(C)(C#N)C#N","InChI=1S/C6H6N2O2/c1-5(9)10-6(2,3-7)4-8/h1-2H3","OSNAAKXQIFQLNS-UHFFFAOYSA-N"
55135,"N-Nitroaniline",138.042923,"C6H6N2O2","c1ccc(cc1)N[N+](=O)[O-]","InChI=1S/C6H6N2O2/c9-8(10)7-6-4-2-1-3-5-6/h1-5,7H","VBEGHXKAFSLLGE-UHFFFAOYSA-N"
63461,"3-Hydroxypicolinamide",138.042923,"C6H6N2O2","c1cc(c(nc1)C(=O)N)O","InChI=1S/C6H6N2O2/c7-6(10)5-4(9)2-1-3-8-5/h1-3,9H,(H2,7,10)","VIHUZJYFQOEUMI-UHFFFAOYSA-N"
64346,"N-Hydroxynicotinamide",138.042923,"C6H6N2O2","c1cc(cnc1)C(=O)NO","InChI=1S/C6H6N2O2/c9-6(8-10)5-2-1-3-7-4-5/h1-4,10H,(H,8,9)","IYCHDNQCHLMLJZ-UHFFFAOYSA-N"
65522,"Nicotinamide 1-oxide",138.042923,"C6H6N2O2","c1cc(c[n+](c1)[O-])C(=O)N","InChI=1S/C6H6N2O2/c7-6(9)5-2-1-3-8(10)4-5/h1-4H,(H2,7,9)","USSFUVKEHXDAPM-UHFFFAOYSA-N"
65523,"Methyl pyrazinoate",138.042923,"C6H6N2O2","COC(=O)c1cnccn1","InChI=1S/C6H6N2O2/c1-10-6(9)5-4-7-2-3-8-5/h2-4H,1H3","TWIIRMSFZNYMQE-UHFFFAOYSA-N"
65528,"3,6-Bis(methylene)-2,5-piperazinedione",138.042923,"C6H6N2O2","C=c1c(=O)[nH]c(=C)c(=O)[nH]1","InChI=1S/C6H6N2O2/c1-3-5(9)8-4(2)6(10)7-3/h1-2H2,(H,7,10)(H,8,9)","UKQPHICLKVWLEU-UHFFFAOYSA-N"
65757,"6-Oxo-1,6-dihydro-3-pyridinecarboxamide",138.042923,"C6H6N2O2","c1cc(ncc1C(=O)N)O","InChI=1S/C6H6N2O2/c7-6(10)4-1-2-5(9)8-3-4/h1-3H,(H2,7,10)(H,8,9)","NGPNYDVHEUXWIA-UHFFFAOYSA-N"
65762,"2-Aminonicotinic acid",138.042923,"C6H6N2O2","c1cc(c(nc1)N)C(=O)O","InChI=1S/C6H6N2O2/c7-5-4(6(9)10)2-1-3-8-5/h1-3H,(H2,7,8)(H,9,10)","KPIVDNYJNOPGBE-UHFFFAOYSA-N"
65782,"Isonicotinamide 1-oxide",138.042923,"C6H6N2O2","c1c[n+](ccc1C(=O)N)[O-]","InChI=1S/C6H6N2O2/c7-6(9)5-1-3-8(10)4-2-5/h1-4H,(H2,7,9)","NZUWTGHVOISMHN-UHFFFAOYSA-N"
65783,"N-Hydroxyisonicotinamide",138.042923,"C6H6N2O2","c1cnccc1C(=O)NO","InChI=1S/C6H6N2O2/c9-6(8-10)5-1-3-7-4-2-5/h1-4,10H,(H,8,9)","HZNTVAYNXKPCFK-UHFFFAOYSA-N"
66470,"3-Amino-2-pyridinecarboxylic acid",138.042923,"C6H6N2O2","c1cc(c(nc1)C(=O)O)N","InChI=1S/C6H6N2O2/c7-4-2-1-3-8-5(4)6(9)10/h1-3H,7H2,(H,9,10)","BOOMHTFCWOJWFO-UHFFFAOYSA-N"
73499,"2-Pyridinecarboxamide 1-oxide",138.042923,"C6H6N2O2","c1cc[n+](c(c1)C(=O)N)[O-]","InChI=1S/C6H6N2O2/c7-6(9)5-3-1-2-4-8(5)10/h1-4H,(H2,7,9)","XKWOLIYQEGUHBU-UHFFFAOYSA-N"
79029,"2-nitro-4-picoline",138.042923,"C6H6N2O2","Cc1ccnc(c1)[N+](=O)[O-]","InChI=1S/C6H6N2O2/c1-5-2-3-7-6(4-5)8(9)10/h2-4H,1H3","VGENLLAEDBMNSC-UHFFFAOYSA-N"
89281,"4-Nitro-2-picoline",138.042923,"C6H6N2O2","Cc1cc(ccn1)[N+](=O)[O-]","InChI=1S/C6H6N2O2/c1-5-4-6(8(9)10)2-3-7-5/h2-4H,1H3","HWPIDHRDNNZJSY-UHFFFAOYSA-N"
89715,"5-vinyluracil",138.042923,"C6H6N2O2","C=Cc1c[nH]c(=O)[nH]c1=O","InChI=1S/C6H6N2O2/c1-2-4-3-7-6(10)8-5(4)9/h2-3H,1H2,(H2,7,8,9,10)","ZRYZBEQILKESAW-UHFFFAOYSA-N"
109495,"5-Methyl-2-pyrazinecarboxylic acid",138.042923,"C6H6N2O2","Cc1cnc(cn1)C(=O)O","InChI=1S/C6H6N2O2/c1-4-2-8-5(3-7-4)6(9)10/h2-3H,1H3,(H,9,10)","RBYJWCRKFLGNDB-UHFFFAOYSA-N"
129974,"2-pyridinehydroxamic acid",138.042923,"C6H6N2O2","c1ccnc(c1)C(=O)NO","InChI=1S/C6H6N2O2/c9-6(8-10)5-3-1-2-4-7-5/h1-4,10H,(H,8,9)","AWJLBFXUZYCIIH-UHFFFAOYSA-N"
131095,"(2R,4S,6S,8R)-3,7-Dioxa-9,10-diazatetracyclo[3.3.2.0~2,4~.0~6,8~]dec-9-ene",138.042923,"C6H6N2O2","[C@H]12[C@H](O1)C3[C@@H]4[C@H](C2N=N3)O4","InChI=1S/C6H6N2O2/c7-1-3-5(9-3)2(8-7)6-4(1)10-6/h1-6H/t1?,2?,3-,4-,5+,6+","RJWTWAFHIXGPMQ-TYZMHMAFSA-N"
144517,"2,5-Diamino-p-benzoquinone",138.042923,"C6H6N2O2","C1=C(C(=O)C=C(C1=O)N)N","InChI=1S/C6H6N2O2/c7-3-1-5(9)4(8)2-6(3)10/h1-2H,7-8H2","VUVVIURXJWHENR-UHFFFAOYSA-N"
149543,"3-(5-Oxo-1,2-oxazol-2(5H)-yl)propanenitrile",138.042923,"C6H6N2O2","c1cn(oc1=O)CCC#N","InChI=1S/C6H6N2O2/c7-3-1-4-8-5-2-6(9)10-8/h2,5H,1,4H2","DNSSEQBYSHSUGR-UHFFFAOYSA-N"
213639,"1-Methyl-4,5-dioxo-3-pyrrolidinecarbonitrile",138.042923,"C6H6N2O2","CN1CC(C(=O)C1=O)C#N","InChI=1S/C6H6N2O2/c1-8-3-4(2-7)5(9)6(8)10/h4H,3H2,1H3","GEGFGRKJMFGDLJ-UHFFFAOYSA-N"
219278,"3-Methyl-5-nitropyridine",138.042923,"C6H6N2O2","Cc1cc(cnc1)[N+](=O)[O-]","InChI=1S/C6H6N2O2/c1-5-2-6(8(9)10)4-7-3-5/h2-4H,1H3","OQWXZZCTJZOSGH-UHFFFAOYSA-N"
222538,"Methyl 5-pyrimidinecarboxylate",138.042923,"C6H6N2O2","COC(=O)c1cncnc1","InChI=1S/C6H6N2O2/c1-10-6(9)5-2-7-4-8-3-5/h2-4H,1H3","XMVNUAHPLDBEJH-UHFFFAOYSA-N"
222851,"Methyl 4-pyrimidinecarboxylate",138.042923,"C6H6N2O2","COC(=O)c1ccncn1","InChI=1S/C6H6N2O2/c1-10-6(9)5-2-3-7-4-8-5/h2-4H,1H3","GXZQHMHLHHUHAM-UHFFFAOYSA-N"
223611,"2-nitro-5-picoline",138.042923,"C6H6N2O2","Cc1ccc(nc1)[N+](=O)[O-]","InChI=1S/C6H6N2O2/c1-5-2-3-6(7-4-5)8(9)10/h2-4H,1H3","FISOVIVSROCTBV-UHFFFAOYSA-N"
226650,"2-Oxo-1,2-dihydro-3-pyridinecarboxamide",138.042923,"C6H6N2O2","c1cc(c(nc1)O)C(=O)N","InChI=1S/C6H6N2O2/c7-5(9)4-2-1-3-8-6(4)10/h1-3H,(H2,7,9)(H,8,10)","PQCVYHSKABCYON-UHFFFAOYSA-N"
245055,"2-amino-4-carboxypyridine",138.042923,"C6H6N2O2","c1cnc(cc1C(=O)O)N","InChI=1S/C6H6N2O2/c7-5-3-4(6(9)10)1-2-8-5/h1-3H,(H2,7,8)(H,9,10)","QMKZZQPPJRWDED-UHFFFAOYSA-N"
263740,"2-Nitro-6-picoline",138.042923,"C6H6N2O2","Cc1cccc(n1)[N+](=O)[O-]","InChI=1S/C6H6N2O2/c1-5-3-2-4-6(7-5)8(9)10/h2-4H,1H3","DEEYZLKYZZUQPC-UHFFFAOYSA-N"
283264,"4-Aminonicotinic acid",138.042923,"C6H6N2O2","c1cncc(c1N)C(=O)O","InChI=1S/C6H6N2O2/c7-5-1-2-8-3-4(5)6(9)10/h1-3H,(H2,7,8)(H,9,10)","IASBMUIXBJNMDW-UHFFFAOYSA-N"
291743,"2-Methyl-3-nitropyridine",138.042923,"C6H6N2O2","Cc1c(cccn1)[N+](=O)[O-]","InChI=1S/C6H6N2O2/c1-5-6(8(9)10)3-2-4-7-5/h2-4H,1H3","CCFGTKQIRWHYTB-UHFFFAOYSA-N"
304265,"2-(Nitromethyl)pyridine",138.042923,"C6H6N2O2","c1ccnc(c1)C[N+](=O)[O-]","InChI=1S/C6H6N2O2/c9-8(10)5-6-3-1-2-4-7-6/h1-4H,5H2","KBRRIEFTVXTTCR-UHFFFAOYSA-N"
307765,"N-Hydroxy-2-nitrosoaniline",138.042923,"C6H6N2O2","c1ccc(c(c1)NO)N=O","InChI=1S/C6H6N2O2/c9-7-5-3-1-2-4-6(5)8-10/h1-4,7,9H","GQWVWBLFIXPRGS-UHFFFAOYSA-N"
312217,"6-Aminopicolinic acid",138.042923,"C6H6N2O2","c1cc(nc(c1)N)C(=O)O","InChI=1S/C6H6N2O2/c7-5-3-1-2-4(8-5)6(9)10/h1-3H,(H2,7,8)(H,9,10)","NMCKJFCJIHCHIS-UHFFFAOYSA-N"
314517,"5-Hydroxynicotinamide",138.042923,"C6H6N2O2","c1c(cncc1O)C(=O)N","InChI=1S/C6H6N2O2/c7-6(10)4-1-5(9)3-8-2-4/h1-3,9H,(H2,7,10)","UIJCDEKRKCCYIF-UHFFFAOYSA-N"
314519,"5-Ammonionicotinate",138.042923,"C6H6N2O2","c1c(cncc1N)C(=O)O","InChI=1S/C6H6N2O2/c7-5-1-4(6(9)10)2-8-3-5/h1-3H,7H2,(H,9,10)","BYIORJAACCWFPU-UHFFFAOYSA-N"
381178,"1-Vinyl-2,4(1H,3H)-pyrimidinedione",138.042923,"C6H6N2O2","C=Cn1ccc(=O)[nH]c1=O","InChI=1S/C6H6N2O2/c1-2-8-4-3-5(9)7-6(8)10/h2-4H,1H2,(H,7,9,10)","JXBOFERRSCSVGT-UHFFFAOYSA-N"
383086,"(2-Pyridinylmethylene)azinic acid",138.042923,"C6H6N2O2","c1ccnc(c1)C=[N+](O)[O-]","InChI=1S/C6H6N2O2/c9-8(10)5-6-3-1-2-4-7-6/h1-5H,(H,9,10)","GXNCCHANJOVADD-UHFFFAOYSA-N"
404433,"3-Aminoisonicotinic acid",138.042923,"C6H6N2O2","c1cncc(c1C(=O)O)N","InChI=1S/C6H6N2O2/c7-5-3-8-2-1-4(5)6(9)10/h1-3H,7H2,(H,9,10)","FYEQKMAVRYRMBL-UHFFFAOYSA-N"
413594,"6-Methyl-2-pyrazinecarboxylic acid",138.042923,"C6H6N2O2","Cc1cncc(n1)C(=O)O","InChI=1S/C6H6N2O2/c1-4-2-7-3-5(8-4)6(9)10/h2-3H,1H3,(H,9,10)","YDSUJIRXXROKQG-UHFFFAOYSA-N"
455192,"4-Methyl-3-nitropyridine",138.042923,"C6H6N2O2","Cc1ccncc1[N+](=O)[O-]","InChI=1S/C6H6N2O2/c1-5-2-3-7-4-6(5)8(9)10/h2-4H,1H3","JLNRJMGYBKMDGI-UHFFFAOYSA-N"
472808,"4-Oxo-4,5,6,7-tetrahydrobenzofurazan",138.042923,"C6H6N2O2","C1Cc2c(non2)C(=O)C1","InChI=1S/C6H6N2O2/c9-5-3-1-2-4-6(5)8-10-7-4/h1-3H2","YONIOJQXOFZEDM-UHFFFAOYSA-N"
474327,"(2,5-Dioxo-1-pyrrolidinyl)acetonitrile",138.042923,"C6H6N2O2","C1CC(=O)N(C1=O)CC#N","InChI=1S/C6H6N2O2/c7-3-4-8-5(9)1-2-6(8)10/h1-2,4H2","JPASFKUKAVEBDD-UHFFFAOYSA-N"
490501,"2-nitro-3-picoline",138.042923,"C6H6N2O2","Cc1cccnc1[N+](=O)[O-]","InChI=1S/C6H6N2O2/c1-5-3-2-4-7-6(5)8(9)10/h2-4H,1H3","NNHSGPKSSZLCGT-UHFFFAOYSA-N"
492585,"3-(2-Oxo-2,3-dihydro-1,3-oxazol-5-yl)propanenitrile ",138.042923,"C6H6N2O2","c1c(oc(=O)[nH]1)CCC#N","InChI=1S/C6H6N2O2/c7-3-1-2-5-4-8-6(9)10-5/h4H,1-2H2,(H,8,9)","KBSPKLICSWICEP-UHFFFAOYSA-N"
643824,"Urocanic acid",138.042923,"C6H6N2O2","c1c([nH]cn1)/C=C/C(=O)O","InChI=1S/C6H6N2O2/c9-6(10)2-1-5-3-7-4-8-5/h1-4H,(H,7,8)(H,9,10)/b2-1+","LOIYMIARKYCTBW-OWOJBTEDSA-N"
714865,"3-Picoline, 4-nitro-",138.042923,"C6H6N2O2","Cc1cnccc1[N+](=O)[O-]","InChI=1S/C6H6N2O2/c1-5-4-7-3-2-6(5)8(9)10/h2-4H,1H3","UYAWSMUOLFSNGC-UHFFFAOYSA-N"
924839,"1-Vinyl-1H-pyrazole-5-carboxylic acid",138.042923,"C6H6N2O2","C=Cn1c(ccn1)C(=O)O","InChI=1S/C6H6N2O2/c1-2-8-5(6(9)10)3-4-7-8/h2-4H,1H2,(H,9,10)","IADHRHJRSDCULU-UHFFFAOYSA-N"
1266070,"Imidazole-4-acrylic acid, (Z)-",138.042923,"C6H6N2O2","c1c(nc[nH]1)/C=C\C(=O)O","InChI=1S/C6H6N2O2/c9-6(10)2-1-5-3-7-4-8-5/h1-4H,(H,7,8)(H,9,10)/b2-1-","LOIYMIARKYCTBW-UPHRSURJSA-N"
1544914,"4-aminopicolinic acid",138.042923,"C6H6N2O2","c1cnc(cc1N)C(=O)O","InChI=1S/C6H6N2O2/c7-4-1-2-8-5(3-4)6(9)10/h1-3H,(H2,7,8)(H,9,10)","JRZBTJVSAANBEV-UHFFFAOYSA-N"
2017939,"3,5-DIMETHYLISOXAZOL-4-YL ISOCYANATE",138.042923,"C6H6N2O2","Cc1c(c(on1)C)N=C=O","InChI=1S/C6H6N2O2/c1-4-6(7-3-9)5(2)10-8-4/h1-2H3","JJQYAGYVYNMYGE-UHFFFAOYSA-N"
2032738,"5-Ethoxy-1,3-oxazole-4-carbonitrile",138.042923,"C6H6N2O2","CCOc1c(nco1)C#N","InChI=1S/C6H6N2O2/c1-2-9-6-5(3-7)8-4-10-6/h4H,2H2,1H3","WXHOFXFTHHGILD-UHFFFAOYSA-N"
2043226,"2-Oxo-1,2-dihydro-4-pyridinecarboxamide",138.042923,"C6H6N2O2","c1c[nH]c(=O)cc1C(=O)N","InChI=1S/C6H6N2O2/c7-6(10)4-1-2-8-5(9)3-4/h1-3H,(H2,7,10)(H,8,9)","FHYPGGNPURXGRL-UHFFFAOYSA-N"
2073444,"5-Nitro-2-picoline",138.042923,"C6H6N2O2","Cc1ccc(cn1)[N+](=O)[O-]","InChI=1S/C6H6N2O2/c1-5-2-3-6(4-7-5)8(9)10/h2-4H,1H3","USZINSZJSVMICC-UHFFFAOYSA-N"
2403950,"2-Methoxy-5-pyrimidinecarbaldehyde",138.042923,"C6H6N2O2","COc1ncc(cn1)C=O","InChI=1S/C6H6N2O2/c1-10-6-7-2-5(4-9)3-8-6/h2-4H,1H3","MERUNNHMVZFFRE-UHFFFAOYSA-N"
2849146,"Methyl 2-pyrimidinecarboxylate",138.042923,"C6H6N2O2","COC(=O)c1ncccn1","InChI=1S/C6H6N2O2/c1-10-6(9)5-7-3-2-4-8-5/h2-4H,1H3","JOQJEWAXHQDQAG-UHFFFAOYSA-N"
2970258,"1-Amino-4-pyridiniumcarboxylate",138.042923,"C6H6N2O2","c1c[n+](ccc1C(=O)[O-])N","InChI=1S/C6H6N2O2/c7-8-3-1-5(2-4-8)6(9)10/h1-4H,7H2","PQXQDONGFDLDBF-UHFFFAOYSA-N"
2994920,"N-(1-Oxido-3-pyridinyl)formamide",138.042923,"C6H6N2O2","c1cc(c[n+](c1)[O-])NC=O","InChI=1S/C6H6N2O2/c9-5-7-6-2-1-3-8(10)4-6/h1-5H,(H,7,9)","KPAMNYGQDXVYEZ-UHFFFAOYSA-N"
3390814,"5-Aminopicolinic acid",138.042923,"C6H6N2O2","c1cc(ncc1N)C(=O)O","InChI=1S/C6H6N2O2/c7-4-1-2-5(6(9)10)8-3-4/h1-3H,7H2,(H,9,10)","WDJARUKOMOGTHA-UHFFFAOYSA-N"
4513046,"(2E)-2-[(Hydroxyamino)methylene]-3(2H)-pyridinone",138.042923,"C6H6N2O2","C1=CC(=O)/C(=C\NO)/N=C1","InChI=1S/C6H6N2O2/c9-6-2-1-3-7-5(6)4-8-10/h1-4,8,10H/b5-4+","OYFXUXCLOFRXSL-SNAWJCMRSA-N"
8278759,"N-hydroxy-4-imino-cyclohexa-2,5-dien-1-imine oxide",138.042923,"C6H6N2O2","[O-]/[N+](O)=C\1/C=C\C(=[N@H])/C=C/1","InChI=1S/C6H6N2O2/c7-5-1-3-6(4-2-5)8(9)10/h1-4,7H,(H,9,10)","SYXWVBAMLRZIDQ-UHFFFAOYSA-N"
8504817,"2-Methoxy-4-pyrimidinecarbaldehyde",138.042923,"C6H6N2O2","COC1=NC=CC(=N1)C=O","InChI=1S/C6H6N2O2/c1-10-6-7-3-2-5(4-9)8-6/h2-4H,1H3","TWESBRAYQPCROD-UHFFFAOYSA-N"
8527216,"(Z)-1-(2-Butyn-1-yloxy)-2-diazonioethenolate",138.042923,"C6H6N2O2","N#[N+]\C=C(\[O-])OCC#CC","InChI=1S/C6H6N2O2/c1-2-3-4-10-6(9)5-8-7/h5H,4H2,1H3/b6-5-","DSTDFOWMXPAMNP-WAYWQWQTSA-N"
8549962,"5,6-dihydro-1H-furo[2,3-d]pyrimidin-2-one",138.042923,"C6H6N2O2","C1COC2=C1C=NC(=O)N2","InChI=1S/C6H6N2O2/c9-6-7-3-4-1-2-10-5(4)8-6/h3H,1-2H2,(H,7,8,9)","JSMPASIJDMAWOI-UHFFFAOYSA-N"
8617181,"3-Methyl-5,6-dihydro-4H-pyrrolo[3,4-d][1,2]oxazol-4-one",138.042923,"C6H6N2O2","O=C2NCc1onc(c12)C","InChI=1S/C6H6N2O2/c1-3-5-4(10-8-3)2-7-6(5)9/h2H2,1H3,(H,7,9)","HPAIPVQPTVYRDF-UHFFFAOYSA-N"
8877228,"2-[(E)-2-Nitrovinyl]-1H-pyrrole",138.042923,"C6H6N2O2","O=[N+]([O-])\C=C\c1cccn1","InChI=1S/C6H6N2O2/c9-8(10)5-3-6-2-1-4-7-6/h1-5,7H/b5-3+","AWJJLHQYZNNPOL-HWKANZROSA-N"
9172289,"1-(2-Propyn-1-yl)-2,4-imidazolidinedione",138.042923,"C6H6N2O2","C#CCN1CC(=O)NC1=O","InChI=1S/C6H6N2O2/c1-2-3-8-4-5(9)7-6(8)10/h1H,3-4H2,(H,7,9,10)","VNPSLFACFFRWOZ-UHFFFAOYSA-N"
9183156,"(Dimethoxymethylene)malononitrile",138.042923,"C6H6N2O2","N#CC(\C#N)=C(/OC)OC","InChI=1S/C6H6N2O2/c1-9-6(10-2)5(3-7)4-8/h1-2H3","XIHOVMBYUMTLNJ-UHFFFAOYSA-N"
9237602,"2-Diazonio-3-oxo-1-cyclohexen-1-olate",138.042923,"C6H6N2O2","N#N=C1\C(=O)CCCC1=O","InChI=1S/C6H6N2O2/c7-8-6-4(9)2-1-3-5(6)10/h1-3H2","RYKJHLDHDQWHEK-UHFFFAOYSA-N"
9710355,"4-[(E)-(Hydroxyimino)methyl]-2(1H)-pyridinone",138.042923,"C6H6N2O2","O=C1/C=C(/C=N/O)\C=C/N1","InChI=1S/C6H6N2O2/c9-6-3-5(4-8-10)1-2-7-6/h1-4,10H,(H,7,9)/b8-4+","ISLIAVBZRSFZLF-XBXARRHUSA-N"
9789926,"(2E)-2-Furyl(hydrazono)acetaldehyde",138.042923,"C6H6N2O2","O=C\C(=N\N)c1occc1","InChI=1S/C6H6N2O2/c7-8-5(4-9)6-2-1-3-10-6/h1-4H,7H2/b8-5-","IOGXCWYLOBRDNU-YVMONPNESA-N"
10136043,"2,4-Dicyanobutanoic acid",138.042923,"C6H6N2O2","C(CC(C#N)C(=O)O)C#N","InChI=1S/C6H6N2O2/c7-3-1-2-5(4-8)6(9)10/h5H,1-2H2,(H,9,10)","OFTFGOLXNJLBSP-UHFFFAOYSA-N"
10221661,"3-(2-Propyn-1-yl)-2,4-imidazolidinedione",138.042923,"C6H6N2O2","C#CCN1C(=O)CNC1=O","InChI=1S/C6H6N2O2/c1-2-3-8-5(9)4-7-6(8)10/h1H,3-4H2,(H,7,10)","CKJKXGCEEQEXJV-UHFFFAOYSA-N"
10228070,"1-Acetyl-4(1H)-pyrimidinone",138.042923,"C6H6N2O2","CC(=O)n1ccc(=O)nc1","InChI=1S/C6H6N2O2/c1-5(9)8-3-2-6(10)7-4-8/h2-4H,1H3","YFKURPIRFHKIMW-UHFFFAOYSA-N"
10239822,"Ethyl dicyanoacetate",138.042923,"C6H6N2O2","CCOC(=O)C(C#N)C#N","InChI=1S/C6H6N2O2/c1-2-10-6(9)5(3-7)4-8/h5H,2H2,1H3","RZENCBUPDBAVRW-UHFFFAOYSA-N"
10401804,"2-[(E)-(Hydroxyimino)methyl]-3-pyridinol",138.042923,"C6H6N2O2","c1cc(c(nc1)/C=N/O)O","InChI=1S/C6H6N2O2/c9-6-2-1-3-7-5(6)4-8-10/h1-4,9-10H/b8-4+","JUOUALUXPLOLFO-XBXARRHUSA-N"
10401806,"ISONICOTINALDEHYDE, OXIME, 1-OXIDE",138.042923,"C6H6N2O2","c1c[n+](ccc1/C=N/O)[O-]","InChI=1S/C6H6N2O2/c9-7-5-6-1-3-8(10)4-2-6/h1-5,9H/b7-5+","FKBCBLAWZJRHSP-FNORWQNLSA-N"
10401813,"(Z)-N-Hydroxy-1-(1-oxido-4-pyridinyl)methanimine",138.042923,"C6H6N2O2","c1c[n+](ccc1/C=N\O)[O-]","InChI=1S/C6H6N2O2/c9-7-5-6-1-3-8(10)4-2-6/h1-5,9H/b7-5-","FKBCBLAWZJRHSP-ALCCZGGFSA-N"
10437210,"2-Amino-4-nitrosophenol",138.042923,"C6H6N2O2","c1cc(c(cc1N=O)N)O","InChI=1S/C6H6N2O2/c7-5-3-4(8-10)1-2-6(5)9/h1-3,9H,7H2","LVRPDWZNGAHIDM-UHFFFAOYSA-N"
10437211,"p-Quinone dioxime (p-Benzoquinone dioxime)",138.042923,"C6H6N2O2","C1=CC(=NO)C=CC1=NO","InChI=1S/C6H6N2O2/c9-7-5-1-2-6(8-10)4-3-5/h1-4,9-10H","LNHURPJLTHSVMU-UHFFFAOYSA-N"
10437212,"Methyl 4-pyridazinecarboxylate",138.042923,"C6H6N2O2","COC(=O)c1ccnnc1","InChI=1S/C6H6N2O2/c1-10-6(9)5-2-3-7-8-4-5/h2-4H,1H3","IJFLWNYKGMQQOW-UHFFFAOYSA-N"
10437213,"Methyl 3-pyridazinecarboxylate",138.042923,"C6H6N2O2","COC(=O)c1cccnn1","InChI=1S/C6H6N2O2/c1-10-6(9)5-3-2-4-7-8-5/h2-4H,1H3","ITMAHDJHOXDZEL-UHFFFAOYSA-N"
10475244,"N-formyl-pyrrole-2-carboxamide",138.042923,"C6H6N2O2","O=C(NC=O)c1cccn1","InChI=1S/C6H6N2O2/c9-4-8-6(10)5-2-1-3-7-5/h1-4,7H,(H,8,9,10)","MDJAUADLFBYWQT-UHFFFAOYSA-N"
10485183,"2-Methyl-5-pyrimidinecarboxylic acid",138.042923,"C6H6N2O2","CC1=NC=C(C=N1)C(=O)O","InChI=1S/C6H6N2O2/c1-4-7-2-5(3-8-4)6(9)10/h2-3H,1H3,(H,9,10)","NMGIXZFBQPETOK-UHFFFAOYSA-N"
10494704,"6-Methyl-3-pyridazinecarboxylic acid",138.042923,"C6H6N2O2","Cc1ccc(nn1)C(=O)O","InChI=1S/C6H6N2O2/c1-4-2-3-5(6(9)10)8-7-4/h2-3H,1H3,(H,9,10)","SJWGLCDFBFCHNV-UHFFFAOYSA-N"
10555959,"3-Hydroxyisonicotinamide",138.042923,"C6H6N2O2","C1=CN=CC(=C1C(=O)N)O","InChI=1S/C6H6N2O2/c7-6(10)4-1-2-8-3-5(4)9/h1-3,9H,(H2,7,10)","JDPIVIMBMXAXMJ-UHFFFAOYSA-N"
10557395,"2-Oxo-2-(1H-pyrrol-2-yl)acetamide",138.042923,"C6H6N2O2","O=C(N)C(=O)c1cccn1","InChI=1S/C6H6N2O2/c7-6(10)5(9)4-2-1-3-8-4/h1-3,8H,(H2,7,10)","LJDMVSIBXZGRRR-UHFFFAOYSA-N"
10558793,"6-Acetyl-3(2H)-pyridazinone",138.042923,"C6H6N2O2","O=C(C)C=1/C=C\C(=O)NN=1","InChI=1S/C6H6N2O2/c1-4(9)5-2-3-6(10)8-7-5/h2-3H,1H3,(H,8,10)","IVSOWLPWNPWQOU-UHFFFAOYSA-N"
10558801,"1-(1-Oxido-3-pyridazinyl)ethanone",138.042923,"C6H6N2O2","[O-][n+]1cccc(n1)C(=O)C","InChI=1S/C6H6N2O2/c1-5(9)6-3-2-4-8(10)7-6/h2-4H,1H3","JUUNWQSBKXJYLB-UHFFFAOYSA-N"
10567262,"1-Formyl-1H-pyrrole-2-carboxamide",138.042923,"C6H6N2O2","O=C(N)c1cccn1C=O","InChI=1S/C6H6N2O2/c7-6(10)5-2-1-3-8(5)4-9/h1-4H,(H2,7,10)","QFTWIVQXCTYNTD-UHFFFAOYSA-N"
10578512,"1H-Imidazol-2-ylmalonaldehyde",138.042923,"C6H6N2O2","C1=CN=C(N1)C(C=O)C=O","InChI=1S/C6H6N2O2/c9-3-5(4-10)6-7-1-2-8-6/h1-5H,(H,7,8)","LZUBFSKJDPQINC-UHFFFAOYSA-N"
10707085,"p-Benzoquineone dioxime",138.042923,"C6H6N2O2","C1=CC(=NO)C=CC1=NO","InChI=1S/C6H6N2O2/c9-7-5-1-2-6(8-10)4-3-5/h1-4,9-10H","LNHURPJLTHSVMU-UHFFFAOYSA-N"
10735219,"2-Pyridinylcarbamic acid",138.042923,"C6H6N2O2","C1=CC=NC(=C1)NC(=O)O","InChI=1S/C6H6N2O2/c9-6(10)8-5-3-1-2-4-7-5/h1-4H,(H,7,8)(H,9,10)","OUCYWJAACMAXQD-UHFFFAOYSA-N"
10739790,"4-Pyridinylcarbamic acid",138.042923,"C6H6N2O2","C1=CN=CC=C1NC(=O)O","InChI=1S/C6H6N2O2/c9-6(10)8-5-1-3-7-4-2-5/h1-4H,(H,7,8)(H,9,10)","FKSXRCPGQMOMBI-UHFFFAOYSA-N"
10754841,"3-Methoxy-2-pyrazinecarbaldehyde",138.042923,"C6H6N2O2","COc1nccnc1C=O","InChI=1S/C6H6N2O2/c1-10-6-5(4-9)7-2-3-8-6/h2-4H,1H3","PWNNCWQBJSXORO-UHFFFAOYSA-N"
11383742,"3-Methyl-2-pyrazinecarboxylic acid",138.042923,"C6H6N2O2","Cc1c(nccn1)C(=O)O","InChI=1S/C6H6N2O2/c1-4-5(6(9)10)8-3-2-7-4/h2-3H,1H3,(H,9,10)","DEDJQZNLAXYJBT-UHFFFAOYSA-N"
11482299,"3-Pyridinylcarbamic acid",138.042923,"C6H6N2O2","c1cc(cnc1)NC(=O)O","InChI=1S/C6H6N2O2/c9-6(10)8-5-2-1-3-7-4-5/h1-4,8H,(H,9,10)","LOGAFLFGWNBIIG-UHFFFAOYSA-N"
11511186,"(Oxido-lambda~5~-azanyl)(3-pyridinyl)methanone",138.042923,"C6H6N2O2","c1cc(cnc1)C(=O)[NH2+][O-]","InChI=1S/C6H6N2O2/c9-6(8-10)5-2-1-3-7-4-5/h1-4H,8H2","ZFFBMPJPNAHVLI-UHFFFAOYSA-N"
11633191,"4-Hydroxynicotinamide",138.042923,"C6H6N2O2","c1cncc(c1O)C(=O)N","InChI=1S/C6H6N2O2/c7-6(10)4-3-8-2-1-5(4)9/h1-3H,(H2,7,10)(H,8,9)","UDTVJEZIOILIRG-UHFFFAOYSA-N"
12956661,"3-Methyl-2,6-dihydro-4H-furo[3,4-c]pyrazol-4-one",138.042923,"C6H6N2O2","Cc1c2c(n[nH]1)COC2=O","InChI=1S/C6H6N2O2/c1-3-5-4(8-7-3)2-10-6(5)9/h2H2,1H3,(H,7,8)","WMYZPXQDEHPDOT-UHFFFAOYSA-N"
13101324,"4,5-Diamino-1,2-benzoquinone",138.042923,"C6H6N2O2","C1=C(C(=CC(=O)C1=O)N)N","InChI=1S/C6H6N2O2/c7-3-1-5(9)6(10)2-4(3)8/h1-2H,7-8H2","HTJNKHQUDFVBDG-UHFFFAOYSA-N"
13201701,"4-Methyl-5-pyrimidinecarboxylicacid",138.042923,"C6H6N2O2","Cc1c(cncn1)C(=O)O","InChI=1S/C6H6N2O2/c1-4-5(6(9)10)2-7-3-8-4/h2-3H,1H3,(H,9,10)","MGRYVXAAUYHOSI-UHFFFAOYSA-N"
13273364,"1H-1,2-Diazepine-1-carboxylic acid",138.042923,"C6H6N2O2","C1=CC=NN(C=C1)C(=O)O","InChI=1S/C6H6N2O2/c9-6(10)8-5-3-1-2-4-7-8/h1-5H,(H,9,10)","QRKPPWPLSQRGSU-UHFFFAOYSA-N"
13337566,"2-Methyl-4-pyrimidinecarboxylic acid",138.042923,"C6H6N2O2","Cc1nccc(n1)C(=O)O","InChI=1S/C6H6N2O2/c1-4-7-3-2-5(8-4)6(9)10/h2-3H,1H3,(H,9,10)","CDBDBWCUGHXFTN-UHFFFAOYSA-N"
13353686,"2,3-Diamino-1,4-benzoquinone",138.042923,"C6H6N2O2","C1=CC(=O)C(=C(C1=O)N)N","InChI=1S/C6H6N2O2/c7-5-3(9)1-2-4(10)6(5)8/h1-2H,7-8H2","SDHNWIUQNFNBAI-UHFFFAOYSA-N"
13387661,"4-Hydroxy-2-pyridinecarboxamide",138.042923,"C6H6N2O2","c1cnc(cc1O)C(=O)N","InChI=1S/C6H6N2O2/c7-6(10)5-3-4(9)1-2-8-5/h1-3H,(H2,7,10)(H,8,9)","LETSXPSXBBJUSY-UHFFFAOYSA-N"
13516743,"6-Oxo-1,6-dihydro-2-pyridinecarboxamide",138.042923,"C6H6N2O2","c1cc(nc(c1)O)C(=O)N","InChI=1S/C6H6N2O2/c7-6(10)4-2-1-3-5(9)8-4/h1-3H,(H2,7,10)(H,8,9)","RSUGEGLNENDGNG-UHFFFAOYSA-N"
13523476,"2-Pyrimidinylacetic acid",138.042923,"C6H6N2O2","c1cnc(nc1)CC(=O)O","InChI=1S/C6H6N2O2/c9-6(10)4-5-7-2-1-3-8-5/h1-3H,4H2,(H,9,10)","NRRCYZPJUABYHL-UHFFFAOYSA-N"
13707185,"3-(1H-Imidazol-2-yl)-acrylic acid",138.042923,"C6H6N2O2","c1cnc([nH]1)/C=C/C(=O)O","InChI=1S/C6H6N2O2/c9-6(10)2-1-5-7-3-4-8-5/h1-4H,(H,7,8)(H,9,10)/b2-1+","BLNMENZGNYPNEL-OWOJBTEDSA-N"
13846959,"4-Nitroaniline",138.042923,"C6H6N2O2","c1cc(ccc1N)[N+](=O)[O-]","InChI=1S/C6H6N2O2/c7-5-1-3-6(4-2-5)8(9)10/h1-4H,7H2","TYMLOMAKGOJONV-UHFFFAOYSA-N"
13853943,"2-Nitroaniline",138.042923,"C6H6N2O2","c1ccc(c(c1)N)[N+](=O)[O-]","InChI=1S/C6H6N2O2/c7-5-3-1-2-4-6(5)8(9)10/h1-4H,7H2","DPJCXCZTLWNFOH-UHFFFAOYSA-N"
14014680,"5-Pyrimidineaceticacid",138.042923,"C6H6N2O2","c1c(cncn1)CC(=O)O","InChI=1S/C6H6N2O2/c9-6(10)1-5-2-7-4-8-3-5/h2-4H,1H2,(H,9,10)","HEEUMCHKVXTQIP-UHFFFAOYSA-N"
14315039,"6-Methyl-4-pyrimidinecarboxylic acid",138.042923,"C6H6N2O2","Cc1cc(ncn1)C(=O)O","InChI=1S/C6H6N2O2/c1-4-2-5(6(9)10)8-3-7-4/h2-3H,1H3,(H,9,10)","YSRGRWJKRYESQW-UHFFFAOYSA-N"
14373453,"2-Pyrazinylacetic acid",138.042923,"C6H6N2O2","c1cnc(cn1)CC(=O)O","InChI=1S/C6H6N2O2/c9-6(10)3-5-4-7-1-2-8-5/h1-2,4H,3H2,(H,9,10)","PSDADIDIQCPEQC-UHFFFAOYSA-N"
14448752,"4-Methoxy-5-pyrimidinecarbaldehyde",138.042923,"C6H6N2O2","COc1c(cncn1)C=O","InChI=1S/C6H6N2O2/c1-10-6-5(3-9)2-7-4-8-6/h2-4H,1H3","QFPUGGPMHMCQCR-UHFFFAOYSA-N"
14500843,"5-Methyl-2-pyrimidinecarboxylic acid",138.042923,"C6H6N2O2","Cc1cnc(nc1)C(=O)O","InChI=1S/C6H6N2O2/c1-4-2-7-5(6(9)10)8-3-4/h2-3H,1H3,(H,9,10)","BADCKQUVPNDPJZ-UHFFFAOYSA-N"
14515704,"4-Methyl-3-pyridazinecarboxylic acid",138.042923,"C6H6N2O2","Cc1ccnnc1C(=O)O","InChI=1S/C6H6N2O2/c1-4-2-3-7-8-5(4)6(9)10/h2-3H,1H3,(H,9,10)","PSDAFTJUUSZDOB-UHFFFAOYSA-N"
15118481,"N-Nitroaniline",138.042923,"C6H6N2O2","c1ccc(cc1)/N=[N+](\O)/[O-]","InChI=1S/C6H6N2O2/c9-8(10)7-6-4-2-1-3-5-6/h1-5H,(H,7,9,10)","NMOIUZRHVMYAJU-UHFFFAOYSA-N"
15174891,"3-Pyridazinylacetic acid",138.042923,"C6H6N2O2","c1cc(nnc1)CC(=O)O","InChI=1S/C6H6N2O2/c9-6(10)4-5-2-1-3-7-8-5/h1-3H,4H2,(H,9,10)","RWHJUYXIHVKMDK-UHFFFAOYSA-N"
15355174,"2-Acetyl-4(1H)-pyrimidinone",138.042923,"C6H6N2O2","CC(=O)c1[nH]ccc(=O)n1","InChI=1S/C6H6N2O2/c1-4(9)6-7-3-2-5(10)8-6/h2-3H,1H3,(H,7,8,10)","MNRXDAAOMHCXOU-UHFFFAOYSA-N"
15506366,"4-Pyrimidinylacetic acid",138.042923,"C6H6N2O2","c1cncnc1CC(=O)O","InChI=1S/C6H6N2O2/c9-6(10)3-5-1-2-7-4-8-5/h1-2,4H,3H2,(H,9,10)","INKXJLOOBMPRMB-UHFFFAOYSA-N"
15548358,"N-(2-Oxo-1,2-dihydro-3-pyridinyl)formamide",138.042923,"C6H6N2O2","c1cc(c(=O)[nH]c1)NC=O","InChI=1S/C6H6N2O2/c9-4-8-5-2-1-3-7-6(5)10/h1-4H,(H,7,10)(H,8,9)","MDJJGSQHRWJXSN-UHFFFAOYSA-N"
15663607,"2-Pyrimidinyl acetate",138.042923,"C6H6N2O2","CC(=O)Oc1ncccn1","InChI=1S/C6H6N2O2/c1-5(9)10-6-7-3-2-4-8-6/h2-4H,1H3","IRFJWPIUSBTZNR-UHFFFAOYSA-N"
16487221,"N-(4-Oxo-1,4-dihydro-3-pyridinyl)formamide",138.042923,"C6H6N2O2","c1c[nH]cc(c1=O)NC=O","InChI=1S/C6H6N2O2/c9-4-8-5-3-7-2-1-6(5)10/h1-4H,(H,7,10)(H,8,9)","FPVZQCPXJZWLIP-UHFFFAOYSA-N"
19059636,"1-(1H-Imidazol-1-yl)-1,2-propanedione",138.042923,"C6H6N2O2","CC(=O)C(=O)n1ccnc1","InChI=1S/C6H6N2O2/c1-5(9)6(10)8-3-2-7-4-8/h2-4H,1H3","JLOUTKGHPRAWQN-UHFFFAOYSA-N"
19740509,"5-Methoxy-2-pyrimidinecarbaldehyde",138.042923,"C6H6N2O2","COc1cnc(nc1)C=O","InChI=1S/C6H6N2O2/c1-10-5-2-7-6(4-9)8-3-5/h2-4H,1H3","YWCAULDHVOEECI-UHFFFAOYSA-N"
21159453,"N,N'-Dihydroxy-2,5-cyclohexadiene-1,4-diimine",138.042923,"C6H6N2O2","C1=CC(=NO)C=CC1=NO","InChI=1S/C6H6N2O2/c9-7-5-1-2-6(8-10)4-3-5/h1-4,9-10H","LNHURPJLTHSVMU-UHFFFAOYSA-N"
21258521,"(1R,2S,4R,5S,6R,8S)-3,7-Dioxa-9,10-diazatetracyclo[3.3.2.0~2,4~.0~6,8~]dec-9-ene",138.042923,"C6H6N2O2","[C@H]12N=N[C@@H]([C@H]3[C@@H]1O3)[C@H]4[C@@H]2O4","InChI=1S/C6H6N2O2/c7-1-3-5(9-3)2(8-7)6-4(1)10-6/h1-6H/t1-,2-,3-,4-,5+,6+","RJWTWAFHIXGPMQ-QBVDJRBYSA-N"
21329743,"6-Methyl-2-oxo-2,3-dihydro-4-pyrimidinecarbaldehyde",138.042923,"C6H6N2O2","Cc1cc([nH]c(=O)n1)C=O","InChI=1S/C6H6N2O2/c1-4-2-5(3-9)8-6(10)7-4/h2-3H,1H3,(H,7,8,10)","SMTKZEHOSBPNRW-UHFFFAOYSA-N"
21405836,"4-(Nitromethyl)pyridine",138.042923,"C6H6N2O2","c1cnccc1C[N+](=O)[O-]","InChI=1S/C6H6N2O2/c9-8(10)5-6-1-3-7-4-2-6/h1-4H,5H2","PZCIUCOAIHDIJW-UHFFFAOYSA-N"
21471188,"(2E)-3-(2H-Imidazol-4-yl)acrylic acid",138.042923,"C6H6N2O2","C1N=CC(=N1)/C=C/C(=O)O","InChI=1S/C6H6N2O2/c9-6(10)2-1-5-3-7-4-8-5/h1-3H,4H2,(H,9,10)/b2-1+","KATDTLAOVCHIJO-OWOJBTEDSA-N"
21783829,"4-Pyridazinylacetic acid",138.042923,"C6H6N2O2","c1cnncc1CC(=O)O","InChI=1S/C6H6N2O2/c9-6(10)3-5-1-2-7-8-4-5/h1-2,4H,3H2,(H,9,10)","ZTQYWRVLLZGFFB-UHFFFAOYSA-N"
21784026,"4-Methylpyrimidine-2-carboxylic acid",138.042923,"C6H6N2O2","Cc1ccnc(n1)C(=O)O","InChI=1S/C6H6N2O2/c1-4-2-3-7-5(8-4)6(9)10/h2-3H,1H3,(H,9,10)","WBSSDROYPVWGTA-UHFFFAOYSA-N"
22547383,"2,5-Diazabicyclo[4.2.0]oct-1(6)-ene-7,8-dione",138.042923,"C6H6N2O2","C1CNc2c(c(=O)c2=O)N1","InChI=1S/C6H8N2O2/c9-5-3-4(6(5)10)8-2-1-7-3/h3-4,7-8H,1-2H2","HULTVFVLDFTOEW-UHFFFAOYSA-N"
22753751,"1-Vinyl-1H-pyrazole-4-carboxylic acid",138.042923,"C6H6N2O2","C=Cn1cc(cn1)C(=O)O","InChI=1S/C6H6N2O2/c1-2-8-4-5(3-7-8)6(9)10/h2-4H,1H2,(H,9,10)","NALOXIKNICPHNW-UHFFFAOYSA-N"
23218059,"6-ethenylpyrimidine-2,4-diol",138.042923,"C6H6N2O2","C=Cc1cc(nc(n1)O)O","InChI=1S/C6H6N2O2/c1-2-4-3-5(9)8-6(10)7-4/h2-3H,1H2,(H2,7,8,9,10)","SCRKKOBQJOUIRD-UHFFFAOYSA-N"
23254692,"N,N'-Dihydroxy-2,5-cyclohexadiene-1,4-diimine",138.042923,"C6H6N2O2","C1=CC(=NO)C=CC1=NO","InChI=1S/C6H6N2O2/c9-7-5-1-2-6(8-10)4-3-5/h1-4,9-10H","LNHURPJLTHSVMU-UHFFFAOYSA-N"
23551674,"4-Acetyl-5-methyl-2H-imidazol-2-one",138.042923,"C6H6N2O2","CC1=NC(=O)N=C1C(=O)C","InChI=1S/C6H6N2O2/c1-3-5(4(2)9)8-6(10)7-3/h1-2H3","GPPVJCGIKMZEJW-UHFFFAOYSA-N"
23978382,"5-Acetyl-2(1H)-pyrimidinone",138.042923,"C6H6N2O2","CC(=O)c1c[nH]c(=O)nc1","InChI=1S/C6H6N2O2/c1-4(9)5-2-7-6(10)8-3-5/h2-3H,1H3,(H,7,8,10)","JVKOPTGVTQBZOX-UHFFFAOYSA-N"
24184671,"[1,3]Dioxolo[4,5-b]pyridin-7-amine",138.042923,"C6H6N2O2","c1cnc2c(c1N)OCO2","InChI=1S/C6H6N2O2/c7-4-1-2-8-6-5(4)9-3-10-6/h1-2H,3H2,(H2,7,8)","LEMUWLMKDXWKKR-UHFFFAOYSA-N"
24184693,"3-(Iminomethyl)-2,4(1H,3H)-pyridinedione",138.042923,"C6H6N2O2","C1=CNC(=O)C(C1=O)C=N","InChI=1S/C6H6N2O2/c7-3-4-5(9)1-2-8-6(4)10/h1-4,7H,(H,8,10)","LLYOFDBFHGJZMO-UHFFFAOYSA-N"
24184823,"Imino(3-pyridinyl)methyl hydroperoxide",138.042923,"C6H6N2O2","c1cc(cnc1)C(=N)OO","InChI=1S/C6H6N2O2/c7-6(10-9)5-2-1-3-8-4-5/h1-4,7,9H","FQPPVPKSQMOKFP-UHFFFAOYSA-N"
24185100,"6-[(Z)-(Hydroxyimino)methyl]-3-pyridinol",138.042923,"C6H6N2O2","c1cc(ncc1O)/C=N\O","InChI=1S/C6H6N2O2/c9-6-2-1-5(3-8-10)7-4-6/h1-4,9-10H/b8-3-","DRAVSXXCLYDZJG-BAQGIRSFSA-N"
24185114,"(Z)-N-Hydroxy-1-(1-oxido-3-pyridinyl)methanimine",138.042923,"C6H6N2O2","c1cc(c[n+](c1)[O-])/C=N\O","InChI=1S/C6H6N2O2/c9-7-4-6-2-1-3-8(10)5-6/h1-5,9H/b7-4-","WXAHTINPWPNKQL-DAXSKMNVSA-N"
24185432,"(2E)-(4-Oxo-3,4-dihydro-2(1H)-pyrimidinylidene)acetaldehyde",138.042923,"C6H6N2O2","C1=CN/C(=C\C=O)/NC1=O","InChI=1S/C6H6N2O2/c9-4-2-5-7-3-1-6(10)8-5/h1-4,7H,(H,8,10)/b5-2+","ZHJRRHJFSKFDFV-GORDUTHDSA-N"
24185440,"2,5-Dioxa-7,10-diazabicyclo[4.3.1]deca-1(10),6,8-triene",138.042923,"C6H6N2O2","c1cnc2nc1OCCO2","InChI=1S/C6H6N2O2/c1-2-7-6-8-5(1)9-3-4-10-6/h1-2H,3-4H2","XNMUGVQKSMSACK-UHFFFAOYSA-N"
24185477,"(5-Pyrimidinyloxy)acetaldehyde",138.042923,"C6H6N2O2","c1c(cncn1)OCC=O","InChI=1S/C6H6N2O2/c9-1-2-10-6-3-7-5-8-4-6/h1,3-5H,2H2","ILYLDZFTLJKGRN-UHFFFAOYSA-N"
24185570,"4-Pyrimidinyl acetate",138.042923,"C6H6N2O2","CC(=O)Oc1ccncn1","InChI=1S/C6H6N2O2/c1-5(9)10-6-2-3-7-4-8-6/h2-4H,1H3","MCUFMXVJDURFIJ-UHFFFAOYSA-N"
24185650,"4-Vinylpyrimidine 1,3-dioxide",138.042923,"C6H6N2O2","C=Cc1cc[n+](c[n+]1[O-])[O-]","InChI=1S/C6H6N2O2/c1-2-6-3-4-7(9)5-8(6)10/h2-5H,1H2","OWKPGTRRNZEYON-UHFFFAOYSA-N"
24185671,"1,5-Dihydrofuro[2,3-d]pyrimidin-6(4H)-one",138.042923,"C6H6N2O2","C1C2=C(N=CNC2)OC1=O","InChI=1S/C6H6N2O2/c9-5-1-4-2-7-3-8-6(4)10-5/h3H,1-2H2,(H,7,8)","ZVEWQZFPMVFXHL-UHFFFAOYSA-N"
24185765,"3,5-Dihydrofuro[2,3-d]pyrimidin-6(2H)-one",138.042923,"C6H6N2O2","C1C2=CNCN=C2OC1=O","InChI=1S/C6H6N2O2/c9-5-1-4-2-7-3-8-6(4)10-5/h2,7H,1,3H2","AHFNSZLYWBEGFH-UHFFFAOYSA-N"
24185858,"2,3-Dihydrofuro[2,3-d]pyrimidin-4-ol",138.042923,"C6H6N2O2","c1coc2=NCNC(=c21)O","InChI=1S/C6H6N2O2/c9-5-4-1-2-10-6(4)8-3-7-5/h1-2,7,9H,3H2","TYSNYZQBCRRGLV-UHFFFAOYSA-N"
24190482,"1-Aziridinyl(1,2-oxazol-5-yl)methanone",138.042923,"C6H6N2O2","c1cnoc1C(=O)N2CC2","InChI=1S/C6H6N2O2/c9-6(8-3-4-8)5-1-2-7-10-5/h1-2H,3-4H2","SEELOICJZHYERG-UHFFFAOYSA-N"
24192507,"1,1'-(1,3-Diazete-2,4-diyl)diethanone",138.042923,"C6H6N2O2","CC(=O)C1=NC(=N1)C(=O)C","InChI=1S/C6H6N2O2/c1-3(9)5-7-6(8-5)4(2)10/h1-2H3","SNKZRBUGRNDAOC-UHFFFAOYSA-N"
24195560,"[1,2,4]Oxadiazolo[4,3-d][1,4]oxazepine",138.042923,"C6H6N2O2","C1N2C=COC=CC2=NO1","InChI=1S/C6H6N2O2/c1-3-9-4-2-8-5-10-7-6(1)8/h1-4H,5H2","JYYFUPKKLJPENL-UHFFFAOYSA-N"
24195576,"(2Z)-3-(1H-Imidazol-1-yl)acrylic acid",138.042923,"C6H6N2O2","c1cn(cn1)/C=C\C(=O)O","InChI=1S/C6H6N2O2/c9-6(10)1-3-8-4-2-7-5-8/h1-5H,(H,9,10)/b3-1-","ABPNGTQNTVBRTP-IWQZZHSRSA-N"
24195577,"(2E)-3-(1H-Imidazol-1-yl)acrylic acid",138.042923,"C6H6N2O2","c1cn(cn1)/C=C/C(=O)O","InChI=1S/C6H6N2O2/c9-6(10)1-3-8-4-2-7-5-8/h1-5H,(H,9,10)/b3-1+","ABPNGTQNTVBRTP-HNQUOIGGSA-N"
24796292,"3-Methyl-4-pyridazinecarboxylic acid",138.042923,"C6H6N2O2","Cc1c(ccnn1)C(=O)O","InChI=1S/C6H6N2O2/c1-4-5(6(9)10)2-3-7-8-4/h2-3H,1H3,(H,9,10)","UTQRGFJATKOAMS-UHFFFAOYSA-N"
24807677,"6,7-Dihydro[1,3]oxazolo[5,4-b]pyridin-5(4H)-one",138.042923,"C6H6N2O2","c1nc2c(o1)NC(=O)CC2","InChI=1S/C6H6N2O2/c9-5-2-1-4-6(8-5)10-3-7-4/h3H,1-2H2,(H,8,9)","PWWIZHFJURAHJX-UHFFFAOYSA-N"
24807961,"Ethanedial - pyridazine (1:1)",138.042923,"C6H6N2O2","c1ccnnc1.C(=O)C=O","InChI=1S/C4H4N2.C2H2O2/c1-2-4-6-5-3-1;3-1-2-4/h1-4H;1-2H","GIMOMYIMJGEAQK-UHFFFAOYSA-N"
25933509,"O-isonicotinoylhydroxylamine",138.042923,"C6H6N2O2","c1cnccc1C(=O)ON","InChI=1S/C6H6N2O2/c7-10-6(9)5-1-3-8-4-2-5/h1-4H,7H2","XASGUEKGBKSEML-UHFFFAOYSA-N"
25933997,"N-methylpyrazoledialdehyde",138.042923,"C6H6N2O2","Cn1cc(c(n1)C=O)C=O","InChI=1S/C6H6N2O2/c1-8-2-5(3-9)6(4-10)7-8/h2-4H,1H3","GGECMIZFNPLFIK-UHFFFAOYSA-N"
25949186,"5-Methyl-4-pyrimidinecarboxylic acid",138.042923,"C6H6N2O2","Cc1cncnc1C(=O)O","InChI=1S/C6H6N2O2/c1-4-2-7-3-8-5(4)6(9)10/h2-3H,1H3,(H,9,10)","INTUWGJOBDUGLY-UHFFFAOYSA-N"
26327851,"5-Methoxy-2-pyrazinecarbaldehyde",138.042923,"C6H6N2O2","COc1cnc(cn1)C=O","InChI=1S/C6H6N2O2/c1-10-6-3-7-5(4-9)2-8-6/h2-4H,1H3","KSOOMHYFEFVYRI-UHFFFAOYSA-N"
26342783,"(2Z)-3-(1H-Imidazol-2-yl)acrylic acid",138.042923,"C6H6N2O2","c1cnc([nH]1)/C=C\C(=O)O","InChI=1S/C6H6N2O2/c9-6(10)2-1-5-7-3-4-8-5/h1-4H,(H,7,8)(H,9,10)/b2-1-","BLNMENZGNYPNEL-UPHRSURJSA-N"
26944743,"(Oxido-lambda~5~-azanyl)(2-pyridinyl)methanone",138.042923,"C6H6N2O2","c1ccnc(c1)C(=O)[NH2+][O-]","InChI=1S/C6H6N2O2/c9-6(8-10)5-3-1-2-4-7-5/h1-4H,8H2","NJGKAWQASOGFKM-UHFFFAOYSA-N"
26945045,"3-Imino-2,3-dihydro-2-pyridinecarboxylic acid",138.042923,"C6H6N2O2","C1=CC(=N)C(N=C1)C(=O)O","InChI=1S/C6H6N2O2/c7-4-2-1-3-8-5(4)6(9)10/h1-3,5,7H,(H,9,10)","JMPBSCAHJJLFJH-UHFFFAOYSA-N"
27016787,"6-Methoxy-3-pyridazinecarbaldehyde",138.042923,"C6H6N2O2","COc1ccc(nn1)C=O","InChI=1S/C6H6N2O2/c1-10-6-3-2-5(4-9)7-8-6/h2-4H,1H3","DMZWOPABKPRESI-UHFFFAOYSA-N"
27267643,"5-Methyl-3-pyridazinecarboxylic acid",138.042923,"C6H6N2O2","Cc1cc(nnc1)C(=O)O","InChI=1S/C6H6N2O2/c1-4-2-5(6(9)10)8-7-3-4/h2-3H,1H3,(H,9,10)","AZJKROFAZZLKRH-UHFFFAOYSA-N"
27267648,"5-Methyl-4-pyridazinecarboxylic acid",138.042923,"C6H6N2O2","Cc1cnncc1C(=O)O","InChI=1S/C6H6N2O2/c1-4-2-7-8-3-5(4)6(9)10/h2-3H,1H3,(H,9,10)","JGJUEUVYZDSDES-UHFFFAOYSA-N"
27267656,"5-Acetyl-1H-imidazole-2-carbaldehyde",138.042923,"C6H6N2O2","CC(=O)c1cnc([nH]1)C=O","InChI=1S/C6H6N2O2/c1-4(10)5-2-7-6(3-9)8-5/h2-3H,1H3,(H,7,8)","NXGWFSJJHCNVHB-UHFFFAOYSA-N"
27650494,"1,7-Dihydropyrano[3,4-c]pyrazol-4(5H)-one",138.042923,"C6H6N2O2","c1c2c([nH]n1)COCC2=O","InChI=1S/C6H6N2O2/c9-6-3-10-2-5-4(6)1-7-8-5/h1H,2-3H2,(H,7,8)","IMPUBLFLBCSCRU-UHFFFAOYSA-N"
27650501,"2-Methyl-4-oxo-1,4-dihydro-5-pyrimidinecarbaldehyde",138.042923,"C6H6N2O2","Cc1ncc(c(n1)O)C=O","InChI=1S/C6H6N2O2/c1-4-7-2-5(3-9)6(10)8-4/h2-3H,1H3,(H,7,8,10)","UFVRIOWEDMQLPZ-UHFFFAOYSA-N"
28120870,"(2E)-3-(1H-Pyrazol-4-yl)acrylic acid",138.042923,"C6H6N2O2","c1c(cn[nH]1)/C=C/C(=O)O","InChI=1S/C6H6N2O2/c9-6(10)2-1-5-3-7-8-4-5/h1-4H,(H,7,8)(H,9,10)/b2-1+","WDHPQYQBAOMCNI-OWOJBTEDSA-N"
28190652,"2-Methyl-1H-imidazole-4,5-dicarbaldehyde",138.042923,"C6H6N2O2","Cc1[nH]c(c(n1)C=O)C=O","InChI=1S/C6H6N2O2/c1-4-7-5(2-9)6(3-10)8-4/h2-3H,1H3,(H,7,8)","CHCWWULUPIRETJ-UHFFFAOYSA-N"
28291502,"2-Acetyl-4(5H)-pyrimidinone",138.042923,"C6H6N2O2","CC(=O)C1=NC(=O)CC=N1","InChI=1S/C6H6N2O2/c1-4(9)6-7-3-2-5(10)8-6/h3H,2H2,1H3","MSGRKQDVUJZCPX-UHFFFAOYSA-N"
28291550,"4H-[1,3]Dioxino[5,4-d]pyrimidine",138.042923,"C6H6N2O2","c1c2c(ncn1)COCO2","InChI=1S/C6H6N2O2/c1-6-5(8-3-7-1)2-9-4-10-6/h1,3H,2,4H2","KYCNVDPCMJEXCO-UHFFFAOYSA-N"
28291554,"4H-[1,3]Dioxino[4,5-d]pyrimidine",138.042923,"C6H6N2O2","c1c2c(ncn1)OCOC2","InChI=1S/C6H6N2O2/c1-5-2-9-4-10-6(5)8-3-7-1/h1,3H,2,4H2","JEXFNOPDQQERAA-UHFFFAOYSA-N"
28536672,"5,6-Dimethyl-2,3-pyrazinedione",138.042923,"C6H6N2O2","CC1=NC(=O)C(=O)N=C1C","InChI=1S/C6H6N2O2/c1-3-4(2)8-6(10)5(9)7-3/h1-2H3","UTUBKANYFIGQGX-UHFFFAOYSA-N"
28542944,"3-(Isocyanatomethyl)-5-methyl-1,2-oxazole",138.042923,"C6H6N2O2","Cc1cc(no1)CN=C=O","InChI=1S/C6H6N2O2/c1-5-2-6(8-10-5)3-7-4-9/h2H,3H2,1H3","HJBKIDCQPTWJOH-UHFFFAOYSA-N"
28543236,"5-(Isocyanatomethyl)-3-methyl-1,2-oxazole",138.042923,"C6H6N2O2","Cc1cc(on1)CN=C=O","InChI=1S/C6H6N2O2/c1-5-2-6(10-8-5)3-7-4-9/h2H,3H2,1H3","IDCDKJBEUIEYQT-UHFFFAOYSA-N"
28561533,"2-[(E)-2-Aminovinyl]-6H-1,3-oxazin-6-one",138.042923,"C6H6N2O2","c1cnc(oc1=O)/C=C/N","InChI=1S/C6H6N2O2/c7-3-1-5-8-4-2-6(9)10-5/h1-4H,7H2/b3-1+","APRKPTMZJKMGRR-HNQUOIGGSA-N"
28565197,"3-[(E)-2-Hydroxyvinyl]-2(1H)-pyrazinone",138.042923,"C6H6N2O2","c1cnc(c(=O)[nH]1)/C=C/O","InChI=1S/C6H6N2O2/c9-4-1-5-6(10)8-3-2-7-5/h1-4,9H,(H,8,10)/b4-1+","IEDNZXCNJGVNHR-DAFODLJHSA-N"
28568359,"(2Z)-(3-Oxo-3,4-dihydro-2(1H)-pyrazinylidene)acetaldehyde",138.042923,"C6H6N2O2","C1=CNC(=O)/C(=C/C=O)/N1","InChI=1S/C6H6N2O2/c9-4-1-5-6(10)8-3-2-7-5/h1-4,7H,(H,8,10)/b5-1-","SRMSSOQMQIUACK-KTAJNNJTSA-N"
28569341,"(3Z,7Z)-1,5-Diazocine-2,6(1H,5H)-dione",138.042923,"C6H6N2O2","C\1=C\NC(=O)/C=C\NC1=O","InChI=1S/C6H6N2O2/c9-5-1-3-7-6(10)2-4-8-5/h1-4H,(H,7,10)(H,8,9)","PNOZCJLGKWLDSL-UHFFFAOYSA-N"
28571164,"1-Methyl-1H-pyrazole-3,5-dicarbaldehyde",138.042923,"C6H6N2O2","Cn1c(cc(n1)C=O)C=O","InChI=1S/C6H6N2O2/c1-8-6(4-10)2-5(3-9)7-8/h2-4H,1H3","RZUDDGKTFLHJDG-UHFFFAOYSA-N"
28575002,"2-[(E)-2-Hydroxyvinyl]-4(3H)-pyrimidinone",138.042923,"C6H6N2O2","c1cnc([nH]c1=O)/C=C/O","InChI=1S/C6H6N2O2/c9-4-2-5-7-3-1-6(10)8-5/h1-4,9H,(H,7,8,10)/b4-2+","UOBBYYXUVVSIJT-DUXPYHPUSA-N"
28575058,"4-Amino-3-hydroxy-6-imino-2,4-cyclohexadien-1-one",138.042923,"C6H6N2O2","C1=C(C(=CC(=O)C1=N)O)N","InChI=1S/C6H6N2O2/c7-3-1-4(8)6(10)2-5(3)9/h1-2,7,10H,8H2","ADKAYVJMDIUNNS-UHFFFAOYSA-N"
28674492,"3a,4,6,6a-Tetrahydrofuro[3,4-d][1,2]oxazole-3-carbonitrile",138.042923,"C6H6N2O2","C1C2C(CO1)ON=C2C#N","InChI=1S/C6H6N2O2/c7-1-5-4-2-9-3-6(4)10-8-5/h4,6H,2-3H2","PCEWOEVPEQNYTI-UHFFFAOYSA-N"
28678215,"2-Amino-5-hydroxy-4-imino-2,5-cyclohexadien-1-one",138.042923,"C6H6N2O2","C1=C(C(=O)C=C(C1=N)O)N","InChI=1S/C6H6N2O2/c7-3-1-4(8)6(10)2-5(3)9/h1-2,7,9H,8H2","AJQLKQDZQVCIIS-UHFFFAOYSA-N"
28710061,"1,8a-Dihydro-2H-[1,2,4]oxadiazolo[2,3-a]pyridin-2-one",138.042923,"C6H6N2O2","C1=CC2NC(=O)ON2C=C1","InChI=1S/C6H6N2O2/c9-6-7-5-3-1-2-4-8(5)10-6/h1-5H,(H,7,9)","WSFDACFGVBIGAV-UHFFFAOYSA-N"
29273395,"1-(5-Hydroxy-2-pyrazinyl)ethanone",138.042923,"C6H6N2O2","CC(=O)c1cnc(cn1)O","InChI=1S/C6H6N2O2/c1-4(9)5-2-8-6(10)3-7-5/h2-3H,1H3,(H,8,10)","QKRGMTSGTKSZHX-UHFFFAOYSA-N"
29317321,"(Aminooxy)(2-pyridinyl)methanone",138.042923,"C6H6N2O2","c1ccnc(c1)C(=O)ON","InChI=1S/C6H6N2O2/c7-10-6(9)5-3-1-2-4-8-5/h1-4H,7H2","LQHZVCWJDRMVPT-UHFFFAOYSA-N"
29325985,"4-Methoxy-3H-1,2-diazepin-3-one",138.042923,"C6H6N2O2","COc1cccnnc1=O","InChI=1S/C6H6N2O2/c1-10-5-3-2-4-7-8-6(5)9/h2-4H,1H3","BGCUCENYDLXEDE-UHFFFAOYSA-N"
29329399,"1,3(2H)-Pyridazinedicarbaldehyde",138.042923,"C6H6N2O2","C1=CN(NC(=C1)C=O)C=O","InChI=1S/C6H6N2O2/c9-4-6-2-1-3-8(5-10)7-6/h1-5,7H","RIGUZJBLDMKHHZ-UHFFFAOYSA-N"
29330566,"3,4-Diamino-1,2-benzoquinone",138.042923,"C6H6N2O2","C1=CC(=O)C(=O)C(=C1N)N","InChI=1S/C6H6N2O2/c7-3-1-2-4(9)6(10)5(3)8/h1-2H,7-8H2","NZTMUTFESMLSNB-UHFFFAOYSA-N"
29335576,"(Oxido-lambda~5~-azanyl)(4-pyridinyl)methanone",138.042923,"C6H6N2O2","c1cnccc1C(=O)[NH2+][O-]","InChI=1S/C6H6N2O2/c9-6(8-10)5-1-3-7-4-2-5/h1-4H,8H2","FVPZSZCEXKZPLU-UHFFFAOYSA-N"
29337921,"(1Z,2E)-N,N'-Dihydroxy-3,5-cyclohexadiene-1,2-diimine",138.042923,"C6H6N2O2","C1=C/C(=N\O)/C(=N\O)/C=C1","InChI=1S/C6H6N2O2/c9-7-5-3-1-2-4-6(5)8-10/h1-4,9-10H/b7-5-,8-6+","IHTHUSLLQDXORN-CGXWXWIYSA-N"
29366348,"6-[(E)-(Hydroxyimino)methyl]-3-pyridinol",138.042923,"C6H6N2O2","c1cc(ncc1O)/C=N/O","InChI=1S/C6H6N2O2/c9-6-2-1-5(3-8-10)7-4-6/h1-4,9-10H/b8-3+","DRAVSXXCLYDZJG-FPYGCLRLSA-N"
29738336,"[(Methoxymethoxy)methylene]malononitrile",138.042923,"C6H6N2O2","COCOC=C(C#N)C#N","InChI=1S/C6H6N2O2/c1-9-5-10-4-6(2-7)3-8/h4H,5H2,1H3","JGBHAYRAZSJDDX-UHFFFAOYSA-N"
29777309,"5,6-Dihydrofuro[2,3-d]pyrimidin-4-ol",138.042923,"C6H6N2O2","c1nc(c2c(n1)OCC2)O","InChI=1S/C6H6N2O2/c9-5-4-1-2-10-6(4)8-3-7-5/h3H,1-2H2,(H,7,8,9)","WNWXMAGEGIHVOZ-UHFFFAOYSA-N"
29779048,"1-(4-Oxido-2-pyrazinyl)ethanone",138.042923,"C6H6N2O2","CC(=O)c1c[n+](ccn1)[O-]","InChI=1S/C6H6N2O2/c1-5(9)6-4-8(10)3-2-7-6/h2-4H,1H3","NVXIZGYYYIBIES-UHFFFAOYSA-N"
30647774,"4-Methoxy-2-pyrimidinecarbaldehyde",138.042923,"C6H6N2O2","COc1ccnc(n1)C=O","InChI=1S/C6H6N2O2/c1-10-6-2-3-7-5(4-9)8-6/h2-4H,1H3","HUNMUODUGZYVRK-UHFFFAOYSA-N"
30769548,"4-Hydroxy-1-methyl-2-oxo-2,5-dihydro-1H-pyrrole-3-carbonitrile",138.042923,"C6H6N2O2","CN1CC(=C(C1=O)C#N)O","InChI=1S/C6H6N2O2/c1-8-3-5(9)4(2-7)6(8)10/h9H,3H2,1H3","CNGMKJVAFHNNPF-UHFFFAOYSA-N"
32058084,"5-(Hydroxymethyl)-2-pyrimidinecarbaldehyde",138.042923,"C6H6N2O2","c1c(cnc(n1)C=O)CO","InChI=1S/C6H6N2O2/c9-3-5-1-7-6(4-10)8-2-5/h1-2,4,9H,3H2","OXXLQYFFUNNKFV-UHFFFAOYSA-N"
32776545,"(1E,2E)-N,N'-Dihydroxy-3,5-cyclohexadiene-1,2-diimine",138.042923,"C6H6N2O2","C1=C/C(=N\O)/C(=N/O)/C=C1","InChI=1S/C6H6N2O2/c9-7-5-3-1-2-4-6(5)8-10/h1-4,9-10H/b7-5+,8-6+","IHTHUSLLQDXORN-KQQUZDAGSA-N"
32825476,"2-(Hydroxymethyl)-5-pyrimidinecarbaldehyde",138.042923,"C6H6N2O2","c1c(cnc(n1)CO)C=O","InChI=1S/C6H6N2O2/c9-3-5-1-7-6(4-10)8-2-5/h1-3,10H,4H2","PMZJODSVGXYDCD-UHFFFAOYSA-N"
32970012,"1-[(E)-2-Furylmethylene]urea",138.042923,"C6H6N2O2","c1cc(oc1)/C=N/C(=O)N","InChI=1S/C6H6N2O2/c7-6(9)8-4-5-2-1-3-10-5/h1-4H,(H2,7,9)/b8-4+","HRKQMEWNRCWNKV-XBXARRHUSA-N"
32970124,"3,5-Diamino-1,2-benzoquinone",138.042923,"C6H6N2O2","C1=C(C=C(C(=O)C1=O)N)N","InChI=1S/C6H6N2O2/c7-3-1-4(8)6(10)5(9)2-3/h1-2H,7-8H2","UPDXFTQXKDECHV-UHFFFAOYSA-N"
32970450,"3-Amino-4-nitrosophenol",138.042923,"C6H6N2O2","c1cc(c(cc1O)N)N=O","InChI=1S/C6H6N2O2/c7-5-3-4(9)1-2-6(5)8-10/h1-3,9H,7H2","PLCOCPWEDKQUGF-UHFFFAOYSA-N"
32975047,"(5S)-2-Amino-5-methyl-4-oxo-4,5-dihydro-3-furancarbonitrile",138.042923,"C6H6N2O2","C[C@H]1C(=O)C(=C(O1)N)C#N","InChI=1S/C6H6N2O2/c1-3-5(9)4(2-7)6(8)10-3/h3H,8H2,1H3/t3-/m0/s1","MFJUGDJSVFNASN-VKHMYHEASA-N"
32976201,"5-Formyl-3,6-dihydro-2H-1,3-oxazine-4-carbonitrile",138.042923,"C6H6N2O2","C1C(=C(NCO1)C#N)C=O","InChI=1S/C6H6N2O2/c7-1-6-5(2-9)3-10-4-8-6/h2,8H,3-4H2","CYCZXOQQLUVGGC-UHFFFAOYSA-N"
32976834,"(2E)-2-(Hydroxyimino)-1-(1H-pyrrol-2-yl)ethanone",138.042923,"C6H6N2O2","c1cc([nH]c1)C(=O)/C=N/O","InChI=1S/C6H6N2O2/c9-6(4-8-10)5-2-1-3-7-5/h1-4,7,10H/b8-4+","MHBVZVJXLPLUKP-XBXARRHUSA-N"
32978707,"2,4-Diamino-1,3-cyclobutadiene-1,3-dicarbaldehyde",138.042923,"C6H6N2O2","C(=O)C1=C(C(=C1N)C=O)N","InChI=1S/C6H6N2O2/c7-5-3(1-9)6(8)4(5)2-10/h1-2H,7-8H2","LHCIBXNCTSESJO-UHFFFAOYSA-N"
32978710,"3,4-Diamino-2,4-cyclobutadiene-1,2-dicarbaldehyde",138.042923,"C6H6N2O2","C(=O)C1=C(C(=C1C=O)N)N","InChI=1S/C6H6N2O2/c7-5-3(1-9)4(2-10)6(5)8/h1-2H,7-8H2","IQCPOJKDVTVXIF-UHFFFAOYSA-N"
32979895,"(6Z)-3-Amino-6-(hydroxyimino)-2,4-cyclohexadien-1-one",138.042923,"C6H6N2O2","C1=C/C(=N/O)/C(=O)C=C1N","InChI=1S/C6H6N2O2/c7-4-1-2-5(8-10)6(9)3-4/h1-3,10H,7H2/b8-5-","QNSFWIVTYGBCAZ-YVMONPNESA-N"
32980126,"2,6-Diamino-1,4-benzoquinone",138.042923,"C6H6N2O2","C1=C(C(=O)C(=CC1=O)N)N","InChI=1S/C6H6N2O2/c7-4-1-3(9)2-5(8)6(4)10/h1-2H,7-8H2","VJLWDBOMPJMRSR-UHFFFAOYSA-N"
32981063,"4-Aminophenyl nitrite",138.042923,"C6H6N2O2","c1cc(ccc1N)ON=O","InChI=1S/C6H6N2O2/c7-5-1-3-6(4-2-5)10-8-9/h1-4H,7H2","QGKCYAJEVKCETC-UHFFFAOYSA-N"
32982264,"(3E)-2-Cyano-5-oxo-3-pentenamide",138.042923,"C6H6N2O2","C(=C/C(C#N)C(=O)N)\C=O","InChI=1S/C6H6N2O2/c7-4-5(6(8)10)2-1-3-9/h1-3,5H,(H2,8,10)/b2-1+","MRDSVFMAGPNSKW-OWOJBTEDSA-N"
32991524,"6-Methyl-4-pyridazinecarboxylic acid",138.042923,"C6H6N2O2","Cc1cc(cnn1)C(=O)O","InChI=1S/C6H6N2O2/c1-4-2-5(6(9)10)3-7-8-4/h2-3H,1H3,(H,9,10)","UMVDJTLECBAYCO-UHFFFAOYSA-N"
32994586,"2,3-Dicyanobutanoic acid",138.042923,"C6H6N2O2","CC(C#N)C(C#N)C(=O)O","InChI=1S/C6H6N2O2/c1-4(2-7)5(3-8)6(9)10/h4-5H,1H3,(H,9,10)","CULKMKXFQJJIKV-UHFFFAOYSA-N"
33289958,"2-(Hydroxymethyl)-4-pyrimidinecarbaldehyde",138.042923,"C6H6N2O2","c1cnc(nc1C=O)CO","InChI=1S/C6H6N2O2/c9-3-5-1-2-7-6(4-10)8-5/h1-3,10H,4H2","MSZZEGPKWMFSJR-UHFFFAOYSA-N"
33290440,"6-Hydroxy-2-methyl-4-pyrimidinecarbaldehyde",138.042923,"C6H6N2O2","Cc1nc(cc(n1)O)C=O","InChI=1S/C6H6N2O2/c1-4-7-5(3-9)2-6(10)8-4/h2-3H,1H3,(H,7,8,10)","KNRWKJUMBUUGRW-UHFFFAOYSA-N"
34215347,"5-(2-Propyn-1-yl)-2,4-imidazolidinedione",138.042923,"C6H6N2O2","C#CCC1C(=O)NC(=O)N1","InChI=1S/C6H6N2O2/c1-2-3-4-5(9)8-6(10)7-4/h1,4H,3H2,(H2,7,8,9,10)","DGBBEOKBIXFOPB-UHFFFAOYSA-N"
35484026,"5-[(E)-(Hydroxyimino)methyl]-2-pyridinol",138.042923,"C6H6N2O2","c1cc(ncc1/C=N/O)O","InChI=1S/C6H6N2O2/c9-6-2-1-5(3-7-6)4-8-10/h1-4,10H,(H,7,9)/b8-4+","MGLCSOQPRFOYAE-XBXARRHUSA-N"
35801057,"3,6-Diamino-1,2-benzoquinone",138.042923,"C6H6N2O2","C1=C(C(=O)C(=O)C(=C1)N)N","InChI=1S/C6H6N2O2/c7-3-1-2-4(8)6(10)5(3)9/h1-2H,7-8H2","PWUJYMMPVQHCLF-UHFFFAOYSA-N"
37488377,"3-Hydroxy-5,6-dihydro-7H-pyrrolo[1,2-c]imidazol-7-one",138.042923,"C6H6N2O2","c1c2n(c(n1)O)CCC2=O","InChI=1S/C6H6N2O2/c9-5-1-2-8-4(5)3-7-6(8)10/h3H,1-2H2,(H,7,10)","DYNHHIYXLRMNSE-UHFFFAOYSA-N"
37488378,"5-Hydroxy-5,6-dihydrocyclopenta[d]imidazol-4(1H)-one",138.042923,"C6H6N2O2","c1[nH]c2c(n1)C(=O)C(C2)O","InChI=1S/C6H6N2O2/c9-4-1-3-5(6(4)10)8-2-7-3/h2,4,9H,1H2,(H,7,8)","DCJYGMWQWNLELI-UHFFFAOYSA-N"
37488379,"2-Hydroxy-1-(5-pyrimidinyl)ethanone",138.042923,"C6H6N2O2","c1c(cncn1)C(=O)CO","InChI=1S/C6H6N2O2/c9-3-6(10)5-1-7-4-8-2-5/h1-2,4,9H,3H2","XLQJRWGPRYQHNY-UHFFFAOYSA-N"
37488380,"1-(Furo[2,3-c][1,2]oxazol-3-yl)methanamine",138.042923,"C6H6N2O2","c1coc2c1c(on2)CN","InChI=1S/C6H6N2O2/c7-3-5-4-1-2-9-6(4)8-10-5/h1-2H,3,7H2","ODSVBHGQVXNBNA-UHFFFAOYSA-N"
37488381,"1-(Furo[3,2-c][1,2]oxazol-3-yl)methanamine",138.042923,"C6H6N2O2","c1coc2c1noc2CN","InChI=1S/C6H6N2O2/c7-3-5-6-4(8-10-5)1-2-9-6/h1-2H,3,7H2","JHDKHPXSVDFZDC-UHFFFAOYSA-N"
37488382,"1-(Furo[2,3-d][1,2]oxazol-5-yl)methanamine",138.042923,"C6H6N2O2","c1c(oc2c1onc2)CN","InChI=1S/C6H6N2O2/c7-2-4-1-5-6(9-4)3-8-10-5/h1,3H,2,7H2","UGQUZQRHVYELHQ-UHFFFAOYSA-N"
37488383,"1-Amino-5,6-dihydro-4H-furo[3,4-c]pyrrol-4-one",138.042923,"C6H6N2O2","c1c2c(c(o1)N)CNC2=O","InChI=1S/C6H6N2O2/c7-5-3-1-8-6(9)4(3)2-10-5/h2H,1,7H2,(H,8,9)","TXFHQRJRNKQDQD-UHFFFAOYSA-N"
37651153,"5,7-Dihydrofuro[3,4-d]pyrimidin-2-ol",138.042923,"C6H6N2O2","c1c2c(nc(n1)O)COC2","InChI=1S/C6H6N2O2/c9-6-7-1-4-2-10-3-5(4)8-6/h1H,2-3H2,(H,7,8,9)","QKQOVEUOWTVFRD-UHFFFAOYSA-N"
37652024,"2,7-Dihydro-3H-pyrrolo[1,2-c]imidazole-3,6(5H)-dione",138.042923,"C6H6N2O2","c1c2n(c(=O)[nH]1)CC(=O)C2","InChI=1S/C6H6N2O2/c9-5-1-4-2-7-6(10)8(4)3-5/h2H,1,3H2,(H,7,10)","JBCBRKSCMSGDQE-UHFFFAOYSA-N"
37652710,"2,4-Dioxo-3-piperidinecarbonitrile",138.042923,"C6H6N2O2","C1CNC(=O)C(C1=O)C#N","InChI=1S/C6H6N2O2/c7-3-4-5(9)1-2-8-6(4)10/h4H,1-2H2,(H,8,10)","AGXBRKYDTJNFIQ-UHFFFAOYSA-N"
37652962,"5-Methoxy-2-methyl-1,3-oxazole-4-carbonitrile",138.042923,"C6H6N2O2","Cc1nc(c(o1)OC)C#N","InChI=1S/C6H6N2O2/c1-4-8-5(3-7)6(9-2)10-4/h1-2H3","ZWOJLZLZBXFUKB-UHFFFAOYSA-N"
37653879,"2-Methyl-4,5-dioxo-3-pyrrolidinecarbonitrile",138.042923,"C6H6N2O2","CC1C(C(=O)C(=O)N1)C#N","InChI=1S/C6H6N2O2/c1-3-4(2-7)5(9)6(10)8-3/h3-4H,1H3,(H,8,10)","BFHGILCFGRLJKG-UHFFFAOYSA-N"
37666831,"6,7-Dihydro[1,2]oxazolo[4,5-c]pyridin-4(5H)-one",138.042923,"C6H6N2O2","c1c2c(on1)CCNC2=O","InChI=1S/C6H6N2O2/c9-6-4-3-8-10-5(4)1-2-7-6/h3H,1-2H2,(H,7,9)","PFPSNMUXXFFAHN-UHFFFAOYSA-N"
37668305,"6,7-Dihydro[1,3]oxazolo[5,4-c]pyridin-4(5H)-one",138.042923,"C6H6N2O2","c1nc2c(o1)C(=O)NCC2","InChI=1S/C6H6N2O2/c9-6-5-4(1-2-7-6)8-3-10-5/h3H,1-2H2,(H,7,9)","ILMOPUCNFHRHLS-UHFFFAOYSA-N"
37766917,"5-Isocyanato-3,4-dimethyl-1,2-oxazole",138.042923,"C6H6N2O2","Cc1c(noc1N=C=O)C","InChI=1S/C6H6N2O2/c1-4-5(2)8-10-6(4)7-3-9/h1-2H3","CBTHMRVKNVHVBN-UHFFFAOYSA-N"
39134458,"N-(1,2-Oxazol-3-yl)acrylamide",138.042923,"C6H6N2O2","C=CC(=O)Nc1ccon1","InChI=1S/C6H6N2O2/c1-2-6(9)7-5-3-4-10-8-5/h2-4H,1H2,(H,7,8,9)","VIXSKRSANUGGCR-UHFFFAOYSA-N"
39186870,"3-(1,3,4-Oxadiazol-2-yl)cyclobutanone",138.042923,"C6H6N2O2","c1nnc(o1)C2CC(=O)C2","InChI=1S/C6H6N2O2/c9-5-1-4(2-5)6-8-7-3-10-6/h3-4H,1-2H2","JRVBOIAGJKAWDO-UHFFFAOYSA-N"
39933037,"(2-Oxo-1(2H)-pyrimidinyl)acetaldehyde",138.042923,"C6H6N2O2","c1cnc(=O)n(c1)CC=O","InChI=1S/C6H6N2O2/c9-5-4-8-3-1-2-7-6(8)10/h1-3,5H,4H2","ILZYWXPLXMOKKN-UHFFFAOYSA-N"
13483582,"2-(1H-Imidazol-4-yl)acrylic acid",138.042923,"C6H6N2O2","C=C(c1c[nH]cn1)C(=O)O","InChI=1S/C6H6N2O2/c1-4(6(9)10)5-2-7-3-8-5/h2-3H,1H2,(H,7,8)(H,9,10)","HWVUWAYYSOMRCN-UHFFFAOYSA-N"
26668949,"2-[(Z)-(Hydroxyimino)methyl]-3-pyridinol",138.042923,"C6H6N2O2","c1cc(c(nc1)/C=N\O)O","InChI=1S/C6H6N2O2/c9-6-2-1-3-7-5(6)4-8-10/h1-4,9-10H/b8-4-","JUOUALUXPLOLFO-YWEYNIOJSA-N"
34966664,"(E)-N-Hydroxy-1-(1-oxido-3-pyridinyl)methanimine",138.042923,"C6H6N2O2","c1cc(c[n+](c1)[O-])/C=N/O","InChI=1S/C6H6N2O2/c9-7-4-6-2-1-3-8(10)5-6/h1-5,9H/b7-4+","WXAHTINPWPNKQL-QPJJXVBHSA-N"
37550768,"2-Isocyanato-4,5-dimethyl-1,3-oxazole",138.042923,"C6H6N2O2","Cc1c(oc(n1)N=C=O)C","InChI=1S/C6H6N2O2/c1-4-5(2)10-6(8-4)7-3-9/h1-2H3","VDPLGQSQUHQMFP-UHFFFAOYSA-N"
37554127,"1-Vinyl-1H-imidazole-2-carboxylic acid",138.042923,"C6H6N2O2","C=Cn1ccnc1C(=O)O","InChI=1S/C6H6N2O2/c1-2-8-4-3-7-5(8)6(9)10/h2-4H,1H2,(H,9,10)","PZWPBZNLTMKEHV-UHFFFAOYSA-N"
37557809,"2-Hydroxy-2-(1,3-oxazol-2-yl)propanenitrile",138.042923,"C6H6N2O2","CC(C#N)(c1ncco1)O","InChI=1S/C6H6N2O2/c1-6(9,4-7)5-8-2-3-10-5/h2-3,9H,1H3","XGZHNWGQTIQBHE-UHFFFAOYSA-N"
38237579,"5,7-Dihydrofuro[3,4-d]pyrimidin-4(3H)-one",138.042923,"C6H6N2O2","c1[nH]c(=O)c2c(n1)COC2","InChI=1S/C6H6N2O2/c9-6-4-1-10-2-5(4)7-3-8-6/h3H,1-2H2,(H,7,8,9)","ZQTIECFDGXRNRH-UHFFFAOYSA-N"
40376237,"(6-Oxo-1(6H)-pyridazinyl)acetaldehyde",138.042923,"C6H6N2O2","c1cc(=O)n(nc1)CC=O","InChI=1S/C6H6N2O2/c9-5-4-8-6(10)2-1-3-7-8/h1-3,5H,4H2","ZASBHWMMMVKVEG-UHFFFAOYSA-N"
40429249,"N-(1,2-Oxazol-4-yl)acrylamide",138.042923,"C6H6N2O2","C=CC(=O)Nc1cnoc1","InChI=1S/C6H6N2O2/c1-2-6(9)8-5-3-7-10-4-5/h2-4H,1H2,(H,8,9)","CGQYYVWYRQWXMJ-UHFFFAOYSA-N"
42173449,"5-[(Hydroxyamino)methyl]-2-furonitrile",138.042923,"C6H6N2O2","c1cc(oc1CNO)C#N","InChI=1S/C6H6N2O2/c7-3-5-1-2-6(10-5)4-8-9/h1-2,8-9H,4H2","WAVMQSDRBZULPV-UHFFFAOYSA-N"
