"Identifier","CompoundName","MonoisotopicMass","MolecularFormula","SMILES","InChI","InChIKey"
7230,"Chloro(phenyl)mercury",313.978577,"C6H5ClHg","c1ccc(cc1)[Hg]Cl","InChI=1S/C6H5.ClH.Hg/c1-2-4-6-5-3-1;;/h1-5H;1H;/q;;+1/p-1","AWGTVRDHKJQFAX-UHFFFAOYSA-M"
60864,"Perfluorohexanoic acid",313.980103,"C6HF11O2","C(=O)(C(C(C(C(C(F)(F)F)(F)F)(F)F)(F)F)(F)F)O","InChI=1S/C6HF11O2/c7-2(8,1(18)19)3(9,10)4(11,12)5(13,14)6(15,16)17/h(H,18,19)","PXUULQAPEKKVAH-UHFFFAOYSA-N"
327282,"N-[(3-Oxo-1,2-benzoselenazol-2(3H)-yl)acetyl]glycine",313.980591,"C11H10N2O4Se","c1ccc2c(c1)c(=O)n([se]2)CC(=O)NCC(=O)O","InChI=1S/C11H10N2O4Se/c14-9(12-5-10(15)16)6-13-11(17)7-3-1-2-4-8(7)18-13/h1-4H,5-6H2,(H,12,14)(H,15,16)","RVYKTILTSDYLKI-UHFFFAOYSA-N"
515854,"1-(4-Bromophenyl)-4-methyl-6-oxo-1,6-dihydro-3,5-pyridazinedicarbonitrile",313.980316,"C13H7BrN4O","Cc1c(c(=O)n(nc1C#N)c2ccc(cc2)Br)C#N","InChI=1S/C13H7BrN4O/c1-8-11(6-15)13(19)18(17-12(8)7-16)10-4-2-9(14)3-5-10/h2-5H,1H3","FWTXXTYEMUTUSD-UHFFFAOYSA-N"
546090,"1-Iodo-2,6-dimethoxynaphthalene",313.980377,"C12H11IO2","COc1ccc2c(c1)ccc(c2I)OC","InChI=1S/C12H11IO2/c1-14-9-4-5-10-8(7-9)3-6-11(15-2)12(10)13/h3-7H,1-2H3","LMTJBPLPAYQIIJ-UHFFFAOYSA-N"
627558,"4-[(2,4-Dichlorobenzylidene)amino]-6-methyl-3-thioxo-3,4-dihydro-1,2,4-triazin-5(2H)-one",313.979584,"C11H8Cl2N4OS","Cc1c(=O)n(c(=S)[nH]n1)N=Cc2ccc(cc2Cl)Cl","InChI=1S/C11H8Cl2N4OS/c1-6-10(18)17(11(19)16-15-6)14-5-7-2-3-8(12)4-9(7)13/h2-5H,1H3,(H,16,19)","ZLALAFHPOSAPAN-UHFFFAOYSA-N"
628666,"4-[(2,5-Dichlorobenzylidene)amino]-6-methyl-3-thioxo-3,4-dihydro-1,2,4-triazin-5(2H)-one",313.979584,"C11H8Cl2N4OS","Cc1c(=O)n(c(=S)[nH]n1)N=Cc2cc(ccc2Cl)Cl","InChI=1S/C11H8Cl2N4OS/c1-6-10(18)17(11(19)16-15-6)14-5-7-4-8(12)2-3-9(7)13/h2-5H,1H3,(H,16,19)","OQLYXTXUVIJGNI-UHFFFAOYSA-N"
695097,"N-[(1R)-2,2,2-Trichloro-1-(isopropylamino)ethyl]-2-thiophenecarboxamide",313.981415,"C10H13Cl3N2OS","CC(C)N[C@@H](C(Cl)(Cl)Cl)NC(=O)c1cccs1","InChI=1S/C10H13Cl3N2OS/c1-6(2)14-9(10(11,12)13)15-8(16)7-4-3-5-17-7/h3-6,9,14H,1-2H3,(H,15,16)/t9-/m1/s1","CZEUTWZJJLTXQY-SECBINFHSA-N"
695098,"N-[(1S)-2,2,2-Trichloro-1-(isopropylamino)ethyl]-2-thiophenecarboxamide",313.981415,"C10H13Cl3N2OS","CC(C)N[C@H](C(Cl)(Cl)Cl)NC(=O)c1cccs1","InChI=1S/C10H13Cl3N2OS/c1-6(2)14-9(10(11,12)13)15-8(16)7-4-3-5-17-7/h3-6,9,14H,1-2H3,(H,15,16)/t9-/m0/s1","CZEUTWZJJLTXQY-VIFPVBQESA-N"
802626,"5-(4-Iodophenyl)-3-methyl-2,4-pentadienoic acid",313.980377,"C12H11IO2","CC(=CC(=O)O)C=Cc1ccc(cc1)I","InChI=1S/C12H11IO2/c1-9(8-12(14)15)2-3-10-4-6-11(13)7-5-10/h2-8H,1H3,(H,14,15)","UHNBRYDJWLCHLB-UHFFFAOYSA-N"
802627,"(2Z,4E)-5-(4-Iodophenyl)-3-methyl-2,4-pentadienoic acid",313.980377,"C12H11IO2","C/C(=C/C(=O)O)/C=C/c1ccc(cc1)I","InChI=1S/C12H11IO2/c1-9(8-12(14)15)2-3-10-4-6-11(13)7-5-10/h2-8H,1H3,(H,14,15)/b3-2+,9-8-","UHNBRYDJWLCHLB-BVCYWKNDSA-N"
1429188,"6-[(2,4-Dichlorophenoxy)methyl]-3-methyl[1,2,4]triazolo[3,4-b][1,3,4]thiadiazole",313.979584,"C11H8Cl2N4OS","Cc1nnc2n1nc(s2)COc3ccc(cc3Cl)Cl","InChI=1S/C11H8Cl2N4OS/c1-6-14-15-11-17(6)16-10(19-11)5-18-9-3-2-7(12)4-8(9)13/h2-4H,5H2,1H3","NXRKAKKLJSICJE-UHFFFAOYSA-N"
1472926,"(2E,4E)-5-(4-Iodophenyl)-3-methyl-2,4-pentadienoic acid",313.980377,"C12H11IO2","C/C(=C\C(=O)O)/C=C/c1ccc(cc1)I","InChI=1S/C12H11IO2/c1-9(8-12(14)15)2-3-10-4-6-11(13)7-5-10/h2-8H,1H3,(H,14,15)/b3-2+,9-8+","UHNBRYDJWLCHLB-VHYPUYLQSA-N"
1725946,"2-Mercapto-6-thiophen-2-yl-5-(2,2,2-trifluoro-acetyl)-nicotinonitrile",313.979523,"C12H5F3N2OS2","c1cc(sc1)c2c(cc(c(=S)[nH]2)C#N)C(=O)C(F)(F)F","InChI=1S/C12H5F3N2OS2/c13-12(14,15)10(18)7-4-6(5-16)11(19)17-9(7)8-2-1-3-20-8/h1-4H,(H,17,19)","JYFJDJFXTNPIOQ-UHFFFAOYSA-N"
1764154,"(3S)-2-Oxotetrahydro-3-furanyl (4-bromophenoxy)acetate",313.978973,"C12H11BrO5","c1cc(ccc1OCC(=O)O[C@H]2CCOC2=O)Br","InChI=1S/C12H11BrO5/c13-8-1-3-9(4-2-8)17-7-11(14)18-10-5-6-16-12(10)15/h1-4,10H,5-7H2/t10-/m0/s1","DBOGEPVDVYLLCB-JTQLQIEISA-N"
1764156,"(3R)-2-Oxotetrahydro-3-furanyl (4-bromophenoxy)acetate",313.978973,"C12H11BrO5","c1cc(ccc1OCC(=O)O[C@@H]2CCOC2=O)Br","InChI=1S/C12H11BrO5/c13-8-1-3-9(4-2-8)17-7-11(14)18-10-5-6-16-12(10)15/h1-4,10H,5-7H2/t10-/m1/s1","DBOGEPVDVYLLCB-SNVBAGLBSA-N"
1884911,"(3S)-2-Oxotetrahydro-3-furanyl 2-bromo-5-methoxybenzoate",313.978973,"C12H11BrO5","COc1ccc(c(c1)C(=O)O[C@H]2CCOC2=O)Br","InChI=1S/C12H11BrO5/c1-16-7-2-3-9(13)8(6-7)11(14)18-10-4-5-17-12(10)15/h2-3,6,10H,4-5H2,1H3/t10-/m0/s1","LGDJYUYZUPZHJN-JTQLQIEISA-N"
1884912,"(3R)-2-Oxotetrahydro-3-furanyl 2-bromo-5-methoxybenzoate",313.978973,"C12H11BrO5","COc1ccc(c(c1)C(=O)O[C@@H]2CCOC2=O)Br","InChI=1S/C12H11BrO5/c1-16-7-2-3-9(13)8(6-7)11(14)18-10-4-5-17-12(10)15/h2-3,6,10H,4-5H2,1H3/t10-/m1/s1","LGDJYUYZUPZHJN-SNVBAGLBSA-N"
2085917,"(2-Amino-6-bromo-3-cyano-4H-chromen-4-yl)malononitrile",313.980316,"C13H7BrN4O","c1cc2c(cc1Br)C(C(=C(O2)N)C#N)C(C#N)C#N","InChI=1S/C13H7BrN4O/c14-8-1-2-11-9(3-8)12(7(4-15)5-16)10(6-17)13(18)19-11/h1-3,7,12H,18H2","LXQDTMNJKPKLSK-UHFFFAOYSA-N"
2274918,"(2E)-2-Cyano-3-{[(3,4-dichlorophenyl)carbamothioyl]amino}acrylamide",313.979584,"C11H8Cl2N4OS","c1cc(c(cc1NC(=S)N/C=C(\C#N)/C(=O)N)Cl)Cl","InChI=1S/C11H8Cl2N4OS/c12-8-2-1-7(3-9(8)13)17-11(19)16-5-6(4-14)10(15)18/h1-3,5H,(H2,15,18)(H2,16,17,19)/b6-5+","LRJMNBAQEFCFQY-AATRIKPKSA-N"
2331830,"5-Bromo-7-(dihydroxymethylene)-3,4-dimethyl-3H-isochromene-6,8(4H,7H)-dione",313.978973,"C12H11BrO5","CC1C(OC=C2C1=C(C(=O)C(=C(O)O)C2=O)Br)C","InChI=1S/C12H11BrO5/c1-4-5(2)18-3-6-7(4)9(13)11(15)8(10(6)14)12(16)17/h3-5,16-17H,1-2H3","CDWKVKHGTFPQFQ-UHFFFAOYSA-N"
2368471,"N-[2,2,2-Trichloro-1-(isopropylamino)ethyl]-2-thiophenecarboxamide",313.981415,"C10H13Cl3N2OS","CC(C)NC(C(Cl)(Cl)Cl)NC(=O)c1cccs1","InChI=1S/C10H13Cl3N2OS/c1-6(2)14-9(10(11,12)13)15-8(16)7-4-3-5-17-7/h3-6,9,14H,1-2H3,(H,15,16)","CZEUTWZJJLTXQY-UHFFFAOYSA-N"
2932194,"1-(2,4-Dichloro-5-methoxyphenyl)-5-(2-propyn-1-ylsulfanyl)-1H-tetrazole",313.979584,"C11H8Cl2N4OS","COc1cc(c(cc1Cl)Cl)n2c(nnn2)SCC#C","InChI=1S/C11H8Cl2N4OS/c1-3-4-19-11-14-15-16-17(11)9-6-10(18-2)8(13)5-7(9)12/h1,5-6H,4H2,2H3","UNDREAJUFWZFOU-UHFFFAOYSA-N"
3055198,"2-Cyano-3-{[(3,4-dichlorophenyl)carbamothioyl]amino}acrylamide",313.979584,"C11H8Cl2N4OS","c1cc(c(cc1NC(=S)NC=C(C#N)C(=O)N)Cl)Cl","InChI=1S/C11H8Cl2N4OS/c12-8-2-1-7(3-9(8)13)17-11(19)16-5-6(4-14)10(15)18/h1-3,5H,(H2,15,18)(H2,16,17,19)","LRJMNBAQEFCFQY-UHFFFAOYSA-N"
3227668,"6-Amino-5-[(E)-(3,4-dichlorobenzylidene)amino]-2-thioxo-2,3-dihydro-4(1H)-pyrimidinone",313.979584,"C11H8Cl2N4OS","c1cc(c(cc1/C=N/c2c([nH]c(=S)[nH]c2=O)N)Cl)Cl","InChI=1S/C11H8Cl2N4OS/c12-6-2-1-5(3-7(6)13)4-15-8-9(14)16-11(19)17-10(8)18/h1-4H,(H4,14,16,17,18,19)/b15-4+","CHRHAJFXLCCIMU-SYZQJQIISA-N"
3271552,"N'-(2,6-Dichlorobenzylidene)-4-methyl-1,2,3-thiadiazole-5-carbohydrazide",313.979584,"C11H8Cl2N4OS","Cc1c(snn1)C(=O)NN=Cc2c(cccc2Cl)Cl","InChI=1S/C11H8Cl2N4OS/c1-6-10(19-17-15-6)11(18)16-14-5-7-8(12)3-2-4-9(7)13/h2-5H,1H3,(H,16,18)","KWZNENJJTGGILW-UHFFFAOYSA-N"
3485906,"N'-(2,4-Dichlorobenzylidene)-4-methyl-1,2,3-thiadiazole-5-carbohydrazide",313.979584,"C11H8Cl2N4OS","Cc1c(snn1)C(=O)NN=Cc2ccc(cc2Cl)Cl","InChI=1S/C11H8Cl2N4OS/c1-6-10(19-17-15-6)11(18)16-14-5-7-2-3-8(12)4-9(7)13/h2-5H,1H3,(H,16,18)","GODTXJIIVAGPNT-UHFFFAOYSA-N"
3504387,"2-Oxotetrahydro-3-furanyl (4-bromophenoxy)acetate",313.978973,"C12H11BrO5","c1cc(ccc1OCC(=O)OC2CCOC2=O)Br","InChI=1S/C12H11BrO5/c13-8-1-3-9(4-2-8)17-7-11(14)18-10-5-6-16-12(10)15/h1-4,10H,5-7H2","DBOGEPVDVYLLCB-UHFFFAOYSA-N"
3627192,"4-[(3,4-Dichlorobenzylidene)amino]-6-methyl-3-thioxo-3,4-dihydro-1,2,4-triazin-5(2H)-one",313.979584,"C11H8Cl2N4OS","Cc1c(=O)n(c(=S)[nH]n1)N=Cc2ccc(c(c2)Cl)Cl","InChI=1S/C11H8Cl2N4OS/c1-6-10(18)17(11(19)16-15-6)14-5-7-2-3-8(12)9(13)4-7/h2-5H,1H3,(H,16,19)","WRTZRXANTLWKQJ-UHFFFAOYSA-N"
3660108,"N'-(2,3-Dichlorobenzylidene)-4-methyl-1,2,3-thiadiazole-5-carbohydrazide",313.979584,"C11H8Cl2N4OS","Cc1c(snn1)C(=O)NN=Cc2cccc(c2Cl)Cl","InChI=1S/C11H8Cl2N4OS/c1-6-10(19-17-15-6)11(18)16-14-5-7-3-2-4-8(12)9(7)13/h2-5H,1H3,(H,16,18)","VVDUFHWPEGBCES-UHFFFAOYSA-N"
3854363,"4-[(2,6-Dichlorobenzylidene)amino]-6-methyl-3-thioxo-3,4-dihydro-1,2,4-triazin-5(2H)-one",313.979584,"C11H8Cl2N4OS","Cc1c(=O)n(c(=S)[nH]n1)N=Cc2c(cccc2Cl)Cl","InChI=1S/C11H8Cl2N4OS/c1-6-10(18)17(11(19)16-15-6)14-5-7-8(12)3-2-4-9(7)13/h2-5H,1H3,(H,16,19)","IXJFCPWDUBBEQE-UHFFFAOYSA-N"
3927368,"(2,4-Dichlorophenyl)[(4-methylphenyl)sulfonyl]azanide",313.981476,"C13H10Cl2NO2S","Cc1ccc(cc1)S(=O)(=O)[N-]c2ccc(cc2Cl)Cl","InChI=1S/C13H10Cl2NO2S/c1-9-2-5-11(6-3-9)19(17,18)16-13-7-4-10(14)8-12(13)15/h2-8H,1H3/q-1","QWSYKAFKVXXLIZ-UHFFFAOYSA-N"
3928656,"(3-Chloro-2-methylphenyl)[(4-chlorophenyl)sulfonyl]azanide",313.981476,"C13H10Cl2NO2S","Cc1c(cccc1Cl)[N-]S(=O)(=O)c2ccc(cc2)Cl","InChI=1S/C13H10Cl2NO2S/c1-9-12(15)3-2-4-13(9)16-19(17,18)11-7-5-10(14)6-8-11/h2-8H,1H3/q-1","ALFHKMFSEFQZND-UHFFFAOYSA-N"
3930777,"(Benzylsulfonyl)(2,5-dichlorophenyl)azanide",313.981476,"C13H10Cl2NO2S","c1ccc(cc1)CS(=O)(=O)[N-]c2cc(ccc2Cl)Cl","InChI=1S/C13H10Cl2NO2S/c14-11-6-7-12(15)13(8-11)16-19(17,18)9-10-4-2-1-3-5-10/h1-8H,9H2/q-1","GUWGAWDSQHDERH-UHFFFAOYSA-N"
3932548,"(Benzylsulfonyl)(3,5-dichlorophenyl)azanide",313.981476,"C13H10Cl2NO2S","c1ccc(cc1)CS(=O)(=O)[N-]c2cc(cc(c2)Cl)Cl","InChI=1S/C13H10Cl2NO2S/c14-11-6-12(15)8-13(7-11)16-19(17,18)9-10-4-2-1-3-5-10/h1-8H,9H2/q-1","PZDXJMJMGHTABO-UHFFFAOYSA-N"
4191825,"6-Chloro-7-methyl-2-[(5-methyl-1H-1,2,4-triazol-3-yl)sulfanyl]-5H-[1,3,4]thiadiazolo[3,2-a]pyrimidin-5-one",313.98114,"C9H7ClN6OS2","Cc1c(c(=O)n2c(n1)sc(n2)Sc3nc([nH]n3)C)Cl","InChI=1S/C9H7ClN6OS2/c1-3-5(10)6(17)16-8(11-3)19-9(15-16)18-7-12-4(2)13-14-7/h1-2H3,(H,12,13,14)","UMTOMTCDWFKCMN-UHFFFAOYSA-N"
4379537,"N,N'-(5-Chloro-4-hydroxy-1,3-phenylene)dimethanesulfonamide",313.979797,"C8H11ClN2O5S2","CS(=O)(=O)Nc1cc(c(c(c1)Cl)O)NS(=O)(=O)C","InChI=1S/C8H11ClN2O5S2/c1-17(13,14)10-5-3-6(9)8(12)7(4-5)11-18(2,15)16/h3-4,10-12H,1-2H3","DKOXAQJWUGIFDL-UHFFFAOYSA-N"
4505617,"4-[(E)-(2,5-Dichlorobenzylidene)amino]-6-methyl-3-thioxo-3,4-dihydro-1,2,4-triazin-5(2H)-one",313.979584,"C11H8Cl2N4OS","Cc1c(=O)n(c(=S)[nH]n1)/N=C/c2cc(ccc2Cl)Cl","InChI=1S/C11H8Cl2N4OS/c1-6-10(18)17(11(19)16-15-6)14-5-7-4-8(12)2-3-9(7)13/h2-5H,1H3,(H,16,19)/b14-5+","OQLYXTXUVIJGNI-LHHJGKSTSA-N"
4540453,"4-[(Z)-(2,4-Dichlorobenzylidene)amino]-6-methyl-3-thioxo-3,4-dihydro-1,2,4-triazin-5(2H)-one",313.979584,"C11H8Cl2N4OS","Cc1c(=O)n(c(=S)[nH]n1)/N=C\c2ccc(cc2Cl)Cl","InChI=1S/C11H8Cl2N4OS/c1-6-10(18)17(11(19)16-15-6)14-5-7-2-3-8(12)4-9(7)13/h2-5H,1H3,(H,16,19)/b14-5-","ZLALAFHPOSAPAN-RZNTYIFUSA-N"
4540499,"4-[(Z)-(2,5-Dichlorobenzylidene)amino]-6-methyl-3-thioxo-3,4-dihydro-1,2,4-triazin-5(2H)-one",313.979584,"C11H8Cl2N4OS","Cc1c(=O)n(c(=S)[nH]n1)/N=C\c2cc(ccc2Cl)Cl","InChI=1S/C11H8Cl2N4OS/c1-6-10(18)17(11(19)16-15-6)14-5-7-4-8(12)2-3-9(7)13/h2-5H,1H3,(H,16,19)/b14-5-","OQLYXTXUVIJGNI-RZNTYIFUSA-N"
4811811,"4-[(Z)-(3,4-Dichlorobenzylidene)amino]-6-methyl-3-thioxo-3,4-dihydro-1,2,4-triazin-5(2H)-one",313.979584,"C11H8Cl2N4OS","S=C2N(/N=C\c1ccc(Cl)c(Cl)c1)C(=O)\C(=N/N2)C","InChI=1S/C11H8Cl2N4OS/c1-6-10(18)17(11(19)16-15-6)14-5-7-2-3-8(12)9(13)4-7/h2-5H,1H3,(H,16,19)/b14-5-","WRTZRXANTLWKQJ-RZNTYIFUSA-N"
4833075,"4-[(2,6-Dichlorobenzylidene)amino]-6-methyl-3-thioxo-3,4-dihydro-1,2,4-triazin-5(2H)-one",313.979584,"C11H8Cl2N4OS","Clc2c(\C=N/N1C(=O)\C(=N/NC1=S)C)c(Cl)ccc2","InChI=1S/C11H8Cl2N4OS/c1-6-10(18)17(11(19)16-15-6)14-5-7-8(12)3-2-4-9(7)13/h2-5H,1H3,(H,16,19)/b14-5-","IXJFCPWDUBBEQE-RZNTYIFUSA-N"
4964866,"5-Chloro-N-(5-chloro-2-pyridinyl)-2-(methylsulfanyl)-4-pyrimidinecarboxamide",313.979584,"C11H8Cl2N4OS","CSc1ncc(c(n1)C(=O)Nc2ccc(cn2)Cl)Cl","InChI=1S/C11H8Cl2N4OS/c1-19-11-15-5-7(13)9(17-11)10(18)16-8-3-2-6(12)4-14-8/h2-5H,1H3,(H,14,16,18)","CFCHFHPYXUVWIT-UHFFFAOYSA-N"
5962357,"(3R)-2-Oxotetrahydro-3-furanyl 3-bromo-4-methoxybenzoate",313.978973,"C12H11BrO5","O=C2OCC[C@H]2OC(=O)c1ccc(OC)c(Br)c1","InChI=1S/C12H11BrO5/c1-16-9-3-2-7(6-8(9)13)11(14)18-10-4-5-17-12(10)15/h2-3,6,10H,4-5H2,1H3/t10-/m1/s1","XZSYRANRFXBETD-SNVBAGLBSA-N"
5962362,"(3S)-2-Oxotetrahydro-3-furanyl 3-bromo-4-methoxybenzoate",313.978973,"C12H11BrO5","O=C2OCC[C@@H]2OC(=O)c1ccc(OC)c(Br)c1","InChI=1S/C12H11BrO5/c1-16-9-3-2-7(6-8(9)13)11(14)18-10-4-5-17-12(10)15/h2-3,6,10H,4-5H2,1H3/t10-/m0/s1","XZSYRANRFXBETD-JTQLQIEISA-N"
6334353,"6-(2,5-Dichlorophenyl)-3-(methoxymethyl)[1,2,4]triazolo[3,4-b][1,3,4]thiadiazole",313.979584,"C11H8Cl2N4OS","Clc3cc(c1nn2c(nnc2s1)COC)c(Cl)cc3","InChI=1S/C11H8Cl2N4OS/c1-18-5-9-14-15-11-17(9)16-10(19-11)7-4-6(12)2-3-8(7)13/h2-4H,5H2,1H3","QBUYVHXJJSWADE-UHFFFAOYSA-N"
6349615,"4-[(Z)-(2,3-Dichlorobenzylidene)amino]-6-methyl-3-thioxo-3,4-dihydro-1,2,4-triazin-5(2H)-one",313.979584,"C11H8Cl2N4OS","S=C2N(/N=C\c1cccc(Cl)c1Cl)C(=O)\C(=N/N2)C","InChI=1S/C11H8Cl2N4OS/c1-6-10(18)17(11(19)16-15-6)14-5-7-3-2-4-8(12)9(7)13/h2-5H,1H3,(H,16,19)/b14-5-","MYZUBVIJIZTVTM-RZNTYIFUSA-N"
6361092,"6-(2,4-Dichlorophenyl)-3-(methoxymethyl)[1,2,4]triazolo[3,4-b][1,3,4]thiadiazole",313.979584,"C11H8Cl2N4OS","Clc3ccc(c1nn2c(nnc2s1)COC)c(Cl)c3","InChI=1S/C11H8Cl2N4OS/c1-18-5-9-14-15-11-17(9)16-10(19-11)7-3-2-6(12)4-8(7)13/h2-4H,5H2,1H3","QOORUHNKUTTZDF-UHFFFAOYSA-N"
6413995,"N-(3,5-Dichloro-2-pyridinyl)-2-(2-pyrimidinylsulfanyl)acetamide",313.979584,"C11H8Cl2N4OS","Clc1cc(Cl)cnc1NC(=O)CSc2ncccn2","InChI=1S/C11H8Cl2N4OS/c12-7-4-8(13)10(16-5-7)17-9(18)6-19-11-14-2-1-3-15-11/h1-5H,6H2,(H,16,17,18)","ODXLYAVXJIUCOF-UHFFFAOYSA-N"
6800566,"5,6-Dichloro-N-(5-cyclopropyl-1,3,4-thiadiazol-2-yl)nicotinamide",313.979584,"C11H8Cl2N4OS","O=C(Nc1nnc(s1)C2CC2)c3cc(Cl)c(Cl)nc3","InChI=1S/C11H8Cl2N4OS/c12-7-3-6(4-14-8(7)13)9(18)15-11-17-16-10(19-11)5-1-2-5/h3-5H,1-2H2,(H,15,17,18)","MUCPNVNMTKGHRM-UHFFFAOYSA-N"
7055963,"(3R)-2-Oxotetrahydro-3-furanyl 3-chloro-6-fluoro-1-benzothiophene-2-carboxylate",313.981598,"C13H8ClFO4S","O=C3OCC[C@H]3OC(=O)c2sc1cc(F)ccc1c2Cl","InChI=1S/C13H8ClFO4S/c14-10-7-2-1-6(15)5-9(7)20-11(10)13(17)19-8-3-4-18-12(8)16/h1-2,5,8H,3-4H2/t8-/m1/s1","VBFWCCSEBHTOPU-MRVPVSSYSA-N"
7055964,"(3S)-2-Oxotetrahydro-3-furanyl 3-chloro-6-fluoro-1-benzothiophene-2-carboxylate",313.981598,"C13H8ClFO4S","O=C3OCC[C@@H]3OC(=O)c2sc1cc(F)ccc1c2Cl","InChI=1S/C13H8ClFO4S/c14-10-7-2-1-6(15)5-9(7)20-11(10)13(17)19-8-3-4-18-12(8)16/h1-2,5,8H,3-4H2/t8-/m0/s1","VBFWCCSEBHTOPU-QMMMGPOBSA-N"
7354825,"6,8-Dichloro-3-{[(5-methyl-1,2-oxazol-3-yl)methyl]sulfanyl}[1,2,4]triazolo[4,3-a]pyridine",313.979584,"C11H8Cl2N4OS","Clc1cc(Cl)cn2c(nnc12)SCc3noc(c3)C","InChI=1S/C11H8Cl2N4OS/c1-6-2-8(16-18-6)5-19-11-15-14-10-9(13)3-7(12)4-17(10)11/h2-4H,5H2,1H3","OWADQFLEGWLAAR-UHFFFAOYSA-N"
7787508,"6-(3,4-Dichlorophenyl)-3-(methoxymethyl)[1,2,4]triazolo[3,4-b][1,3,4]thiadiazole",313.979584,"C11H8Cl2N4OS","Clc3ccc(c1nn2c(nnc2s1)COC)cc3Cl","InChI=1S/C11H8Cl2N4OS/c1-18-5-9-14-15-11-17(9)16-10(19-11)6-2-3-7(12)8(13)4-6/h2-4H,5H2,1H3","LFUOSBBDYQTITJ-UHFFFAOYSA-N"
7917788,"N'-[(E)-(2,6-Dichlorophenyl)methylene]-4-methyl-1,2,3-thiadiazole-5-carbohydrazide",313.979584,"C11H8Cl2N4OS","O=C(N\N=C\c1c(Cl)cccc1Cl)c2snnc2C","InChI=1S/C11H8Cl2N4OS/c1-6-10(19-17-15-6)11(18)16-14-5-7-8(12)3-2-4-9(7)13/h2-5H,1H3,(H,16,18)/b14-5+","KWZNENJJTGGILW-LHHJGKSTSA-N"
7929210,"N'-[(E)-(2,4-Dichlorophenyl)methylene]-4-methyl-1,2,3-thiadiazole-5-carbohydrazide",313.979584,"C11H8Cl2N4OS","O=C(N\N=C\c1ccc(Cl)cc1Cl)c2snnc2C","InChI=1S/C11H8Cl2N4OS/c1-6-10(19-17-15-6)11(18)16-14-5-7-2-3-8(12)4-9(7)13/h2-5H,1H3,(H,16,18)/b14-5+","GODTXJIIVAGPNT-LHHJGKSTSA-N"
7943332,"4-[(E)-(3,4-Dichlorobenzylidene)amino]-6-methyl-3-thioxo-3,4-dihydro-1,2,4-triazin-5(2H)-one",313.979584,"C11H8Cl2N4OS","S=C2N(/N=C/c1ccc(Cl)c(Cl)c1)C(=O)\C(=N/N2)C","InChI=1S/C11H8Cl2N4OS/c1-6-10(18)17(11(19)16-15-6)14-5-7-2-3-8(12)9(13)4-7/h2-5H,1H3,(H,16,19)/b14-5+","WRTZRXANTLWKQJ-LHHJGKSTSA-N"
7944906,"N'-[(E)-(2,3-Dichlorophenyl)methylene]-4-methyl-1,2,3-thiadiazole-5-carbohydrazide",313.979584,"C11H8Cl2N4OS","O=C(N\N=C\c1cccc(Cl)c1Cl)c2snnc2C","InChI=1S/C11H8Cl2N4OS/c1-6-10(19-17-15-6)11(18)16-14-5-7-3-2-4-8(12)9(7)13/h2-5H,1H3,(H,16,18)/b14-5+","VVDUFHWPEGBCES-LHHJGKSTSA-N"
7954691,"4-[(E)-(2,6-Dichlorobenzylidene)amino]-6-methyl-3-thioxo-3,4-dihydro-1,2,4-triazin-5(2H)-one",313.979584,"C11H8Cl2N4OS","S=C2N(/N=C/c1c(Cl)cccc1Cl)C(=O)\C(=N/N2)C","InChI=1S/C11H8Cl2N4OS/c1-6-10(18)17(11(19)16-15-6)14-5-7-8(12)3-2-4-9(7)13/h2-5H,1H3,(H,16,19)/b14-5+","IXJFCPWDUBBEQE-LHHJGKSTSA-N"
8171325,"1-Iodo-2,7-dimethoxynaphthalene",313.980377,"C12H11IO2","Ic1c2c(ccc1OC)ccc(OC)c2","InChI=1S/C12H11IO2/c1-14-9-5-3-8-4-6-11(15-2)12(13)10(8)7-9/h3-7H,1-2H3","KYRLEBCAPMHVEV-UHFFFAOYSA-N"
8623683,"(Chloromercuri)benzene",313.978577,"C6H5ClHg","[Cl-].[Hg+]c1ccccc1","InChI=1S/C6H5.ClH.Hg/c1-2-4-6-5-3-1;;/h1-5H;1H;/q;;+1/p-1","AWGTVRDHKJQFAX-UHFFFAOYSA-M"
8909413,"(2E)-3-Bromo-4-(3,4-dimethoxyphenyl)-4-oxo-2-butenoic acid",313.978973,"C12H11BrO5","Br\C(=C\C(=O)O)C(=O)c1cc(OC)c(OC)cc1","InChI=1S/C12H11BrO5/c1-17-9-4-3-7(5-10(9)18-2)12(16)8(13)6-11(14)15/h3-6H,1-2H3,(H,14,15)/b8-6+","MFXYQNABIXNGQE-SOFGYWHQSA-N"
8980483,"4-Iodo-2,2-dimethyl-5-phenyl-3(2H)-furanone",313.980377,"C12H11IO2","O=C1C(\I)=C(/OC1(C)C)c2ccccc2","InChI=1S/C12H11IO2/c1-12(2)11(14)9(13)10(15-12)8-6-4-3-5-7-8/h3-7H,1-2H3","HOJBJJFMGFGIFE-UHFFFAOYSA-N"
9046008,"3-[(E)-2-Iodo-2-phenylvinyl]dihydro-2(3H)-furanone",313.980377,"C12H11IO2","O=C2OCCC2\C=C(\I)c1ccccc1","InChI=1S/C12H11IO2/c13-11(9-4-2-1-3-5-9)8-10-6-7-15-12(10)14/h1-5,8,10H,6-7H2/b11-8+","SEJOWQVSDWEOQW-DHZHZOJOSA-N"
9056821,"2-(Phenyl-lambda~3~-iodanylidene)-1,3-cyclohexanedione",313.980377,"C12H11IO2","O=C2C(=I\c1ccccc1)/C(=O)CCC2","InChI=1S/C12H11IO2/c14-10-7-4-8-11(15)12(10)13-9-5-2-1-3-6-9/h1-3,5-6H,4,7-8H2","OVGIJHTUELLBSP-UHFFFAOYSA-N"
9100296,"3,3,3-Trifluoro-2-(heptafluoropropoxy)propanoyl fluoride",313.980103,"C6HF11O2","FC(F)(C(F)(F)OC(C(F)=O)C(F)(F)F)C(F)(F)F","InChI=1S/C6HF11O2/c7-2(18)1(3(8,9)10)19-6(16,17)4(11,12)5(13,14)15/h1H","GMQUBIZWYMMFSP-UHFFFAOYSA-N"
9122170,"1-Iodo-2-(methoxymethoxy)naphthalene",313.980377,"C12H11IO2","COCOc1ccc2ccccc2c1I","InChI=1S/C12H11IO2/c1-14-8-15-11-7-6-9-4-2-3-5-10(9)12(11)13/h2-7H,8H2,1H3","LXRMALYLQWJSBB-UHFFFAOYSA-N"
9155131,"3-(2-Iodobenzyl)-4-pentynoic acid",313.980377,"C12H11IO2","Ic1ccccc1CC(C#C)CC(=O)O","InChI=1S/C12H11IO2/c1-2-9(8-12(14)15)7-10-5-3-4-6-11(10)13/h1,3-6,9H,7-8H2,(H,14,15)","QOFQVZVTHSYTFM-UHFFFAOYSA-N"
9231269,"(5S)-5-[(R)-Iodo(phenyl)methyl]-4-methyl-2(5H)-furanone",313.980377,"C12H11IO2","I[C@H](c1ccccc1)[C@H]2OC(=O)/C=C2/C","InChI=1S/C12H11IO2/c1-8-7-10(14)15-12(8)11(13)9-5-3-2-4-6-9/h2-7,11-12H,1H3/t11-,12+/m1/s1","VMHRRXVLSCZLFH-NEPJUHHUSA-N"
9242196,"(1S,3R,5R,7R)-4,4,11,11-Tetrachloro-3-methoxytetracyclo[5.3.1.0~1,7~.0~3,5~]undecane",313.979889,"C12H14Cl4O","COC12CC34CCCC3(C4(Cl)Cl)CC1C2(Cl)Cl","InChI=1S/C12H14Cl4O/c1-17-10-6-9-4-2-3-8(9,12(9,15)16)5-7(10)11(10,13)14/h7H,2-6H2,1H3","PRAOWHOHRZKRJA-UHFFFAOYSA-N"
9274184,"2-(2-Iodophenoxy)-2-cyclohexen-1-one",313.980377,"C12H11IO2","c1ccc(c(c1)OC2=CCCCC2=O)I","InChI=1S/C12H11IO2/c13-9-5-1-3-7-11(9)15-12-8-4-2-6-10(12)14/h1,3,5,7-8H,2,4,6H2","VWOHUPGTEMJRON-UHFFFAOYSA-N"
9453445,"2-Thienyl[2-(trifluoromethyl)thieno[3,2-d]pyrimidin-4-yl]methanone",313.979523,"C12H5F3N2OS2","C1=CSC(=C1)C(=O)C2=NC(=NC3=C2SC=C3)C(F)(F)F","InChI=1S/C12H5F3N2OS2/c13-12(14,15)11-16-6-3-5-20-10(6)8(17-11)9(18)7-2-1-4-19-7/h1-5H","CKBZBVWSVPWPNP-UHFFFAOYSA-N"
9464956,"5-(Iodomethyl)-3-methylene-5-phenyldihydro-2(3H)-furanone",313.980377,"C12H11IO2","ICC1(OC(=O)\C(=C)C1)c2ccccc2","InChI=1S/C12H11IO2/c1-9-7-12(8-13,15-11(9)14)10-5-3-2-4-6-10/h2-6H,1,7-8H2","LRFQOHDLAVEYSZ-UHFFFAOYSA-N"
9556388,"2-(Bromoacetyl)-1,3-phenylene diacetate",313.978973,"C12H11BrO5","O=C(Oc1cccc(OC(=O)C)c1C(=O)CBr)C","InChI=1S/C12H11BrO5/c1-7(14)17-10-4-3-5-11(18-8(2)15)12(10)9(16)6-13/h3-5H,6H2,1-2H3","MNINUXVBVLVPGN-UHFFFAOYSA-N"
9567788,"Methyl 2-[(6-bromo-1,3-benzodioxol-5-yl)(hydroxy)methyl]acrylate",313.978973,"C12H11BrO5","O=C(OC)\C(=C)C(O)c1cc2OCOc2cc1Br","InChI=1S/C12H11BrO5/c1-6(12(15)16-2)11(14)7-3-9-10(4-8(7)13)18-5-17-9/h3-4,11,14H,1,5H2,2H3","OHNQNYGPKKOGRH-UHFFFAOYSA-N"
9668165,"1-Iodo-6,7-dimethoxynaphthalene",313.980377,"C12H11IO2","Ic1c2c(ccc1)cc(OC)c(OC)c2","InChI=1S/C12H11IO2/c1-14-11-6-8-4-3-5-10(13)9(8)7-12(11)15-2/h3-7H,1-2H3","AJXXMCWZSRKDIC-UHFFFAOYSA-N"
9983877,"Chloropalladium(1+) 3-[(dimethylamino)methyl]-2H-indol-2-ide",313.980194,"C11H13ClN2Pd","CN(C)Cc1[cH-]nc2c1cccc2.Cl[Pd+]","InChI=1S/C11H14N2.ClH.Pd/c1-13(2)8-9-7-12-11-6-4-3-5-10(9)11;;/h3-7,12H,8H2,1-2H3;1H;/q-1;;+2/p-1","ZJUFREWYQYAMAI-UHFFFAOYSA-M"
9997850,"Methoxymethyl (2Z)-3-(1,3-benzodioxol-5-yl)-2-bromoacrylate",313.978973,"C12H11BrO5","COCOC(=O)/C(=C/c1ccc2c(c1)OCO2)/Br","InChI=1S/C12H11BrO5/c1-15-6-18-12(14)9(13)4-8-2-3-10-11(5-8)17-7-16-10/h2-5H,6-7H2,1H3/b9-4-","TUXUPLAWSGCNGK-WTKPLQERSA-N"
10011665,"2,2'-(2-Butyne-1,4-diyldisulfanediyl)bis(5-methyl-1,3,4-thiadiazole)",313.978821,"C10H10N4S4","Cc1nnc(s1)SCC#CCSc2nnc(s2)C","InChI=1S/C10H10N4S4/c1-7-11-13-9(17-7)15-5-3-4-6-16-10-14-12-8(2)18-10/h5-6H2,1-2H3","ANEQBTXKSLKXHJ-UHFFFAOYSA-N"
10312829,"6-Iodo-1,7-dimethoxynaphthalene",313.980377,"C12H11IO2","COc1cccc2c1cc(c(c2)I)OC","InChI=1S/C12H11IO2/c1-14-11-5-3-4-8-6-10(13)12(15-2)7-9(8)11/h3-7H,1-2H3","JNTSAVNONXBULA-UHFFFAOYSA-N"
10312830,"7-Iodo-1,6-dimethoxynaphthalene",313.980377,"C12H11IO2","COc2cccc1cc(OC)c(I)cc12","InChI=1S/C12H11IO2/c1-14-11-5-3-4-8-6-12(15-2)10(13)7-9(8)11/h3-7H,1-2H3","UGUUWVMEWFTEON-UHFFFAOYSA-N"
10539925,"2,8-Bis(methylsulfanyl)-4,10-dihydrobis[1,3]thiazolo[4,5-d:5',4'-g][1,3]diazocine",313.978821,"C10H10N4S4","CSc1nc2/N=C\Nc3nc(SC)sc3Cc2s1","InChI=1S/C10H10N4S4/c1-15-9-13-7-5(17-9)3-6-8(12-4-11-7)14-10(16-2)18-6/h4H,3H2,1-2H3,(H,11,12)","XXIJHLAYTIJHMN-UHFFFAOYSA-N"
10561967,"5-Bromo-1H-imidazo[4,5-a]phenazin-4-ol",313.980316,"C13H7BrN4O","Brc2c1nc4ccccc4nc1c3ncnc3c2O","InChI=1S/C13H7BrN4O/c14-8-9-11(10-12(13(8)19)16-5-15-10)18-7-4-2-1-3-6(7)17-9/h1-5,19H,(H,15,16)","HYVDCWFLYFXUBB-UHFFFAOYSA-N"
10957798,"2-Oxotetrahydro-3-furanyl 3-chloro-6-fluoro-1-benzothiophene-2-carboxylate",313.981598,"C13H8ClFO4S","c1cc2c(cc1F)sc(c2Cl)C(=O)OC3CCOC3=O","InChI=1S/C13H8ClFO4S/c14-10-7-2-1-6(15)5-9(7)20-11(10)13(17)19-8-3-4-18-12(8)16/h1-2,5,8H,3-4H2","VBFWCCSEBHTOPU-UHFFFAOYSA-N"
11544091,"3-Thienyl[2-(trifluoromethyl)thieno[3,2-d]pyrimidin-4-yl]methanone",313.979523,"C12H5F3N2OS2","c1cscc1C(=O)c2c3c(ccs3)nc(n2)C(F)(F)F","InChI=1S/C12H5F3N2OS2/c13-12(14,15)11-16-7-2-4-20-10(7)8(17-11)9(18)6-1-3-19-5-6/h1-5H","DTUSGNXGARIEET-UHFFFAOYSA-N"
11952417,"5-pyrimidinecarboxamide, 4-chloro-N-(5-chloro-2-pyridinyl)-2-(methylthio)-",313.979584,"C11H8Cl2N4OS","CSc1ncc(c(n1)Cl)C(=O)Nc2ccc(cn2)Cl","InChI=1S/C11H8Cl2N4OS/c1-19-11-15-5-7(9(13)17-11)10(18)16-8-3-2-6(12)4-14-8/h2-5H,1H3,(H,14,16,18)","JIGHECIBLZSEJP-UHFFFAOYSA-N"
12548769,"(2E)-3-[5-Bromo-2-(2-methoxy-2-oxoethoxy)phenyl]acrylic acid",313.978973,"C12H11BrO5","COC(=O)COc1ccc(cc1/C=C/C(=O)O)Br","InChI=1S/C12H11BrO5/c1-17-12(16)7-18-10-4-3-9(13)6-8(10)2-5-11(14)15/h2-6H,7H2,1H3,(H,14,15)/b5-2+","ZJKGAUYCGJSZNO-GORDUTHDSA-N"
12558676,"(2E)-3-(4-Acetoxy-2-bromo-5-methoxyphenyl)acrylic acid",313.978973,"C12H11BrO5","CC(=O)Oc1cc(c(cc1OC)/C=C/C(=O)O)Br","InChI=1S/C12H11BrO5/c1-7(14)18-11-6-9(13)8(3-4-12(15)16)5-10(11)17-2/h3-6H,1-2H3,(H,15,16)/b4-3+","FLBQCILPTHYRSS-ONEGZZNKSA-N"
12559240,"(2E)-3-(4-Acetoxy-3-bromo-5-methoxyphenyl)acrylic acid",313.978973,"C12H11BrO5","CC(=O)Oc1c(cc(cc1Br)/C=C/C(=O)O)OC","InChI=1S/C12H11BrO5/c1-7(14)18-12-9(13)5-8(3-4-11(15)16)6-10(12)17-2/h3-6H,1-2H3,(H,15,16)/b4-3+","SFZGSDIHNUUPCJ-ONEGZZNKSA-N"
13722790,"5-(Bromoacetyl)-1,3-phenylene diacetate",313.978973,"C12H11BrO5","CC(=O)Oc1cc(cc(c1)OC(=O)C)C(=O)CBr","InChI=1S/C12H11BrO5/c1-7(14)17-10-3-9(12(16)6-13)4-11(5-10)18-8(2)15/h3-5H,6H2,1-2H3","GXTZIQJXSCEEMV-UHFFFAOYSA-N"
20078721,"2-Cyano-3-(((3,4-dichloroanilino)carbothioyl)amino)acrylamide",313.980010986328,"C11H8Cl2N4OS","Clc1ccc(NC(=S)N\C=C(\C#N)C(N)=O)cc1Cl","InChI=1S/C11H8Cl2N4OS/c12-8-2-1-7(3-9(8)13)17-11(19)16-5-6(4-14)10(15)18/h1-3,5H,(H2,15,18)(H2,16,17,19)/b6-5-","LRJMNBAQEFCFQY-WAYWQWQTSA-N"
20097829,"5-Bromo-8-hydroxy-3,4-dimethyl-6-oxo-4,6-dihydro-3H-isochromene-7-carboxylic acid",313.978973,"C12H11BrO5","CC1C(OC=C2C1=C(C(=O)C(=C2O)C(=O)O)Br)C","InChI=1S/C12H11BrO5/c1-4-5(2)18-3-6-7(4)9(13)11(15)8(10(6)14)12(16)17/h3-5,14H,1-2H3,(H,16,17)","JQXFIQGPVGNGBY-UHFFFAOYSA-N"
20574157,"Methyl (2Z)-2-benzylidene-3-iodo-3-butenoate",313.980377,"C12H11IO2","COC(=O)/C(=C/c1ccccc1)/C(=C)I","InChI=1S/C12H11IO2/c1-9(13)11(12(14)15-2)8-10-6-4-3-5-7-10/h3-8H,1H2,2H3/b11-8+","FTXONVZAIGWKGS-DHZHZOJOSA-N"
21080351,"2,4-Dichloro-N-(5,6-dihydro[1,3]thiazolo[2,3-c][1,2,4]triazol-3-yl)benzamide",313.979584,"C11H8Cl2N4OS","c1cc(c(cc1Cl)Cl)C(=O)Nc2nnc3n2CCS3","InChI=1S/C11H8Cl2N4OS/c12-6-1-2-7(8(13)5-6)9(18)14-10-15-16-11-17(10)3-4-19-11/h1-2,5H,3-4H2,(H,14,15,18)","KJCXQLWUOHZKML-UHFFFAOYSA-N"
21080352,"2,5-Dichloro-N-(5,6-dihydro[1,3]thiazolo[2,3-c][1,2,4]triazol-3-yl)benzamide",313.979584,"C11H8Cl2N4OS","c1cc(c(cc1Cl)C(=O)Nc2nnc3n2CCS3)Cl","InChI=1S/C11H8Cl2N4OS/c12-6-1-2-8(13)7(5-6)9(18)14-10-15-16-11-17(10)3-4-19-11/h1-2,5H,3-4H2,(H,14,15,18)","SHEJLLHHQWDHEL-UHFFFAOYSA-N"
21520392,"[4-(2,4-Dichlorophenyl)-3-(ethoxycarbonyl)-2-thienyl]amino",313.980927,"C13H10Cl2NO2S","CCOC(=O)c1c(csc1[NH])c2ccc(cc2Cl)Cl","InChI=1S/C13H10Cl2NO2S/c1-2-18-13(17)11-9(6-19-12(11)16)8-4-3-7(14)5-10(8)15/h3-6,16H,2H2,1H3","GVQIENYCHOSOML-UHFFFAOYSA-N"
21520393,"[4-(3,4-Dichlorophenyl)-3-(ethoxycarbonyl)-2-thienyl]amino",313.980927,"C13H10Cl2NO2S","CCOC(=O)c1c(csc1[NH])c2ccc(c(c2)Cl)Cl","InChI=1S/C13H10Cl2NO2S/c1-2-18-13(17)11-8(6-19-12(11)16)7-3-4-9(14)10(15)5-7/h3-6,16H,2H2,1H3","QAQYEPRZFIDVTN-UHFFFAOYSA-N"
21520547,"[4-(3,4-Dichlorophenyl)-3-(methoxycarbonyl)-5-methyl-2-thienyl]amino",313.980927,"C13H10Cl2NO2S","Cc1c(c(c(s1)[NH])C(=O)OC)c2ccc(c(c2)Cl)Cl","InChI=1S/C13H10Cl2NO2S/c1-6-10(7-3-4-8(14)9(15)5-7)11(12(16)19-6)13(17)18-2/h3-5,16H,1-2H3","FZXGJCMZNICGLA-UHFFFAOYSA-N"
21666338,"7-(2,6-Dichlorophenyl)-3-methyl-6,7-dihydro-4H-[1,3,4]thiadiazolo[2,3-c][1,2,4]triazin-4-one",313.979584,"C11H8Cl2N4OS","Cc1c(=O)n2c(nn1)SC(N2)c3c(cccc3Cl)Cl","InChI=1S/C11H8Cl2N4OS/c1-5-10(18)17-11(15-14-5)19-9(16-17)8-6(12)3-2-4-7(8)13/h2-4,9,16H,1H3","ASOBMANECNHGFK-UHFFFAOYSA-N"
21681862,"6-Amino-4-(3-bromophenyl)-2-oxo-1,2-dihydro-3,5-pyridinedicarbonitrile",313.980316,"C13H7BrN4O","c1cc(cc(c1)Br)c2c(c(nc(c2C#N)O)N)C#N","InChI=1S/C13H7BrN4O/c14-8-3-1-2-7(4-8)11-9(5-15)12(17)18-13(19)10(11)6-16/h1-4H,(H3,17,18,19)","ZICFKONHZHMJND-UHFFFAOYSA-N"
23009866,"Chloro{1-[(4R)-2,5-dioxo-4-imidazolidinyl]ureaato-kappaN'}hydroxyaluminium - trihydroxyaluminium (1:1)",313.979065,"C4H9Al2ClN4O7","[C@H]1(C(=O)NC(=O)N1)NC(=O)N[Al](O)Cl.O[Al](O)O","InChI=1S/C4H6N4O3.2Al.ClH.4H2O/c5-3(10)6-1-2(9)8-4(11)7-1;;;;;;;/h1H,(H5,5,6,7,8,9,10,11);;;1H;4*1H2/q;2*+3;;;;;/p-6/t1-;;;;;;;/m0......./s1","IMZDRXBSGZPLDE-VABAVZKYSA-H"
23168337,"(6E)-6-(Iodomethylene)-5-phenyltetrahydro-2H-pyran-2-one",313.980377,"C12H11IO2","c1ccc(cc1)C\2CCC(=O)O/C2=C/I","InChI=1S/C12H11IO2/c13-8-11-10(6-7-12(14)15-11)9-4-2-1-3-5-9/h1-5,8,10H,6-7H2/b11-8+","YRQGHLWYPKIKJR-DHZHZOJOSA-N"
23168339,"(6E)-6-(Iodomethylene)-4-phenyltetrahydro-2H-pyran-2-one",313.980377,"C12H11IO2","c1ccc(cc1)C2C/C(=C\I)/OC(=O)C2","InChI=1S/C12H11IO2/c13-8-11-6-10(7-12(14)15-11)9-4-2-1-3-5-9/h1-5,8,10H,6-7H2/b11-8+","HRGNBHXGMAPIMI-DHZHZOJOSA-N"
24309607,"Methyl 2-[(7-bromo-1,3-benzodioxol-5-yl)(hydroxy)methyl]acrylate",313.978973,"C12H11BrO5","COC(=O)C(=C)C(c1cc2c(c(c1)Br)OCO2)O","InChI=1S/C12H11BrO5/c1-6(12(15)16-2)10(14)7-3-8(13)11-9(4-7)17-5-18-11/h3-4,10,14H,1,5H2,2H3","GCJZSMCGKPCNMC-UHFFFAOYSA-N"
24789120,"4-Acetoxy-6-bromo-2-chromanecarboxylic acid",313.978973,"C12H11BrO5","CC(=O)OC1CC(Oc2c1cc(cc2)Br)C(=O)O","InChI=1S/C12H11BrO5/c1-6(14)17-10-5-11(12(15)16)18-9-3-2-7(13)4-8(9)10/h2-4,10-11H,5H2,1H3,(H,15,16)","BFEFAFDGOXASIH-UHFFFAOYSA-N"
25529960,"4-(7-Bromo-2,3-dihydro-1,4-benzodioxin-6-yl)-4-oxobutanoic acid",313.979,"C12H11BrO5","c1c(c(cc2c1OCCO2)Br)C(=O)CCC(=O)O","InChI=1S/C12H11BrO5/c13-8-6-11-10(17-3-4-18-11)5-7(8)9(14)1-2-12(15)16/h5-6H,1-4H2,(H,15,16)","JCGQWEOKVLNXEP-UHFFFAOYSA-N"
26159883,"2-(4-Bromo-2-fluorophenoxy)-N-(1H-1,2,4-triazol-3-yl)acetamide",313.981445,"C10H8BrFN4O2","c1cc(c(cc1Br)F)OCC(=O)Nc2[nH]cnn2","InChI=1S/C10H8BrFN4O2/c11-6-1-2-8(7(12)3-6)18-4-9(17)15-10-13-5-14-16-10/h1-3,5H,4H2,(H2,13,14,15,16,17)","KVSAWCLOTVICBF-UHFFFAOYSA-N"
26386660,"8-Bromo-5-hydroxy-6,7-dimethoxy-2-methyl-4H-chromen-4-one",313.978973,"C12H11BrO5","Cc1cc(=O)c2c(c(c(c(c2o1)Br)OC)OC)O","InChI=1S/C12H11BrO5/c1-5-4-6(14)7-9(15)12(17-3)11(16-2)8(13)10(7)18-5/h4,15H,1-3H3","PPAFBIBPQDYPCF-UHFFFAOYSA-N"
26995600,"Methyl 2-[(1Z,3E)-4-iodo-1,3-butadien-1-yl]benzoate",313.980377,"C12H11IO2","COC(=O)c1ccccc1/C=C\C=C\I","InChI=1S/C12H11IO2/c1-15-12(14)11-8-3-2-6-10(11)7-4-5-9-13/h2-9H,1H3/b7-4-,9-5+","OZHLQRSTORPXAC-ICDOWURLSA-N"
28197394,"(2Z)-4-(5-Bromo-2-ethoxyphenyl)-2-hydroxy-4-oxo-2-butenoic acid",313.978973,"C12H11BrO5","CCOc1ccc(cc1C(=O)/C=C(/C(=O)O)\O)Br","InChI=1S/C12H11BrO5/c1-2-18-11-4-3-7(13)5-8(11)9(14)6-10(15)12(16)17/h3-6,15H,2H2,1H3,(H,16,17)/b10-6-","HKRYXVJQMRBVIW-POHAHGRESA-N"
28558825,"2,3,3,4,5,6,7-Heptafluoro-2-(trifluoromethyl)-2,3-dihydro-1-benzofuran",313.978943,"C9F10O","c12c(c(c(c(c1F)F)F)F)OC(C2(F)F)(C(F)(F)F)F","InChI=1S/C9F10O/c10-2-1-6(5(13)4(12)3(2)11)20-8(16,7(1,14)15)9(17,18)19","QSHUCMPNTRBGRT-UHFFFAOYSA-N"
28636057,"{Amino[3-(3-bromophenyl)-2-cyano-2-oxiranyl]methylene}malononitrile",313.980316,"C13H7BrN4O","c1cc(cc(c1)Br)C2C(O2)(C#N)C(=C(C#N)C#N)N","InChI=1S/C13H7BrN4O/c14-10-3-1-2-8(4-10)12-13(7-17,19-12)11(18)9(5-15)6-16/h1-4,12H,18H2","LOFBBQITUVMILL-UHFFFAOYSA-N"
28675255,"2,4,6-Tris(trifluoromethyl)benzenethiol",313.981171,"C9H3F9S","c1c(cc(c(c1C(F)(F)F)S)C(F)(F)F)C(F)(F)F","InChI=1S/C9H3F9S/c10-7(11,12)3-1-4(8(13,14)15)6(19)5(2-3)9(16,17)18/h1-2,19H","CUBDAQNIOZEAJO-UHFFFAOYSA-N"
29318823,"2-Iodo-3-phenoxy-2-cyclohexen-1-one",313.980377,"C12H11IO2","c1ccc(cc1)OC2=C(C(=O)CCC2)I","InChI=1S/C12H11IO2/c13-12-10(14)7-4-8-11(12)15-9-5-2-1-3-6-9/h1-3,5-6H,4,7-8H2","YJHIASWYBUWGOL-UHFFFAOYSA-N"
29364538,"(2S,3R,4R)-5-Acetoxy-1-bromo-2-fluoro-4-hydroxy-1-oxo-3-pentanyl acetate",313.980133,"C9H12BrFO6","CC(=O)OC[C@H]([C@H]([C@@H](C(=O)Br)F)OC(=O)C)O","InChI=1S/C9H12BrFO6/c1-4(12)16-3-6(14)8(17-5(2)13)7(11)9(10)15/h6-8,14H,3H2,1-2H3/t6-,7+,8-/m1/s1","XOJJLEWQTURMLY-GJMOJQLCSA-N"
29380182,"3-[Amino(3-bromo-4-fluorophenyl)methyl]-1,2,4-oxadiazole-5-carboxamide",313.981445,"C10H8BrFN4O2","c1cc(c(cc1C(c2nc(on2)C(=O)N)N)Br)F","InChI=1S/C10H8BrFN4O2/c11-5-3-4(1-2-6(5)12)7(13)9-15-10(8(14)17)18-16-9/h1-3,7H,13H2,(H2,14,17)","VCLWTRYQADKJIN-UHFFFAOYSA-N"
29380205,"3-[Amino(5-bromo-2-fluorophenyl)methyl]-1,2,4-oxadiazole-5-carboxamide",313.981445,"C10H8BrFN4O2","c1cc(c(cc1Br)C(c2nc(on2)C(=O)N)N)F","InChI=1S/C10H8BrFN4O2/c11-4-1-2-6(12)5(3-4)7(13)9-15-10(8(14)17)18-16-9/h1-3,7H,13H2,(H2,14,17)","MFOQUNIPCBMLIN-UHFFFAOYSA-N"
29387052,"2,2,2-Trichloro-N-[2-(4-isopropyl-1,3-thiazol-2-yl)ethyl]acetamide",313.981415,"C10H13Cl3N2OS","CC(C)c1csc(n1)CCNC(=O)C(Cl)(Cl)Cl","InChI=1S/C10H13Cl3N2OS/c1-6(2)7-5-17-8(15-7)3-4-14-9(16)10(11,12)13/h5-6H,3-4H2,1-2H3,(H,14,16)","KCVWJGULLQNCBL-UHFFFAOYSA-N"
29776781,"Dimethyl (2E)-2-(4-bromophenoxy)-2-butenedioate",313.978973,"C12H11BrO5","COC(=O)/C=C(\C(=O)OC)/Oc1ccc(cc1)Br","InChI=1S/C12H11BrO5/c1-16-11(14)7-10(12(15)17-2)18-9-5-3-8(13)4-6-9/h3-7H,1-2H3/b10-7+","ILSLGROYXFWQPB-JXMROGBWSA-N"
29840952,"4-(5-Bromo-2-ethoxyphenyl)-2-hydroxy-4-oxo-2-butenoic acid",313.978973,"C12H11BrO5","CCOc1ccc(cc1C(=O)C=C(C(=O)O)O)Br","InChI=1S/C12H11BrO5/c1-2-18-11-4-3-7(13)5-8(11)9(14)6-10(15)12(16)17/h3-6,15H,2H2,1H3,(H,16,17)","HKRYXVJQMRBVIW-UHFFFAOYSA-N"
30277295,"4-Bromo-3-fluoro-N-[(5-oxo-2,5-dihydro-1H-1,2,4-triazol-3-yl)methyl]benzamide",313.981445,"C10H8BrFN4O2","c1cc(c(cc1C(=O)NCc2[nH]c(=O)[nH]n2)F)Br","InChI=1S/C10H8BrFN4O2/c11-6-2-1-5(3-7(6)12)9(17)13-4-8-14-10(18)16-15-8/h1-3H,4H2,(H,13,17)(H2,14,15,16,18)","CIEBPJPKDKJUPX-UHFFFAOYSA-N"
30277298,"3-Bromo-4-fluoro-N-[(5-oxo-2,5-dihydro-1H-1,2,4-triazol-3-yl)methyl]benzamide",313.981445,"C10H8BrFN4O2","c1cc(c(cc1C(=O)NCc2[nH]c(=O)[nH]n2)Br)F","InChI=1S/C10H8BrFN4O2/c11-6-3-5(1-2-7(6)12)9(17)13-4-8-14-10(18)16-15-8/h1-3H,4H2,(H,13,17)(H2,14,15,16,18)","RKIDFUXATYTKKZ-UHFFFAOYSA-N"
30419573,"3-Bromo-4-fluoro-N-(5-methoxy-1H-1,2,4-triazol-3-yl)benzamide",313.981445,"C10H8BrFN4O2","COc1[nH]nc(n1)NC(=O)c2ccc(c(c2)Br)F","InChI=1S/C10H8BrFN4O2/c1-18-10-14-9(15-16-10)13-8(17)5-2-3-7(12)6(11)4-5/h2-4H,1H3,(H2,13,14,15,16,17)","DQYXMVAYXNEIAX-UHFFFAOYSA-N"
30792093,"Dihydroxyaluminium(1+) chloride 4-(carbamoylamino)-5-oxo-4,5-dihydro-1H-imidazol-2-olate (2:1:1)",313.979065,"C4H9Al2ClN4O7","C1(C(=O)NC(=N1)[O-])NC(=O)N.O[Al+]O.O[Al+]O.[Cl-]","InChI=1S/C4H6N4O3.2Al.ClH.4H2O/c5-3(10)6-1-2(9)8-4(11)7-1;;;;;;;/h1H,(H3,5,6,10)(H2,7,8,9,11);;;1H;4*1H2/q;2*+3;;;;;/p-6","VTKMMWSAJLCWSM-UHFFFAOYSA-H"
30795120,"(5R)-5-(Iodomethyl)-3-methylene-5-phenyldihydro-2(3H)-furanone",313.980377,"C12H11IO2","C=C1C[C@](OC1=O)(CI)c2ccccc2","InChI=1S/C12H11IO2/c1-9-7-12(8-13,15-11(9)14)10-5-3-2-4-6-10/h2-6H,1,7-8H2/t12-/m0/s1","LRFQOHDLAVEYSZ-LBPRGKRZSA-N"
30991562,"4-Pentyn-1-yl 2-iodobenzoate",313.980377,"C12H11IO2","C#CCCCOC(=O)c1ccccc1I","InChI=1S/C12H11IO2/c1-2-3-6-9-15-12(14)10-7-4-5-8-11(10)13/h1,4-5,7-8H,3,6,9H2","XCAKFHLMXXKNGB-UHFFFAOYSA-N"
31029590,"1-{2-[(2,5-Dichlorophenyl)sulfinyl]ethyl}-1H-1,2,4-triazole-3-carbonitrile",313.979584,"C11H8Cl2N4OS","c1cc(c(cc1Cl)S(=O)CCn2cnc(n2)C#N)Cl","InChI=1S/C11H8Cl2N4OS/c12-8-1-2-9(13)10(5-8)19(18)4-3-17-7-15-11(6-14)16-17/h1-2,5,7H,3-4H2","UVBZZXJMIGTJBX-UHFFFAOYSA-N"
32698939,"Aluminium chloride hydroxide 4-(carbamoylamino)-2,5-dioxoimidazolidin-1-ide (2:1:4:1)",313.979065,"C4H9Al2ClN4O7","C1(C(=O)[N-]C(=O)N1)NC(=O)N.[OH-].[OH-].[OH-].[OH-].[Al+3].[Al+3].[Cl-]","InChI=1S/C4H6N4O3.2Al.ClH.4H2O/c5-3(10)6-1-2(9)8-4(11)7-1;;;;;;;/h1H,(H5,5,6,7,8,9,10,11);;;1H;4*1H2/q;2*+3;;;;;/p-6","IMZDRXBSGZPLDE-UHFFFAOYSA-H"
32764326,"Methyl 5-bromo-7-hydroxy-6-methoxy-3-methyl-1-benzofuran-2-carboxylate",313.978973,"C12H11BrO5","Cc1c2cc(c(c(c2oc1C(=O)OC)O)OC)Br","InChI=1S/C12H11BrO5/c1-5-6-4-7(13)11(16-2)8(14)10(6)18-9(5)12(15)17-3/h4,14H,1-3H3","YLMDLKJVHWRZOO-UHFFFAOYSA-N"
32851042,"2-(2-Bromo-4-fluorophenoxy)-N-(1H-1,2,4-triazol-3-yl)acetamide",313.981445,"C10H8BrFN4O2","c1cc(c(cc1F)Br)OCC(=O)Nc2[nH]cnn2","InChI=1S/C10H8BrFN4O2/c11-7-3-6(12)1-2-8(7)18-4-9(17)15-10-13-5-14-16-10/h1-3,5H,4H2,(H2,13,14,15,16,17)","UXMCVIVNINZWHV-UHFFFAOYSA-N"
33284031,"(2E)-3-[3-Bromo-4-(1-carboxyethoxy)phenyl]acrylic acid",313.978973,"C12H11BrO5","CC(C(=O)O)Oc1ccc(cc1Br)/C=C/C(=O)O","InChI=1S/C12H11BrO5/c1-7(12(16)17)18-10-4-2-8(6-9(10)13)3-5-11(14)15/h2-7H,1H3,(H,14,15)(H,16,17)/b5-3+","BUXNCMVVDWJZHW-HWKANZROSA-N"
33317899,"6-[(2-Bromo-5-fluorobenzyl)amino]-1,2,4-triazine-3,5(2H,4H)-dione",313.981445,"C10H8BrFN4O2","c1cc(c(cc1F)CNc2c(=O)[nH]c(=O)[nH]n2)Br","InChI=1S/C10H8BrFN4O2/c11-7-2-1-6(12)3-5(7)4-13-8-9(17)14-10(18)16-15-8/h1-3H,4H2,(H,13,15)(H2,14,16,17,18)","XVTPOTVSMYWMNV-UHFFFAOYSA-N"
33992675,"4-[(E)-(2,3-Dichlorobenzylidene)amino]-6-methyl-3-sulfanyl-1,2,4-triazin-5(4H)-one",313.979584,"C11H8Cl2N4OS","Cc1c(=O)n(c(nn1)S)/N=C/c2cccc(c2Cl)Cl","InChI=1S/C11H8Cl2N4OS/c1-6-10(18)17(11(19)16-15-6)14-5-7-3-2-4-8(12)9(7)13/h2-5H,1H3,(H,16,19)/b14-5+","MYZUBVIJIZTVTM-LHHJGKSTSA-N"
34037786,"4-Amino-N-(5-bromo-2-fluorobenzyl)-1,2,5-oxadiazole-3-carboxamide",313.981445,"C10H8BrFN4O2","c1cc(c(cc1Br)CNC(=O)c2c(non2)N)F","InChI=1S/C10H8BrFN4O2/c11-6-1-2-7(12)5(3-6)4-14-10(17)8-9(13)16-18-15-8/h1-3H,4H2,(H2,13,16)(H,14,17)","ZADJIURFFVESEL-UHFFFAOYSA-N"
34086078,"2-[(2-Iodophenoxy)methyl]-5-methylfuran",313.980377,"C12H11IO2","Cc1ccc(o1)COc2ccccc2I","InChI=1S/C12H11IO2/c1-9-6-7-10(15-9)8-14-12-5-3-2-4-11(12)13/h2-7H,8H2,1H3","OZTCLDJWKNCJHQ-UHFFFAOYSA-N"
34140056,"Ethyl (7-bromo-2,3-dihydro-1,4-benzodioxin-6-yl)(oxo)acetate",313.978973,"C12H11BrO5","CCOC(=O)C(=O)c1cc2c(cc1Br)OCCO2","InChI=1S/C12H11BrO5/c1-2-16-12(15)11(14)7-5-9-10(6-8(7)13)18-4-3-17-9/h5-6H,2-4H2,1H3","BRMKMFZNOPBDQT-UHFFFAOYSA-N"
34482495,"3-(9-Bromo-3,4-dihydro-2H-1,5-benzodioxepin-7-yl)-2-oxopropanoic acid",313.978973,"C12H11BrO5","c1c(cc(c2c1OCCCO2)Br)CC(=O)C(=O)O","InChI=1S/C12H11BrO5/c13-8-4-7(5-9(14)12(15)16)6-10-11(8)18-3-1-2-17-10/h4,6H,1-3,5H2,(H,15,16)","HHNOGAJMTWHMCC-UHFFFAOYSA-N"
34988952,"Aluminium chloride hydroxide (4S)-4-(carbamoylamino)-2,5-dioxoimidazolidin-1-ide (2:1:4:1)",313.979065,"C4H9Al2ClN4O7","[C@H]1(C(=O)[N-]C(=O)N1)NC(=O)N.[OH-].[OH-].[OH-].[OH-].[Al+3].[Al+3].[Cl-]","InChI=1S/C4H6N4O3.2Al.ClH.4H2O/c5-3(10)6-1-2(9)8-4(11)7-1;;;;;;;/h1H,(H5,5,6,7,8,9,10,11);;;1H;4*1H2/q;2*+3;;;;;/p-6/t1-;;;;;;;/m0......./s1","IMZDRXBSGZPLDE-VABAVZKYSA-H"
34988953,"Aluminium chloride hydroxide (4R)-4-(carbamoylamino)-2,5-dioxoimidazolidin-1-ide (2:1:4:1)",313.979065,"C4H9Al2ClN4O7","[C@@H]1(C(=O)[N-]C(=O)N1)NC(=O)N.[OH-].[OH-].[OH-].[OH-].[Al+3].[Al+3].[Cl-]","InChI=1S/C4H6N4O3.2Al.ClH.4H2O/c5-3(10)6-1-2(9)8-4(11)7-1;;;;;;;/h1H,(H5,5,6,7,8,9,10,11);;;1H;4*1H2/q;2*+3;;;;;/p-6/t1-;;;;;;;/m1......./s1","IMZDRXBSGZPLDE-FULOCSQHSA-H"
35492216,"5-Bromo-3-(2-methoxyethoxy)-1-benzofuran-2-carboxylic acid",313.978973,"C12H11BrO5","COCCOc1c2cc(ccc2oc1C(=O)O)Br","InChI=1S/C12H11BrO5/c1-16-4-5-17-10-8-6-7(13)2-3-9(8)18-11(10)12(14)15/h2-3,6H,4-5H2,1H3,(H,14,15)","GXZMNPMWKOZVTQ-UHFFFAOYSA-N"
35509243,"[5-(4-Iodo-2-methylphenyl)-2-furyl]methanol",313.980377,"C12H11IO2","Cc1cc(ccc1c2ccc(o2)CO)I","InChI=1S/C12H11IO2/c1-8-6-9(13)2-4-11(8)12-5-3-10(7-14)15-12/h2-6,14H,7H2,1H3","MRROMTIYOSOOEB-UHFFFAOYSA-N"
35549656,"2-[Bromo(5-ethyl-2-thienyl)methyl]-3-ethylthiophene",313.979858,"C13H15BrS2","CCc1ccsc1C(c2ccc(s2)CC)Br","InChI=1S/C13H15BrS2/c1-3-9-7-8-15-13(9)12(14)11-6-5-10(4-2)16-11/h5-8,12H,3-4H2,1-2H3","IULCNSDRHNVUHJ-UHFFFAOYSA-N"
35549697,"3-[Bromo(3-ethyl-2-thienyl)methyl]-2,5-dimethylthiophene",313.979858,"C13H15BrS2","CCc1ccsc1C(c2cc(sc2C)C)Br","InChI=1S/C13H15BrS2/c1-4-10-5-6-15-13(10)12(14)11-7-8(2)16-9(11)3/h5-7,12H,4H2,1-3H3","AKQZEDKJGGCEGW-UHFFFAOYSA-N"
35638289,"(2E)-4-(2-Bromo-4,6-dimethoxyphenyl)-4-oxo-2-butenoic acid",313.978973,"C12H11BrO5","COc1cc(c(c(c1)Br)C(=O)/C=C/C(=O)O)OC","InChI=1S/C12H11BrO5/c1-17-7-5-8(13)12(10(6-7)18-2)9(14)3-4-11(15)16/h3-6H,1-2H3,(H,15,16)/b4-3+","KNIVRIJSVKMBQA-ONEGZZNKSA-N"
35756008,"2-[(6-Bromoimidazo[1,2-a]pyrazin-8-yl)oxy]benzonitrile",313.980316,"C13H7BrN4O","c1ccc(c(c1)C#N)Oc2c3nccn3cc(n2)Br","InChI=1S/C13H7BrN4O/c14-11-8-18-6-5-16-12(18)13(17-11)19-10-4-2-1-3-9(10)7-15/h1-6,8H","NSZAOHUXMPGNGF-UHFFFAOYSA-N"
35782148,"2,2,3,4,4,5,5,5-Octafluoro-3-(trifluoromethyl)pentanoic acid",313.980103,"C6HF11O2","C(=O)(C(C(C(C(F)(F)F)(F)F)(C(F)(F)F)F)(F)F)O","InChI=1S/C6HF11O2/c7-2(8,1(18)19)3(9,5(12,13)14)4(10,11)6(15,16)17/h(H,18,19)","IRWCCLQZAKMYHY-UHFFFAOYSA-N"
35930842,"3-[(2,5-Dichlorophenyl)sulfanyl]-N'-hydroxy-4-pyridazinecarboximidamide",313.979584,"C11H8Cl2N4OS","c1cc(c(cc1Cl)Sc2c(ccnn2)/C(=N\O)/N)Cl","InChI=1S/C11H8Cl2N4OS/c12-6-1-2-8(13)9(5-6)19-11-7(10(14)17-18)3-4-15-16-11/h1-5,18H,(H2,14,17)","VCKJLMGZRFIKHN-UHFFFAOYSA-N"
35930942,"3-[(3,4-Dichlorophenyl)sulfanyl]-N'-hydroxy-4-pyridazinecarboximidamide",313.979584,"C11H8Cl2N4OS","c1cc(c(cc1Sc2c(ccnn2)/C(=N\O)/N)Cl)Cl","InChI=1S/C11H8Cl2N4OS/c12-8-2-1-6(5-9(8)13)19-11-7(10(14)17-18)3-4-15-16-11/h1-5,18H,(H2,14,17)","IXMLKIUTKGGAQY-UHFFFAOYSA-N"
36134141,"3-Bromo-4-(2,3-dihydro-1,4-benzodioxin-6-yl)-4-oxobutanoic acid",313.978973,"C12H11BrO5","c1cc2c(cc1C(=O)C(CC(=O)O)Br)OCCO2","InChI=1S/C12H11BrO5/c13-8(6-11(14)15)12(16)7-1-2-9-10(5-7)18-4-3-17-9/h1-2,5,8H,3-4,6H2,(H,14,15)","VYVLDAAHYPIWHK-UHFFFAOYSA-N"
36136916,"N-(4-Bromo-5-fluoro-2-nitrophenyl)-1-methyl-1H-pyrazol-3-amine",313.981445,"C10H8BrFN4O2","Cn1ccc(n1)Nc2cc(c(cc2[N+](=O)[O-])Br)F","InChI=1S/C10H8BrFN4O2/c1-15-3-2-10(14-15)13-8-5-7(12)6(11)4-9(8)16(17)18/h2-5H,1H3,(H,13,14)","RYJIVONTRYUQTK-UHFFFAOYSA-N"
36362935,"2-[Chloro(2,5-difluoro-4-methylphenyl)methyl]thieno[3,2-b]thiophene",313.980225,"C14H9ClF2S2","Cc1cc(c(cc1F)C(c2cc3c(s2)ccs3)Cl)F","InChI=1S/C14H9ClF2S2/c1-7-4-10(17)8(5-9(7)16)14(15)13-6-12-11(19-13)2-3-18-12/h2-6,14H,1H3","DTAUCDIJXXMISZ-UHFFFAOYSA-N"
36363169,"2-[1-Chloro-2-(2,3-difluorophenyl)ethyl]thieno[3,2-b]thiophene",313.980225,"C14H9ClF2S2","c1cc(c(c(c1)F)F)CC(c2cc3c(s2)ccs3)Cl","InChI=1S/C14H9ClF2S2/c15-9(6-8-2-1-3-10(16)14(8)17)12-7-13-11(19-12)4-5-18-13/h1-5,7,9H,6H2","YQYLITVYCMNFLO-UHFFFAOYSA-N"
36363170,"2-[1-Chloro-2-(2,6-difluorophenyl)ethyl]thieno[3,2-b]thiophene",313.980225,"C14H9ClF2S2","c1cc(c(c(c1)F)CC(c2cc3c(s2)ccs3)Cl)F","InChI=1S/C14H9ClF2S2/c15-9(6-8-10(16)2-1-3-11(8)17)13-7-14-12(19-13)4-5-18-14/h1-5,7,9H,6H2","IJUSBYNEGNPIQO-UHFFFAOYSA-N"
36363173,"2-[1-Chloro-2-(2,4-difluorophenyl)ethyl]thieno[3,2-b]thiophene",313.980225,"C14H9ClF2S2","c1cc(c(cc1F)F)CC(c2cc3c(s2)ccs3)Cl","InChI=1S/C14H9ClF2S2/c15-10(5-8-1-2-9(16)6-11(8)17)13-7-14-12(19-13)3-4-18-14/h1-4,6-7,10H,5H2","BROZRSZXOYBZAH-UHFFFAOYSA-N"
36369633,"5-Chloro-N-(1-methoxy-2-propanyl)-4-nitro-2-thiophenesulfonamide",313.979797,"C8H11ClN2O5S2","CC(COC)NS(=O)(=O)c1cc(c(s1)Cl)[N+](=O)[O-]","InChI=1S/C8H11ClN2O5S2/c1-5(4-16-2)10-18(14,15)7-3-6(11(12)13)8(9)17-7/h3,5,10H,4H2,1-2H3","IACIPBCNWWKHTA-UHFFFAOYSA-N"
36369667,"5-Chloro-N-(3-methoxypropyl)-4-nitro-2-thiophenesulfonamide",313.979797,"C8H11ClN2O5S2","COCCCNS(=O)(=O)c1cc(c(s1)Cl)[N+](=O)[O-]","InChI=1S/C8H11ClN2O5S2/c1-16-4-2-3-10-18(14,15)7-5-6(11(12)13)8(9)17-7/h5,10H,2-4H2,1H3","SPFYAQSVEMGDEP-UHFFFAOYSA-N"
36369718,"5-Chloro-N-(2-ethoxyethyl)-4-nitro-2-thiophenesulfonamide",313.979797,"C8H11ClN2O5S2","CCOCCNS(=O)(=O)c1cc(c(s1)Cl)[N+](=O)[O-]","InChI=1S/C8H11ClN2O5S2/c1-2-16-4-3-10-18(14,15)7-5-6(11(12)13)8(9)17-7/h5,10H,2-4H2,1H3","RKZFLGNAZCWTTQ-UHFFFAOYSA-N"
36369764,"5-Chloro-N-(1-hydroxy-2-butanyl)-4-nitro-2-thiophenesulfonamide",313.979797,"C8H11ClN2O5S2","CCC(CO)NS(=O)(=O)c1cc(c(s1)Cl)[N+](=O)[O-]","InChI=1S/C8H11ClN2O5S2/c1-2-5(4-12)10-18(15,16)7-3-6(11(13)14)8(9)17-7/h3,5,10,12H,2,4H2,1H3","VXNPJHFEWSJBCQ-UHFFFAOYSA-N"
36369765,"5-Chloro-N-(1-hydroxy-2-methyl-2-propanyl)-4-nitro-2-thiophenesulfonamide",313.979797,"C8H11ClN2O5S2","CC(C)(CO)NS(=O)(=O)c1cc(c(s1)Cl)[N+](=O)[O-]","InChI=1S/C8H11ClN2O5S2/c1-8(2,4-12)10-18(15,16)6-3-5(11(13)14)7(9)17-6/h3,10,12H,4H2,1-2H3","BITMFOCFAMEVNA-UHFFFAOYSA-N"
36369871,"5-Chloro-N-(2-methoxyethyl)-N-methyl-4-nitro-2-thiophenesulfonamide",313.979797,"C8H11ClN2O5S2","CN(CCOC)S(=O)(=O)c1cc(c(s1)Cl)[N+](=O)[O-]","InChI=1S/C8H11ClN2O5S2/c1-10(3-4-16-2)18(14,15)7-5-6(11(12)13)8(9)17-7/h5H,3-4H2,1-2H3","RKFPHMUTOHKHRR-UHFFFAOYSA-N"
36369999,"5-Chloro-N-(2-hydroxypropyl)-N-methyl-4-nitro-2-thiophenesulfonamide",313.979797,"C8H11ClN2O5S2","CC(CN(C)S(=O)(=O)c1cc(c(s1)Cl)[N+](=O)[O-])O","InChI=1S/C8H11ClN2O5S2/c1-5(12)4-10(2)18(15,16)7-3-6(11(13)14)8(9)17-7/h3,5,12H,4H2,1-2H3","RHAILRKCLWDJQB-UHFFFAOYSA-N"
36370133,"5-Chloro-N-(3-hydroxybutyl)-4-nitro-2-thiophenesulfonamide",313.979797,"C8H11ClN2O5S2","CC(CCNS(=O)(=O)c1cc(c(s1)Cl)[N+](=O)[O-])O","InChI=1S/C8H11ClN2O5S2/c1-5(12)2-3-10-18(15,16)7-4-6(11(13)14)8(9)17-7/h4-5,10,12H,2-3H2,1H3","DTAYLVIXDAENQR-UHFFFAOYSA-N"
36370136,"5-Chloro-N-(3-hydroxy-2-methylpropyl)-4-nitro-2-thiophenesulfonamide",313.979797,"C8H11ClN2O5S2","CC(CNS(=O)(=O)c1cc(c(s1)Cl)[N+](=O)[O-])CO","InChI=1S/C8H11ClN2O5S2/c1-5(4-12)3-10-18(15,16)7-2-6(11(13)14)8(9)17-7/h2,5,10,12H,3-4H2,1H3","FFHNTUCNHILETK-UHFFFAOYSA-N"
36479518,"4-(2-Bromo-4-fluorophenoxy)-6-methoxy-1,3,5-triazin-2-amine",313.981445,"C10H8BrFN4O2","COc1nc(nc(n1)Oc2ccc(cc2Br)F)N","InChI=1S/C10H8BrFN4O2/c1-17-9-14-8(13)15-10(16-9)18-7-3-2-5(12)4-6(7)11/h2-4H,1H3,(H2,13,14,15,16)","BKMMTIBOEPVJFZ-UHFFFAOYSA-N"
36491580,"4-(4-Bromo-3-fluorophenoxy)-6-methoxy-1,3,5-triazin-2-amine",313.981445,"C10H8BrFN4O2","COc1nc(nc(n1)Oc2ccc(c(c2)F)Br)N","InChI=1S/C10H8BrFN4O2/c1-17-9-14-8(13)15-10(16-9)18-5-2-3-6(11)7(12)4-5/h2-4H,1H3,(H2,13,14,15,16)","WFWZSXIWTDMMPY-UHFFFAOYSA-N"
36533811,"N-{4-[(3,6-Dichloro-1,2,4-triazin-5-yl)sulfanyl]phenyl}acetamide",313.979584,"C11H8Cl2N4OS","CC(=O)Nc1ccc(cc1)Sc2c(nnc(n2)Cl)Cl","InChI=1S/C11H8Cl2N4OS/c1-6(18)14-7-2-4-8(5-3-7)19-10-9(12)16-17-11(13)15-10/h2-5H,1H3,(H,14,18)","PLTCIXZVKHKJNZ-UHFFFAOYSA-N"
36589776,"Methyl 2-bromo-3-[(3-oxo-2,3-dihydro-1-benzofuran-6-yl)oxy]propanoate",313.978973,"C12H11BrO5","COC(=O)C(COc1ccc2c(c1)OCC2=O)Br","InChI=1S/C12H11BrO5/c1-16-12(15)9(13)5-17-7-2-3-8-10(14)6-18-11(8)4-7/h2-4,9H,5-6H2,1H3","BRSSSZOJZMIELO-UHFFFAOYSA-N"
36656695,"2-[Bromo(3-ethyl-2-thienyl)methyl]-3,5-dimethylthiophene",313.979858,"C13H15BrS2","CCc1ccsc1C(c2c(cc(s2)C)C)Br","InChI=1S/C13H15BrS2/c1-4-10-5-6-15-13(10)11(14)12-8(2)7-9(3)16-12/h5-7,11H,4H2,1-3H3","JQOUDAFRXNDKSR-UHFFFAOYSA-N"
36656794,"2-[Bromo(5-ethyl-2-thienyl)methyl]-3,5-dimethylthiophene",313.979858,"C13H15BrS2","CCc1ccc(s1)C(c2c(cc(s2)C)C)Br","InChI=1S/C13H15BrS2/c1-4-10-5-6-11(16-10)12(14)13-8(2)7-9(3)15-13/h5-7,12H,4H2,1-3H3","OLPMCPRZAWVIQD-UHFFFAOYSA-N"
36656805,"5-[Bromo(3,5-dimethyl-2-thienyl)methyl]-2,3-dimethylthiophene",313.979858,"C13H15BrS2","Cc1cc(sc1C(c2cc(c(s2)C)C)Br)C","InChI=1S/C13H15BrS2/c1-7-6-11(16-10(7)4)12(14)13-8(2)5-9(3)15-13/h5-6,12H,1-4H3","GXLORWWGLDPBBE-UHFFFAOYSA-N"
36899628,"5,6-Dichloro-1-[(3-methyl-1,2,4-oxadiazol-5-yl)methyl]-1H-benzimidazole-2-thiol",313.979584,"C11H8Cl2N4OS","Cc1nc(on1)Cn2c3cc(c(cc3nc2S)Cl)Cl","InChI=1S/C11H8Cl2N4OS/c1-5-14-10(18-16-5)4-17-9-3-7(13)6(12)2-8(9)15-11(17)19/h2-3H,4H2,1H3,(H,15,19)","XTTMVRBEVPNXKD-UHFFFAOYSA-N"
37046986,"2-[Bromo(2-thienyl)methyl]-5-(2-methyl-2-propanyl)thiophene",313.979858,"C13H15BrS2","CC(C)(C)c1ccc(s1)C(c2cccs2)Br","InChI=1S/C13H15BrS2/c1-13(2,3)11-7-6-10(16-11)12(14)9-5-4-8-15-9/h4-8,12H,1-3H3","MNOUHHWEARODFM-UHFFFAOYSA-N"
37047042,"2-[Bromo(3-thienyl)methyl]-5-(2-methyl-2-propanyl)thiophene",313.979858,"C13H15BrS2","CC(C)(C)c1ccc(s1)C(c2ccsc2)Br","InChI=1S/C13H15BrS2/c1-13(2,3)11-5-4-10(16-11)12(14)9-6-7-15-8-9/h4-8,12H,1-3H3","CXCMVYQJDFZGQB-UHFFFAOYSA-N"
37128944,"2-[5-(2-Bromo-3-fluorophenyl)-1H-tetrazol-1-yl]propanoic acid",313.981445,"C10H8BrFN4O2","CC(C(=O)O)n1c(nnn1)c2cccc(c2Br)F","InChI=1S/C10H8BrFN4O2/c1-5(10(17)18)16-9(13-14-15-16)6-3-2-4-7(12)8(6)11/h2-5H,1H3,(H,17,18)","AOFWWKXOIHTUIQ-UHFFFAOYSA-N"
37178502,"4-(2-Bromoethyl)-1-(5-fluoro-2-nitrophenyl)-1H-1,2,3-triazole",313.981445,"C10H8BrFN4O2","c1cc(c(cc1F)n2cc(nn2)CCBr)[N+](=O)[O-]","InChI=1S/C10H8BrFN4O2/c11-4-3-8-6-15(14-13-8)10-5-7(12)1-2-9(10)16(17)18/h1-2,5-6H,3-4H2","WUEFTPPQTNIOMX-UHFFFAOYSA-N"
37201548,"(2E)-3-[2-Bromo-5-(1-carboxyethoxy)phenyl]acrylic acid",313.978973,"C12H11BrO5","CC(C(=O)O)Oc1ccc(c(c1)/C=C/C(=O)O)Br","InChI=1S/C12H11BrO5/c1-7(12(16)17)18-9-3-4-10(13)8(6-9)2-5-11(14)15/h2-7H,1H3,(H,14,15)(H,16,17)/b5-2+","FNQCDERRFRMNNM-GORDUTHDSA-N"
37257481,"4-(2-Bromoethyl)-1-(2-fluoro-6-nitrophenyl)-1H-1,2,3-triazole",313.981445,"C10H8BrFN4O2","c1cc(c(c(c1)F)n2cc(nn2)CCBr)[N+](=O)[O-]","InChI=1S/C10H8BrFN4O2/c11-5-4-7-6-15(14-13-7)10-8(12)2-1-3-9(10)16(17)18/h1-3,6H,4-5H2","LNZNFMKKFORDBP-UHFFFAOYSA-N"
37266896,"4-(3-Bromo-5-fluorophenoxy)-6-methoxy-1,3,5-triazin-2-amine",313.981445,"C10H8BrFN4O2","COc1nc(nc(n1)Oc2cc(cc(c2)Br)F)N","InChI=1S/C10H8BrFN4O2/c1-17-9-14-8(13)15-10(16-9)18-7-3-5(11)2-6(12)4-7/h2-4H,1H3,(H2,13,14,15,16)","IUXAPQMTEJDCKV-UHFFFAOYSA-N"
37385234,"4-(1-Bromoethyl)-1-(4-fluoro-3-nitrophenyl)-1H-1,2,3-triazole",313.981445,"C10H8BrFN4O2","CC(c1cn(nn1)c2ccc(c(c2)[N+](=O)[O-])F)Br","InChI=1S/C10H8BrFN4O2/c1-6(11)9-5-15(14-13-9)7-2-3-8(12)10(4-7)16(17)18/h2-6H,1H3","SIEMMNIRXWDEPZ-UHFFFAOYSA-N"
38019054,"N-{4-[(4,6-Dichloro-1,3,5-triazin-2-yl)sulfanyl]phenyl}acetamide",313.979584,"C11H8Cl2N4OS","CC(=O)Nc1ccc(cc1)Sc2nc(nc(n2)Cl)Cl","InChI=1S/C11H8Cl2N4OS/c1-6(18)14-7-2-4-8(5-3-7)19-11-16-9(12)15-10(13)17-11/h2-5H,1H3,(H,14,18)","VAYVGMYRJPPADJ-UHFFFAOYSA-N"
38116719,"6-[(5-Bromo-2-fluorobenzyl)amino]-1,2,4-triazine-3,5(2H,4H)-dione",313.981445,"C10H8BrFN4O2","c1cc(c(cc1Br)CNc2c(=O)[nH]c(=O)[nH]n2)F","InChI=1S/C10H8BrFN4O2/c11-6-1-2-7(12)5(3-6)4-13-8-9(17)14-10(18)16-15-8/h1-3H,4H2,(H,13,15)(H2,14,16,17,18)","CEYMLCOFLPNJNB-UHFFFAOYSA-N"
38350891,"N-[5-(3-Amino-1-propyn-1-yl)-1,3-thiazol-2-yl]-4,5-dichloro-1H-pyrrole-2-carboxamide",313.979584,"C11H8Cl2N4OS","c1c(c([nH]c1C(=O)Nc2ncc(s2)C#CCN)Cl)Cl","InChI=1S/C11H8Cl2N4OS/c12-7-4-8(16-9(7)13)10(18)17-11-15-5-6(19-11)2-1-3-14/h4-5,16H,3,14H2,(H,15,17,18)","AWILCEHEVKVFFQ-UHFFFAOYSA-N"
38524497,"(2E)-3-[3-Bromo-2-(2-methoxy-2-oxoethoxy)phenyl]acrylic acid",313.978973,"C12H11BrO5","COC(=O)COc1c(cccc1Br)/C=C/C(=O)O","InChI=1S/C12H11BrO5/c1-17-11(16)7-18-12-8(5-6-10(14)15)3-2-4-9(12)13/h2-6H,7H2,1H3,(H,14,15)/b6-5+","DBAMUCZRSKNQHA-AATRIKPKSA-N"
38740399,"Methyl N-[(2-chloro-4-methyl-1,3-thiazol-5-yl)sulfonyl]serinate",313.979797,"C8H11ClN2O5S2","Cc1c(sc(n1)Cl)S(=O)(=O)NC(CO)C(=O)OC","InChI=1S/C8H11ClN2O5S2/c1-4-7(17-8(9)10-4)18(14,15)11-5(3-12)6(13)16-2/h5,11-12H,3H2,1-2H3","QDBZBUBZSZUIJC-UHFFFAOYSA-N"
38804065,"(2E)-3-[5-Bromo-2-(1-carboxyethoxy)phenyl]acrylic acid",313.978973,"C12H11BrO5","CC(C(=O)O)Oc1ccc(cc1/C=C/C(=O)O)Br","InChI=1S/C12H11BrO5/c1-7(12(16)17)18-10-4-3-9(13)6-8(10)2-5-11(14)15/h2-7H,1H3,(H,14,15)(H,16,17)/b5-2+","DXVNIJFHGLQJGO-GORDUTHDSA-N"
38804093,"(2E)-3-[3-Bromo-2-(1-carboxyethoxy)phenyl]acrylic acid",313.978973,"C12H11BrO5","CC(C(=O)O)Oc1c(cccc1Br)/C=C/C(=O)O","InChI=1S/C12H11BrO5/c1-7(12(16)17)18-11-8(5-6-10(14)15)3-2-4-9(11)13/h2-7H,1H3,(H,14,15)(H,16,17)/b6-5+","CATVNDNNPKXBLF-AATRIKPKSA-N"
38812471,"1-(5-Bromo-2-fluorobenzyl)-4-nitro-1H-pyrazol-5-amine",313.981445,"C10H8BrFN4O2","c1cc(c(cc1Br)Cn2c(c(cn2)[N+](=O)[O-])N)F","InChI=1S/C10H8BrFN4O2/c11-7-1-2-8(12)6(3-7)5-15-10(13)9(4-14-15)16(17)18/h1-4H,5,13H2","CNABLOGMRABXRW-UHFFFAOYSA-N"
38815239,"1-(3-Bromo-4-fluorobenzyl)-4-nitro-1H-pyrazol-5-amine",313.981445,"C10H8BrFN4O2","c1cc(c(cc1Cn2c(c(cn2)[N+](=O)[O-])N)Br)F","InChI=1S/C10H8BrFN4O2/c11-7-3-6(1-2-8(7)12)5-15-10(13)9(4-14-15)16(17)18/h1-4H,5,13H2","WOQXKYZIAYJGGP-UHFFFAOYSA-N"
38815337,"1-(4-Bromo-2-fluorobenzyl)-4-nitro-1H-pyrazol-5-amine",313.981445,"C10H8BrFN4O2","c1cc(c(cc1Br)F)Cn2c(c(cn2)[N+](=O)[O-])N","InChI=1S/C10H8BrFN4O2/c11-7-2-1-6(8(12)3-7)5-15-10(13)9(4-14-15)16(17)18/h1-4H,5,13H2","QZIVVNANGWYNJW-UHFFFAOYSA-N"
39128771,"Methyl 4-(7-bromo-1,3-benzodioxol-5-yl)-4-oxobutanoate",313.978973,"C12H11BrO5","COC(=O)CCC(=O)c1cc2c(c(c1)Br)OCO2","InChI=1S/C12H11BrO5/c1-16-11(15)3-2-9(14)7-4-8(13)12-10(5-7)17-6-18-12/h4-5H,2-3,6H2,1H3","KVJPKTURGQSFEG-UHFFFAOYSA-N"
39128792,"4-(8-Bromo-2,3-dihydro-1,4-benzodioxin-6-yl)-4-oxobutanoic acid",313.978973,"C12H11BrO5","c1c(cc(c2c1OCCO2)Br)C(=O)CCC(=O)O","InChI=1S/C12H11BrO5/c13-8-5-7(9(14)1-2-11(15)16)6-10-12(8)18-4-3-17-10/h5-6H,1-4H2,(H,15,16)","NXDFSLLHBUPAFX-UHFFFAOYSA-N"
39129179,"4-(7-Bromo-1,3-benzodioxol-5-yl)-3-methyl-4-oxobutanoic acid",313.978973,"C12H11BrO5","CC(CC(=O)O)C(=O)c1cc2c(c(c1)Br)OCO2","InChI=1S/C12H11BrO5/c1-6(2-10(14)15)11(16)7-3-8(13)12-9(4-7)17-5-18-12/h3-4,6H,2,5H2,1H3,(H,14,15)","JXTPGXNGOTTZHX-UHFFFAOYSA-N"
39129235,"4-(7-Bromo-1,3-benzodioxol-5-yl)-2-methyl-4-oxobutanoic acid",313.978973,"C12H11BrO5","CC(CC(=O)c1cc2c(c(c1)Br)OCO2)C(=O)O","InChI=1S/C12H11BrO5/c1-6(12(15)16)2-9(14)7-3-8(13)11-10(4-7)17-5-18-11/h3-4,6H,2,5H2,1H3,(H,15,16)","WKGUGOPTVNODOS-UHFFFAOYSA-N"
40023000,"3-[(2,5-Dichlorophenyl)sulfanyl]-N'-hydroxy-2-pyrazinecarboximidamide",313.979584,"C11H8Cl2N4OS","c1cc(c(cc1Cl)Sc2c(nccn2)/C(=N\O)/N)Cl","InChI=1S/C11H8Cl2N4OS/c12-6-1-2-7(13)8(5-6)19-11-9(10(14)17-18)15-3-4-16-11/h1-5,18H,(H2,14,17)","CQISAMXZAWZUQE-UHFFFAOYSA-N"
40030372,"4-Amino-N-(2-bromo-5-fluorobenzyl)-1,2,5-oxadiazole-3-carboxamide",313.981445,"C10H8BrFN4O2","c1cc(c(cc1F)CNC(=O)c2c(non2)N)Br","InChI=1S/C10H8BrFN4O2/c11-7-2-1-6(12)3-5(7)4-14-10(17)8-9(13)16-18-15-8/h1-3H,4H2,(H2,13,16)(H,14,17)","GBDWKTVLSVLJDD-UHFFFAOYSA-N"
40153363,"(2E)-3-[3-Bromo-4-(1-carboxyethoxy)phenyl]acrylic acid",313.978973,"C12H11BrO5","CC(C(=O)O)Oc1ccc(cc1Br)/C=C/C(=O)O","InChI=1S/C12H11BrO5/c1-7(12(16)17)18-10-4-2-8(6-9(10)13)3-5-11(14)15/h2-7H,1H3,(H,14,15)(H,16,17)/b5-3+","BUXNCMVVDWJZHW-HWKANZROSA-N"
40153449,"(2E)-3-[3-Bromo-4-(2-methoxy-2-oxoethoxy)phenyl]acrylic acid",313.978973,"C12H11BrO5","COC(=O)COc1ccc(cc1Br)/C=C/C(=O)O","InChI=1S/C12H11BrO5/c1-17-12(16)7-18-10-4-2-8(6-9(10)13)3-5-11(14)15/h2-6H,7H2,1H3,(H,14,15)/b5-3+","XKYKGDPJPOLBJZ-HWKANZROSA-N"
40343743,"2-Sulfanyl-3-(2,3,5-trifluorophenyl)thieno[3,2-d]pyrimidin-4(3H)-one",313.979523,"C12H5F3N2OS2","c1csc2c1nc(n(c2=O)c3cc(cc(c3F)F)F)S","InChI=1S/C12H5F3N2OS2/c13-5-3-6(14)9(15)8(4-5)17-11(18)10-7(1-2-20-10)16-12(17)19/h1-4H,(H,16,19)","PDVLEODMXXEFFJ-UHFFFAOYSA-N"
40343744,"2-Sulfanyl-3-(2,3,5-trifluorophenyl)thieno[2,3-d]pyrimidin-4(3H)-one",313.979523,"C12H5F3N2OS2","c1csc2c1c(=O)n(c(n2)S)c3cc(cc(c3F)F)F","InChI=1S/C12H5F3N2OS2/c13-5-3-7(14)9(15)8(4-5)17-11(18)6-1-2-20-10(6)16-12(17)19/h1-4H,(H,16,19)","AITFPHIAEAXWMH-UHFFFAOYSA-N"
40343746,"2-Sulfanyl-3-(3,4,5-trifluorophenyl)thieno[3,2-d]pyrimidin-4(3H)-one",313.979523,"C12H5F3N2OS2","c1csc2c1nc(n(c2=O)c3cc(c(c(c3)F)F)F)S","InChI=1S/C12H5F3N2OS2/c13-6-3-5(4-7(14)9(6)15)17-11(18)10-8(1-2-20-10)16-12(17)19/h1-4H,(H,16,19)","ORDWLGKXGWMIQK-UHFFFAOYSA-N"
40343747,"2-Sulfanyl-3-(3,4,5-trifluorophenyl)thieno[2,3-d]pyrimidin-4(3H)-one",313.979523,"C12H5F3N2OS2","c1csc2c1c(=O)n(c(n2)S)c3cc(c(c(c3)F)F)F","InChI=1S/C12H5F3N2OS2/c13-7-3-5(4-8(14)9(7)15)17-11(18)6-1-2-20-10(6)16-12(17)19/h1-4H,(H,16,19)","RZVNYRNSORSYPQ-UHFFFAOYSA-N"
40344539,"2-Sulfanyl-3-(2,4,5-trifluorophenyl)thieno[3,2-d]pyrimidin-4(3H)-one",313.979523,"C12H5F3N2OS2","c1csc2c1nc(n(c2=O)c3cc(c(cc3F)F)F)S","InChI=1S/C12H5F3N2OS2/c13-5-3-7(15)9(4-6(5)14)17-11(18)10-8(1-2-20-10)16-12(17)19/h1-4H,(H,16,19)","UUGLLERMKYCYDO-UHFFFAOYSA-N"
40344540,"2-Sulfanyl-3-(2,4,5-trifluorophenyl)thieno[2,3-d]pyrimidin-4(3H)-one",313.979523,"C12H5F3N2OS2","c1csc2c1c(=O)n(c(n2)S)c3cc(c(cc3F)F)F","InChI=1S/C12H5F3N2OS2/c13-6-3-8(15)9(4-7(6)14)17-11(18)5-1-2-20-10(5)16-12(17)19/h1-4H,(H,16,19)","OEKFMBLDQKSTDB-UHFFFAOYSA-N"
40572220,"1-[5-(2-Iodophenyl)-2-furyl]ethanol",313.980377,"C12H11IO2","CC(c1ccc(o1)c2ccccc2I)O","InChI=1S/C12H11IO2/c1-8(14)11-6-7-12(15-11)9-4-2-3-5-10(9)13/h2-8,14H,1H3","SYGJYYLTAZMXQV-UHFFFAOYSA-N"
40572223,"1-[5-(4-Iodophenyl)-2-furyl]ethanol",313.980377,"C12H11IO2","CC(c1ccc(o1)c2ccc(cc2)I)O","InChI=1S/C12H11IO2/c1-8(14)11-6-7-12(15-11)9-2-4-10(13)5-3-9/h2-8,14H,1H3","JVIXIRXWXJDKDF-UHFFFAOYSA-N"
40572224,"1-[5-(3-Iodophenyl)-2-furyl]ethanol",313.980377,"C12H11IO2","CC(c1ccc(o1)c2cccc(c2)I)O","InChI=1S/C12H11IO2/c1-8(14)11-5-6-12(15-11)9-3-2-4-10(13)7-9/h2-8,14H,1H3","OANKJFWQGBSHBH-UHFFFAOYSA-N"
40632637,"4-(2-Bromoethyl)-1-(2-fluoro-5-nitrophenyl)-1H-1,2,3-triazole",313.981445,"C10H8BrFN4O2","c1cc(c(cc1[N+](=O)[O-])n2cc(nn2)CCBr)F","InChI=1S/C10H8BrFN4O2/c11-4-3-7-6-15(14-13-7)10-5-8(16(17)18)1-2-9(10)12/h1-2,5-6H,3-4H2","ZVZZMPJEMAXDHX-UHFFFAOYSA-N"
40632640,"4-(2-Bromoethyl)-1-(4-fluoro-2-nitrophenyl)-1H-1,2,3-triazole",313.981445,"C10H8BrFN4O2","c1cc(c(cc1F)[N+](=O)[O-])n2cc(nn2)CCBr","InChI=1S/C10H8BrFN4O2/c11-4-3-8-6-15(14-13-8)9-2-1-7(12)5-10(9)16(17)18/h1-2,5-6H,3-4H2","PYVYLJYBJTXKRA-UHFFFAOYSA-N"
40632643,"4-(2-Bromoethyl)-1-(4-fluoro-3-nitrophenyl)-1H-1,2,3-triazole",313.981445,"C10H8BrFN4O2","c1cc(c(cc1n2cc(nn2)CCBr)[N+](=O)[O-])F","InChI=1S/C10H8BrFN4O2/c11-4-3-7-6-15(14-13-7)8-1-2-9(12)10(5-8)16(17)18/h1-2,5-6H,3-4H2","HVKBSHRMMSLIKL-UHFFFAOYSA-N"
40632756,"4-(2-Bromoethyl)-1-(2-fluoro-4-nitrophenyl)-1H-1,2,3-triazole",313.981445,"C10H8BrFN4O2","c1cc(c(cc1[N+](=O)[O-])F)n2cc(nn2)CCBr","InChI=1S/C10H8BrFN4O2/c11-4-3-7-6-15(14-13-7)10-2-1-8(16(17)18)5-9(10)12/h1-2,5-6H,3-4H2","MXOPGPKHQWSNEJ-UHFFFAOYSA-N"
40638761,"4-(Bromomethyl)-1-(5-fluoro-2-nitrobenzyl)-1H-1,2,3-triazole",313.981445,"C10H8BrFN4O2","c1cc(c(cc1F)Cn2cc(nn2)CBr)[N+](=O)[O-]","InChI=1S/C10H8BrFN4O2/c11-4-9-6-15(14-13-9)5-7-3-8(12)1-2-10(7)16(17)18/h1-3,6H,4-5H2","LAIKCJDNFSWTDP-UHFFFAOYSA-N"
40908199,"5-Chloro-N-isobutoxy-4-nitro-2-thiophenesulfonamide",313.979797,"C8H11ClN2O5S2","CC(C)CONS(=O)(=O)c1cc(c(s1)Cl)[N+](=O)[O-]","InChI=1S/C8H11ClN2O5S2/c1-5(2)4-16-10-18(14,15)7-3-6(11(12)13)8(9)17-7/h3,5,10H,4H2,1-2H3","CLUMJWUSOUTERP-UHFFFAOYSA-N"
40922176,"5-Chloro-N-[(2-methyl-2-propanyl)oxy]-4-nitro-2-thiophenesulfonamide",313.979797,"C8H11ClN2O5S2","CC(C)(C)ONS(=O)(=O)c1cc(c(s1)Cl)[N+](=O)[O-]","InChI=1S/C8H11ClN2O5S2/c1-8(2,3)16-10-18(14,15)6-4-5(11(12)13)7(9)17-6/h4,10H,1-3H3","GENHMTRAFVPZMW-UHFFFAOYSA-N"
41192561,"3-(Bromomethyl)-5-(5-fluoro-2-nitrophenyl)-4-methyl-4H-1,2,4-triazole",313.981445,"C10H8BrFN4O2","Cn1c(nnc1c2cc(ccc2[N+](=O)[O-])F)CBr","InChI=1S/C10H8BrFN4O2/c1-15-9(5-11)13-14-10(15)7-4-6(12)2-3-8(7)16(17)18/h2-4H,5H2,1H3","KVUKDNWWETTZSP-UHFFFAOYSA-N"
41387760,"2-amino-N-(2,4-dichloro-8$l^{4}-thia-7,9-diazabicyclo[4.3.0]nona-1(6),2,4,7,8-pentaen-5-yl)pent-4-ynamide",313.979584,"C11H8Cl2N4OS","C#CCC(C(=O)Nc1c(cc(c2c1N=S=N2)Cl)Cl)N","InChI=1S/C11H8Cl2N4OS/c1-2-3-7(14)11(18)15-8-5(12)4-6(13)9-10(8)17-19-16-9/h1,4,7H,3,14H2,(H,15,18)","VIHJKEBSBDXCRP-UHFFFAOYSA-N"
41476851,"2-[(3-Iodophenoxy)methyl]-5-methylfuran",313.980377,"C12H11IO2","Cc1ccc(o1)COc2cccc(c2)I","InChI=1S/C12H11IO2/c1-9-5-6-12(15-9)8-14-11-4-2-3-10(13)7-11/h2-7H,8H2,1H3","PVZJDVNEWKDERI-UHFFFAOYSA-N"
41476888,"2-[(4-Iodophenoxy)methyl]-5-methylfuran",313.980377,"C12H11IO2","Cc1ccc(o1)COc2ccc(cc2)I","InChI=1S/C12H11IO2/c1-9-2-5-12(15-9)8-14-11-6-3-10(13)4-7-11/h2-7H,8H2,1H3","WPYGSACQSHFSBR-UHFFFAOYSA-N"
41478616,"2-Sulfanyl-3-(2,3,4-trifluorophenyl)thieno[3,2-d]pyrimidin-4(3H)-one",313.979523,"C12H5F3N2OS2","c1cc(c(c(c1n2c(=O)c3c(ccs3)nc2S)F)F)F","InChI=1S/C12H5F3N2OS2/c13-5-1-2-7(9(15)8(5)14)17-11(18)10-6(3-4-20-10)16-12(17)19/h1-4H,(H,16,19)","DZNXLYJKSCAXTP-UHFFFAOYSA-N"
41478617,"2-Sulfanyl-3-(2,3,4-trifluorophenyl)thieno[2,3-d]pyrimidin-4(3H)-one",313.979523,"C12H5F3N2OS2","c1cc(c(c(c1n2c(=O)c3ccsc3nc2S)F)F)F","InChI=1S/C12H5F3N2OS2/c13-6-1-2-7(9(15)8(6)14)17-11(18)5-3-4-20-10(5)16-12(17)19/h1-4H,(H,16,19)","JYZFDYOLVUGOQL-UHFFFAOYSA-N"
41546895,"3-Bromo-5-methoxy-4-[(2-oxotetrahydro-3-furanyl)oxy]benzaldehyde",313.978973,"C12H11BrO5","COc1cc(cc(c1OC2CCOC2=O)Br)C=O","InChI=1S/C12H11BrO5/c1-16-10-5-7(6-14)4-8(13)11(10)18-9-2-3-17-12(9)15/h4-6,9H,2-3H2,1H3","CEFSGCAIBMJSIM-UHFFFAOYSA-N"
41711278,"3,4-Dihydro-2H-pyran-5-yl(3-iodophenyl)methanone",313.980377,"C12H11IO2","c1cc(cc(c1)I)C(=O)C2=COCCC2","InChI=1S/C12H11IO2/c13-11-5-1-3-9(7-11)12(14)10-4-2-6-15-8-10/h1,3,5,7-8H,2,4,6H2","MOBSWQLBIVFLIW-UHFFFAOYSA-N"
41711291,"3,4-Dihydro-2H-pyran-5-yl(2-iodophenyl)methanone",313.980377,"C12H11IO2","c1ccc(c(c1)C(=O)C2=COCCC2)I","InChI=1S/C12H11IO2/c13-11-6-2-1-5-10(11)12(14)9-4-3-7-15-8-9/h1-2,5-6,8H,3-4,7H2","VKCUGBDGLATQFY-UHFFFAOYSA-N"
41711316,"3,4-Dihydro-2H-pyran-5-yl(4-iodophenyl)methanone",313.980377,"C12H11IO2","c1cc(ccc1C(=O)C2=COCCC2)I","InChI=1S/C12H11IO2/c13-11-5-3-9(4-6-11)12(14)10-2-1-7-15-8-10/h3-6,8H,1-2,7H2","DZLIRBUOIFUNTP-UHFFFAOYSA-N"
41745453,"2-(2-Furyl)-1-(3-iodophenyl)ethanol",313.980377,"C12H11IO2","c1cc(cc(c1)I)C(Cc2ccco2)O","InChI=1S/C12H11IO2/c13-10-4-1-3-9(7-10)12(14)8-11-5-2-6-15-11/h1-7,12,14H,8H2","YAHZJYJOIXSYBR-UHFFFAOYSA-N"
41745582,"2-(2-Furyl)-1-(2-iodophenyl)ethanol",313.980377,"C12H11IO2","c1ccc(c(c1)C(Cc2ccco2)O)I","InChI=1S/C12H11IO2/c13-11-6-2-1-5-10(11)12(14)8-9-4-3-7-15-9/h1-7,12,14H,8H2","RBJGEMJECNYZQM-UHFFFAOYSA-N"
41745594,"2-(2-Furyl)-1-(4-iodophenyl)ethanol",313.980377,"C12H11IO2","c1cc(oc1)CC(c2ccc(cc2)I)O","InChI=1S/C12H11IO2/c13-10-5-3-9(4-6-10)12(14)8-11-2-1-7-15-11/h1-7,12,14H,8H2","GTJNXBKQVSULLP-UHFFFAOYSA-N"
41745631,"2-(3-Furyl)-1-(3-iodophenyl)ethanol",313.980377,"C12H11IO2","c1cc(cc(c1)I)C(Cc2ccoc2)O","InChI=1S/C12H11IO2/c13-11-3-1-2-10(7-11)12(14)6-9-4-5-15-8-9/h1-5,7-8,12,14H,6H2","BZYHOTJGACGKPS-UHFFFAOYSA-N"
41745756,"2-(3-Furyl)-1-(2-iodophenyl)ethanol",313.980377,"C12H11IO2","c1ccc(c(c1)C(Cc2ccoc2)O)I","InChI=1S/C12H11IO2/c13-11-4-2-1-3-10(11)12(14)7-9-5-6-15-8-9/h1-6,8,12,14H,7H2","ZVPMYTLAXKHRBK-UHFFFAOYSA-N"
41745769,"2-(3-Furyl)-1-(4-iodophenyl)ethanol",313.980377,"C12H11IO2","c1cc(ccc1C(Cc2ccoc2)O)I","InChI=1S/C12H11IO2/c13-11-3-1-10(2-4-11)12(14)7-9-5-6-15-8-9/h1-6,8,12,14H,7H2","MABQVDFHAUELRM-UHFFFAOYSA-N"
42234853,"5-Chloro-N-(2-hydroxybutyl)-4-nitro-2-thiophenesulfonamide",313.979797,"C8H11ClN2O5S2","CCC(CNS(=O)(=O)c1cc(c(s1)Cl)[N+](=O)[O-])O","InChI=1S/C8H11ClN2O5S2/c1-2-5(12)4-10-18(15,16)7-3-6(11(13)14)8(9)17-7/h3,5,10,12H,2,4H2,1H3","MYWFFRWRLGEMFW-UHFFFAOYSA-N"
42615189,"5-Amino-2-bromo-4-fluoro-N-(3-methyl-1,2,4-oxadiazol-5-yl)benzamide",313.981445,"C10H8BrFN4O2","Cc1nc(on1)NC(=O)c2cc(c(cc2Br)F)N","InChI=1S/C10H8BrFN4O2/c1-4-14-10(18-16-4)15-9(17)5-2-8(13)7(12)3-6(5)11/h2-3H,13H2,1H3,(H,14,15,16,17)","IGHZHAUUJKOEHS-UHFFFAOYSA-N"
42617953,"5-Amino-2-bromo-4-fluoro-N-(5-methyl-1,3,4-oxadiazol-2-yl)benzamide",313.981445,"C10H8BrFN4O2","Cc1nnc(o1)NC(=O)c2cc(c(cc2Br)F)N","InChI=1S/C10H8BrFN4O2/c1-4-15-16-10(18-4)14-9(17)5-2-8(13)7(12)3-6(5)11/h2-3H,13H2,1H3,(H,14,16,17)","BZHMKWKFAYKOCO-UHFFFAOYSA-N"
42968390,"2-[5-(2-Bromo-6-fluorophenyl)-1H-tetrazol-1-yl]propanoic acid",313.981445,"C10H8BrFN4O2","CC(C(=O)O)n1c(nnn1)c2c(cccc2Br)F","InChI=1S/C10H8BrFN4O2/c1-5(10(17)18)16-9(13-14-15-16)8-6(11)3-2-4-7(8)12/h2-5H,1H3,(H,17,18)","ZRNIJTWPJKLGHM-UHFFFAOYSA-N"
42968391,"3-[5-(2-Bromo-6-fluorophenyl)-1H-tetrazol-1-yl]propanoic acid",313.981445,"C10H8BrFN4O2","c1cc(c(c(c1)Br)c2nnnn2CCC(=O)O)F","InChI=1S/C10H8BrFN4O2/c11-6-2-1-3-7(12)9(6)10-13-14-15-16(10)5-4-8(17)18/h1-3H,4-5H2,(H,17,18)","NUKVGBDFNSQJGK-UHFFFAOYSA-N"
42981756,"7-Bromo-5-methoxy-3-(methoxymethyl)-1-benzofuran-2-carboxylic acid",313.978973,"C12H11BrO5","COCc1c2cc(cc(c2oc1C(=O)O)Br)OC","InChI=1S/C12H11BrO5/c1-16-5-8-7-3-6(17-2)4-9(13)10(7)18-11(8)12(14)15/h3-4H,5H2,1-2H3,(H,14,15)","YBCATDZMQFJZTO-UHFFFAOYSA-N"
43092408,"1,2,4-Trichloro-5-[(6-chlorohexyl)oxy]benzene",313.979889,"C12H14Cl4O","c1c(c(cc(c1Cl)Cl)Cl)OCCCCCCCl","InChI=1S/C12H14Cl4O/c13-5-3-1-2-4-6-17-12-8-10(15)9(14)7-11(12)16/h7-8H,1-6H2","JXXXGEPMEHIASE-UHFFFAOYSA-N"
43092430,"1,3,5-Trichloro-2-[(6-chlorohexyl)oxy]benzene",313.979889,"C12H14Cl4O","c1c(cc(c(c1Cl)OCCCCCCCl)Cl)Cl","InChI=1S/C12H14Cl4O/c13-5-3-1-2-4-6-17-12-10(15)7-9(14)8-11(12)16/h7-8H,1-6H2","GPLHGVUEMNAYHN-UHFFFAOYSA-N"
43143528,"2-[4-Bromo-5-(3-thienyl)pentyl]thiophene",313.979858,"C13H15BrS2","c1cc(sc1)CCCC(Cc2ccsc2)Br","InChI=1S/C13H15BrS2/c14-12(9-11-6-8-15-10-11)3-1-4-13-5-2-7-16-13/h2,5-8,10,12H,1,3-4,9H2","RNBGGDVYBHUCIB-UHFFFAOYSA-N"
43144093,"2,2'-(2-Bromo-1,5-pentanediyl)dithiophene",313.979858,"C13H15BrS2","c1cc(sc1)CCCC(Cc2cccs2)Br","InChI=1S/C13H15BrS2/c14-11(10-13-7-3-9-16-13)4-1-5-12-6-2-8-15-12/h2-3,6-9,11H,1,4-5,10H2","BXGUJRJIORRSEA-UHFFFAOYSA-N"
43505686,"2,2'-(Bromomethylene)bis(5-ethylthiophene)",313.979858,"C13H15BrS2","CCc1ccc(s1)C(c2ccc(s2)CC)Br","InChI=1S/C13H15BrS2/c1-3-9-5-7-11(15-9)13(14)12-8-6-10(4-2)16-12/h5-8,13H,3-4H2,1-2H3","FKAIXFZRZPDPOJ-UHFFFAOYSA-N"
43513737,"3-[Bromo(5-ethyl-2-thienyl)methyl]-2,5-dimethylthiophene",313.979858,"C13H15BrS2","CCc1ccc(s1)C(c2cc(sc2C)C)Br","InChI=1S/C13H15BrS2/c1-4-10-5-6-12(16-10)13(14)11-7-8(2)15-9(11)3/h5-7,13H,4H2,1-3H3","KQGCXFUVQVTPDZ-UHFFFAOYSA-N"
