"Identifier","CompoundName","MonoisotopicMass","MolecularFormula","SMILES","InChI","InChIKey"
3171,"ethion",383.98761,"C9H22O4P2S4","CCOP(=S)(OCC)SCSP(=S)(OCC)OCC","InChI=1S/C9H22O4P2S4/c1-5-10-14(16,11-6-2)18-9-19-15(17,12-7-3)13-8-4/h5-9H2,1-4H3","RIZMRRKBZQXFOY-UHFFFAOYSA-N"
146328,"3,3'-Disulfanediylbis(5-phenyl-1,2-thiazole)",383.988342,"C18H12N2S4","c1ccc(cc1)c2cc(ns2)SSc3cc(sn3)c4ccccc4","InChI=1S/C18H12N2S4/c1-3-7-13(8-4-1)15-11-17(19-21-15)23-24-18-12-16(22-20-18)14-9-5-2-6-10-14/h1-12H","NVJLHGOWQFPKFH-UHFFFAOYSA-N"
239655,"11-Iodo-14-oxo-13-oxatetracyclo[10.2.1.0~1,9~.0~3,8~]pentadeca-3,5,7-triene-9-carboxylic acid",383.98584,"C15H13IO4","c1ccc2c(c1)CC34C2(CC(C(C3)OC4=O)I)C(=O)O","InChI=1S/C15H13IO4/c16-10-6-15(12(17)18)9-4-2-1-3-8(9)5-14(15)7-11(10)20-13(14)19/h1-4,10-11H,5-7H2,(H,17,18)","JLEHQLHDDIKONB-UHFFFAOYSA-N"
284283,"{[(Nonafluorobutyl)sulfonyl]ethynyl}benzene",383.986664,"C12H5F9O2S","c1ccc(cc1)C#CS(=O)(=O)C(C(C(C(F)(F)F)(F)F)(F)F)(F)F","InChI=1S/C12H5F9O2S/c13-9(14,11(17,18)19)10(15,16)12(20,21)24(22,23)7-6-8-4-2-1-3-5-8/h1-5H","GMVZRHHLZNLVLE-UHFFFAOYSA-N"
339871,"Methyl 1-(2,4-dichloroanilino)-2,2,2-trifluoro-1-(trifluoromethyl)ethylcarbamate",383.986694,"C11H8Cl2F6N2O2","COC(=O)NC(C(F)(F)F)(C(F)(F)F)Nc1ccc(cc1Cl)Cl","InChI=1S/C11H8Cl2F6N2O2/c1-23-8(22)21-9(10(14,15)16,11(17,18)19)20-7-3-2-5(12)4-6(7)13/h2-4,20H,1H3,(H,21,22)","PCPBBUYIFYYHHP-UHFFFAOYSA-N"
876302,"4-Methoxyphenyl 3-iodo-4-methoxybenzoate",383.98584,"C15H13IO4","COc1ccc(cc1)OC(=O)c2ccc(c(c2)I)OC","InChI=1S/C15H13IO4/c1-18-11-4-6-12(7-5-11)20-15(17)10-3-8-14(19-2)13(16)9-10/h3-9H,1-2H3","SRVRDQYHFRRGDF-UHFFFAOYSA-N"
878600,"5-Bromo-N-[3-chloro-2-(4-morpholinyl)phenyl]-2-furamide",383.98761,"C15H14BrClN2O3","c1cc(c(c(c1)Cl)N2CCOCC2)NC(=O)c3ccc(o3)Br","InChI=1S/C15H14BrClN2O3/c16-13-5-4-12(22-13)15(20)18-11-3-1-2-10(17)14(11)19-6-8-21-9-7-19/h1-5H,6-9H2,(H,18,20)","BWIZAYDZYSWFAD-UHFFFAOYSA-N"
878601,"5-Bromo-N-[5-chloro-2-(4-morpholinyl)phenyl]-2-furamide",383.98761,"C15H14BrClN2O3","c1cc(c(cc1Cl)NC(=O)c2ccc(o2)Br)N3CCOCC3","InChI=1S/C15H14BrClN2O3/c16-14-4-3-13(22-14)15(20)18-11-9-10(17)1-2-12(11)19-5-7-21-8-6-19/h1-4,9H,5-8H2,(H,18,20)","CULYXNUHBBNSRN-UHFFFAOYSA-N"
927364,"Ethyl (5-{[(4-bromophenyl)carbamoyl]amino}-1,3,4-thiadiazol-2-yl)acetate",383.989166,"C13H13BrN4O3S","CCOC(=O)Cc1nnc(s1)NC(=O)Nc2ccc(cc2)Br","InChI=1S/C13H13BrN4O3S/c1-2-21-11(19)7-10-17-18-13(22-10)16-12(20)15-9-5-3-8(14)4-6-9/h3-6H,2,7H2,1H3,(H2,15,16,18,20)","GCBWOLXFLMWDNZ-UHFFFAOYSA-N"
938863,"2-(4-Bromo-5-methyl-3-nitro-1H-pyrazol-1-yl)-N-[2-(methylsulfanyl)phenyl]acetamide",383.989166,"C13H13BrN4O3S","Cc1c(c(nn1CC(=O)Nc2ccccc2SC)[N+](=O)[O-])Br","InChI=1S/C13H13BrN4O3S/c1-8-12(14)13(18(20)21)16-17(8)7-11(19)15-9-5-3-4-6-10(9)22-2/h3-6H,7H2,1-2H3,(H,15,19)","WJMCQENDZDGXTG-UHFFFAOYSA-N"
948895,"5-Bromo-N-[3-chloro-4-(4-morpholinyl)phenyl]-2-furamide",383.98761,"C15H14BrClN2O3","c1cc(c(cc1NC(=O)c2ccc(o2)Br)Cl)N3CCOCC3","InChI=1S/C15H14BrClN2O3/c16-14-4-3-13(22-14)15(20)18-10-1-2-12(11(17)9-10)19-5-7-21-8-6-19/h1-4,9H,5-8H2,(H,18,20)","ZFPYQAQZVFOUNI-UHFFFAOYSA-N"
978921,"N'-[(5-Bromo-2-furyl)methylene]-2-(4-chloro-3,5-dimethylphenoxy)acetohydrazide",383.98761,"C15H14BrClN2O3","Cc1cc(cc(c1Cl)C)OCC(=O)NN=Cc2ccc(o2)Br","InChI=1S/C15H14BrClN2O3/c1-9-5-12(6-10(2)15(9)17)21-8-14(20)19-18-7-11-3-4-13(16)22-11/h3-7H,8H2,1-2H3,(H,19,20)","MZCIAPKQVZJIET-UHFFFAOYSA-N"
1026249,"4-Iodophenyl 3,4-dimethoxybenzoate",383.98584,"C15H13IO4","COc1ccc(cc1OC)C(=O)Oc2ccc(cc2)I","InChI=1S/C15H13IO4/c1-18-13-8-3-10(9-14(13)19-2)15(17)20-12-6-4-11(16)5-7-12/h3-9H,1-2H3","JCVMMWQBEFZVBQ-UHFFFAOYSA-N"
1078885,"5-Bromo-N-[5-(butyrylamino)-2-chlorophenyl]-2-furamide",383.98761,"C15H14BrClN2O3","CCCC(=O)Nc1ccc(c(c1)NC(=O)c2ccc(o2)Br)Cl","InChI=1S/C15H14BrClN2O3/c1-2-3-14(20)18-9-4-5-10(17)11(8-9)19-15(21)12-6-7-13(16)22-12/h4-8H,2-3H2,1H3,(H,18,20)(H,19,21)","IPIQQTWBUMLHSQ-UHFFFAOYSA-N"
1085115,"N-[2-Oxo-2-(1-pyrrolidinyl)ethyl]-N-(2,4,5-trichlorophenyl)methanesulfonamide",383.986908,"C13H15Cl3N2O3S","CS(=O)(=O)N(CC(=O)N1CCCC1)c2cc(c(cc2Cl)Cl)Cl","InChI=1S/C13H15Cl3N2O3S/c1-22(20,21)18(8-13(19)17-4-2-3-5-17)12-7-10(15)9(14)6-11(12)16/h6-7H,2-5,8H2,1H3","HLGLIHRIOICWGH-UHFFFAOYSA-N"
1102532,"1-(Methylsulfonyl)-N-(2,4,5-trichlorophenyl)-4-piperidinecarboxamide",383.986908,"C13H15Cl3N2O3S","CS(=O)(=O)N1CCC(CC1)C(=O)Nc2cc(c(cc2Cl)Cl)Cl","InChI=1S/C13H15Cl3N2O3S/c1-22(20,21)18-4-2-8(3-5-18)13(19)17-12-7-10(15)9(14)6-11(12)16/h6-8H,2-5H2,1H3,(H,17,19)","CFBQOZMGMOSHKC-UHFFFAOYSA-N"
1167777,"1-(2-Hydroxy-4-methoxyphenyl)-2-(4-iodophenoxy)ethanone",383.98584,"C15H13IO4","COc1ccc(c(c1)O)C(=O)COc2ccc(cc2)I","InChI=1S/C15H13IO4/c1-19-12-6-7-13(14(17)8-12)15(18)9-20-11-4-2-10(16)3-5-11/h2-8,17H,9H2,1H3","QQCJCWWASMZZGG-UHFFFAOYSA-N"
1179787,"1-(2,4-Dihydroxy-3-methylphenyl)-2-(4-iodophenoxy)ethanone",383.98584,"C15H13IO4","Cc1c(ccc(c1O)C(=O)COc2ccc(cc2)I)O","InChI=1S/C15H13IO4/c1-9-13(17)7-6-12(15(9)19)14(18)8-20-11-4-2-10(16)3-5-11/h2-7,17,19H,8H2,1H3","BSTPBTDHJDPAJX-UHFFFAOYSA-N"
1307105,"{[(1S)-1-(7-Chloro-1,3-benzodioxol-5-yl)-3-oxo-3-(2-thienyl)propyl]sulfanyl}acetic acid",383.989288,"C16H13ClO5S2","c1cc(sc1)C(=O)C[C@@H](c2cc3c(c(c2)Cl)OCO3)SCC(=O)O","InChI=1S/C16H13ClO5S2/c17-10-4-9(5-12-16(10)22-8-21-12)14(24-7-15(19)20)6-11(18)13-2-1-3-23-13/h1-5,14H,6-8H2,(H,19,20)/t14-/m0/s1","VBXCCSAXQXDXJN-AWEZNQCLSA-N"
1307107,"{[(1R)-1-(7-Chloro-1,3-benzodioxol-5-yl)-3-oxo-3-(2-thienyl)propyl]sulfanyl}acetic acid",383.989288,"C16H13ClO5S2","c1cc(sc1)C(=O)C[C@H](c2cc3c(c(c2)Cl)OCO3)SCC(=O)O","InChI=1S/C16H13ClO5S2/c17-10-4-9(5-12-16(10)22-8-21-12)14(24-7-15(19)20)6-11(18)13-2-1-3-23-13/h1-5,14H,6-8H2,(H,19,20)/t14-/m1/s1","VBXCCSAXQXDXJN-CQSZACIVSA-N"
1406764,"2-Fluorophenyl 6-deoxy-6-iodo-beta-L-galactopyranoside",383.987,"C12H14FIO5","c1ccc(c(c1)O[C@@H]2[C@H]([C@@H]([C@@H]([C@@H](O2)CI)O)O)O)F","InChI=1S/C12H14FIO5/c13-6-3-1-2-4-7(6)18-12-11(17)10(16)9(15)8(5-14)19-12/h1-4,8-12,15-17H,5H2/t8-,9+,10+,11-,12-/m0/s1","DOVMHDGVJXZRFX-KNZXXDILSA-N"
1440376,"N-[(5R)-5-(2-Amino-2-oxoethyl)-3-methyl-4-oxo-2-thioxo-1-imidazolidinyl]-4-bromobenzamide",383.989166,"C13H13BrN4O3S","CN1C(=O)[C@H](N(C1=S)NC(=O)c2ccc(cc2)Br)CC(=O)N","InChI=1S/C13H13BrN4O3S/c1-17-12(21)9(6-10(15)19)18(13(17)22)16-11(20)7-2-4-8(14)5-3-7/h2-5,9H,6H2,1H3,(H2,15,19)(H,16,20)/t9-/m1/s1","MDPJTXXKCZEWOL-SECBINFHSA-N"
1440377,"N-[(5S)-5-(2-Amino-2-oxoethyl)-3-methyl-4-oxo-2-thioxo-1-imidazolidinyl]-4-bromobenzamide",383.989166,"C13H13BrN4O3S","CN1C(=O)[C@@H](N(C1=S)NC(=O)c2ccc(cc2)Br)CC(=O)N","InChI=1S/C13H13BrN4O3S/c1-17-12(21)9(6-10(15)19)18(13(17)22)16-11(20)7-2-4-8(14)5-3-7/h2-5,9H,6H2,1H3,(H2,15,19)(H,16,20)/t9-/m0/s1","MDPJTXXKCZEWOL-VIFPVBQESA-N"
1636959,"2-[(6-Amino-4-oxo-1,4-dihydro-2-pyrimidinyl)sulfanyl]-N-(3-bromo-4-methoxyphenyl)acetamide",383.989166,"C13H13BrN4O3S","COc1ccc(cc1Br)NC(=O)CSc2[nH]c(cc(=O)n2)N","InChI=1S/C13H13BrN4O3S/c1-21-9-3-2-7(4-8(9)14)16-12(20)6-22-13-17-10(15)5-11(19)18-13/h2-5H,6H2,1H3,(H,16,20)(H3,15,17,18,19)","ZUYFGHLEBXEFOY-UHFFFAOYSA-N"
2018298,"4-Chloro-5-methyl-3-(undecafluoropentyl)-1H-pyrazole",383.988739,"C9H4ClF11N2","Cc1c(c(n[nH]1)C(C(C(C(C(F)(F)F)(F)F)(F)F)(F)F)(F)F)Cl","InChI=1S/C9H4ClF11N2/c1-2-3(10)4(23-22-2)5(11,12)6(13,14)7(15,16)8(17,18)9(19,20)21/h1H3,(H,22,23)","CNXPUJNLJOFGNG-UHFFFAOYSA-N"
2072375,"N'-[(5-Bromo-2-furyl)methylene]-2-(4-chloro-2-methylphenoxy)propanehydrazide",383.98761,"C15H14BrClN2O3","Cc1cc(ccc1OC(C)C(=O)NN=Cc2ccc(o2)Br)Cl","InChI=1S/C15H14BrClN2O3/c1-9-7-11(17)3-5-13(9)21-10(2)15(20)19-18-8-12-4-6-14(16)22-12/h3-8,10H,1-2H3,(H,19,20)","RSYAWOFWHQVIKL-UHFFFAOYSA-N"
2083844,"4-(2,4-Dichlorophenyl)-5-(1H-pyrrol-1-yl)-2-(2-thienyl)-3-furonitrile",383.989075,"C19H10Cl2N2OS","c1ccn(c1)c2c(c(c(o2)c3cccs3)C#N)c4ccc(cc4Cl)Cl","InChI=1S/C19H10Cl2N2OS/c20-12-5-6-13(15(21)10-12)17-14(11-22)18(16-4-3-9-25-16)24-19(17)23-7-1-2-8-23/h1-10H","DHNYLXGZFUELIC-UHFFFAOYSA-N"
2229124,"1-(4-Bromo-3-chlorophenyl)-3-(2,5-dimethoxyphenyl)urea",383.98761,"C15H14BrClN2O3","COc1ccc(c(c1)NC(=O)Nc2ccc(c(c2)Cl)Br)OC","InChI=1S/C15H14BrClN2O3/c1-21-10-4-6-14(22-2)13(8-10)19-15(20)18-9-3-5-11(16)12(17)7-9/h3-8H,1-2H3,(H2,18,19,20)","PYXIKVMFQOHFAG-UHFFFAOYSA-N"
2256977,"5-Bromo-N-[4-chloro-2-(4-morpholinyl)phenyl]-2-furamide",383.98761,"C15H14BrClN2O3","c1cc(c(cc1Cl)N2CCOCC2)NC(=O)c3ccc(o3)Br","InChI=1S/C15H14BrClN2O3/c16-14-4-3-13(22-14)15(20)18-11-2-1-10(17)9-12(11)19-5-7-21-8-6-19/h1-4,9H,5-8H2,(H,18,20)","LLRLWAMUXBTGFF-UHFFFAOYSA-N"
2382521,"N-(5-Bromo-2-pyridinyl)-2-[(5-ethyl-4,6-dioxo-1,4,5,6-tetrahydro-2-pyrimidinyl)sulfanyl]acetamide",383.989166,"C13H13BrN4O3S","CCC1C(=O)NC(=NC1=O)SCC(=O)Nc2ccc(cn2)Br","InChI=1S/C13H13BrN4O3S/c1-2-8-11(20)17-13(18-12(8)21)22-6-10(19)16-9-4-3-7(14)5-15-9/h3-5,8H,2,6H2,1H3,(H,15,16,19)(H,17,18,20,21)","LUIBQRFTGWDTKS-UHFFFAOYSA-N"
2491704,"5-Bromo-N-{3-[(2-chlorobenzyl)amino]-3-oxopropyl}-2-furamide",383.98761,"C15H14BrClN2O3","c1ccc(c(c1)CNC(=O)CCNC(=O)c2ccc(o2)Br)Cl","InChI=1S/C15H14BrClN2O3/c16-13-6-5-12(22-13)15(21)18-8-7-14(20)19-9-10-3-1-2-4-11(10)17/h1-6H,7-9H2,(H,18,21)(H,19,20)","VVWXCTAPKHDQGH-UHFFFAOYSA-N"
2495757,"5-Bromo-N-{3-[(4-chlorobenzyl)amino]-3-oxopropyl}-2-furamide",383.98761,"C15H14BrClN2O3","c1cc(ccc1CNC(=O)CCNC(=O)c2ccc(o2)Br)Cl","InChI=1S/C15H14BrClN2O3/c16-13-6-5-12(22-13)15(21)18-8-7-14(20)19-9-10-1-3-11(17)4-2-10/h1-6H,7-9H2,(H,18,21)(H,19,20)","FMSAMLHOMQPUOL-UHFFFAOYSA-N"
2803743,"1-(4-Bromophenyl)-3-chloro-4-[(tetrahydro-2-furanylmethyl)amino]-1H-pyrrole-2,5-dione",383.98761,"C15H14BrClN2O3","c1cc(ccc1N2C(=O)C(=C(C2=O)Cl)NCC3CCCO3)Br","InChI=1S/C15H14BrClN2O3/c16-9-3-5-10(6-4-9)19-14(20)12(17)13(15(19)21)18-8-11-2-1-7-22-11/h3-6,11,18H,1-2,7-8H2","WTLBQBKBVWWBKU-UHFFFAOYSA-N"
3003978,"2-Fluorophenyl 6-deoxy-6-iodohexopyranoside",383.987,"C12H14FIO5","c1ccc(c(c1)OC2C(C(C(C(O2)CI)O)O)O)F","InChI=1S/C12H14FIO5/c13-6-3-1-2-4-7(6)18-12-11(17)10(16)9(15)8(5-14)19-12/h1-4,8-12,15-17H,5H2","DOVMHDGVJXZRFX-UHFFFAOYSA-N"
3008665,"N-[5-(2-Amino-2-oxoethyl)-3-methyl-4-oxo-2-thioxo-1-imidazolidinyl]-4-bromobenzamide",383.989166,"C13H13BrN4O3S","CN1C(=O)C(N(C1=S)NC(=O)c2ccc(cc2)Br)CC(=O)N","InChI=1S/C13H13BrN4O3S/c1-17-12(21)9(6-10(15)19)18(13(17)22)16-11(20)7-2-4-8(14)5-3-7/h2-5,9H,6H2,1H3,(H2,15,19)(H,16,20)","MDPJTXXKCZEWOL-UHFFFAOYSA-N"
3125091,"2-{[5-(2-Bromophenyl)-1,3,4-oxadiazol-2-yl]sulfanyl}-N-(ethylcarbamoyl)acetamide",383.989166,"C13H13BrN4O3S","CCNC(=O)NC(=O)CSc1nnc(o1)c2ccccc2Br","InChI=1S/C13H13BrN4O3S/c1-2-15-12(20)16-10(19)7-22-13-18-17-11(21-13)8-5-3-4-6-9(8)14/h3-6H,2,7H2,1H3,(H2,15,16,19,20)","JJSVMKDTRBIXFR-UHFFFAOYSA-N"
3270921,"{[1-(7-Chloro-1,3-benzodioxol-5-yl)-3-oxo-3-(2-thienyl)propyl]sulfanyl}acetic acid",383.989288,"C16H13ClO5S2","c1cc(sc1)C(=O)CC(c2cc3c(c(c2)Cl)OCO3)SCC(=O)O","InChI=1S/C16H13ClO5S2/c17-10-4-9(5-12-16(10)22-8-21-12)14(24-7-15(19)20)6-11(18)13-2-1-3-23-13/h1-5,14H,6-8H2,(H,19,20)","VBXCCSAXQXDXJN-UHFFFAOYSA-N"
3298669,"2-Bromo-3-methyl-N-[5-(3-nitrophenyl)-1,3,4-thiadiazol-2-yl]butanamide",383.989166,"C13H13BrN4O3S","CC(C)C(C(=O)Nc1nnc(s1)c2cccc(c2)[N+](=O)[O-])Br","InChI=1S/C13H13BrN4O3S/c1-7(2)10(14)11(19)15-13-17-16-12(22-13)8-4-3-5-9(6-8)18(20)21/h3-7,10H,1-2H3,(H,15,17,19)","IEPGOZCZCFZSOJ-UHFFFAOYSA-N"
3372632,"2-[5-(4-Chlorobenzylidene)-4-oxo-4,5-dihydro-1,3-thiazol-2-yl]-3-(4-chlorophenyl)acrylonitrile",383.989075,"C19H10Cl2N2OS","c1cc(ccc1C=C2C(=O)N=C(S2)C(=Cc3ccc(cc3)Cl)C#N)Cl","InChI=1S/C19H10Cl2N2OS/c20-15-5-1-12(2-6-15)9-14(11-22)19-23-18(24)17(25-19)10-13-3-7-16(21)8-4-13/h1-10H","ZSQGJFSBOIKIQH-UHFFFAOYSA-N"
3565218,"2-[5-(2-Chlorobenzylidene)-4-oxo-4,5-dihydro-1,3-thiazol-2-yl]-3-(3-chlorophenyl)acrylonitrile",383.989075,"C19H10Cl2N2OS","c1ccc(c(c1)C=C2C(=O)N=C(S2)C(=Cc3cccc(c3)Cl)C#N)Cl","InChI=1S/C19H10Cl2N2OS/c20-15-6-3-4-12(9-15)8-14(11-22)19-23-18(24)17(25-19)10-13-5-1-2-7-16(13)21/h1-10H","XAGDTLGPTSDWRD-UHFFFAOYSA-N"
3586435,"Bis(2,2'-bithiophen-5-ylmethylene)hydrazine",383.988342,"C18H12N2S4","c1cc(sc1)c2ccc(s2)C=NN=Cc3ccc(s3)c4cccs4","InChI=1S/C18H12N2S4/c1-3-15(21-9-1)17-7-5-13(23-17)11-19-20-12-14-6-8-18(24-14)16-4-2-10-22-16/h1-12H","ISCLZNKSPYHWMF-UHFFFAOYSA-N"
3744743,"2,2,2-Trichloro-N-[4-(1-piperidinylsulfonyl)phenyl]acetamide",383.986908,"C13H15Cl3N2O3S","c1cc(ccc1NC(=O)C(Cl)(Cl)Cl)S(=O)(=O)N2CCCCC2","InChI=1S/C13H15Cl3N2O3S/c14-13(15,16)12(19)17-10-4-6-11(7-5-10)22(20,21)18-8-2-1-3-9-18/h4-7H,1-3,8-9H2,(H,17,19)","FTCXWSJPSPSRPU-UHFFFAOYSA-N"
3882318,"3-(Benzyloxy)-5-iodo-4-methoxybenzoic acid",383.98584,"C15H13IO4","COc1c(cc(cc1I)C(=O)O)OCc2ccccc2","InChI=1S/C15H13IO4/c1-19-14-12(16)7-11(15(17)18)8-13(14)20-9-10-5-3-2-4-6-10/h2-8H,9H2,1H3,(H,17,18)","FDHJOGKITVFDID-UHFFFAOYSA-N"
3956688,"3-[4-Bromo-5-methyl-3-(trifluoromethyl)-1H-pyrazol-1-yl]-N-(4,5-dihydro-1,3-thiazol-2-yl)propanamide",383.986725,"C11H12BrF3N4OS","Cc1c(c(nn1CCC(=O)NC2=NCCS2)C(F)(F)F)Br","InChI=1S/C11H12BrF3N4OS/c1-6-8(12)9(11(13,14)15)18-19(6)4-2-7(20)17-10-16-3-5-21-10/h2-5H2,1H3,(H,16,17,20)","YCIDEPSPHIRWNR-UHFFFAOYSA-N"
3976518,"N'-[(5-Bromo-2-thienyl)carbonyl]-6-oxo-1-propyl-1,6-dihydro-3-pyridazinecarbohydrazide",383.989166,"C13H13BrN4O3S","CCCn1c(=O)ccc(n1)C(=O)NNC(=O)c2ccc(s2)Br","InChI=1S/C13H13BrN4O3S/c1-2-7-18-11(19)6-3-8(17-18)12(20)15-16-13(21)9-4-5-10(14)22-9/h3-6H,2,7H2,1H3,(H,15,20)(H,16,21)","OPRBJPCCPJIZMW-UHFFFAOYSA-N"
3999262,"2,6-Dimethoxyphenyl 3-iodobenzoate",383.98584,"C15H13IO4","COc1cccc(c1OC(=O)c2cccc(c2)I)OC","InChI=1S/C15H13IO4/c1-18-12-7-4-8-13(19-2)14(12)20-15(17)10-5-3-6-11(16)9-10/h3-9H,1-2H3","PCPFKERGBTYJHS-UHFFFAOYSA-N"
4029634,"3-{4-Amino-3-[(4-bromobenzyl)sulfanyl]-5-oxo-4,5-dihydro-1,2,4-triazin-6-yl}propanoic acid",383.989166,"C13H13BrN4O3S","c1cc(ccc1CSc2nnc(c(=O)n2N)CCC(=O)O)Br","InChI=1S/C13H13BrN4O3S/c14-9-3-1-8(2-4-9)7-22-13-17-16-10(5-6-11(19)20)12(21)18(13)15/h1-4H,5-7,15H2,(H,19,20)","JZHBSEOFTALAJZ-UHFFFAOYSA-N"
4561519,"2-Amino-N'-[(Z)-(3-bromo-5-methoxy-4-oxo-2,5-cyclohexadien-1-ylidene)methyl]-4-methyl-1,3-thiazole-5-carbohydrazide",383.989166,"C13H13BrN4O3S","Cc1c(sc(n1)N)C(=O)NN/C=C\2/C=C(C(=O)C(=C2)Br)OC","InChI=1S/C13H13BrN4O3S/c1-6-11(22-13(15)17-6)12(20)18-16-5-7-3-8(14)10(19)9(4-7)21-2/h3-5,16H,1-2H3,(H2,15,17)(H,18,20)/b7-5+","HILJEBMCCJYVOD-FNORWQNLSA-N"
4562089,"(2S)-N'-[(Z)-(5-Bromo-2-furyl)methylene]-2-(4-chloro-2-methylphenoxy)propanehydrazide",383.98761,"C15H14BrClN2O3","Cc1cc(ccc1O[C@@H](C)C(=O)N/N=C\c2ccc(o2)Br)Cl","InChI=1S/C15H14BrClN2O3/c1-9-7-11(17)3-5-13(9)21-10(2)15(20)19-18-8-12-4-6-14(16)22-12/h3-8,10H,1-2H3,(H,19,20)/b18-8-/t10-/m0/s1","RSYAWOFWHQVIKL-JYUGDQOLSA-N"
4562090,"(2R)-N'-[(Z)-(5-Bromo-2-furyl)methylene]-2-(4-chloro-2-methylphenoxy)propanehydrazide",383.98761,"C15H14BrClN2O3","Cc1cc(ccc1O[C@H](C)C(=O)N/N=C\c2ccc(o2)Br)Cl","InChI=1S/C15H14BrClN2O3/c1-9-7-11(17)3-5-13(9)21-10(2)15(20)19-18-8-12-4-6-14(16)22-12/h3-8,10H,1-2H3,(H,19,20)/b18-8-/t10-/m1/s1","RSYAWOFWHQVIKL-DMHPSONMSA-N"
4566873,"N'-[(Z)-(5-Bromo-2-furyl)methylene]-2-(4-chloro-3,5-dimethylphenoxy)acetohydrazide",383.98761,"C15H14BrClN2O3","Cc1cc(cc(c1Cl)C)OCC(=O)N/N=C\c2ccc(o2)Br","InChI=1S/C15H14BrClN2O3/c1-9-5-12(6-10(2)15(9)17)21-8-14(20)19-18-7-11-3-4-13(16)22-11/h3-7H,8H2,1-2H3,(H,19,20)/b18-7-","MZCIAPKQVZJIET-WSVATBPTSA-N"
4649273,"(3E)-3-(3-Bromo-5-nitro-4-oxo-2,5-cyclohexadien-1-ylidene)-2-(1,3-dihydro-2H-benzimidazol-2-ylidene)propanenitrile",383.985809,"C16H9BrN4O3","c1ccc2c(c1)NC(=C(/C=C/3\C=C(C(=O)C(=C3)Br)[N+](=O)[O-])C#N)N2","InChI=1S/C16H9BrN4O3/c17-11-6-9(7-14(15(11)22)21(23)24)5-10(8-18)16-19-12-3-1-2-4-13(12)20-16/h1-7,19-20H/b9-5-","VBXMJXAAVRJPKI-UITAMQMPSA-N"
4681027,"(3Z)-3-(3-Bromo-5-nitro-6-oxo-2,4-cyclohexadien-1-ylidene)-2-(1,3-dihydro-2H-benzimidazol-2-ylidene)propanenitrile",383.985809,"C16H9BrN4O3","c1ccc2c(c1)NC(=C(/C=C\3/C=C(C=C(C3=O)[N+](=O)[O-])Br)C#N)N2","InChI=1S/C16H9BrN4O3/c17-11-6-9(15(22)14(7-11)21(23)24)5-10(8-18)16-19-12-3-1-2-4-13(12)20-16/h1-7,19-20H/b9-5-","LLGNFNNIPRTPSJ-UITAMQMPSA-N"
4800878,"(2E)-2-[(5Z)-5-(2-Chlorobenzylidene)-4-oxo-4,5-dihydro-1,3-thiazol-2-yl]-3-(3-chlorophenyl)acrylonitrile",383.989075,"C19H10Cl2N2OS","c1ccc(c(c1)/C=C\2/C(=O)N=C(S2)/C(=C/c3cccc(c3)Cl)/C#N)Cl","InChI=1S/C19H10Cl2N2OS/c20-15-6-3-4-12(9-15)8-14(11-22)19-23-18(24)17(25-19)10-13-5-1-2-7-16(13)21/h1-10H/b14-8+,17-10-","XAGDTLGPTSDWRD-MZVQJXNWSA-N"
4814201,"(3E)-3-(3-Bromo-5-nitro-6-oxo-2,4-cyclohexadien-1-ylidene)-2-(1,3-dihydro-2H-benzimidazol-2-ylidene)propanenitrile",383.985809,"C16H9BrN4O3","[O-][N+](=O)\C1=C\C(\Br)=C/C(C1=O)=C\C(\C#N)=C3\Nc2ccccc2N3","InChI=1S/C16H9BrN4O3/c17-11-6-9(15(22)14(7-11)21(23)24)5-10(8-18)16-19-12-3-1-2-4-13(12)20-16/h1-7,19-20H/b9-5+","LLGNFNNIPRTPSJ-WEVVVXLNSA-N"
5001840,"N-(5-Bromo-2-pyridinyl)-2-[(4-methoxy-6-oxo-1,6-dihydro-2-pyrimidinyl)sulfanyl]propanamide",383.989166,"C13H13BrN4O3S","CC(C(=O)Nc1ccc(cn1)Br)Sc2[nH]c(=O)cc(n2)OC","InChI=1S/C13H13BrN4O3S/c1-7(12(20)16-9-4-3-8(14)6-15-9)22-13-17-10(19)5-11(18-13)21-2/h3-7H,1-2H3,(H,15,16,20)(H,17,18,19)","UBNADPYCAHGZAI-UHFFFAOYSA-N"
5029756,"2-Fluorophenyl 6-deoxy-6-iodo-alpha-L-talopyranoside",383.987,"C12H14FIO5","c1ccc(c(c1)O[C@H]2[C@@H]([C@@H]([C@@H]([C@@H](O2)CI)O)O)O)F","InChI=1S/C12H14FIO5/c13-6-3-1-2-4-7(6)18-12-11(17)10(16)9(15)8(5-14)19-12/h1-4,8-12,15-17H,5H2/t8-,9+,10+,11+,12+/m0/s1","DOVMHDGVJXZRFX-VSSNEEPJSA-N"
5433348,"2-Fluorophenyl 6-deoxy-6-iodo-beta-L-talopyranoside",383.987,"C12H14FIO5","Fc2c(O[C@H]1O[C@H]([C@@H](O)[C@@H](O)[C@H]1O)CI)cccc2","InChI=1S/C12H14FIO5/c13-6-3-1-2-4-7(6)18-12-11(17)10(16)9(15)8(5-14)19-12/h1-4,8-12,15-17H,5H2/t8-,9+,10+,11+,12-/m0/s1","DOVMHDGVJXZRFX-KQSJRHEJSA-N"
5433351,"2-Fluorophenyl 6-deoxy-6-iodo-alpha-L-galactopyranoside",383.987,"C12H14FIO5","Fc2c(O[C@@H]1O[C@H]([C@@H](O)[C@@H](O)[C@@H]1O)CI)cccc2","InChI=1S/C12H14FIO5/c13-6-3-1-2-4-7(6)18-12-11(17)10(16)9(15)8(5-14)19-12/h1-4,8-12,15-17H,5H2/t8-,9+,10+,11-,12+/m0/s1","DOVMHDGVJXZRFX-MTVMDMGHSA-N"
5440623,"(2S)-2-Bromo-3-methyl-N-[5-(3-nitrophenyl)-1,3,4-thiadiazol-2-yl]butanamide",383.989166,"C13H13BrN4O3S","O=C(Nc1nnc(s1)c2cccc([N+]([O-])=O)c2)[C@@H](Br)C(C)C","InChI=1S/C13H13BrN4O3S/c1-7(2)10(14)11(19)15-13-17-16-12(22-13)8-4-3-5-9(6-8)18(20)21/h3-7,10H,1-2H3,(H,15,17,19)/t10-/m0/s1","IEPGOZCZCFZSOJ-JTQLQIEISA-N"
5440624,"(2R)-2-Bromo-3-methyl-N-[5-(3-nitrophenyl)-1,3,4-thiadiazol-2-yl]butanamide",383.989166,"C13H13BrN4O3S","O=C(Nc1nnc(s1)c2cccc([N+]([O-])=O)c2)[C@H](Br)C(C)C","InChI=1S/C13H13BrN4O3S/c1-7(2)10(14)11(19)15-13-17-16-12(22-13)8-4-3-5-9(6-8)18(20)21/h3-7,10H,1-2H3,(H,15,17,19)/t10-/m1/s1","IEPGOZCZCFZSOJ-SNVBAGLBSA-N"
5547187,"(2S)-2-{[5-(4-Bromophenyl)-1,3,4-oxadiazol-2-yl]sulfanyl}-N-(methylcarbamoyl)propanamide",383.989166,"C13H13BrN4O3S","O=C(NC(=O)NC)[C@@H](Sc1nnc(o1)c2ccc(Br)cc2)C","InChI=1S/C13H13BrN4O3S/c1-7(10(19)16-12(20)15-2)22-13-18-17-11(21-13)8-3-5-9(14)6-4-8/h3-7H,1-2H3,(H2,15,16,19,20)/t7-/m0/s1","JSCYYKYEUXMEEH-ZETCQYMHSA-N"
5547189,"(2R)-2-{[5-(4-Bromophenyl)-1,3,4-oxadiazol-2-yl]sulfanyl}-N-(methylcarbamoyl)propanamide",383.989166,"C13H13BrN4O3S","O=C(NC(=O)NC)[C@H](Sc1nnc(o1)c2ccc(Br)cc2)C","InChI=1S/C13H13BrN4O3S/c1-7(10(19)16-12(20)15-2)22-13-18-17-11(21-13)8-3-5-9(14)6-4-8/h3-7H,1-2H3,(H2,15,16,19,20)/t7-/m1/s1","JSCYYKYEUXMEEH-SSDOTTSWSA-N"
5770838,"(2S)-N-(5-Bromo-2-pyridinyl)-2-[(4-methoxy-6-oxo-1,6-dihydro-2-pyrimidinyl)sulfanyl]propanamide",383.989166,"C13H13BrN4O3S","Brc1ccc(nc1)NC(=O)[C@@H](S\C2=N\C(\OC)=C/C(=O)N2)C","InChI=1S/C13H13BrN4O3S/c1-7(12(20)16-9-4-3-8(14)6-15-9)22-13-17-10(19)5-11(18-13)21-2/h3-7H,1-2H3,(H,15,16,20)(H,17,18,19)/t7-/m0/s1","UBNADPYCAHGZAI-ZETCQYMHSA-N"
5770839,"(2R)-N-(5-Bromo-2-pyridinyl)-2-[(4-methoxy-6-oxo-1,6-dihydro-2-pyrimidinyl)sulfanyl]propanamide",383.989166,"C13H13BrN4O3S","Brc1ccc(nc1)NC(=O)[C@H](S\C2=N\C(\OC)=C/C(=O)N2)C","InChI=1S/C13H13BrN4O3S/c1-7(12(20)16-9-4-3-8(14)6-15-9)22-13-17-10(19)5-11(18-13)21-2/h3-7H,1-2H3,(H,15,16,20)(H,17,18,19)/t7-/m1/s1","UBNADPYCAHGZAI-SSDOTTSWSA-N"
5805977,"N-{6-Amino-2-[(2-hydroxyethyl)sulfanyl]-4-oxo-1,4-dihydro-5-pyrimidinyl}-4-bromobenzamide",383.989166,"C13H13BrN4O3S","O=C2/N=C(/SCCO)N\C(=C2\NC(=O)c1ccc(Br)cc1)N","InChI=1S/C13H13BrN4O3S/c14-8-3-1-7(2-4-8)11(20)16-9-10(15)17-13(18-12(9)21)22-6-5-19/h1-4,19H,5-6H2,(H,16,20)(H3,15,17,18,21)","ZBMARLMTFKWICR-UHFFFAOYSA-N"
5818905,"(2S)-2-{[5-(2-Bromophenyl)-1,3,4-oxadiazol-2-yl]sulfanyl}-N-(methylcarbamoyl)propanamide",383.989166,"C13H13BrN4O3S","O=C(NC(=O)NC)[C@@H](Sc1nnc(o1)c2ccccc2Br)C","InChI=1S/C13H13BrN4O3S/c1-7(10(19)16-12(20)15-2)22-13-18-17-11(21-13)8-5-3-4-6-9(8)14/h3-7H,1-2H3,(H2,15,16,19,20)/t7-/m0/s1","OIDRVEPGFQDAJN-ZETCQYMHSA-N"
5818906,"(2R)-2-{[5-(2-Bromophenyl)-1,3,4-oxadiazol-2-yl]sulfanyl}-N-(methylcarbamoyl)propanamide",383.989166,"C13H13BrN4O3S","O=C(NC(=O)NC)[C@H](Sc1nnc(o1)c2ccccc2Br)C","InChI=1S/C13H13BrN4O3S/c1-7(10(19)16-12(20)15-2)22-13-18-17-11(21-13)8-5-3-4-6-9(8)14/h3-7H,1-2H3,(H2,15,16,19,20)/t7-/m1/s1","OIDRVEPGFQDAJN-SSDOTTSWSA-N"
5876784,"4-{[(3-Bromo-5-ethoxy-4-oxo-2,5-cyclohexadien-1-ylidene)methyl]amino}-6-methyl-3-thioxo-3,4-dihydro-1,2,4-triazin-5(2H)-one",383.989166,"C13H13BrN4O3S","S=C2N(NC=C/1/C=C(/OCC)C(=O)C(\Br)=C\1)C(=O)\C(=N/N2)C","InChI=1S/C13H13BrN4O3S/c1-3-21-10-5-8(4-9(14)11(10)19)6-15-18-12(20)7(2)16-17-13(18)22/h4-6,15H,3H2,1-2H3,(H,17,22)","XNBHQIRCLYJXFI-UHFFFAOYSA-N"
5911326,"2-{[5-(3-Bromophenyl)-1,3,4-oxadiazol-2-yl]sulfanyl}-N-(ethylcarbamoyl)acetamide",383.989166,"C13H13BrN4O3S","O=C(NC(=O)NCC)CSc1nnc(o1)c2cccc(Br)c2","InChI=1S/C13H13BrN4O3S/c1-2-15-12(20)16-10(19)7-22-13-18-17-11(21-13)8-4-3-5-9(14)6-8/h3-6H,2,7H2,1H3,(H2,15,16,19,20)","QKNKJXDFWOATDG-UHFFFAOYSA-N"
5911339,"(2S)-2-{[5-(3-Bromophenyl)-1,3,4-oxadiazol-2-yl]sulfanyl}-N-(methylcarbamoyl)propanamide",383.989166,"C13H13BrN4O3S","O=C(NC(=O)NC)[C@@H](Sc1nnc(o1)c2cccc(Br)c2)C","InChI=1S/C13H13BrN4O3S/c1-7(10(19)16-12(20)15-2)22-13-18-17-11(21-13)8-4-3-5-9(14)6-8/h3-7H,1-2H3,(H2,15,16,19,20)/t7-/m0/s1","RDQSXJURXAVYCV-ZETCQYMHSA-N"
5911340,"(2R)-2-{[5-(3-Bromophenyl)-1,3,4-oxadiazol-2-yl]sulfanyl}-N-(methylcarbamoyl)propanamide",383.989166,"C13H13BrN4O3S","O=C(NC(=O)NC)[C@H](Sc1nnc(o1)c2cccc(Br)c2)C","InChI=1S/C13H13BrN4O3S/c1-7(10(19)16-12(20)15-2)22-13-18-17-11(21-13)8-4-3-5-9(14)6-8/h3-7H,1-2H3,(H2,15,16,19,20)/t7-/m1/s1","RDQSXJURXAVYCV-SSDOTTSWSA-N"
5917924,"5-Bromo-N-{2-[(2-chlorobenzyl)(methyl)amino]-2-oxoethyl}-2-furamide",383.98761,"C15H14BrClN2O3","O=C(NCC(=O)N(Cc1ccccc1Cl)C)c2oc(Br)cc2","InChI=1S/C15H14BrClN2O3/c1-19(9-10-4-2-3-5-11(10)17)14(20)8-18-15(21)12-6-7-13(16)22-12/h2-7H,8-9H2,1H3,(H,18,21)","SMQAXHDWRBBOTP-UHFFFAOYSA-N"
6010765,"2,6-Dimethoxyphenyl 2-iodobenzoate",383.98584,"C15H13IO4","O=C(Oc1c(OC)cccc1OC)c2ccccc2I","InChI=1S/C15H13IO4/c1-18-12-8-5-9-13(19-2)14(12)20-15(17)10-6-3-4-7-11(10)16/h3-9H,1-2H3","NQWBRKRBUKQSRT-UHFFFAOYSA-N"
6119103,"2-[(3-Chloro-4-cyanophenyl)amino]-2-oxoethyl 2-chloro-4,5-difluorobenzoate",383.988007,"C16H8Cl2F2N2O3","N#Cc1ccc(cc1Cl)NC(=O)COC(=O)c2cc(F)c(F)cc2Cl","InChI=1S/C16H8Cl2F2N2O3/c17-11-3-9(2-1-8(11)6-21)22-15(23)7-25-16(24)10-4-13(19)14(20)5-12(10)18/h1-5H,7H2,(H,22,23)","OXJYDOAMEDJXDK-UHFFFAOYSA-N"
6119174,"2-[(5-Chloro-2-cyanophenyl)amino]-2-oxoethyl 2-chloro-4,5-difluorobenzoate",383.988007,"C16H8Cl2F2N2O3","O=C(OCC(=O)Nc1cc(Cl)ccc1C#N)c2cc(F)c(F)cc2Cl","InChI=1S/C16H8Cl2F2N2O3/c17-9-2-1-8(6-21)14(3-9)22-15(23)7-25-16(24)10-4-12(19)13(20)5-11(10)18/h1-5H,7H2,(H,22,23)","BJYGTNBAENZNDL-UHFFFAOYSA-N"
6187879,"2-(5,6-Dichloro-1,3-dioxo-1,3-dihydro-2H-isoindol-2-yl)-N-(2,6-difluorophenyl)acetamide",383.988007,"C16H8Cl2F2N2O3","Fc1cccc(F)c1NC(=O)CN3C(=O)c2cc(Cl)c(Cl)cc2C3=O","InChI=1S/C16H8Cl2F2N2O3/c17-9-4-7-8(5-10(9)18)16(25)22(15(7)24)6-13(23)21-14-11(19)2-1-3-12(14)20/h1-5H,6H2,(H,21,23)","QGZMAPZKPKJACR-UHFFFAOYSA-N"
6206924,"3,5-Dimethoxyphenyl 3-iodobenzoate",383.98584,"C15H13IO4","Ic1cccc(c1)C(=O)Oc2cc(OC)cc(OC)c2","InChI=1S/C15H13IO4/c1-18-12-7-13(19-2)9-14(8-12)20-15(17)10-4-3-5-11(16)6-10/h3-9H,1-2H3","MNQSIEZJKUIBRH-UHFFFAOYSA-N"
6256927,"2-{[(1S)-1-Cyano-1-cyclopropylethyl]amino}-2-oxoethyl 5-bromo-2-chlorobenzoate",383.98761,"C15H14BrClN2O3","O=C(N[C@@](C#N)(C)C1CC1)COC(=O)c2cc(Br)ccc2Cl","InChI=1S/C15H14BrClN2O3/c1-15(8-18,9-2-3-9)19-13(20)7-22-14(21)11-6-10(16)4-5-12(11)17/h4-6,9H,2-3,7H2,1H3,(H,19,20)/t15-/m1/s1","IZXQHGQQSBVBFE-OAHLLOKOSA-N"
6256928,"2-{[(1R)-1-Cyano-1-cyclopropylethyl]amino}-2-oxoethyl 5-bromo-2-chlorobenzoate",383.98761,"C15H14BrClN2O3","O=C(N[C@](C#N)(C)C1CC1)COC(=O)c2cc(Br)ccc2Cl","InChI=1S/C15H14BrClN2O3/c1-15(8-18,9-2-3-9)19-13(20)7-22-14(21)11-6-10(16)4-5-12(11)17/h4-6,9H,2-3,7H2,1H3,(H,19,20)/t15-/m0/s1","IZXQHGQQSBVBFE-HNNXBMFYSA-N"
6256957,"2-[(1-Cyanocyclopentyl)amino]-2-oxoethyl 5-bromo-2-chlorobenzoate",383.98761,"C15H14BrClN2O3","O=C(NC1(C#N)CCCC1)COC(=O)c2cc(Br)ccc2Cl","InChI=1S/C15H14BrClN2O3/c16-10-3-4-12(17)11(7-10)14(21)22-8-13(20)19-15(9-18)5-1-2-6-15/h3-4,7H,1-2,5-6,8H2,(H,19,20)","KJDMLMXKCXBFMQ-UHFFFAOYSA-N"
6437120,"[3-(2-Chlorophenyl)-1,2,4-oxadiazol-5-yl]methyl 2-chloro-4,5-difluorobenzoate",383.988007,"C16H8Cl2F2N2O3","Fc1cc(c(Cl)cc1F)C(=O)OCc2nc(no2)c3c(Cl)cccc3","InChI=1S/C16H8Cl2F2N2O3/c17-10-4-2-1-3-8(10)15-21-14(25-22-15)7-24-16(23)9-5-12(19)13(20)6-11(9)18/h1-6H,7H2","DKRYLSVWPMSAEN-UHFFFAOYSA-N"
6551735,"2-[(5S)-2-(2-Acetylhydrazino)-4-oxo-4,5-dihydro-1,3-thiazol-5-yl]-N-(4-bromophenyl)acetamide",383.989166,"C13H13BrN4O3S","O=C(NNC\1=N\C(=O)[C@@H](S/1)CC(=O)Nc2ccc(Br)cc2)C","InChI=1S/C13H13BrN4O3S/c1-7(19)17-18-13-16-12(21)10(22-13)6-11(20)15-9-4-2-8(14)3-5-9/h2-5,10H,6H2,1H3,(H,15,20)(H,17,19)(H,16,18,21)/t10-/m0/s1","UDLZMEKOUZUHEU-JTQLQIEISA-N"
6551742,"2-[(5R)-2-(2-Acetylhydrazino)-4-oxo-4,5-dihydro-1,3-thiazol-5-yl]-N-(4-bromophenyl)acetamide",383.989166,"C13H13BrN4O3S","O=C(NNC\1=N\C(=O)[C@H](S/1)CC(=O)Nc2ccc(Br)cc2)C","InChI=1S/C13H13BrN4O3S/c1-7(19)17-18-13-16-12(21)10(22-13)6-11(20)15-9-4-2-8(14)3-5-9/h2-5,10H,6H2,1H3,(H,15,20)(H,17,19)(H,16,18,21)/t10-/m1/s1","UDLZMEKOUZUHEU-SNVBAGLBSA-N"
6551978,"2-[(5S)-2-(2-Acetylhydrazino)-4-oxo-4,5-dihydro-1,3-thiazol-5-yl]-N-(2-bromophenyl)acetamide",383.989166,"C13H13BrN4O3S","O=C(NNC\1=N\C(=O)[C@@H](S/1)CC(=O)Nc2ccccc2Br)C","InChI=1S/C13H13BrN4O3S/c1-7(19)17-18-13-16-12(21)10(22-13)6-11(20)15-9-5-3-2-4-8(9)14/h2-5,10H,6H2,1H3,(H,15,20)(H,17,19)(H,16,18,21)/t10-/m0/s1","ONGOSGAHXVEUKW-JTQLQIEISA-N"
6551984,"2-[(5R)-2-(2-Acetylhydrazino)-4-oxo-4,5-dihydro-1,3-thiazol-5-yl]-N-(2-bromophenyl)acetamide",383.989166,"C13H13BrN4O3S","O=C(NNC\1=N\C(=O)[C@H](S/1)CC(=O)Nc2ccccc2Br)C","InChI=1S/C13H13BrN4O3S/c1-7(19)17-18-13-16-12(21)10(22-13)6-11(20)15-9-5-3-2-4-8(9)14/h2-5,10H,6H2,1H3,(H,15,20)(H,17,19)(H,16,18,21)/t10-/m1/s1","ONGOSGAHXVEUKW-SNVBAGLBSA-N"
6575516,"2-(4-Iodophenyl)-2-oxoethyl 2,5-dimethyl-3-furoate",383.98584,"C15H13IO4","O=C(OCC(=O)c1ccc(I)cc1)c2c(oc(c2)C)C","InChI=1S/C15H13IO4/c1-9-7-13(10(2)20-9)15(18)19-8-14(17)11-3-5-12(16)6-4-11/h3-7H,8H2,1-2H3","CXILEWVFHPIBTK-UHFFFAOYSA-N"
6653667,"Methyl N-({[5-(2-bromophenyl)-1H-1,2,4-triazol-3-yl]sulfanyl}acetyl)glycinate",383.989166,"C13H13BrN4O3S","O=C(OC)CNC(=O)CSc2nc(c1c(Br)cccc1)nn2","InChI=1S/C13H13BrN4O3S/c1-21-11(20)6-15-10(19)7-22-13-16-12(17-18-13)8-4-2-3-5-9(8)14/h2-5H,6-7H2,1H3,(H,15,19)(H,16,17,18)","ZSLPZSANPRGEHU-UHFFFAOYSA-N"
6653718,"Ethyl ({[5-(2-bromophenyl)-1H-1,2,4-triazol-3-yl]sulfanyl}acetyl)carbamate",383.989166,"C13H13BrN4O3S","O=C(OCC)NC(=O)CSc2nc(c1c(Br)cccc1)nn2","InChI=1S/C13H13BrN4O3S/c1-2-21-13(20)15-10(19)7-22-12-16-11(17-18-12)8-5-3-4-6-9(8)14/h3-6H,2,7H2,1H3,(H,15,19,20)(H,16,17,18)","JZTPRPPWFSOYOY-UHFFFAOYSA-N"
6720913,"2-(1,3-Benzodioxol-5-yl)-2-oxoethyl {[(5-chloro-2-thienyl)methyl]sulfanyl}acetate",383.989288,"C16H13ClO5S2","Clc1sc(cc1)CSCC(=O)OCC(=O)c3ccc2OCOc2c3","InChI=1S/C16H13ClO5S2/c17-15-4-2-11(24-15)7-23-8-16(19)20-6-12(18)10-1-3-13-14(5-10)22-9-21-13/h1-5H,6-9H2","LCWKIAKPZFSWMV-UHFFFAOYSA-N"
6878161,"N~2~-({[5-(3-Bromophenyl)-1,3,4-oxadiazol-2-yl]sulfanyl}acetyl)-N-methylglycinamide",383.989166,"C13H13BrN4O3S","O=C(NCC(=O)NC)CSc1nnc(o1)c2cccc(Br)c2","InChI=1S/C13H13BrN4O3S/c1-15-10(19)6-16-11(20)7-22-13-18-17-12(21-13)8-3-2-4-9(14)5-8/h2-5H,6-7H2,1H3,(H,15,19)(H,16,20)","HGVCOMOATMVGII-UHFFFAOYSA-N"
7115905,"6-Ethyl-4-methyl-2-oxo-2H-chromen-7-yl 5-chloro-2-thiophenesulfonate",383.989288,"C16H13ClO5S2","Clc1sc(cc1)S(=O)(=O)Oc3cc2OC(=O)\C=C(/c2cc3CC)C","InChI=1S/C16H13ClO5S2/c1-3-10-7-11-9(2)6-15(18)21-13(11)8-12(10)22-24(19,20)16-5-4-14(17)23-16/h4-8H,3H2,1-2H3","GQMVGFBYRVOSQC-UHFFFAOYSA-N"
7135505,"N~2~-({[5-(2-Bromophenyl)-1,3,4-oxadiazol-2-yl]sulfanyl}acetyl)-N-methylglycinamide",383.989166,"C13H13BrN4O3S","O=C(NCC(=O)NC)CSc1nnc(o1)c2ccccc2Br","InChI=1S/C13H13BrN4O3S/c1-15-10(19)6-16-11(20)7-22-13-18-17-12(21-13)8-4-2-3-5-9(8)14/h2-5H,6-7H2,1H3,(H,15,19)(H,16,20)","QCGHRWUEFPTQES-UHFFFAOYSA-N"
7380755,"N'-[(2R)-2-(3-Bromophenoxy)propanoyl]-4-methyl-1,2,3-thiadiazole-5-carbohydrazide",383.989166,"C13H13BrN4O3S","O=C(NNC(=O)[C@H](Oc1cccc(Br)c1)C)c2snnc2C","InChI=1S/C13H13BrN4O3S/c1-7-11(22-18-15-7)13(20)17-16-12(19)8(2)21-10-5-3-4-9(14)6-10/h3-6,8H,1-2H3,(H,16,19)(H,17,20)/t8-/m1/s1","NJNYZRFKXMSTSJ-MRVPVSSYSA-N"
7380756,"N'-[(2S)-2-(3-Bromophenoxy)propanoyl]-4-methyl-1,2,3-thiadiazole-5-carbohydrazide",383.989166,"C13H13BrN4O3S","O=C(NNC(=O)[C@@H](Oc1cccc(Br)c1)C)c2snnc2C","InChI=1S/C13H13BrN4O3S/c1-7-11(22-18-15-7)13(20)17-16-12(19)8(2)21-10-5-3-4-9(14)6-10/h3-6,8H,1-2H3,(H,16,19)(H,17,20)/t8-/m0/s1","NJNYZRFKXMSTSJ-QMMMGPOBSA-N"
7391284,"(6-{[(4-Chloro-2-fluorophenyl)sulfonyl]oxy}-1-benzofuran-3-yl)acetic acid",383.987061,"C16H10ClFO6S","Clc1ccc(c(F)c1)S(=O)(=O)Oc3ccc2c(occ2CC(=O)O)c3","InChI=1S/C16H10ClFO6S/c17-10-1-4-15(13(18)6-10)25(21,22)24-11-2-3-12-9(5-16(19)20)8-23-14(12)7-11/h1-4,6-8H,5H2,(H,19,20)","FFURRENKPQBTOD-UHFFFAOYSA-N"
7453730,"5-Bromo-N-(2-{[(1S)-1-(3-chlorophenyl)ethyl]amino}-2-oxoethyl)-2-furamide",383.98761,"C15H14BrClN2O3","O=C(NCC(=O)N[C@H](c1cccc(Cl)c1)C)c2oc(Br)cc2","InChI=1S/C15H14BrClN2O3/c1-9(10-3-2-4-11(17)7-10)19-14(20)8-18-15(21)12-5-6-13(16)22-12/h2-7,9H,8H2,1H3,(H,18,21)(H,19,20)/t9-/m0/s1","HYEZFFZQVODSSF-VIFPVBQESA-N"
7453731,"5-Bromo-N-(2-{[(1R)-1-(3-chlorophenyl)ethyl]amino}-2-oxoethyl)-2-furamide",383.98761,"C15H14BrClN2O3","O=C(NCC(=O)N[C@@H](c1cccc(Cl)c1)C)c2oc(Br)cc2","InChI=1S/C15H14BrClN2O3/c1-9(10-3-2-4-11(17)7-10)19-14(20)8-18-15(21)12-5-6-13(16)22-12/h2-7,9H,8H2,1H3,(H,18,21)(H,19,20)/t9-/m1/s1","HYEZFFZQVODSSF-SECBINFHSA-N"
7506171,"5-Bromo-N-(2-{[2-(4-chlorophenyl)ethyl]amino}-2-oxoethyl)-2-furamide",383.98761,"C15H14BrClN2O3","O=C(NCC(=O)NCCc1ccc(Cl)cc1)c2oc(Br)cc2","InChI=1S/C15H14BrClN2O3/c16-13-6-5-12(22-13)15(21)19-9-14(20)18-8-7-10-1-3-11(17)4-2-10/h1-6H,7-9H2,(H,18,20)(H,19,21)","QYLDQEBRYCFGFX-UHFFFAOYSA-N"
7507150,"5-Bromo-N-(2-{[(1S)-1-(4-chlorophenyl)ethyl]amino}-2-oxoethyl)-2-furamide",383.98761,"C15H14BrClN2O3","O=C(NCC(=O)N[C@H](c1ccc(Cl)cc1)C)c2oc(Br)cc2","InChI=1S/C15H14BrClN2O3/c1-9(10-2-4-11(17)5-3-10)19-14(20)8-18-15(21)12-6-7-13(16)22-12/h2-7,9H,8H2,1H3,(H,18,21)(H,19,20)/t9-/m0/s1","YYUNKWNBEGQWPX-VIFPVBQESA-N"
7507152,"5-Bromo-N-(2-{[(1R)-1-(4-chlorophenyl)ethyl]amino}-2-oxoethyl)-2-furamide",383.98761,"C15H14BrClN2O3","O=C(NCC(=O)N[C@@H](c1ccc(Cl)cc1)C)c2oc(Br)cc2","InChI=1S/C15H14BrClN2O3/c1-9(10-2-4-11(17)5-3-10)19-14(20)8-18-15(21)12-6-7-13(16)22-12/h2-7,9H,8H2,1H3,(H,18,21)(H,19,20)/t9-/m1/s1","YYUNKWNBEGQWPX-SECBINFHSA-N"
7645985,"4-[(Z)-(2-Bromo-4,5-dimethoxybenzylidene)amino]-6-methyl-3-thioxo-3,4-dihydro-1,2,4-triazin-5(2H)-one",383.989166,"C13H13BrN4O3S","S=C2N(/N=C\c1cc(OC)c(OC)cc1Br)C(=O)\C(=N/N2)C","InChI=1S/C13H13BrN4O3S/c1-7-12(19)18(13(22)17-16-7)15-6-8-4-10(20-2)11(21-3)5-9(8)14/h4-6H,1-3H3,(H,17,22)/b15-6-","MTRMTEHSPNJXPO-UUASQNMZSA-N"
7832379,"N'-[(E)-(5-Bromo-2-furyl)methylene]-2-(4-chloro-2-methylphenoxy)propanehydrazide",383.98761,"C15H14BrClN2O3","Brc2oc(\C=N\NC(=O)C(Oc1ccc(Cl)cc1C)C)cc2","InChI=1S/C15H14BrClN2O3/c1-9-7-11(17)3-5-13(9)21-10(2)15(20)19-18-8-12-4-6-14(16)22-12/h3-8,10H,1-2H3,(H,19,20)/b18-8+","RSYAWOFWHQVIKL-QGMBQPNBSA-N"
7840192,"N'-[(E)-(5-Bromo-2-furyl)methylene]-2-(4-chloro-3,5-dimethylphenoxy)acetohydrazide",383.98761,"C15H14BrClN2O3","Brc2oc(\C=N\NC(=O)COc1cc(c(Cl)c(c1)C)C)cc2","InChI=1S/C15H14BrClN2O3/c1-9-5-12(6-10(2)15(9)17)21-8-14(20)19-18-7-11-3-4-13(16)22-11/h3-7H,8H2,1-2H3,(H,19,20)/b18-7+","MZCIAPKQVZJIET-CNHKJKLMSA-N"
7933453,"(1E,2E)-Bis(2,2'-bithiophen-5-ylmethylene)hydrazine",383.988342,"C18H12N2S4","N(\N=C\c1sc(cc1)c2sccc2)=C/c4sc(c3sccc3)cc4","InChI=1S/C18H12N2S4/c1-3-15(21-9-1)17-7-5-13(23-17)11-19-20-12-14-6-8-18(24-14)16-4-2-10-22-16/h1-12H/b19-11+,20-12+","ISCLZNKSPYHWMF-AYKLPDECSA-N"
7997189,"4-[3-(3,4-Difluorophenyl)-2-thioxo-2,3-dihydro-1,3-thiazol-4-yl]benzenesulfonamide",383.987244,"C15H10F2N2O2S3","S=C2S\C=C(/N2c1cc(F)c(F)cc1)c3ccc(cc3)S(=O)(=O)N","InChI=1S/C15H10F2N2O2S3/c16-12-6-3-10(7-13(12)17)19-14(8-23-15(19)22)9-1-4-11(5-2-9)24(18,20)21/h1-8H,(H2,18,20,21)","MUQWXYFCZPQEDA-UHFFFAOYSA-N"
8175511,"1,1'-[(3-Methyl-1,1-butanediyl)diselanyl]dibenzene",383.989532,"C17H20Se2","[Se](c1ccccc1)C([Se]c2ccccc2)CC(C)C","InChI=1S/C17H20Se2/c1-14(2)13-17(18-15-9-5-3-6-10-15)19-16-11-7-4-8-12-16/h3-12,14,17H,13H2,1-2H3","JLAZBRKTWWDJCB-UHFFFAOYSA-N"
8198453,"2-Hydroxy-3-[(4-iodophenoxy)methyl]-5-methylbenzoic acid",383.98584,"C15H13IO4","Ic2ccc(OCc1cc(cc(C(=O)O)c1O)C)cc2","InChI=1S/C15H13IO4/c1-9-6-10(14(17)13(7-9)15(18)19)8-20-12-4-2-11(16)3-5-12/h2-7,17H,8H2,1H3,(H,18,19)","FLYJICYNNBZVLN-UHFFFAOYSA-N"
8221174,"N'-(6-Bromo-2-oxo-2H-indol-3-yl)-1,3-benzoxazole-5-carbohydrazide",383.985809,"C16H9BrN4O3","Br/C1=C/C2=N/C(=O)/C(=C2/C=C1)NNC(=O)c3cc4ncoc4cc3","InChI=1S/C16H9BrN4O3/c17-9-2-3-10-11(6-9)19-16(23)14(10)20-21-15(22)8-1-4-13-12(5-8)18-7-24-13/h1-7H,(H,21,22)(H,19,20,23)","XVNAMVDQIOHDRM-UHFFFAOYSA-N"
8771595,"(1S,2S,3S,6S)-6-Bromo-4-methylene-3-[(methylsulfonyl)oxy]-1,2-cyclohexanediyl diacetate",383.987823,"C12H17BrO7S","Br[C@H]1C/C(=C)[C@H](OS(=O)(=O)C)[C@@H](OC(=O)C)[C@@H]1OC(=O)C","InChI=1S/C12H17BrO7S/c1-6-5-9(13)11(18-7(2)14)12(19-8(3)15)10(6)20-21(4,16)17/h9-12H,1,5H2,2-4H3/t9-,10-,11+,12+/m0/s1","NHTNXHBGCNRYKY-NNYUYHANSA-N"
8914171,"1-(4-Bromophenyl)-5-(4-fluorophenyl)-3-(trifluoromethyl)-1H-pyrazole",383.988525,"C16H9BrF4N2","FC(F)(F)c2nn(c1ccc(Br)cc1)c(c2)c3ccc(F)cc3","InChI=1S/C16H9BrF4N2/c17-11-3-7-13(8-4-11)23-14(9-15(22-23)16(19,20)21)10-1-5-12(18)6-2-10/h1-9H","CIFOTGAVINVBNS-UHFFFAOYSA-N"
8985419,"3,5-Dichloro-N-(2,2-dimethoxyethyl)-2,4,6-trinitroaniline",383.987579,"C10H10Cl2N4O8","O=[N+]([O-])c1c(Cl)c(c(c([N+]([O-])=O)c1Cl)NCC(OC)OC)[N+]([O-])=O","InChI=1S/C10H10Cl2N4O8/c1-23-4(24-2)3-13-7-9(15(19)20)5(11)8(14(17)18)6(12)10(7)16(21)22/h4,13H,3H2,1-2H3","SKEHZFHXECCGMU-UHFFFAOYSA-N"
9048001,"1-[(4'-Bromo-2,2',6,6'-tetrafluoro-4-biphenylyl)methyl]-1H-imidazole",383.988525,"C16H9BrF4N2","Fc1cc(Br)cc(F)c1c2c(F)cc(cc2F)Cn3ccnc3","InChI=1S/C16H9BrF4N2/c17-10-5-13(20)16(14(21)6-10)15-11(18)3-9(4-12(15)19)7-23-2-1-22-8-23/h1-6,8H,7H2","XQGLTGPYIIEAEK-UHFFFAOYSA-N"
9069548,"3-Iodo-2,6-dimethoxyphenyl benzoate",383.98584,"C15H13IO4","O=C(Oc1c(OC)ccc(I)c1OC)c2ccccc2","InChI=1S/C15H13IO4/c1-18-12-9-8-11(16)13(19-2)14(12)20-15(17)10-6-4-3-5-7-10/h3-9H,1-2H3","PHXFCRQVUSQKIX-UHFFFAOYSA-N"
9124244,"2,2'-Disulfanediylbis(4-phenyl-1,3-thiazole)",383.988342,"C18H12N2S4","s1cc(nc1SSc2nc(cs2)c3ccccc3)c4ccccc4","InChI=1S/C18H12N2S4/c1-3-7-13(8-4-1)15-11-21-17(19-15)23-24-18-20-16(12-22-18)14-9-5-2-6-10-14/h1-12H","HATZIUZEPNZZFO-UHFFFAOYSA-N"
9444116,"2,3,5,6-Tetrafluoro-N-(4-sulfamoylphenyl)benzenesulfonamide",383.986145,"C12H8F4N2O4S2","C1=CC(=CC=C1NS(=O)(=O)C2=C(C(=CC(=C2F)F)F)F)S(=O)(=O)N","InChI=1S/C12H8F4N2O4S2/c13-8-5-9(14)11(16)12(10(8)15)24(21,22)18-6-1-3-7(4-2-6)23(17,19)20/h1-5,18H,(H2,17,19,20)","MBWSVKKIILMGOJ-UHFFFAOYSA-N"
9569887,"3-(Benzyloxy)-2-iodo-4-methoxybenzoic acid",383.98584,"C15H13IO4","Ic2c(ccc(OC)c2OCc1ccccc1)C(=O)O","InChI=1S/C15H13IO4/c1-19-12-8-7-11(15(17)18)13(16)14(12)20-9-10-5-3-2-4-6-10/h2-8H,9H2,1H3,(H,17,18)","WWVFIPSQGGOKQL-UHFFFAOYSA-N"
9857206,"N-(3-Bromophenyl)-N~2~-(chloroacetyl)-3-(2-furyl)alaninamide",383.98761,"C15H14BrClN2O3","Brc1cccc(c1)NC(=O)C(NC(=O)CCl)Cc2occc2","InChI=1S/C15H14BrClN2O3/c16-10-3-1-4-11(7-10)18-15(21)13(19-14(20)9-17)8-12-5-2-6-22-12/h1-7,13H,8-9H2,(H,18,21)(H,19,20)","CNLXCVXTVJMLOT-UHFFFAOYSA-N"
9885480,"N-(4-Bromophenyl)-N~2~-(chloroacetyl)-3-(2-furyl)alaninamide",383.98761,"C15H14BrClN2O3","Brc1ccc(cc1)NC(=O)C(NC(=O)CCl)Cc2occc2","InChI=1S/C15H14BrClN2O3/c16-10-3-5-11(6-4-10)18-15(21)13(19-14(20)9-17)8-12-2-1-7-22-12/h1-7,13H,8-9H2,(H,18,21)(H,19,20)","UGCWMQRONHWPHO-UHFFFAOYSA-N"
10619119,"pyraflufen",383.989136,"C13H9Cl2F3N2O4","FC(F)Oc1c(Cl)c(nn1C)c2cc(OCC(O)=O)c(Cl)cc2F","InChI=1S/C13H9Cl2F3N2O4/c1-20-12(24-13(17)18)10(15)11(19-20)5-2-8(23-4-9(21)22)6(14)3-7(5)16/h2-3,13H,4H2,1H3,(H,21,22)","YXIIPOGUBVYZIW-UHFFFAOYSA-N"
10835319,"2,2-Diphenyl-6-(trichloromethyl)-1,3,5,2lambda~5~-triazaphosphinin-4-amine",383.986511,"C15H12Cl3N4P","c1ccc(cc1)P2(=NC(=NC(=N2)C(Cl)(Cl)Cl)N)c3ccccc3","InChI=1S/C15H12Cl3N4P/c16-15(17,18)13-20-14(19)22-23(21-13,11-7-3-1-4-8-11)12-9-5-2-6-10-12/h1-10H,(H2,19,20,21)","DFPJGMAQVWZGIV-UHFFFAOYSA-N"
11732728,"[2-(3-Thienyl)-1,3-thiazol-4-yl]methyl 2-[(difluoromethyl)sulfanyl]nicotinate",383.987244,"C15H10F2N2O2S3","c1cc(c(nc1)SC(F)F)C(=O)OCc2csc(n2)c3ccsc3","InChI=1S/C15H10F2N2O2S3/c16-15(17)24-13-11(2-1-4-18-13)14(20)21-6-10-8-23-12(19-10)9-3-5-22-7-9/h1-5,7-8,15H,6H2","FTTIOMUKFWRFIW-UHFFFAOYSA-N"
12250430,"2-Amino-N'-[(Z)-(3-bromo-4-hydroxy-5-methoxyphenyl)methylene]-4-methyl-1,3-thiazole-5-carbohydrazide",383.989166,"C13H13BrN4O3S","Cc1c(sc(n1)N)C(=O)N/N=C\c2cc(c(c(c2)Br)O)OC","InChI=1S/C13H13BrN4O3S/c1-6-11(22-13(15)17-6)12(20)18-16-5-7-3-8(14)10(19)9(4-7)21-2/h3-5,19H,1-2H3,(H2,15,17)(H,18,20)/b16-5-","SZZHRTUXTBISOV-BNCCVWRVSA-N"
12251007,"(2E)-2-(1H-Benzimidazol-2-yl)-3-(3-bromo-4-hydroxy-5-nitrophenyl)acrylonitrile",383.985809,"C16H9BrN4O3","c1ccc2c(c1)[nH]c(n2)/C(=C/c3cc(c(c(c3)Br)O)[N+](=O)[O-])/C#N","InChI=1S/C16H9BrN4O3/c17-11-6-9(7-14(15(11)22)21(23)24)5-10(8-18)16-19-12-3-1-2-4-13(12)20-16/h1-7,22H,(H,19,20)/b10-5+","JEBHOMBMQFZBGM-BJMVGYQFSA-N"
12268703,"4-[(E)-(3-Bromo-5-ethoxy-4-hydroxybenzylidene)amino]-6-methyl-3-thioxo-3,4-dihydro-1,2,4-triazin-5(2H)-one",383.989166,"C13H13BrN4O3S","CCOc1cc(cc(c1O)Br)/C=N/n2c(=O)c(n[nH]c2=S)C","InChI=1S/C13H13BrN4O3S/c1-3-21-10-5-8(4-9(14)11(10)19)6-15-18-12(20)7(2)16-17-13(18)22/h4-6,19H,3H2,1-2H3,(H,17,22)/b15-6+","BAGSIYHXZIDVHV-GIDUJCDVSA-N"
12525308,"[5-(Difluoromethyl)-5-hydroxy-3-methyl-4,5-dihydro-1H-pyrazol-1-yl](4-iodo-1-methyl-1H-pyrazol-3-yl)methanone",383.989471,"C10H11F2IN4O2","CC1=NN(C(C1)(C(F)F)O)C(=O)c2c(cn(n2)C)I","InChI=1S/C10H11F2IN4O2/c1-5-3-10(19,9(11)12)17(14-5)8(18)7-6(13)4-16(2)15-7/h4,9,19H,3H2,1-2H3","OQLYBIQYBPRHKA-UHFFFAOYSA-N"
12545840,"3-(2,4-Dichlorophenyl)thieno[3',2':5,6]pyrimido[2,1-a]isoindol-4(10H)-one",383.989075,"C19H10Cl2N2OS","c1ccc-2c(c1)Cn3c2nc(=O)c4c3scc4c5ccc(cc5Cl)Cl","InChI=1S/C19H10Cl2N2OS/c20-11-5-6-13(15(21)7-11)14-9-25-19-16(14)18(24)22-17-12-4-2-1-3-10(12)8-23(17)19/h1-7,9H,8H2","PGOAZUGSEWRKTB-UHFFFAOYSA-N"
12966176,"2-Methoxyphenyl 3-iodo-4-methoxybenzoate",383.98584,"C15H13IO4","COc1ccccc1OC(=O)c2ccc(c(c2)I)OC","InChI=1S/C15H13IO4/c1-18-12-8-7-10(9-11(12)16)15(17)20-14-6-4-3-5-13(14)19-2/h3-9H,1-2H3","HIJQGVCTQXZPRN-UHFFFAOYSA-N"
16863137,"3,4,5-Trichloro-N-(1,1-dioxidotetrahydro-3-thiophenyl)-N-propyl-2-pyridinecarboxamide",383.986908,"C13H15Cl3N2O3S","CCCN(C1CCS(=O)(=O)C1)C(=O)c2c(c(c(cn2)Cl)Cl)Cl","InChI=1S/C13H15Cl3N2O3S/c1-2-4-18(8-3-5-22(20,21)7-8)13(19)12-11(16)10(15)9(14)6-17-12/h6,8H,2-5,7H2,1H3","WLLCJSBFUPBGAR-UHFFFAOYSA-N"
16941609,"1-[(4-Chlorobenzyl)amino]-1-oxo-2-propanyl 4-bromo-1H-pyrrole-2-carboxylate",383.98761,"C15H14BrClN2O3","CC(C(=O)NCc1ccc(cc1)Cl)OC(=O)c2cc(c[nH]2)Br","InChI=1S/C15H14BrClN2O3/c1-9(22-15(21)13-6-11(16)8-18-13)14(20)19-7-10-2-4-12(17)5-3-10/h2-6,8-9,18H,7H2,1H3,(H,19,20)","IJOXNWXKZGNGOA-UHFFFAOYSA-N"
16941614,"1-[(2-Chlorobenzyl)amino]-1-oxo-2-propanyl 4-bromo-1H-pyrrole-2-carboxylate",383.98761,"C15H14BrClN2O3","CC(C(=O)NCc1ccccc1Cl)OC(=O)c2cc(c[nH]2)Br","InChI=1S/C15H14BrClN2O3/c1-9(22-15(21)13-6-11(16)8-18-13)14(20)19-7-10-4-2-3-5-12(10)17/h2-6,8-9,18H,7H2,1H3,(H,19,20)","SMOHWHYOIVATAW-UHFFFAOYSA-N"
17017698,"2-(2-Bromo-4-chlorophenoxy)-N-[(2-methoxy-4-pyridinyl)methyl]acetamide",383.98761,"C15H14BrClN2O3","COc1cc(ccn1)CNC(=O)COc2ccc(cc2Br)Cl","InChI=1S/C15H14BrClN2O3/c1-21-15-6-10(4-5-18-15)8-19-14(20)9-22-13-3-2-11(17)7-12(13)16/h2-7H,8-9H2,1H3,(H,19,20)","YZXGIWHCTLWYOT-UHFFFAOYSA-N"
17030623,"N~2~-(1,1-Dioxidotetrahydro-3-thiophenyl)-N~2~-methyl-N-(2,4,6-trichlorophenyl)glycinamide",383.986908,"C13H15Cl3N2O3S","CN(CC(=O)Nc1c(cc(cc1Cl)Cl)Cl)C2CCS(=O)(=O)C2","InChI=1S/C13H15Cl3N2O3S/c1-18(9-2-3-22(20,21)7-9)6-12(19)17-13-10(15)4-8(14)5-11(13)16/h4-5,9H,2-3,6-7H2,1H3,(H,17,19)","PPGAWUMSMSRVNI-UHFFFAOYSA-N"
17050361,"2-{[1-(3-Chlorophenyl)ethyl]amino}-2-oxoethyl 4-bromo-1H-pyrrole-2-carboxylate",383.98761,"C15H14BrClN2O3","CC(c1cccc(c1)Cl)NC(=O)COC(=O)c2cc(c[nH]2)Br","InChI=1S/C15H14BrClN2O3/c1-9(10-3-2-4-12(17)5-10)19-14(20)8-22-15(21)13-6-11(16)7-18-13/h2-7,9,18H,8H2,1H3,(H,19,20)","RUOKPYBYVOPCLX-UHFFFAOYSA-N"
17050391,"2-[(3-Chlorobenzyl)(methyl)amino]-2-oxoethyl 4-bromo-1H-pyrrole-2-carboxylate",383.98761,"C15H14BrClN2O3","CN(Cc1cccc(c1)Cl)C(=O)COC(=O)c2cc(c[nH]2)Br","InChI=1S/C15H14BrClN2O3/c1-19(8-10-3-2-4-12(17)5-10)14(20)9-22-15(21)13-6-11(16)7-18-13/h2-7,18H,8-9H2,1H3","TVKFACJEUYNOKQ-UHFFFAOYSA-N"
17050423,"2-{[2-(3-Chlorophenyl)ethyl]amino}-2-oxoethyl 4-bromo-1H-pyrrole-2-carboxylate",383.98761,"C15H14BrClN2O3","c1cc(cc(c1)Cl)CCNC(=O)COC(=O)c2cc(c[nH]2)Br","InChI=1S/C15H14BrClN2O3/c16-11-7-13(19-8-11)15(21)22-9-14(20)18-5-4-10-2-1-3-12(17)6-10/h1-3,6-8,19H,4-5,9H2,(H,18,20)","LFOVDDNRTDMTNJ-UHFFFAOYSA-N"
17122527,"3-Iodophenyl 3,5-dimethoxybenzoate",383.98584,"C15H13IO4","COc1cc(cc(c1)OC)C(=O)Oc2cccc(c2)I","InChI=1S/C15H13IO4/c1-18-13-6-10(7-14(9-13)19-2)15(17)20-12-5-3-4-11(16)8-12/h3-9H,1-2H3","LZLYWQPYYIOBGW-UHFFFAOYSA-N"
17512557,"4-{[(Z)-(3-Bromo-5-ethoxy-4-oxo-2,5-cyclohexadien-1-ylidene)methyl]amino}-6-methyl-3-thioxo-3,4-dihydro-1,2,4-triazin-5(2H)-one",383.989166,"C13H13BrN4O3S","CCOC1=C/C(=C/Nn2c(=O)c(n[nH]c2=S)C)/C=C(C1=O)Br","InChI=1S/C13H13BrN4O3S/c1-3-21-10-5-8(4-9(14)11(10)19)6-15-18-12(20)7(2)16-17-13(18)22/h4-6,15H,3H2,1-2H3,(H,17,22)/b8-6+","XNBHQIRCLYJXFI-SOFGYWHQSA-N"
17619056,"1,5-Dimethyl-4-phenyl-3-thioxo-2-(2,4,6-trichlorophenyl)-2,3-dihydro-1H-1,2,4-triazol-4-ium",383.989014,"C16H13Cl3N3S","Cc1n(n(c(=S)[n+]1c2ccccc2)c3c(cc(cc3Cl)Cl)Cl)C","InChI=1S/C16H13Cl3N3S/c1-10-20(2)22(15-13(18)8-11(17)9-14(15)19)16(23)21(10)12-6-4-3-5-7-12/h3-9H,1-2H3/q+1","GTHYHRLVIQOHCB-UHFFFAOYSA-N"
17619129,"4,5-Dimethyl-1-phenyl-3-thioxo-2-(2,4,6-trichlorophenyl)-2,3-dihydro-1H-1,2,4-triazol-4-ium",383.989014,"C16H13Cl3N3S","Cc1n(n(c(=S)[n+]1C)c2c(cc(cc2Cl)Cl)Cl)c3ccccc3","InChI=1S/C16H13Cl3N3S/c1-10-20(2)16(23)22(21(10)12-6-4-3-5-7-12)15-13(18)8-11(17)9-14(15)19/h3-9H,1-2H3/q+1","AVYLMWQFSPJSKU-UHFFFAOYSA-N"
17728606,"2-(1H-Benzoimidazol-2-yl)-3-(5-bromo-2-hydroxy-3-nitro-phenyl)-acrylonitrile",383.985809,"C16H9BrN4O3","c1ccc2c(c1)[nH]c(n2)/C(=C/c3cc(cc(c3O)[N+](=O)[O-])Br)/C#N","InChI=1S/C16H9BrN4O3/c17-11-6-9(15(22)14(7-11)21(23)24)5-10(8-18)16-19-12-3-1-2-4-13(12)20-16/h1-7,22H,(H,19,20)/b10-5+","OKEIXCLCNJQFOO-BJMVGYQFSA-N"
17941801,"(2E)-2-(1H-Benzimidazol-2-yl)-3-(3-bromo-2-hydroxy-5-nitrophenyl)acrylonitrile",383.985809,"C16H9BrN4O3","c1ccc2c(c1)[nH]c(n2)/C(=C/c3cc(cc(c3O)Br)[N+](=O)[O-])/C#N","InChI=1S/C16H9BrN4O3/c17-12-7-11(21(23)24)6-9(15(12)22)5-10(8-18)16-19-13-3-1-2-4-14(13)20-16/h1-7,22H,(H,19,20)/b10-5+","DCTVSFFLPIIOAZ-BJMVGYQFSA-N"
17943024,"(2Z)-2-[(5Z)-5-(4-Chlorobenzylidene)-4-oxo-4,5-dihydro-1,3-thiazol-2-yl]-3-(4-chlorophenyl)acrylonitrile",383.989075,"C19H10Cl2N2OS","c1cc(ccc1/C=C\2/C(=O)N=C(S2)/C(=C\c3ccc(cc3)Cl)/C#N)Cl","InChI=1S/C19H10Cl2N2OS/c20-15-5-1-12(2-6-15)9-14(11-22)19-23-18(24)17(25-19)10-13-3-7-16(21)8-4-13/h1-10H/b14-9-,17-10-","ZSQGJFSBOIKIQH-QDJKKUJYSA-N"
20531588,"2-Amino-N'-[(E)-(5-bromo-2-hydroxy-3-methoxyphenyl)methylene]-4-methyl-1,3-thiazole-5-carbohydrazide",383.989166,"C13H13BrN4O3S","Cc1c(sc(n1)N)C(=O)N/N=C/c2cc(cc(c2O)OC)Br","InChI=1S/C13H13BrN4O3S/c1-6-11(22-13(15)17-6)12(20)18-16-5-7-3-8(14)4-9(21-2)10(7)19/h3-5,19H,1-2H3,(H2,15,17)(H,18,20)/b16-5+","ASHPZNYLPGPJTI-FZSIALSZSA-N"
21109355,"1-(Methylsulfonyl)-N-(2,4,5-trichlorophenyl)-3-piperidinecarboxamide",383.986908,"C13H15Cl3N2O3S","CS(=O)(=O)N1CCCC(C1)C(=O)Nc2cc(c(cc2Cl)Cl)Cl","InChI=1S/C13H15Cl3N2O3S/c1-22(20,21)18-4-2-3-8(7-18)13(19)17-12-6-10(15)9(14)5-11(12)16/h5-6,8H,2-4,7H2,1H3,(H,17,19)","QKLGQAPXTPKZAF-UHFFFAOYSA-N"
21514095,"Methyl [4-(4-hydroxyphenoxy)-3-iodophenyl]acetate",383.98584,"C15H13IO4","COC(=O)Cc1ccc(c(c1)I)Oc2ccc(cc2)O","InChI=1S/C15H13IO4/c1-19-15(18)9-10-2-7-14(13(16)8-10)20-12-5-3-11(17)4-6-12/h2-8,17H,9H2,1H3","ISXBRCRUXPNHMS-UHFFFAOYSA-N"
21661451,"5-bromo-2-ethylsulfonyl-N-(6-methyl-2-pyridyl)pyrimidine-4-carboxamide",383.989166,"C13H13BrN4O3S","CCS(=O)(=O)c1ncc(c(n1)C(=O)Nc2cccc(n2)C)Br","InChI=1S/C13H13BrN4O3S/c1-3-22(20,21)13-15-7-9(14)11(18-13)12(19)17-10-6-4-5-8(2)16-10/h4-7H,3H2,1-2H3,(H,16,17,19)","XBPNSCLSMVXHRU-UHFFFAOYSA-N"
21719197,"N-{4-[(4-Bromo-2-chlorophenyl)amino]-4-oxobutyl}-2-furamide",383.98761,"C15H14BrClN2O3","c1cc(oc1)C(=O)NCCCC(=O)Nc2ccc(cc2Cl)Br","InChI=1S/C15H14BrClN2O3/c16-10-5-6-12(11(17)9-10)19-14(20)4-1-7-18-15(21)13-3-2-8-22-13/h2-3,5-6,8-9H,1,4,7H2,(H,18,21)(H,19,20)","VGHTYWPUEDKHQH-UHFFFAOYSA-N"
21817440,"(2E)-2-[(4-Bromophenyl)hydrazono]-2-cyano-N-(1,1-dioxidotetrahydro-3-thiophenyl)acetamide",383.989166,"C13H13BrN4O3S","c1cc(ccc1N/N=C(\C#N)/C(=O)NC2CCS(=O)(=O)C2)Br","InChI=1S/C13H13BrN4O3S/c14-9-1-3-10(4-2-9)17-18-12(7-15)13(19)16-11-5-6-22(20,21)8-11/h1-4,11,17H,5-6,8H2,(H,16,19)/b18-12+","ARNOLSSIMMTGGS-LDADJPATSA-N"
22110609,"5-Bromo-N-(2-{[1-(4-chlorophenyl)ethyl]amino}-2-oxoethyl)-2-furamide",383.98761,"C15H14BrClN2O3","CC(c1ccc(cc1)Cl)NC(=O)CNC(=O)c2ccc(o2)Br","InChI=1S/C15H14BrClN2O3/c1-9(10-2-4-11(17)5-3-10)19-14(20)8-18-15(21)12-6-7-13(16)22-12/h2-7,9H,8H2,1H3,(H,18,21)(H,19,20)","YYUNKWNBEGQWPX-UHFFFAOYSA-N"
22110686,"5-Bromo-N-(2-{[1-(2-chlorophenyl)ethyl]amino}-2-oxoethyl)-2-furamide",383.98761,"C15H14BrClN2O3","CC(c1ccccc1Cl)NC(=O)CNC(=O)c2ccc(o2)Br","InChI=1S/C15H14BrClN2O3/c1-9(10-4-2-3-5-11(10)17)19-14(20)8-18-15(21)12-6-7-13(16)22-12/h2-7,9H,8H2,1H3,(H,18,21)(H,19,20)","HKDNVPKNRFUIPM-UHFFFAOYSA-N"
22178049,"3,4-Dimethoxyphenyl 2-iodobenzoate",383.98584,"C15H13IO4","COc1ccc(cc1OC)OC(=O)c2ccccc2I","InChI=1S/C15H13IO4/c1-18-13-8-7-10(9-14(13)19-2)20-15(17)11-5-3-4-6-12(11)16/h3-9H,1-2H3","LZMRWVKNBDPIGH-UHFFFAOYSA-N"
22305003,"[5-(4-Chlorophenyl)-1,3,4-oxadiazol-2-yl]methyl 2-chloro-4,5-difluorobenzoate",383.988007,"C16H8Cl2F2N2O3","c1cc(ccc1c2nnc(o2)COC(=O)c3cc(c(cc3Cl)F)F)Cl","InChI=1S/C16H8Cl2F2N2O3/c17-9-3-1-8(2-4-9)15-22-21-14(25-15)7-24-16(23)10-5-12(19)13(20)6-11(10)18/h1-6H,7H2","NCAUKIYPEYSMTF-UHFFFAOYSA-N"
22338912,"2-[(2-Bromo-4-methylphenyl)amino]-2-oxoethyl 4-chloro-1-methyl-1H-pyrrole-2-carboxylate",383.98761,"C15H14BrClN2O3","Cc1ccc(c(c1)Br)NC(=O)COC(=O)c2cc(cn2C)Cl","InChI=1S/C15H14BrClN2O3/c1-9-3-4-12(11(16)5-9)18-14(20)8-22-15(21)13-6-10(17)7-19(13)2/h3-7H,8H2,1-2H3,(H,18,20)","IZBDRHDIZYEWIY-UHFFFAOYSA-N"
22447768,"N-{2-[(4-Bromo-2-methylphenyl)amino]-2-oxoethyl}-5-chloro-N-methyl-2-furamide",383.98761,"C15H14BrClN2O3","Cc1cc(ccc1NC(=O)CN(C)C(=O)c2ccc(o2)Cl)Br","InChI=1S/C15H14BrClN2O3/c1-9-7-10(16)3-4-11(9)18-14(20)8-19(2)15(21)12-5-6-13(17)22-12/h3-7H,8H2,1-2H3,(H,18,20)","FVSAICNSDSBVHL-UHFFFAOYSA-N"
23308611,"Methyl 3-iodo-4-(4-methoxyphenoxy)benzoate",383.98584,"C15H13IO4","COc1ccc(cc1)Oc2ccc(cc2I)C(=O)OC","InChI=1S/C15H13IO4/c1-18-11-4-6-12(7-5-11)20-14-8-3-10(9-13(14)16)15(17)19-2/h3-9H,1-2H3","OJIKPEXTEILJFN-UHFFFAOYSA-N"
23622200,"Benzoic acid, 5-[2-chloro-4-(trifluoromethyl)phenoxy]-2-nitro-, sodium salt (1:1)",383.985718,"C14H7ClF3NNaO5","c1cc(c(cc1C(F)(F)F)Cl)Oc2ccc(c(c2)C(=O)O)[N+](=O)[O-].[Na+]","InChI=1S/C14H7ClF3NO5.Na/c15-10-5-7(14(16,17)18)1-4-12(10)24-8-2-3-11(19(22)23)9(6-8)13(20)21;/h1-6H,(H,20,21);/q;+1","RVULBHWZFCBODE-UHFFFAOYSA-N"
24368167,"5-Bromo-2-({[(4,5-dimethyl-4H-1,2,4-triazol-3-yl)sulfanyl]acetyl}amino)benzoic acid",383.989166,"C13H13BrN4O3S","Cc1nnc(n1C)SCC(=O)Nc2ccc(cc2C(=O)O)Br","InChI=1S/C13H13BrN4O3S/c1-7-16-17-13(18(7)2)22-6-11(19)15-10-4-3-8(14)5-9(10)12(20)21/h3-5H,6H2,1-2H3,(H,15,19)(H,20,21)","PRBXLAPEBBRBBB-UHFFFAOYSA-N"
24520648,"(6-{[(3-Chloro-4-fluorophenyl)sulfonyl]oxy}-1-benzofuran-3-yl)acetic acid",383.987061,"C16H10ClFO6S","c1cc2c(cc1OS(=O)(=O)c3ccc(c(c3)Cl)F)occ2CC(=O)O","InChI=1S/C16H10ClFO6S/c17-13-7-11(2-4-14(13)18)25(21,22)24-10-1-3-12-9(5-16(19)20)8-23-15(12)6-10/h1-4,6-8H,5H2,(H,19,20)","SOACYJNKUCNFOM-UHFFFAOYSA-N"
24667395,"5-Hydroxy-2-(iodomethyl)-3,3-dimethyl-2,3-dihydronaphtho[2,3-b]furan-4,9-dione",383.98584,"C15H13IO4","CC1(C(OC2=C1C(=O)c3c(cccc3O)C2=O)CI)C","InChI=1S/C15H13IO4/c1-15(2)9(6-16)20-14-11(15)13(19)10-7(12(14)18)4-3-5-8(10)17/h3-5,9,17H,6H2,1-2H3","ZSLPGYWIZNNKFX-UHFFFAOYSA-N"
24669277,"8-Hydroxy-2-(iodomethyl)-3,3-dimethyl-2,3-dihydronaphtho[2,3-b]furan-4,9-dione",383.98584,"C15H13IO4","CC1(C(OC2=C1C(=O)c3cccc(c3C2=O)O)CI)C","InChI=1S/C15H13IO4/c1-15(2)9(6-16)20-14-11(15)12(18)7-4-3-5-8(17)10(7)13(14)19/h3-5,9,17H,6H2,1-2H3","MXSCKQOKGKLBPY-UHFFFAOYSA-N"
24677381,"5-Hydroxy-2-(2-iodo-2-propanyl)-2,3-dihydronaphtho[2,3-b]furan-4,9-dione",383.98584,"C15H13IO4","CC(C)(C1CC2=C(O1)C(=O)c3cccc(c3C2=O)O)I","InChI=1S/C15H13IO4/c1-15(2,16)10-6-8-12(18)11-7(4-3-5-9(11)17)13(19)14(8)20-10/h3-5,10,17H,6H2,1-2H3","UNMOFBZMOPXICL-UHFFFAOYSA-N"
24795081,"3-(4-Bromophenyl)-5-oxo-4,5-dihydro[1,2,3]triazolo[1,5-a]quinazoline-8-carboxylic acid",383.985809,"C16H9BrN4O3","c1cc(ccc1c2c3[nH]c(=O)c4ccc(cc4n3nn2)C(=O)O)Br","InChI=1S/C16H9BrN4O3/c17-10-4-1-8(2-5-10)13-14-18-15(22)11-6-3-9(16(23)24)7-12(11)21(14)20-19-13/h1-7H,(H,18,22)(H,23,24)","WUBSXZZEXUMMGW-UHFFFAOYSA-N"
25070549,"3-Iodo-4-[(4-methoxybenzyl)oxy]benzoic acid",383.98584,"C15H13IO4","COc1ccc(cc1)COc2ccc(cc2I)C(=O)O","InChI=1S/C15H13IO4/c1-19-12-5-2-10(3-6-12)9-20-14-7-4-11(15(17)18)8-13(14)16/h2-8H,9H2,1H3,(H,17,18)","GBEYYYFORBXSRP-UHFFFAOYSA-N"
25146842,"2-(2-Amino-1,3-thiazol-4-yl)-N'-[(E)-(3-bromo-4-hydroxy-5-methoxyphenyl)methylene]acetohydrazide",383.989,"C13H13BrN4O3S","COc1cc(cc(c1O)Br)/C=N/NC(=O)Cc2csc(n2)N","InChI=1S/C13H13BrN4O3S/c1-21-10-3-7(2-9(14)12(10)20)5-16-18-11(19)4-8-6-22-13(15)17-8/h2-3,5-6,20H,4H2,1H3,(H2,15,17)(H,18,19)/b16-5+","MRWMFHGUHUQQHS-FZSIALSZSA-N"
25147558,"2-(2-Amino-1,3-thiazol-4-yl)-N'-[(E)-(5-bromo-2-hydroxy-3-methoxyphenyl)methylene]acetohydrazide",383.989,"C13H13BrN4O3S","COc1cc(cc(c1O)/C=N/NC(=O)Cc2csc(n2)N)Br","InChI=1S/C13H13BrN4O3S/c1-21-10-3-8(14)2-7(12(10)20)5-16-18-11(19)4-9-6-22-13(15)17-9/h2-3,5-6,20H,4H2,1H3,(H2,15,17)(H,18,19)/b16-5+","XKDJOUXRBNVIIM-FZSIALSZSA-N"
25148269,"2-(2-Amino-1,3-thiazol-4-yl)-N'-[(E)-(2-bromo-3-hydroxy-4-methoxyphenyl)methylene]acetohydrazide",383.989,"C13H13BrN4O3S","COc1ccc(c(c1O)Br)/C=N/NC(=O)Cc2csc(n2)N","InChI=1S/C13H13BrN4O3S/c1-21-9-3-2-7(11(14)12(9)20)5-16-18-10(19)4-8-6-22-13(15)17-8/h2-3,5-6,20H,4H2,1H3,(H2,15,17)(H,18,19)/b16-5+","BFUYXRHZEXUHEF-FZSIALSZSA-N"
26005509,"1-(3-Bromophenyl)-3-(5-chloro-2,4-dimethoxyphenyl)urea",383.98761,"C15H14BrClN2O3","COc1cc(c(cc1NC(=O)Nc2cccc(c2)Br)Cl)OC","InChI=1S/C15H14BrClN2O3/c1-21-13-8-14(22-2)12(7-11(13)17)19-15(20)18-10-5-3-4-9(16)6-10/h3-8H,1-2H3,(H2,18,19,20)","QJBNSTCVESILJY-UHFFFAOYSA-N"
26005510,"1-(3-Bromophenyl)-3-(4-chloro-2,5-dimethoxyphenyl)urea",383.98761,"C15H14BrClN2O3","COc1cc(c(cc1Cl)OC)NC(=O)Nc2cccc(c2)Br","InChI=1S/C15H14BrClN2O3/c1-21-13-8-12(14(22-2)7-11(13)17)19-15(20)18-10-5-3-4-9(16)6-10/h3-8H,1-2H3,(H2,18,19,20)","ALPMEMBQHCXLCK-UHFFFAOYSA-N"
26241999,"3-Bromo-N-(6-chloro-3-pyridinyl)-4-(2-methoxyethoxy)benzamide",383.98761,"C15H14BrClN2O3","COCCOc1ccc(cc1Br)C(=O)Nc2ccc(nc2)Cl","InChI=1S/C15H14BrClN2O3/c1-21-6-7-22-13-4-2-10(8-12(13)16)15(20)19-11-3-5-14(17)18-9-11/h2-5,8-9H,6-7H2,1H3,(H,19,20)","HSCBQMPOGMEYCE-UHFFFAOYSA-N"
26242001,"5-Bromo-N-(6-chloro-3-pyridinyl)-2-(2-methoxyethoxy)benzamide",383.98761,"C15H14BrClN2O3","COCCOc1ccc(cc1C(=O)Nc2ccc(nc2)Cl)Br","InChI=1S/C15H14BrClN2O3/c1-21-6-7-22-13-4-2-10(16)8-12(13)15(20)19-11-3-5-14(17)18-9-11/h2-5,8-9H,6-7H2,1H3,(H,19,20)","VJMOQHISBZTNQG-UHFFFAOYSA-N"
26344920,"[6,7-Dichloro-3-(difluoromethyl)-1,4-dioxido-2-quinoxalinyl](phenyl)methanone",383.988007,"C16H8Cl2F2N2O3","c1ccc(cc1)C(=O)c2c([n+](c3cc(c(cc3[n+]2[O-])Cl)Cl)[O-])C(F)F","InChI=1S/C16H8Cl2F2N2O3/c17-9-6-11-12(7-10(9)18)22(25)14(16(19)20)13(21(11)24)15(23)8-4-2-1-3-5-8/h1-7,16H","UKJWWVFRUYHVST-UHFFFAOYSA-N"
26617358,"6-[(E)-(4-Chlorophenyl)diazenyl]-7-methyl-5-oxo-5H-[1,3,4]thiadiazolo[3,2-a]pyrimidine-2-sulfonamide",383.986603,"C12H9ClN6O3S2","Cc1c(c(=O)n2c(n1)sc(n2)S(=O)(=O)N)/N=N/c3ccc(cc3)Cl","InChI=1S/C12H9ClN6O3S2/c1-6-9(17-16-8-4-2-7(13)3-5-8)10(20)19-11(15-6)23-12(18-19)24(14,21)22/h2-5H,1H3,(H2,14,21,22)/b17-16+","ONIOPGSVAOMVAU-WUKNDPDISA-N"
26629372,"Ethyl 3-(3,4,5-trifluorophenyl)-1-benzoselenophene-2-carboxylate",383.98764,"C17H11F3O2Se","CCOC(=O)c1c(c2ccccc2[se]1)c3cc(c(c(c3)F)F)F","InChI=1S/C17H11F3O2Se/c1-2-22-17(21)16-14(10-5-3-4-6-13(10)23-16)9-7-11(18)15(20)12(19)8-9/h3-8H,2H2,1H3","YGBMLRKHOLBMEQ-UHFFFAOYSA-N"
27344200,"N-(6-Bromo[1,2,4]triazolo[4,3-a]pyridin-8-yl)-2-oxo-2H-chromene-3-carboxamide",383.985809,"C16H9BrN4O3","c1ccc2c(c1)cc(c(=O)o2)C(=O)Nc3cc(cn4c3nnc4)Br","InChI=1S/C16H9BrN4O3/c17-10-6-12(14-20-18-8-21(14)7-10)19-15(22)11-5-9-3-1-2-4-13(9)24-16(11)23/h1-8H,(H,19,22)","VGQYWKVSGMWVEB-UHFFFAOYSA-N"
27353977,"2-(5-Bromo-2-oxo-1(2H)-pyridinyl)-N-(5-chloro-2-methoxyphenyl)propanamide",383.98761,"C15H14BrClN2O3","CC(C(=O)Nc1cc(ccc1OC)Cl)n2cc(ccc2=O)Br","InChI=1S/C15H14BrClN2O3/c1-9(19-8-10(16)3-6-14(19)20)15(21)18-12-7-11(17)4-5-13(12)22-2/h3-9H,1-2H3,(H,18,21)","BIDKFTWQDZCVPZ-UHFFFAOYSA-N"
27353982,"2-(5-Bromo-2-oxo-1(2H)-pyridinyl)-N-(3-chloro-4-methoxyphenyl)propanamide",383.98761,"C15H14BrClN2O3","CC(C(=O)Nc1ccc(c(c1)Cl)OC)n2cc(ccc2=O)Br","InChI=1S/C15H14BrClN2O3/c1-9(19-8-10(16)3-6-14(19)20)15(21)18-11-4-5-13(22-2)12(17)7-11/h3-9H,1-2H3,(H,18,21)","PXCGSOZWNUKXTO-UHFFFAOYSA-N"
27353995,"2-(5-Bromo-2-oxo-1(2H)-pyridinyl)-N-(4-chloro-2-methoxy-5-methylphenyl)acetamide",383.98761,"C15H14BrClN2O3","Cc1cc(c(cc1Cl)OC)NC(=O)Cn2cc(ccc2=O)Br","InChI=1S/C15H14BrClN2O3/c1-9-5-12(13(22-2)6-11(9)17)18-14(20)8-19-7-10(16)3-4-15(19)21/h3-7H,8H2,1-2H3,(H,18,20)","ODBYENDFIXCWBL-UHFFFAOYSA-N"
27354135,"2-(5-Bromo-2-oxo-1(2H)-pyridinyl)-N-[5-(tetrahydro-2-furanyl)-1,3,4-thiadiazol-2-yl]acetamide",383.989166,"C13H13BrN4O3S","c1cc(=O)n(cc1Br)CC(=O)Nc2nnc(s2)C3CCCO3","InChI=1S/C13H13BrN4O3S/c14-8-3-4-11(20)18(6-8)7-10(19)15-13-17-16-12(22-13)9-2-1-5-21-9/h3-4,6,9H,1-2,5,7H2,(H,15,17,19)","IYVVOCANVYZJFY-UHFFFAOYSA-N"
27355799,"2-(5-Bromo-3-methyl-2-oxo-1(2H)-pyridinyl)-N-(3-chloro-4-methoxyphenyl)acetamide",383.98761,"C15H14BrClN2O3","Cc1cc(cn(c1=O)CC(=O)Nc2ccc(c(c2)Cl)OC)Br","InChI=1S/C15H14BrClN2O3/c1-9-5-10(16)7-19(15(9)21)8-14(20)18-11-3-4-13(22-2)12(17)6-11/h3-7H,8H2,1-2H3,(H,18,20)","RRBPGCKJJWHXEX-UHFFFAOYSA-N"
27355804,"2-(5-Bromo-3-methyl-2-oxo-1(2H)-pyridinyl)-N-(5-chloro-2-methoxyphenyl)acetamide",383.98761,"C15H14BrClN2O3","Cc1cc(cn(c1=O)CC(=O)Nc2cc(ccc2OC)Cl)Br","InChI=1S/C15H14BrClN2O3/c1-9-5-10(16)7-19(15(9)21)8-14(20)18-12-6-11(17)3-4-13(12)22-2/h3-7H,8H2,1-2H3,(H,18,20)","VNWMIXSNSUWHLR-UHFFFAOYSA-N"
27356112,"2-(3-Bromo-5-methyl-2-oxo-1(2H)-pyridinyl)-N-(3-chloro-4-methoxyphenyl)acetamide",383.98761,"C15H14BrClN2O3","Cc1cc(c(=O)n(c1)CC(=O)Nc2ccc(c(c2)Cl)OC)Br","InChI=1S/C15H14BrClN2O3/c1-9-5-11(16)15(21)19(7-9)8-14(20)18-10-3-4-13(22-2)12(17)6-10/h3-7H,8H2,1-2H3,(H,18,20)","KYEDONPSBFWRHA-UHFFFAOYSA-N"
27356117,"2-(3-Bromo-5-methyl-2-oxo-1(2H)-pyridinyl)-N-(5-chloro-2-methoxyphenyl)acetamide",383.98761,"C15H14BrClN2O3","Cc1cc(c(=O)n(c1)CC(=O)Nc2cc(ccc2OC)Cl)Br","InChI=1S/C15H14BrClN2O3/c1-9-5-11(16)15(21)19(7-9)8-14(20)18-12-6-10(17)3-4-13(12)22-2/h3-7H,8H2,1-2H3,(H,18,20)","IIKISOWDTZWZFU-UHFFFAOYSA-N"
27421461,"4-[(4-Iodobenzyl)oxy]-3-methoxybenzoic acid",383.98584,"C15H13IO4","COc1cc(ccc1OCc2ccc(cc2)I)C(=O)O","InChI=1S/C15H13IO4/c1-19-14-8-11(15(17)18)4-7-13(14)20-9-10-2-5-12(16)6-3-10/h2-8H,9H2,1H3,(H,17,18)","TULKPPNPZRZNIV-UHFFFAOYSA-N"
28564189,"Dimethyl[1-(trimethylstannyl)-1H-inden-1-yl]arsine",383.988129,"C14H21AsSn","C[As](C)C1(C=Cc2c1cccc2)[Sn](C)(C)C","InChI=1S/C11H12As.3CH3.Sn/c1-12(2)11-8-7-9-5-3-4-6-10(9)11;;;;/h3-8H,1-2H3;3*1H3;","WIGKVJRURVLIFZ-UHFFFAOYSA-N"
28671596,"6,6'-Diphenyl-4,4'-bi-1,2,3-dithiazine",383.988342,"C18H12N2S4","c1ccc(cc1)C2=CC(=NSS2)C3=NSSC(=C3)c4ccccc4","InChI=1S/C18H12N2S4/c1-3-7-13(8-4-1)17-11-15(19-23-21-17)16-12-18(22-24-20-16)14-9-5-2-6-10-14/h1-12H","VDRXGPYRPXRIGK-UHFFFAOYSA-N"
29378575,"6-Bromo-8-nitro-2-phenyl-1,2-dihydro-3H-pyrazolo[4,3-c]quinolin-3-one",383.985809,"C16H9BrN4O3","c1ccc(cc1)n2c(=O)c3cnc4c(c3[nH]2)cc(cc4Br)[N+](=O)[O-]","InChI=1S/C16H9BrN4O3/c17-13-7-10(21(23)24)6-11-14-12(8-18-15(11)13)16(22)20(19-14)9-4-2-1-3-5-9/h1-8,19H","SQQUSVIIUGBAIO-UHFFFAOYSA-N"
29543736,"Ethyl 4-(bromoacetyl)-1-(4-chlorophenyl)-5-methyl-1H-pyrazole-3-carboxylate",383.98761,"C15H14BrClN2O3","CCOC(=O)c1c(c(n(n1)c2ccc(cc2)Cl)C)C(=O)CBr","InChI=1S/C15H14BrClN2O3/c1-3-22-15(21)14-13(12(20)8-16)9(2)19(18-14)11-6-4-10(17)5-7-11/h4-7H,3,8H2,1-2H3","WLQKJMOSQTVZLW-UHFFFAOYSA-N"
29795659,"2-[(4-Bromophenyl)hydrazono]-2-cyano-N-(1,1-dioxidotetrahydro-3-thiophenyl)acetamide",383.989166,"C13H13BrN4O3S","c1cc(ccc1NN=C(C#N)C(=O)NC2CCS(=O)(=O)C2)Br","InChI=1S/C13H13BrN4O3S/c14-9-1-3-10(4-2-9)17-18-12(7-15)13(19)16-11-5-6-22(20,21)8-11/h1-4,11,17H,5-6,8H2,(H,16,19)","ARNOLSSIMMTGGS-UHFFFAOYSA-N"
29980782,"1-(3-Bromophenyl)-N-(1,1-dioxidotetrahydro-3-thiophenyl)-1H-1,2,3-triazole-4-carboxamide",383.989166,"C13H13BrN4O3S","c1cc(cc(c1)Br)n2cc(nn2)C(=O)NC3CCS(=O)(=O)C3","InChI=1S/C13H13BrN4O3S/c14-9-2-1-3-11(6-9)18-7-12(16-17-18)13(19)15-10-4-5-22(20,21)8-10/h1-3,6-7,10H,4-5,8H2,(H,15,19)","PMNNESQUGWWHHM-UHFFFAOYSA-N"
30195399,"1-(2-Bromophenyl)-N-(1,1-dioxidotetrahydro-3-thiophenyl)-1H-1,2,3-triazole-4-carboxamide",383.989166,"C13H13BrN4O3S","c1ccc(c(c1)n2cc(nn2)C(=O)NC3CCS(=O)(=O)C3)Br","InChI=1S/C13H13BrN4O3S/c14-10-3-1-2-4-12(10)18-7-11(16-17-18)13(19)15-9-5-6-22(20,21)8-9/h1-4,7,9H,5-6,8H2,(H,15,19)","DJUWGJVGNGRMKI-UHFFFAOYSA-N"
30384794,"1-{5-Bromo-3-chloro-2-[(5-cyclobutyl-1,3,4-oxadiazol-2-yl)methoxy]phenyl}ethanone",383.98761,"C15H14BrClN2O3","CC(=O)c1cc(cc(c1OCc2nnc(o2)C3CCC3)Cl)Br","InChI=1S/C15H14BrClN2O3/c1-8(20)11-5-10(16)6-12(17)14(11)21-7-13-18-19-15(22-13)9-3-2-4-9/h5-6,9H,2-4,7H2,1H3","OPLIKFOSGJJELH-UHFFFAOYSA-N"
30410946,"N-{4-[Bis(cyanomethyl)sulfamoyl]-2-bromo-5-methylphenyl}acetamide",383.989166,"C13H13BrN4O3S","Cc1cc(c(cc1S(=O)(=O)N(CC#N)CC#N)Br)NC(=O)C","InChI=1S/C13H13BrN4O3S/c1-9-7-12(17-10(2)19)11(14)8-13(9)22(20,21)18(5-3-15)6-4-16/h7-8H,5-6H2,1-2H3,(H,17,19)","IWQSIJNWAUXCNU-UHFFFAOYSA-N"
30537042,"5-Bromo-N-{1-[(3-chloro-2-methylphenyl)amino]-1-oxo-2-propanyl}-2-furamide",383.98761,"C15H14BrClN2O3","Cc1c(cccc1Cl)NC(=O)C(C)NC(=O)c2ccc(o2)Br","InChI=1S/C15H14BrClN2O3/c1-8-10(17)4-3-5-11(8)19-14(20)9(2)18-15(21)12-6-7-13(16)22-12/h3-7,9H,1-2H3,(H,18,21)(H,19,20)","FHECNRIQPMUOIY-UHFFFAOYSA-N"
30678110,"2-(4-{[(5-Chloro-2-thienyl)sulfonyl]amino}phenyl)-2H-tetrazole-5-carboxamide",383.986603,"C12H9ClN6O3S2","c1cc(ccc1NS(=O)(=O)c2ccc(s2)Cl)n3nc(nn3)C(=O)N","InChI=1S/C12H9ClN6O3S2/c13-9-5-6-10(23-9)24(21,22)17-7-1-3-8(4-2-7)19-16-12(11(14)20)15-18-19/h1-6,17H,(H2,14,20)","XBTOXUGSAJQAMF-UHFFFAOYSA-N"
30714109,"5-Bromo-2-chloro-N-(2,3-dimethoxybenzyl)nicotinamide",383.98761,"C15H14BrClN2O3","COc1cccc(c1OC)CNC(=O)c2cc(cnc2Cl)Br","InChI=1S/C15H14BrClN2O3/c1-21-12-5-3-4-9(13(12)22-2)7-19-15(20)11-6-10(16)8-18-14(11)17/h3-6,8H,7H2,1-2H3,(H,19,20)","ZKEFLDZOFHLJAY-UHFFFAOYSA-N"
30752060,"(5-Bromo-2-furyl){4-[(5-chloro-2-pyridinyl)oxy]-1-piperidinyl}methanone",383.98761,"C15H14BrClN2O3","c1cc(ncc1Cl)OC2CCN(CC2)C(=O)c3ccc(o3)Br","InChI=1S/C15H14BrClN2O3/c16-13-3-2-12(22-13)15(20)19-7-5-11(6-8-19)21-14-4-1-10(17)9-18-14/h1-4,9,11H,5-8H2","JSJJTMBTBGXYIJ-UHFFFAOYSA-N"
31009669,"4-[(3-Bromophenyl)amino]-N-(methylcarbamoyl)-3-pyridinesulfonamide",383.989166,"C13H13BrN4O3S","CNC(=O)NS(=O)(=O)c1cnccc1Nc2cccc(c2)Br","InChI=1S/C13H13BrN4O3S/c1-15-13(19)18-22(20,21)12-8-16-6-5-11(12)17-10-4-2-3-9(14)7-10/h2-8H,1H3,(H,16,17)(H2,15,18,19)","IBUYTXOOQYQAOD-UHFFFAOYSA-N"
31017923,"2-Amino-N'-[(E)-(3-bromo-4-hydroxy-5-methoxyphenyl)methylene]-4-methyl-1,3-thiazole-5-carbohydrazide",383.989166,"C13H13BrN4O3S","Cc1c(sc(n1)N)C(=O)N/N=C/c2cc(c(c(c2)Br)O)OC","InChI=1S/C13H13BrN4O3S/c1-6-11(22-13(15)17-6)12(20)18-16-5-7-3-8(14)10(19)9(4-7)21-2/h3-5,19H,1-2H3,(H2,15,17)(H,18,20)/b16-5+","SZZHRTUXTBISOV-FZSIALSZSA-N"
31207511,"4-Bromo-N-(5-isobutyl-1,3,4-thiadiazol-2-yl)-3-nitrobenzamide",383.989166,"C13H13BrN4O3S","CC(C)Cc1nnc(s1)NC(=O)c2ccc(c(c2)[N+](=O)[O-])Br","InChI=1S/C13H13BrN4O3S/c1-7(2)5-11-16-17-13(22-11)15-12(19)8-3-4-9(14)10(6-8)18(20)21/h3-4,6-7H,5H2,1-2H3,(H,15,17,19)","OXUFVAIKAAZEMO-UHFFFAOYSA-N"
31250512,"2-(5,6-Dichloro-1,3-dioxo-1,3-dihydro-2H-isoindol-2-yl)-N-(2,5-difluorophenyl)acetamide",383.988007,"C16H8Cl2F2N2O3","c1cc(c(cc1F)NC(=O)CN2C(=O)c3cc(c(cc3C2=O)Cl)Cl)F","InChI=1S/C16H8Cl2F2N2O3/c17-10-4-8-9(5-11(10)18)16(25)22(15(8)24)6-14(23)21-13-3-7(19)1-2-12(13)20/h1-5H,6H2,(H,21,23)","ROKJAPSTJQHYLH-UHFFFAOYSA-N"
31250534,"2-(5,6-Dichloro-1,3-dioxo-1,3-dihydro-2H-isoindol-2-yl)-N-(3,4-difluorophenyl)acetamide",383.988007,"C16H8Cl2F2N2O3","c1cc(c(cc1NC(=O)CN2C(=O)c3cc(c(cc3C2=O)Cl)Cl)F)F","InChI=1S/C16H8Cl2F2N2O3/c17-10-4-8-9(5-11(10)18)16(25)22(15(8)24)6-14(23)21-7-1-2-12(19)13(20)3-7/h1-5H,6H2,(H,21,23)","CKYGDPRSTBDGNJ-UHFFFAOYSA-N"
31250536,"2-(5,6-Dichloro-1,3-dioxo-1,3-dihydro-2H-isoindol-2-yl)-N-(2,4-difluorophenyl)acetamide",383.988007,"C16H8Cl2F2N2O3","c1cc(c(cc1F)F)NC(=O)CN2C(=O)c3cc(c(cc3C2=O)Cl)Cl","InChI=1S/C16H8Cl2F2N2O3/c17-10-4-8-9(5-11(10)18)16(25)22(15(8)24)6-14(23)21-13-2-1-7(19)3-12(13)20/h1-5H,6H2,(H,21,23)","RXISBPDCKRIJAF-UHFFFAOYSA-N"
31278935,"2-Oxo-4-propyl-2H-chromen-7-yl 5-chloro-2-thiophenesulfonate",383.989288,"C16H13ClO5S2","CCCc1cc(=O)oc2c1ccc(c2)OS(=O)(=O)c3ccc(s3)Cl","InChI=1S/C16H13ClO5S2/c1-2-3-10-8-15(18)21-13-9-11(4-5-12(10)13)22-24(19,20)16-7-6-14(17)23-16/h4-9H,2-3H2,1H3","SQXBOYPEPPNPDX-UHFFFAOYSA-N"
31322308,"3-Bromo-N-(5-chloro-2-pyridinyl)-4-ethoxy-5-methoxybenzamide",383.98761,"C15H14BrClN2O3","CCOc1c(cc(cc1Br)C(=O)Nc2ccc(cn2)Cl)OC","InChI=1S/C15H14BrClN2O3/c1-3-22-14-11(16)6-9(7-12(14)21-2)15(20)19-13-5-4-10(17)8-18-13/h4-8H,3H2,1-2H3,(H,18,19,20)","NNOYVTGVEGGSPU-UHFFFAOYSA-N"
31336910,"4-Bromo-N-(5-butyl-1,3,4-thiadiazol-2-yl)-3-nitrobenzamide",383.989166,"C13H13BrN4O3S","CCCCc1nnc(s1)NC(=O)c2ccc(c(c2)[N+](=O)[O-])Br","InChI=1S/C13H13BrN4O3S/c1-2-3-4-11-16-17-13(22-11)15-12(19)8-5-6-9(14)10(7-8)18(20)21/h5-7H,2-4H2,1H3,(H,15,17,19)","PNMBEDHDXJJLPU-UHFFFAOYSA-N"
31381301,"5-Bromo-N-{2-[(4-chlorobenzyl)(methyl)amino]-2-oxoethyl}-2-furamide",383.98761,"C15H14BrClN2O3","CN(Cc1ccc(cc1)Cl)C(=O)CNC(=O)c2ccc(o2)Br","InChI=1S/C15H14BrClN2O3/c1-19(9-10-2-4-11(17)5-3-10)14(20)8-18-15(21)12-6-7-13(16)22-12/h2-7H,8-9H2,1H3,(H,18,21)","QKBKPGSGBQSCLI-UHFFFAOYSA-N"
31382464,"5-Bromo-N-{2-[(3-chlorobenzyl)(methyl)amino]-2-oxoethyl}-2-furamide",383.98761,"C15H14BrClN2O3","CN(Cc1cccc(c1)Cl)C(=O)CNC(=O)c2ccc(o2)Br","InChI=1S/C15H14BrClN2O3/c1-19(9-10-3-2-4-11(17)7-10)14(20)8-18-15(21)12-5-6-13(16)22-12/h2-7H,8-9H2,1H3,(H,18,21)","YRLGUYLHOATVGP-UHFFFAOYSA-N"
31386021,"5-Bromo-N-(2-{[1-(3-chlorophenyl)ethyl]amino}-2-oxoethyl)-2-furamide",383.98761,"C15H14BrClN2O3","CC(c1cccc(c1)Cl)NC(=O)CNC(=O)c2ccc(o2)Br","InChI=1S/C15H14BrClN2O3/c1-9(10-3-2-4-11(17)7-10)19-14(20)8-18-15(21)12-5-6-13(16)22-12/h2-7,9H,8H2,1H3,(H,18,21)(H,19,20)","HYEZFFZQVODSSF-UHFFFAOYSA-N"
31452444,"2-[(5-Bromo-2-thienyl)carbonyl]-N-[(6-methoxy-3-pyridinyl)methyl]hydrazinecarboxamide",383.989166,"C13H13BrN4O3S","COc1ccc(cn1)CNC(=O)NNC(=O)c2ccc(s2)Br","InChI=1S/C13H13BrN4O3S/c1-21-11-5-2-8(6-15-11)7-16-13(20)18-17-12(19)9-3-4-10(14)22-9/h2-6H,7H2,1H3,(H,17,19)(H2,16,18,20)","ZJFXNYVYEHTXCI-UHFFFAOYSA-N"
31505160,"2-(5-Bromo-2-oxo-1(2H)-pyridinyl)-N-[2-(4-chlorophenoxy)ethyl]acetamide",383.98761,"C15H14BrClN2O3","c1cc(ccc1OCCNC(=O)Cn2cc(ccc2=O)Br)Cl","InChI=1S/C15H14BrClN2O3/c16-11-1-6-15(21)19(9-11)10-14(20)18-7-8-22-13-4-2-12(17)3-5-13/h1-6,9H,7-8,10H2,(H,18,20)","YSVMQFYTSGSWLN-UHFFFAOYSA-N"
31558627,"3-(5-Bromo-2-oxo-1(2H)-pyridinyl)-N-(5-chloro-2-methoxyphenyl)propanamide",383.98761,"C15H14BrClN2O3","COc1ccc(cc1NC(=O)CCn2cc(ccc2=O)Br)Cl","InChI=1S/C15H14BrClN2O3/c1-22-13-4-3-11(17)8-12(13)18-14(20)6-7-19-9-10(16)2-5-15(19)21/h2-5,8-9H,6-7H2,1H3,(H,18,20)","ISDVIFYWLAETBG-UHFFFAOYSA-N"
31575243,"5-Bromo-N-{1-oxo-1-[2-(1H-pyrrol-2-ylcarbonyl)hydrazino]-2-propanyl}-2-thiophenecarboxamide",383.989166,"C13H13BrN4O3S","CC(C(=O)NNC(=O)c1ccc[nH]1)NC(=O)c2ccc(s2)Br","InChI=1S/C13H13BrN4O3S/c1-7(16-13(21)9-4-5-10(14)22-9)11(19)17-18-12(20)8-3-2-6-15-8/h2-7,15H,1H3,(H,16,21)(H,17,19)(H,18,20)","ZWGIBKIHTCGACO-UHFFFAOYSA-N"
31577324,"5-Bromo-N-methyl-N-{2-oxo-2-[2-(1H-pyrrol-2-ylcarbonyl)hydrazino]ethyl}-2-thiophenecarboxamide",383.989166,"C13H13BrN4O3S","CN(CC(=O)NNC(=O)c1ccc[nH]1)C(=O)c2ccc(s2)Br","InChI=1S/C13H13BrN4O3S/c1-18(13(21)9-4-5-10(14)22-9)7-11(19)16-17-12(20)8-3-2-6-15-8/h2-6,15H,7H2,1H3,(H,16,19)(H,17,20)","LLNMLSMKRIMUOM-UHFFFAOYSA-N"
31596549,"4-Bromo-2-chloro-N-[6-(2-methoxyethoxy)-3-pyridinyl]benzamide",383.98761,"C15H14BrClN2O3","COCCOc1ccc(cn1)NC(=O)c2ccc(cc2Cl)Br","InChI=1S/C15H14BrClN2O3/c1-21-6-7-22-14-5-3-11(9-18-14)19-15(20)12-4-2-10(16)8-13(12)17/h2-5,8-9H,6-7H2,1H3,(H,19,20)","IIOZBBYQFFUEIZ-UHFFFAOYSA-N"
31598323,"5-Bromo-N-{2-[(2-chlorobenzoyl)amino]ethyl}-3-methyl-2-furamide",383.98761,"C15H14BrClN2O3","Cc1cc(oc1C(=O)NCCNC(=O)c2ccccc2Cl)Br","InChI=1S/C15H14BrClN2O3/c1-9-8-12(16)22-13(9)15(21)19-7-6-18-14(20)10-4-2-3-5-11(10)17/h2-5,8H,6-7H2,1H3,(H,18,20)(H,19,21)","YLSMOPGPPKZUKP-UHFFFAOYSA-N"
31616555,"5-Bromo-N-{2-[(3-chloro-2-methylphenyl)amino]-2-oxoethyl}-N-methyl-2-furamide",383.98761,"C15H14BrClN2O3","Cc1c(cccc1Cl)NC(=O)CN(C)C(=O)c2ccc(o2)Br","InChI=1S/C15H14BrClN2O3/c1-9-10(17)4-3-5-11(9)18-14(20)8-19(2)15(21)12-6-7-13(16)22-12/h3-7H,8H2,1-2H3,(H,18,20)","OXEUQUPJGMNYLA-UHFFFAOYSA-N"
31806674,"N-(2-Bromo-4,5-dimethoxybenzyl)-6-chloronicotinamide",383.98761,"C15H14BrClN2O3","COc1cc(c(cc1OC)Br)CNC(=O)c2ccc(nc2)Cl","InChI=1S/C15H14BrClN2O3/c1-21-12-5-10(11(16)6-13(12)22-2)8-19-15(20)9-3-4-14(17)18-7-9/h3-7H,8H2,1-2H3,(H,19,20)","UCRBWBQGDOTNCV-UHFFFAOYSA-N"
31845356,"1-(4-Bromo-2-chlorophenyl)-3-(2-hydroxy-3-methoxybenzyl)urea",383.98761,"C15H14BrClN2O3","COc1cccc(c1O)CNC(=O)Nc2ccc(cc2Cl)Br","InChI=1S/C15H14BrClN2O3/c1-22-13-4-2-3-9(14(13)20)8-18-15(21)19-12-6-5-10(16)7-11(12)17/h2-7,20H,8H2,1H3,(H2,18,19,21)","OIWQSHVTALZWBJ-UHFFFAOYSA-N"
31875768,"3-(5-Bromo-2-oxo-1(2H)-pyridinyl)-N-(3-chloro-4-methoxyphenyl)propanamide",383.98761,"C15H14BrClN2O3","COc1ccc(cc1Cl)NC(=O)CCn2cc(ccc2=O)Br","InChI=1S/C15H14BrClN2O3/c1-22-13-4-3-11(8-12(13)17)18-14(20)6-7-19-9-10(16)2-5-15(19)21/h2-5,8-9H,6-7H2,1H3,(H,18,20)","FJDHTHYWRVSSOG-UHFFFAOYSA-N"
31942512,"5-Bromo-2-chloro-N-[3-(2-methoxyethoxy)phenyl]nicotinamide",383.98761,"C15H14BrClN2O3","COCCOc1cccc(c1)NC(=O)c2cc(cnc2Cl)Br","InChI=1S/C15H14BrClN2O3/c1-21-5-6-22-12-4-2-3-11(8-12)19-15(20)13-7-10(16)9-18-14(13)17/h2-4,7-9H,5-6H2,1H3,(H,19,20)","YUABJBJPVOBVDJ-UHFFFAOYSA-N"
31949870,"3-(5-Bromo-2-oxo-1(2H)-pyridinyl)-N-(2-chloro-4-methoxyphenyl)propanamide",383.98761,"C15H14BrClN2O3","COc1ccc(c(c1)Cl)NC(=O)CCn2cc(ccc2=O)Br","InChI=1S/C15H14BrClN2O3/c1-22-11-3-4-13(12(17)8-11)18-14(20)6-7-19-9-10(16)2-5-15(19)21/h2-5,8-9H,6-7H2,1H3,(H,18,20)","CPEDXRVSQXKVMX-UHFFFAOYSA-N"
32100779,"4-Bromo-2-{(E)-[(3-chloro-4-methoxyphenyl)hydrazono]methyl}-6-methoxyphenol",383.98761,"C15H14BrClN2O3","COc1ccc(cc1Cl)N/N=C/c2cc(cc(c2O)OC)Br","InChI=1S/C15H14BrClN2O3/c1-21-13-4-3-11(7-12(13)17)19-18-8-9-5-10(16)6-14(22-2)15(9)20/h3-8,19-20H,1-2H3/b18-8+","ZEKZHLVAGROJBX-QGMBQPNBSA-N"
32100784,"2-Bromo-3-{(E)-[(3-chloro-4-methoxyphenyl)hydrazono]methyl}-6-methoxyphenol",383.98761,"C15H14BrClN2O3","COc1ccc(cc1Cl)N/N=C/c2ccc(c(c2Br)O)OC","InChI=1S/C15H14BrClN2O3/c1-21-12-6-4-10(7-11(12)17)19-18-8-9-3-5-13(22-2)15(20)14(9)16/h3-8,19-20H,1-2H3/b18-8+","NKZBINWHLUWQDC-QGMBQPNBSA-N"
32103594,"4-[(Z)-(5-Bromo-2,3-dimethoxybenzylidene)amino]-6-methyl-3-thioxo-3,4-dihydro-1,2,4-triazin-5(2H)-one",383.989166,"C13H13BrN4O3S","Cc1c(=O)n(c(nn1)S)/N=C\c2cc(cc(c2OC)OC)Br","InChI=1S/C13H13BrN4O3S/c1-7-12(19)18(13(22)17-16-7)15-6-8-4-9(14)5-10(20-2)11(8)21-3/h4-6H,1-3H3,(H,17,22)/b15-6-","YIWRJSNIKJXPAZ-UUASQNMZSA-N"
32103665,"4-[(Z)-(3-Bromo-4,5-dimethoxybenzylidene)amino]-6-methyl-3-thioxo-3,4-dihydro-1,2,4-triazin-5(2H)-one",383.989166,"C13H13BrN4O3S","Cc1c(=O)n(c(nn1)S)/N=C\c2cc(c(c(c2)Br)OC)OC","InChI=1S/C13H13BrN4O3S/c1-7-12(19)18(13(22)17-16-7)15-6-8-4-9(14)11(21-3)10(5-8)20-2/h4-6H,1-3H3,(H,17,22)/b15-6-","YOPJVFPKPNSMNL-UUASQNMZSA-N"
32103675,"4-[(Z)-(2-Bromo-3,4-dimethoxybenzylidene)amino]-6-methyl-3-thioxo-3,4-dihydro-1,2,4-triazin-5(2H)-one",383.989166,"C13H13BrN4O3S","Cc1c(=O)n(c(nn1)S)/N=C\c2ccc(c(c2Br)OC)OC","InChI=1S/C13H13BrN4O3S/c1-7-12(19)18(13(22)17-16-7)15-6-8-4-5-9(20-2)11(21-3)10(8)14/h4-6H,1-3H3,(H,17,22)/b15-6-","WKPICGFSJNVYCK-UUASQNMZSA-N"
32103696,"4-[(Z)-(3-Bromo-5-ethoxy-4-hydroxybenzylidene)amino]-6-methyl-3-thioxo-3,4-dihydro-1,2,4-triazin-5(2H)-one",383.989166,"C13H13BrN4O3S","CCOc1cc(cc(c1O)Br)/C=N\n2c(=O)c(nnc2S)C","InChI=1S/C13H13BrN4O3S/c1-3-21-10-5-8(4-9(14)11(10)19)6-15-18-12(20)7(2)16-17-13(18)22/h4-6,19H,3H2,1-2H3,(H,17,22)/b15-6-","BAGSIYHXZIDVHV-UUASQNMZSA-N"
32103736,"4-[(Z)-(5-Bromo-2-hydroxy-3-methoxybenzylidene)amino]-6-methyl-3-(methylsulfanyl)-1,2,4-triazin-5(4H)-one",383.989166,"C13H13BrN4O3S","Cc1c(=O)n(c(nn1)SC)/N=C\c2cc(cc(c2O)OC)Br","InChI=1S/C13H13BrN4O3S/c1-7-12(20)18(13(22-3)17-16-7)15-6-8-4-9(14)5-10(21-2)11(8)19/h4-6,19H,1-3H3/b15-6-","SXVXRNJPIQBXMZ-UUASQNMZSA-N"
32103741,"4-[(Z)-(2-Bromo-3-hydroxy-4-methoxybenzylidene)amino]-6-methyl-3-(methylsulfanyl)-1,2,4-triazin-5(4H)-one",383.989166,"C13H13BrN4O3S","Cc1c(=O)n(c(nn1)SC)/N=C\c2ccc(c(c2Br)O)OC","InChI=1S/C13H13BrN4O3S/c1-7-12(20)18(13(22-3)17-16-7)15-6-8-4-5-9(21-2)11(19)10(8)14/h4-6,19H,1-3H3/b15-6-","CHAUSSDRFKYAOA-UUASQNMZSA-N"
32104014,"4-[(Z)-(3-Bromo-5-ethoxy-4-methoxybenzylidene)amino]-3-thioxo-3,4-dihydro-1,2,4-triazin-5(2H)-one",383.989166,"C13H13BrN4O3S","CCOc1cc(cc(c1OC)Br)/C=N\n2c(=O)cnnc2S","InChI=1S/C13H13BrN4O3S/c1-3-21-10-5-8(4-9(14)12(10)20-2)6-16-18-11(19)7-15-17-13(18)22/h4-7H,3H2,1-2H3,(H,17,22)/b16-6-","HOUJOQWRBSDNLD-SOFYXZRVSA-N"
32104053,"4-[(Z)-(3-Bromo-4-ethoxy-5-methoxybenzylidene)amino]-3-thioxo-3,4-dihydro-1,2,4-triazin-5(2H)-one",383.989166,"C13H13BrN4O3S","CCOc1c(cc(cc1Br)/C=N\n2c(=O)cnnc2S)OC","InChI=1S/C13H13BrN4O3S/c1-3-21-12-9(14)4-8(5-10(12)20-2)6-16-18-11(19)7-15-17-13(18)22/h4-7H,3H2,1-2H3,(H,17,22)/b16-6-","NZFMPQVRLOERBR-SOFYXZRVSA-N"
32106889,"2-Amino-N'-[(Z)-(5-bromo-2-hydroxy-3-methoxyphenyl)methylene]-4-methyl-1,3-thiazole-5-carbohydrazide",383.989166,"C13H13BrN4O3S","Cc1c(sc(n1)N)C(=O)N/N=C\c2cc(cc(c2O)OC)Br","InChI=1S/C13H13BrN4O3S/c1-6-11(22-13(15)17-6)12(20)18-16-5-7-3-8(14)4-9(21-2)10(7)19/h3-5,19H,1-2H3,(H2,15,17)(H,18,20)/b16-5-","ASHPZNYLPGPJTI-BNCCVWRVSA-N"
32106891,"2-Amino-N'-[(Z)-(2-bromo-3-hydroxy-4-methoxyphenyl)methylene]-4-methyl-1,3-thiazole-5-carbohydrazide",383.989166,"C13H13BrN4O3S","Cc1c(sc(n1)N)C(=O)N/N=C\c2ccc(c(c2Br)O)OC","InChI=1S/C13H13BrN4O3S/c1-6-11(22-13(15)17-6)12(20)18-16-5-7-3-4-8(21-2)10(19)9(7)14/h3-5,19H,1-2H3,(H2,15,17)(H,18,20)/b16-5-","PVBKTDJFUYOFGN-BNCCVWRVSA-N"
32378610,"N-(2-{[(4-Bromophenyl)sulfonyl]amino}ethyl)-2-pyrazinecarboxamide",383.989166,"C13H13BrN4O3S","c1cc(ccc1S(=O)(=O)NCCNC(=O)c2cnccn2)Br","InChI=1S/C13H13BrN4O3S/c14-10-1-3-11(4-2-10)22(20,21)18-8-7-17-13(19)12-9-15-5-6-16-12/h1-6,9,18H,7-8H2,(H,17,19)","YGRTVZGWIDMIPS-UHFFFAOYSA-N"
32467573,"5-Bromo-N-(2-{[(4-chlorophenyl)acetyl]amino}ethyl)-2-furamide",383.98761,"C15H14BrClN2O3","c1cc(ccc1CC(=O)NCCNC(=O)c2ccc(o2)Br)Cl","InChI=1S/C15H14BrClN2O3/c16-13-6-5-12(22-13)15(21)19-8-7-18-14(20)9-10-1-3-11(17)4-2-10/h1-6H,7-9H2,(H,18,20)(H,19,21)","RGSQROKTGKUODI-UHFFFAOYSA-N"
32758903,"2-[(3,4-Dimethoxyphenyl)iodonio]benzoate",383.98584,"C15H13IO4","COc1ccc(cc1OC)[I+]c2ccccc2C(=O)[O-]","InChI=1S/C15H13IO4/c1-19-13-8-7-10(9-14(13)20-2)16-12-6-4-3-5-11(12)15(17)18/h3-9H,1-2H3","PZRIFBWJEYFQID-UHFFFAOYSA-N"
32780985,"2-Amino-N'-(3-bromo-4-hydroxy-5-methoxybenzylidene)-4-methyl-1,3-thiazole-5-carbohydrazide",383.989166,"C13H13BrN4O3S","Cc1c(sc(n1)N)C(=O)NN=Cc2cc(c(c(c2)Br)O)OC","InChI=1S/C13H13BrN4O3S/c1-6-11(22-13(15)17-6)12(20)18-16-5-7-3-8(14)10(19)9(4-7)21-2/h3-5,19H,1-2H3,(H2,15,17)(H,18,20)","SZZHRTUXTBISOV-UHFFFAOYSA-N"
32893936,"4-Methoxyphenyl (4-iodophenoxy)acetate",383.98584,"C15H13IO4","COc1ccc(cc1)OC(=O)COc2ccc(cc2)I","InChI=1S/C15H13IO4/c1-18-12-6-8-14(9-7-12)20-15(17)10-19-13-4-2-11(16)3-5-13/h2-9H,10H2,1H3","ZYALIOMKVDLSMQ-UHFFFAOYSA-N"
33095688,"N-(1-{2-[(4-Bromo-1H-pyrrol-2-yl)carbonyl]hydrazino}-1-oxo-2-propanyl)-2-thiophenecarboxamide (non-preferred name)",383.989166,"C13H13BrN4O3S","CC(C(=O)NNC(=O)c1cc(c[nH]1)Br)NC(=O)c2cccs2","InChI=1S/C13H13BrN4O3S/c1-7(16-13(21)10-3-2-4-22-10)11(19)17-18-12(20)9-5-8(14)6-15-9/h2-7,15H,1H3,(H,16,21)(H,17,19)(H,18,20)","BYRIFADIAFYBBD-UHFFFAOYSA-N"
33454522,"5-Bromo-N-[2-chloro-5-(isopropylcarbamoyl)phenyl]-2-furamide",383.98761,"C15H14BrClN2O3","CC(C)NC(=O)c1ccc(c(c1)NC(=O)c2ccc(o2)Br)Cl","InChI=1S/C15H14BrClN2O3/c1-8(2)18-14(20)9-3-4-10(17)11(7-9)19-15(21)12-5-6-13(16)22-12/h3-8H,1-2H3,(H,18,20)(H,19,21)","HDVHALDREZCHJP-UHFFFAOYSA-N"
34553341,"4-Amino-7-bromo-1-(4-nitrophenyl)-2-oxo-1,2-dihydro-3-quinolinecarbonitrile",383.985809,"C16H9BrN4O3","c1cc(ccc1n2c3cc(ccc3c(c(c2=O)C#N)N)Br)[N+](=O)[O-]","InChI=1S/C16H9BrN4O3/c17-9-1-6-12-14(7-9)20(16(22)13(8-18)15(12)19)10-2-4-11(5-3-10)21(23)24/h1-7H,19H2","BTKGBXUNGYTMBO-UHFFFAOYSA-N"
34553352,"4-Amino-6-bromo-1-(4-nitrophenyl)-2-oxo-1,2-dihydro-3-quinolinecarbonitrile",383.985809,"C16H9BrN4O3","c1cc(ccc1n2c3ccc(cc3c(c(c2=O)C#N)N)Br)[N+](=O)[O-]","InChI=1S/C16H9BrN4O3/c17-9-1-6-14-12(7-9)15(19)13(8-18)16(22)20(14)10-2-4-11(5-3-10)21(23)24/h1-7H,19H2","QKBSWERBFDPZTI-UHFFFAOYSA-N"
35011561,"(2-Bromophenyl){3-[(4-methyl-4H-1,2,4-triazol-3-yl)sulfonyl]-1-azetidinyl}methanone",383.989166,"C13H13BrN4O3S","Cn1cnnc1S(=O)(=O)C2CN(C2)C(=O)c3ccccc3Br","InChI=1S/C13H13BrN4O3S/c1-17-8-15-16-13(17)22(20,21)9-6-18(7-9)12(19)10-4-2-3-5-11(10)14/h2-5,8-9H,6-7H2,1H3","YZYYGFLBZGFKPG-UHFFFAOYSA-N"
35011644,"(5-Bromo-3-pyridinyl){3-[(1-methyl-1H-imidazol-2-yl)sulfonyl]-1-azetidinyl}methanone",383.989166,"C13H13BrN4O3S","Cn1ccnc1S(=O)(=O)C2CN(C2)C(=O)c3cc(cnc3)Br","InChI=1S/C13H13BrN4O3S/c1-17-3-2-16-13(17)22(20,21)11-7-18(8-11)12(19)9-4-10(14)6-15-5-9/h2-6,11H,7-8H2,1H3","MTHBTKNSFLAOFH-UHFFFAOYSA-N"
35292475,"2-(1H-Benzimidazol-2-yl)-3-(3-bromo-2-hydroxy-5-nitrophenyl)acrylonitrile",383.985809,"C16H9BrN4O3","c1ccc2c(c1)[nH]c(n2)C(=Cc3cc(cc(c3O)Br)[N+](=O)[O-])C#N","InChI=1S/C16H9BrN4O3/c17-12-7-11(21(23)24)6-9(15(12)22)5-10(8-18)16-19-13-3-1-2-4-14(13)20-16/h1-7,22H,(H,19,20)","DCTVSFFLPIIOAZ-UHFFFAOYSA-N"
35319087,"4-[(3-Bromo-5-ethoxy-4-hydroxybenzylidene)amino]-6-methyl-3-thioxo-3,4-dihydro-1,2,4-triazin-5(2H)-one",383.989166,"C13H13BrN4O3S","CCOc1cc(cc(c1O)Br)C=Nn2c(=O)c(n[nH]c2=S)C","InChI=1S/C13H13BrN4O3S/c1-3-21-10-5-8(4-9(14)11(10)19)6-15-18-12(20)7(2)16-17-13(18)22/h4-6,19H,3H2,1-2H3,(H,17,22)","BAGSIYHXZIDVHV-UHFFFAOYSA-N"
35384279,"2-(1H-Benzimidazol-2-yl)-3-(3-bromo-4-hydroxy-5-nitrophenyl)acrylonitrile",383.985809,"C16H9BrN4O3","c1ccc2c(c1)[nH]c(n2)C(=Cc3cc(c(c(c3)Br)O)[N+](=O)[O-])C#N","InChI=1S/C16H9BrN4O3/c17-11-6-9(7-14(15(11)22)21(23)24)5-10(8-18)16-19-12-3-1-2-4-13(12)20-16/h1-7,22H,(H,19,20)","JEBHOMBMQFZBGM-UHFFFAOYSA-N"
35385716,"2-(1H-Benzimidazol-2-yl)-3-(5-bromo-2-hydroxy-3-nitrophenyl)acrylonitrile",383.985809,"C16H9BrN4O3","c1ccc2c(c1)[nH]c(n2)C(=Cc3cc(cc(c3O)[N+](=O)[O-])Br)C#N","InChI=1S/C16H9BrN4O3/c17-11-6-9(15(22)14(7-11)21(23)24)5-10(8-18)16-19-12-3-1-2-4-13(12)20-16/h1-7,22H,(H,19,20)","OKEIXCLCNJQFOO-UHFFFAOYSA-N"
35542380,"4-Chloro-2-(4-cyclopropylphenyl)-6-ethyl-5-iodopyrimidine",383.989014,"C15H14ClIN2","CCc1c(c(nc(n1)c2ccc(cc2)C3CC3)Cl)I","InChI=1S/C15H14ClIN2/c1-2-12-13(17)14(16)19-15(18-12)11-7-5-10(6-8-11)9-3-4-9/h5-9H,2-4H2,1H3","SOCUDHAZQSNXRB-UHFFFAOYSA-N"
1479232,"2-({[(2,4-Dichlorobenzyl)sulfanyl]acetyl}amino)-5-hydroxybenzoate",383.986969,"C16H12Cl2NO4S","c1cc(c(cc1O)C(=O)[O-])NC(=O)CSCc2ccc(cc2Cl)Cl","InChI=1S/C16H13Cl2NO4S/c17-10-2-1-9(13(18)5-10)7-24-8-15(21)19-14-4-3-11(20)6-12(14)16(22)23/h1-6,20H,7-8H2,(H,19,21)(H,22,23)/p-1","JZTFJSYJJWQXKI-UHFFFAOYSA-M"
1660902,"2-({[(2,6-Dichlorobenzyl)sulfanyl]acetyl}amino)-5-hydroxybenzoate",383.986969,"C16H12Cl2NO4S","c1cc(c(c(c1)Cl)CSCC(=O)Nc2ccc(cc2C(=O)[O-])O)Cl","InChI=1S/C16H13Cl2NO4S/c17-12-2-1-3-13(18)11(12)7-24-8-15(21)19-14-5-4-9(20)6-10(14)16(22)23/h1-6,20H,7-8H2,(H,19,21)(H,22,23)/p-1","XFYAZBWLYSMWEM-UHFFFAOYSA-M"
1752810,"3-[Allyl(2-chlorophenyl)sulfamoyl]-4-chlorobenzoate",383.986969,"C16H12Cl2NO4S","C=CCN(c1ccccc1Cl)S(=O)(=O)c2cc(ccc2Cl)C(=O)[O-]","InChI=1S/C16H13Cl2NO4S/c1-2-9-19(14-6-4-3-5-12(14)17)24(22,23)15-10-11(16(20)21)7-8-13(15)18/h2-8,10H,1,9H2,(H,20,21)/p-1","SQTPYGXPLLJJCT-UHFFFAOYSA-M"
1801293,"(3S)-2-[(2,6-Dichlorophenyl)sulfonyl]-1,2,3,4-tetrahydro-3-isoquinolinecarboxylate",383.986969,"C16H12Cl2NO4S","c1ccc2c(c1)C[C@H](N(C2)S(=O)(=O)c3c(cccc3Cl)Cl)C(=O)[O-]","InChI=1S/C16H13Cl2NO4S/c17-12-6-3-7-13(18)15(12)24(22,23)19-9-11-5-2-1-4-10(11)8-14(19)16(20)21/h1-7,14H,8-9H2,(H,20,21)/p-1/t14-/m0/s1","KOMUHJORPRFIMB-AWEZNQCLSA-M"
1801295,"(3R)-2-[(2,6-Dichlorophenyl)sulfonyl]-1,2,3,4-tetrahydro-3-isoquinolinecarboxylate",383.986969,"C16H12Cl2NO4S","c1ccc2c(c1)C[C@@H](N(C2)S(=O)(=O)c3c(cccc3Cl)Cl)C(=O)[O-]","InChI=1S/C16H13Cl2NO4S/c17-12-6-3-7-13(18)15(12)24(22,23)19-9-11-5-2-1-4-10(11)8-14(19)16(20)21/h1-7,14H,8-9H2,(H,20,21)/p-1/t14-/m1/s1","KOMUHJORPRFIMB-CQSZACIVSA-M"
3936337,"6-Bromo-2-(2,3-dihydro-1,4-benzodioxin-6-yl)-4-quinolinecarboxylate",383.987671,"C18H11BrNO4","c1cc2c(cc1c3cc(c4cc(ccc4n3)Br)C(=O)[O-])OCCO2","InChI=1S/C18H12BrNO4/c19-11-2-3-14-12(8-11)13(18(21)22)9-15(20-14)10-1-4-16-17(7-10)24-6-5-23-16/h1-4,7-9H,5-6H2,(H,21,22)/p-1","NFXGNGAPYVIFHA-UHFFFAOYSA-M"
5418273,"5-[Allyl(4-chlorophenyl)sulfamoyl]-2-chlorobenzoate",383.986969,"C16H12Cl2NO4S","O=C([O-])c1cc(ccc1Cl)S(=O)(=O)N(c2ccc(Cl)cc2)C\C=C","InChI=1S/C16H13Cl2NO4S/c1-2-9-19(12-5-3-11(17)4-6-12)24(22,23)13-7-8-15(18)14(10-13)16(20)21/h2-8,10H,1,9H2,(H,20,21)/p-1","ZPEKJFYBCQQDAK-UHFFFAOYSA-M"
5418278,"3-[Allyl(4-chlorophenyl)sulfamoyl]-4-chlorobenzoate",383.986969,"C16H12Cl2NO4S","O=S(=O)(c1cc(ccc1Cl)C([O-])=O)N(c2ccc(Cl)cc2)C\C=C","InChI=1S/C16H13Cl2NO4S/c1-2-9-19(13-6-4-12(17)5-7-13)24(22,23)15-10-11(16(20)21)3-8-14(15)18/h2-8,10H,1,9H2,(H,20,21)/p-1","DCBLWRXMEUMKIG-UHFFFAOYSA-M"
5632581,"6-Bromo-2-(2,3-dihydro-1,4-benzodioxin-5-yl)-4-quinolinecarboxylate",383.987671,"C18H11BrNO4","[O-]C(=O)c1cc(nc2c1cc(Br)cc2)c4cccc3OCCOc34","InChI=1S/C18H12BrNO4/c19-10-4-5-14-12(8-10)13(18(21)22)9-15(20-14)11-2-1-3-16-17(11)24-7-6-23-16/h1-5,8-9H,6-7H2,(H,21,22)/p-1","GWXYINJHQFJAJT-UHFFFAOYSA-M"
5699974,"2-({[(3,4-Dichlorobenzyl)sulfanyl]acetyl}amino)-5-hydroxybenzoate",383.986969,"C16H12Cl2NO4S","Clc1ccc(cc1Cl)CSCC(=O)Nc2ccc(O)cc2C([O-])=O","InChI=1S/C16H13Cl2NO4S/c17-12-3-1-9(5-13(12)18)7-24-8-15(21)19-14-4-2-10(20)6-11(14)16(22)23/h1-6,20H,7-8H2,(H,19,21)(H,22,23)/p-1","GAXMQSQJDUTQDQ-UHFFFAOYSA-M"
5969621,"5-[(5E)-4-Oxo-5-(2-pyridinylmethylene)-2-thioxo-1,3-thiazolidin-3-yl]isophthalate",383.988556,"C17H8N2O5S2","S=C2S/C(C(=O)N2c1cc(C([O-])=O)cc(C([O-])=O)c1)=C/c3ncccc3","InChI=1S/C17H10N2O5S2/c20-14-13(8-11-3-1-2-4-18-11)26-17(25)19(14)12-6-9(15(21)22)5-10(7-12)16(23)24/h1-8H,(H,21,22)(H,23,24)/p-2/b13-8+","VMZRERWGIZPVSS-MDWZMJQESA-L"
5969623,"5-[(5E)-4-Oxo-5-(3-pyridinylmethylene)-2-thioxo-1,3-thiazolidin-3-yl]isophthalate",383.988556,"C17H8N2O5S2","S=C2S/C(C(=O)N2c1cc(C([O-])=O)cc(C([O-])=O)c1)=C/c3cccnc3","InChI=1S/C17H10N2O5S2/c20-14-13(4-9-2-1-3-18-8-9)26-17(25)19(14)12-6-10(15(21)22)5-11(7-12)16(23)24/h1-8H,(H,21,22)(H,23,24)/p-2/b13-4+","PBOKZNWEUIGJLJ-YIXHJXPBSA-L"
6723750,"(5Z)-2-Anilino-5-(4-bromobenzylidene)-4-oxo-4,5-dihydro-3-furancarboxylate",383.987671,"C18H11BrNO4","Brc1ccc(cc1)\C=C3/O/C(Nc2ccccc2)=C(\C3=O)C([O-])=O","InChI=1S/C18H12BrNO4/c19-12-8-6-11(7-9-12)10-14-16(21)15(18(22)23)17(24-14)20-13-4-2-1-3-5-13/h1-10,20H,(H,22,23)/p-1/b14-10-","GQZOEHULEPEXLA-UVTDQMKNSA-M"
6723760,"(5Z)-2-Anilino-5-(3-bromobenzylidene)-4-oxo-4,5-dihydro-3-furancarboxylate",383.987671,"C18H11BrNO4","Brc1cccc(c1)\C=C3/O/C(Nc2ccccc2)=C(\C3=O)C([O-])=O","InChI=1S/C18H12BrNO4/c19-12-6-4-5-11(9-12)10-14-16(21)15(18(22)23)17(24-14)20-13-7-2-1-3-8-13/h1-10,20H,(H,22,23)/p-1/b14-10-","ATFHPXXVOWUHRH-UVTDQMKNSA-M"
6723824,"(5Z)-2-Anilino-5-(2-bromobenzylidene)-4-oxo-4,5-dihydro-3-furancarboxylate",383.987671,"C18H11BrNO4","Brc1ccccc1\C=C3/O/C(Nc2ccccc2)=C(\C3=O)C([O-])=O","InChI=1S/C18H12BrNO4/c19-13-9-5-4-6-11(13)10-14-16(21)15(18(22)23)17(24-14)20-12-7-2-1-3-8-12/h1-10,20H,(H,22,23)/p-1/b14-10-","MFCWPVYQISVBEM-UVTDQMKNSA-M"
7405063,"(3R)-2-[(2,5-Dichlorophenyl)sulfonyl]-1,2,3,4-tetrahydro-3-isoquinolinecarboxylate",383.986969,"C16H12Cl2NO4S","Clc1cc(c(Cl)cc1)S(=O)(=O)N3[C@@H](C([O-])=O)Cc2c(cccc2)C3","InChI=1S/C16H13Cl2NO4S/c17-12-5-6-13(18)15(8-12)24(22,23)19-9-11-4-2-1-3-10(11)7-14(19)16(20)21/h1-6,8,14H,7,9H2,(H,20,21)/p-1/t14-/m1/s1","IZEXYGCFFPJVTK-CQSZACIVSA-M"
7405065,"(3S)-2-[(2,5-Dichlorophenyl)sulfonyl]-1,2,3,4-tetrahydro-3-isoquinolinecarboxylate",383.986969,"C16H12Cl2NO4S","Clc1cc(c(Cl)cc1)S(=O)(=O)N3[C@H](C([O-])=O)Cc2c(cccc2)C3","InChI=1S/C16H13Cl2NO4S/c17-12-5-6-13(18)15(8-12)24(22,23)19-9-11-4-2-1-3-10(11)7-14(19)16(20)21/h1-6,8,14H,7,9H2,(H,20,21)/p-1/t14-/m0/s1","IZEXYGCFFPJVTK-AWEZNQCLSA-M"
7654386,"[(4Z)-4-(4-Bromobenzylidene)-1,3-dioxo-3,4-dihydro-2(1H)-isoquinolinyl]acetate",383.987671,"C18H11BrNO4","Brc1ccc(cc1)/C=C2/c3ccccc3C(=O)N(C2=O)CC([O-])=O","InChI=1S/C18H12BrNO4/c19-12-7-5-11(6-8-12)9-15-13-3-1-2-4-14(13)17(23)20(18(15)24)10-16(21)22/h1-9H,10H2,(H,21,22)/p-1/b15-9-","STCXGINNZDWUSO-DHDCSXOGSA-M"
7654433,"[(4Z)-4-(3-Bromobenzylidene)-1,3-dioxo-3,4-dihydro-2(1H)-isoquinolinyl]acetate",383.987671,"C18H11BrNO4","Brc1cccc(c1)/C=C2/c3ccccc3C(=O)N(C2=O)CC([O-])=O","InChI=1S/C18H12BrNO4/c19-12-5-3-4-11(8-12)9-15-13-6-1-2-7-14(13)17(23)20(18(15)24)10-16(21)22/h1-9H,10H2,(H,21,22)/p-1/b15-9-","ZIUOVDJIMRZFFY-DHDCSXOGSA-M"
7654669,"[(4Z)-4-(2-Bromobenzylidene)-1,3-dioxo-3,4-dihydro-2(1H)-isoquinolinyl]acetate",383.987671,"C18H11BrNO4","Brc1ccccc1/C=C2/c3ccccc3C(=O)N(C2=O)CC([O-])=O","InChI=1S/C18H12BrNO4/c19-15-8-4-1-5-11(15)9-14-12-6-2-3-7-13(12)17(23)20(18(14)24)10-16(21)22/h1-9H,10H2,(H,21,22)/p-1/b14-9-","IFBGXNLQWVWIPC-ZROIWOOFSA-M"
12111926,"1-(4-Bromo-2,5-dimethoxyphenyl)-3-(4-chlorophenyl)urea",383.98761,"C15H14BrClN2O3","COc1cc(c(cc1Br)OC)NC(=O)Nc2ccc(cc2)Cl","InChI=1S/C15H14BrClN2O3/c1-21-13-8-12(14(22-2)7-11(13)16)19-15(20)18-10-5-3-9(17)4-6-10/h3-8H,1-2H3,(H2,18,19,20)","XCIYUWVZURDCBD-UHFFFAOYSA-N"
12111927,"1-(4-Bromo-2,5-dimethoxyphenyl)-3-(3-chlorophenyl)urea",383.98761,"C15H14BrClN2O3","COc1cc(c(cc1Br)OC)NC(=O)Nc2cccc(c2)Cl","InChI=1S/C15H14BrClN2O3/c1-21-13-8-12(14(22-2)7-11(13)16)19-15(20)18-10-5-3-4-9(17)6-10/h3-8H,1-2H3,(H2,18,19,20)","WZYWPZWXPPWFFE-UHFFFAOYSA-N"
12156557,"2-(2-Bromo-4-chloro-3,5-dimethylphenoxy)-N'-[(E)-2-furylmethylene]acetohydrazide",383.98761,"C15H14BrClN2O3","Cc1cc(c(c(c1Cl)C)Br)OCC(=O)N/N=C/c2ccco2","InChI=1S/C15H14BrClN2O3/c1-9-6-12(14(16)10(2)15(9)17)22-8-13(20)19-18-7-11-4-3-5-21-11/h3-7H,8H2,1-2H3,(H,19,20)/b18-7+","FOQCFLOAFMYZPQ-CNHKJKLMSA-N"
33144758,"N-(3-{2-[(4-Bromo-1H-pyrrol-2-yl)carbonyl]hydrazino}-3-oxopropyl)-3-thiophenecarboxamide (non-preferred name)",383.989166,"C13H13BrN4O3S","c1cscc1C(=O)NCCC(=O)NNC(=O)c2cc(c[nH]2)Br","InChI=1S/C13H13BrN4O3S/c14-9-5-10(16-6-9)13(21)18-17-11(19)1-3-15-12(20)8-2-4-22-7-8/h2,4-7,16H,1,3H2,(H,15,20)(H,17,19)(H,18,21)","SZLCLKIAJXXRLL-UHFFFAOYSA-N"
33147593,"4-Bromo-N-[(9-chloro-3,4-dihydro-2H-1,5-benzodioxepin-7-yl)methyl]-1H-pyrrole-2-carboxamide",383.98761,"C15H14BrClN2O3","c1c(cc(c2c1OCCCO2)Cl)CNC(=O)c3cc(c[nH]3)Br","InChI=1S/C15H14BrClN2O3/c16-10-6-12(18-8-10)15(20)19-7-9-4-11(17)14-13(5-9)21-2-1-3-22-14/h4-6,8,18H,1-3,7H2,(H,19,20)","UJYNRPJCJWCLOF-UHFFFAOYSA-N"
33174997,"2-[(2-Bromobenzyl)(methyl)amino]-2-oxoethyl 4-chloro-1H-pyrrole-2-carboxylate",383.98761,"C15H14BrClN2O3","CN(Cc1ccccc1Br)C(=O)COC(=O)c2cc(c[nH]2)Cl","InChI=1S/C15H14BrClN2O3/c1-19(8-10-4-2-3-5-12(10)16)14(20)9-22-15(21)13-6-11(17)7-18-13/h2-7,18H,8-9H2,1H3","IIPJGCWJMMBAKY-UHFFFAOYSA-N"
33512490,"N-Methyl-1-[(2,4,6-trichlorophenyl)sulfonyl]-4-piperidinecarboxamide",383.986908,"C13H15Cl3N2O3S","CNC(=O)C1CCN(CC1)S(=O)(=O)c2c(cc(cc2Cl)Cl)Cl","InChI=1S/C13H15Cl3N2O3S/c1-17-13(19)8-2-4-18(5-3-8)22(20,21)12-10(15)6-9(14)7-11(12)16/h6-8H,2-5H2,1H3,(H,17,19)","WOXTZPBGEFWBTF-UHFFFAOYSA-N"
34239059,"9-Hydroxy-2-(iodomethyl)-3,3-dimethyl-2,3-dihydronaphtho[1,2-b]furan-4,5-dione",383.98584,"C15H13IO4","CC1(C(OC2=C1C(=O)C(=O)c3c2c(ccc3)O)CI)C","InChI=1S/C15H13IO4/c1-15(2)9(6-16)20-14-10-7(4-3-5-8(10)17)12(18)13(19)11(14)15/h3-5,9,17H,6H2,1-2H3","AXRFTCBSAQXVKT-UHFFFAOYSA-N"
34239060,"6-Hydroxy-2-(iodomethyl)-3,3-dimethyl-2,3-dihydronaphtho[1,2-b]furan-4,5-dione",383.98584,"C15H13IO4","CC1(C(OC2=C1C(=O)C(=O)c3c2cccc3O)CI)C","InChI=1S/C15H13IO4/c1-15(2)9(6-16)20-14-7-4-3-5-8(17)10(7)12(18)13(19)11(14)15/h3-5,9,17H,6H2,1-2H3","QEEGFCSGBLYDFY-UHFFFAOYSA-N"
34275562,"2-Bromo-4-chlorophenyl 1-butyl-6-oxo-1,6-dihydro-3-pyridazinecarboxylate",383.98761,"C15H14BrClN2O3","CCCCn1c(=O)ccc(n1)C(=O)Oc2ccc(cc2Br)Cl","InChI=1S/C15H14BrClN2O3/c1-2-3-8-19-14(20)7-5-12(18-19)15(21)22-13-6-4-10(17)9-11(13)16/h4-7,9H,2-3,8H2,1H3","GXUGQWZDCMVKRE-UHFFFAOYSA-N"
34604298,"N-(4-{[(5-Bromo-2-pyridinyl)carbamoyl]amino}phenyl)methanesulfonamide",383.989166,"C13H13BrN4O3S","CS(=O)(=O)Nc1ccc(cc1)NC(=O)Nc2ccc(cn2)Br","InChI=1S/C13H13BrN4O3S/c1-22(20,21)18-11-5-3-10(4-6-11)16-13(19)17-12-7-2-9(14)8-15-12/h2-8,18H,1H3,(H2,15,16,17,19)","KPDOJNSPYAKSGJ-UHFFFAOYSA-N"
34604301,"N-(4-{[(4-Bromo-2-pyridinyl)carbamoyl]amino}phenyl)methanesulfonamide",383.989166,"C13H13BrN4O3S","CS(=O)(=O)Nc1ccc(cc1)NC(=O)Nc2cc(ccn2)Br","InChI=1S/C13H13BrN4O3S/c1-22(20,21)18-11-4-2-10(3-5-11)16-13(19)17-12-8-9(14)6-7-15-12/h2-8,18H,1H3,(H2,15,16,17,19)","DXUGADCLGCFAKI-UHFFFAOYSA-N"
34700183,"1-(2-Bromophenyl)-3-(4-chloro-2,5-dimethoxyphenyl)urea",383.98761,"C15H14BrClN2O3","COc1cc(c(cc1Cl)OC)NC(=O)Nc2ccccc2Br","InChI=1S/C15H14BrClN2O3/c1-21-13-8-12(14(22-2)7-10(13)17)19-15(20)18-11-6-4-3-5-9(11)16/h3-8H,1-2H3,(H2,18,19,20)","SREQSPYUCGJPNG-UHFFFAOYSA-N"
34700870,"1-(4-Bromophenyl)-3-(4-chloro-2,5-dimethoxyphenyl)urea",383.98761,"C15H14BrClN2O3","COc1cc(c(cc1Cl)OC)NC(=O)Nc2ccc(cc2)Br","InChI=1S/C15H14BrClN2O3/c1-21-13-8-12(14(22-2)7-11(13)17)19-15(20)18-10-5-3-9(16)4-6-10/h3-8H,1-2H3,(H2,18,19,20)","JPGZWKJBVAGQSP-UHFFFAOYSA-N"
34846338,"2,2,2-Trichloro-N-[4-(1-pyrrolidinylsulfonyl)benzyl]acetamide",383.986908,"C13H15Cl3N2O3S","c1cc(ccc1CNC(=O)C(Cl)(Cl)Cl)S(=O)(=O)N2CCCC2","InChI=1S/C13H15Cl3N2O3S/c14-13(15,16)12(19)17-9-10-3-5-11(6-4-10)22(20,21)18-7-1-2-8-18/h3-6H,1-2,7-9H2,(H,17,19)","CJWZZNOTTPRMQU-UHFFFAOYSA-N"
35112880,"2-{[5-(4-Bromophenyl)-1,3,4-oxadiazol-2-yl]sulfanyl}-N-(ethylcarbamoyl)acetamide",383.989166,"C13H13BrN4O3S","CCNC(=O)NC(=O)CSc1nnc(o1)c2ccc(cc2)Br","InChI=1S/C13H13BrN4O3S/c1-2-15-12(20)16-10(19)7-22-13-18-17-11(21-13)8-3-5-9(14)6-4-8/h3-6H,2,7H2,1H3,(H2,15,16,19,20)","QBKVGFGJILVXAK-UHFFFAOYSA-N"
35112887,"2-{[5-(4-Bromophenyl)-1,3,4-oxadiazol-2-yl]sulfanyl}-N-(methylcarbamoyl)propanamide",383.989166,"C13H13BrN4O3S","CC(C(=O)NC(=O)NC)Sc1nnc(o1)c2ccc(cc2)Br","InChI=1S/C13H13BrN4O3S/c1-7(10(19)16-12(20)15-2)22-13-18-17-11(21-13)8-3-5-9(14)6-4-8/h3-7H,1-2H3,(H2,15,16,19,20)","JSCYYKYEUXMEEH-UHFFFAOYSA-N"
35178332,"2-[(2-Bromo-6-methyl-3-pyridinyl)oxy]-N-(3-chloro-4-methoxyphenyl)acetamide",383.98761,"C15H14BrClN2O3","Cc1ccc(c(n1)Br)OCC(=O)Nc2ccc(c(c2)Cl)OC","InChI=1S/C15H14BrClN2O3/c1-9-3-5-13(15(16)18-9)22-8-14(20)19-10-4-6-12(21-2)11(17)7-10/h3-7H,8H2,1-2H3,(H,19,20)","RXNRODYNSYTEJY-UHFFFAOYSA-N"
35281699,"N-[2-Bromo-5-methyl-4-(2-pyrazinylsulfamoyl)phenyl]acetamide",383.989166,"C13H13BrN4O3S","Cc1cc(c(cc1S(=O)(=O)Nc2cnccn2)Br)NC(=O)C","InChI=1S/C13H13BrN4O3S/c1-8-5-11(17-9(2)19)10(14)6-12(8)22(20,21)18-13-7-15-3-4-16-13/h3-7H,1-2H3,(H,16,18)(H,17,19)","BQFNHSUWIKINSD-UHFFFAOYSA-N"
35544770,"4-Chloro-2-(2-cyclopropylphenyl)-6-ethyl-5-iodopyrimidine",383.989014,"C15H14ClIN2","CCc1c(c(nc(n1)c2ccccc2C3CC3)Cl)I","InChI=1S/C15H14ClIN2/c1-2-12-13(17)14(16)19-15(18-12)11-6-4-3-5-10(11)9-7-8-9/h3-6,9H,2,7-8H2,1H3","FAWPFHURZIFFQC-UHFFFAOYSA-N"
36092545,"N~1~-(2-Chloro-4-iodophenyl)-1,5-indanediamine",383.989014,"C15H14ClIN2","c1cc2c(cc1N)CCC2Nc3ccc(cc3Cl)I","InChI=1S/C15H14ClIN2/c16-13-8-10(17)2-6-15(13)19-14-5-1-9-7-11(18)3-4-12(9)14/h2-4,6-8,14,19H,1,5,18H2","IZLNAKDGAWCZJD-UHFFFAOYSA-N"
36287796,"2-Chloro-N-(2,3-dihydro-1H-indol-7-ylmethyl)-4-iodoaniline",383.989014,"C15H14ClIN2","c1cc2c(c(c1)CNc3ccc(cc3Cl)I)NCC2","InChI=1S/C15H14ClIN2/c16-13-8-12(17)4-5-14(13)19-9-11-3-1-2-10-6-7-18-15(10)11/h1-5,8,18-19H,6-7,9H2","LCXJQSJXRKCQEK-UHFFFAOYSA-N"
37108071,"3-[(4-Iodophenoxy)methyl]-4-methoxybenzoic acid",383.98584,"C15H13IO4","COc1ccc(cc1COc2ccc(cc2)I)C(=O)O","InChI=1S/C15H13IO4/c1-19-14-7-2-10(15(17)18)8-11(14)9-20-13-5-3-12(16)4-6-13/h2-8H,9H2,1H3,(H,17,18)","VQTCTGWSBMRHSE-UHFFFAOYSA-N"
37108072,"3-[(3-Iodophenoxy)methyl]-4-methoxybenzoic acid",383.98584,"C15H13IO4","COc1ccc(cc1COc2cccc(c2)I)C(=O)O","InChI=1S/C15H13IO4/c1-19-14-6-5-10(15(17)18)7-11(14)9-20-13-4-2-3-12(16)8-13/h2-8H,9H2,1H3,(H,17,18)","GWMHUCZELLZQNL-UHFFFAOYSA-N"
37108084,"3-[(2-Iodophenoxy)methyl]-4-methoxybenzoic acid",383.98584,"C15H13IO4","COc1ccc(cc1COc2ccccc2I)C(=O)O","InChI=1S/C15H13IO4/c1-19-13-7-6-10(15(17)18)8-11(13)9-20-14-5-3-2-4-12(14)16/h2-8H,9H2,1H3,(H,17,18)","DMCOEHFVWQNFIW-UHFFFAOYSA-N"
38664159,"3-Fluoro-N-[(5-iodo-2-furyl)methyl]-4-(1H-1,2,4-triazol-1-yl)aniline",383.988312,"C13H10FIN4O","c1cc(c(cc1NCc2ccc(o2)I)F)n3cncn3","InChI=1S/C13H10FIN4O/c14-11-5-9(17-6-10-2-4-13(15)20-10)1-3-12(11)19-8-16-7-18-19/h1-5,7-8,17H,6H2","DGRFZLPJWGQLRZ-UHFFFAOYSA-N"
39453277,"5-Bromo-2-chloro-N-[2-hydroxy-3-(2-oxo-1(2H)-pyridinyl)propyl]benzamide",383.98761,"C15H14BrClN2O3","c1ccn(c(=O)c1)CC(CNC(=O)c2cc(ccc2Cl)Br)O","InChI=1S/C15H14BrClN2O3/c16-10-4-5-13(17)12(7-10)15(22)18-8-11(20)9-19-6-2-1-3-14(19)21/h1-7,11,20H,8-9H2,(H,18,22)","MJTXOVYWLQCFKO-UHFFFAOYSA-N"
40803261,"2-(2-Hydroxy-2-phenylethoxy)-5-iodobenzoic acid",383.98584,"C15H13IO4","c1ccc(cc1)C(COc2ccc(cc2C(=O)O)I)O","InChI=1S/C15H13IO4/c16-11-6-7-14(12(8-11)15(18)19)20-9-13(17)10-4-2-1-3-5-10/h1-8,13,17H,9H2,(H,18,19)","AJKSFZRGTWXIRK-UHFFFAOYSA-N"
40998960,"5-Iodo-2-(2-phenoxyethoxy)benzoic acid",383.98584,"C15H13IO4","c1ccc(cc1)OCCOc2ccc(cc2C(=O)O)I","InChI=1S/C15H13IO4/c16-11-6-7-14(13(10-11)15(17)18)20-9-8-19-12-4-2-1-3-5-12/h1-7,10H,8-9H2,(H,17,18)","LJRZLXWLSIGUCN-UHFFFAOYSA-N"
40998965,"5-Iodo-2-[(3-methoxybenzyl)oxy]benzoic acid",383.98584,"C15H13IO4","COc1cccc(c1)COc2ccc(cc2C(=O)O)I","InChI=1S/C15H13IO4/c1-19-12-4-2-3-10(7-12)9-20-14-6-5-11(16)8-13(14)15(17)18/h2-8H,9H2,1H3,(H,17,18)","SETPQRRKRAJSFV-UHFFFAOYSA-N"
41002508,"5-Iodo-2-[(4-methoxybenzyl)oxy]benzoic acid",383.98584,"C15H13IO4","COc1ccc(cc1)COc2ccc(cc2C(=O)O)I","InChI=1S/C15H13IO4/c1-19-12-5-2-10(3-6-12)9-20-14-7-4-11(16)8-13(14)15(17)18/h2-8H,9H2,1H3,(H,17,18)","HEKWXDKIDLSZHK-UHFFFAOYSA-N"
41002708,"5-Iodo-2-[(2-methoxybenzyl)oxy]benzoic acid",383.98584,"C15H13IO4","COc1ccccc1COc2ccc(cc2C(=O)O)I","InChI=1S/C15H13IO4/c1-19-13-5-3-2-4-10(13)9-20-14-7-6-11(16)8-12(14)15(17)18/h2-8H,9H2,1H3,(H,17,18)","MFXDGEOTBHEGPJ-UHFFFAOYSA-N"
41118497,"3-(4-Fluoro-2-iodophenyl)-5-methoxy-3H-imidazo[4,5-b]pyridin-2-amine",383.988312,"C13H10FIN4O","COc1ccc2c(n1)n(c(n2)N)c3ccc(cc3I)F","InChI=1S/C13H10FIN4O/c1-20-11-5-3-9-12(18-11)19(13(16)17-9)10-4-2-7(14)6-8(10)15/h2-6H,1H3,(H2,16,17)","JPGWRVDIEGERPD-UHFFFAOYSA-N"
41482513,"2-[2-(4-Iodophenoxy)ethoxy]benzoic acid",383.98584,"C15H13IO4","c1ccc(c(c1)C(=O)O)OCCOc2ccc(cc2)I","InChI=1S/C15H13IO4/c16-11-5-7-12(8-6-11)19-9-10-20-14-4-2-1-3-13(14)15(17)18/h1-8H,9-10H2,(H,17,18)","KETJTPZURQFCHL-UHFFFAOYSA-N"
41482514,"3-[2-(4-Iodophenoxy)ethoxy]benzoic acid",383.98584,"C15H13IO4","c1cc(cc(c1)OCCOc2ccc(cc2)I)C(=O)O","InChI=1S/C15H13IO4/c16-12-4-6-13(7-5-12)19-8-9-20-14-3-1-2-11(10-14)15(17)18/h1-7,10H,8-9H2,(H,17,18)","BFXQLHQBSDNBSP-UHFFFAOYSA-N"
41482515,"4-[2-(4-Iodophenoxy)ethoxy]benzoic acid",383.98584,"C15H13IO4","c1cc(ccc1C(=O)O)OCCOc2ccc(cc2)I","InChI=1S/C15H13IO4/c16-12-3-7-14(8-4-12)20-10-9-19-13-5-1-11(2-6-13)15(17)18/h1-8H,9-10H2,(H,17,18)","RKIVXSTYYODSDL-UHFFFAOYSA-N"
41482516,"2-[2-(3-Iodophenoxy)ethoxy]benzoic acid",383.98584,"C15H13IO4","c1ccc(c(c1)C(=O)O)OCCOc2cccc(c2)I","InChI=1S/C15H13IO4/c16-11-4-3-5-12(10-11)19-8-9-20-14-7-2-1-6-13(14)15(17)18/h1-7,10H,8-9H2,(H,17,18)","OIPWICBISAKIOX-UHFFFAOYSA-N"
41482517,"3-[2-(3-Iodophenoxy)ethoxy]benzoic acid",383.98584,"C15H13IO4","c1cc(cc(c1)OCCOc2cccc(c2)I)C(=O)O","InChI=1S/C15H13IO4/c16-12-4-2-6-14(10-12)20-8-7-19-13-5-1-3-11(9-13)15(17)18/h1-6,9-10H,7-8H2,(H,17,18)","JLFGWGSGSMEONG-UHFFFAOYSA-N"
41482518,"4-[2-(3-Iodophenoxy)ethoxy]benzoic acid",383.98584,"C15H13IO4","c1cc(cc(c1)I)OCCOc2ccc(cc2)C(=O)O","InChI=1S/C15H13IO4/c16-12-2-1-3-14(10-12)20-9-8-19-13-6-4-11(5-7-13)15(17)18/h1-7,10H,8-9H2,(H,17,18)","DYEULRWZSXJGDA-UHFFFAOYSA-N"
41482543,"2-[2-(2-Iodophenoxy)ethoxy]benzoic acid",383.98584,"C15H13IO4","c1ccc(c(c1)C(=O)O)OCCOc2ccccc2I","InChI=1S/C15H13IO4/c16-12-6-2-4-8-14(12)20-10-9-19-13-7-3-1-5-11(13)15(17)18/h1-8H,9-10H2,(H,17,18)","OIXBQVHWPDYEEV-UHFFFAOYSA-N"
41482544,"3-[2-(2-Iodophenoxy)ethoxy]benzoic acid",383.98584,"C15H13IO4","c1ccc(c(c1)OCCOc2cccc(c2)C(=O)O)I","InChI=1S/C15H13IO4/c16-13-6-1-2-7-14(13)20-9-8-19-12-5-3-4-11(10-12)15(17)18/h1-7,10H,8-9H2,(H,17,18)","AZGZMAKIMIUTEE-UHFFFAOYSA-N"
41482545,"4-[2-(2-Iodophenoxy)ethoxy]benzoic acid",383.98584,"C15H13IO4","c1ccc(c(c1)OCCOc2ccc(cc2)C(=O)O)I","InChI=1S/C15H13IO4/c16-13-3-1-2-4-14(13)20-10-9-19-12-7-5-11(6-8-12)15(17)18/h1-8H,9-10H2,(H,17,18)","YXVXBFOZFMBAII-UHFFFAOYSA-N"
