"Identifier","CompoundName","MonoisotopicMass","MolecularFormula","SMILES","InChI","InChIKey"
6751,"Anthrone",194.073166,"C14H10O","c1ccc2c(c1)Cc3ccccc3C2=O","InChI=1S/C14H10O/c15-14-12-7-3-1-5-10(12)9-11-6-2-4-8-13(11)14/h1-8H,9H2","RJGDLRCDCYRQOQ-UHFFFAOYSA-N"
9812,"9-Phenanthrol",194.073166,"C14H10O","c1ccc2c(c1)cc(c3c2cccc3)O","InChI=1S/C14H10O/c15-14-9-10-5-1-2-6-11(10)12-7-3-4-8-13(12)14/h1-9,15H","DZKIUEHLEXLYKM-UHFFFAOYSA-N"
10278,"9-Anthrol",194.073166,"C14H10O","c1ccc2c(c1)cc3ccccc3c2O","InChI=1S/C14H10O/c15-14-12-7-3-1-5-10(12)9-11-6-2-4-8-13(11)14/h1-9,15H","AUKRYONWZHRJRE-UHFFFAOYSA-N"
16843,"2-Methyl-fluoren-9-one",194.073166,"C14H10O","Cc1ccc-2c(c1)C(=O)c3c2cccc3","InChI=1S/C14H10O/c1-9-6-7-11-10-4-2-3-5-12(10)14(15)13(11)8-9/h2-8H,1H3","KXXOMIPLRDTZCC-UHFFFAOYSA-N"
32028,"9H-Fluorene-2-carbaldehyde",194.073166,"C14H10O","c1ccc-2c(c1)Cc3c2ccc(c3)C=O","InChI=1S/C14H10O/c15-9-10-5-6-14-12(7-10)8-11-3-1-2-4-13(11)14/h1-7,9H,8H2","MNQGEQSXFDKAPY-UHFFFAOYSA-N"
49099,"4-Methyl-9H-fluoren-9-one",194.073166,"C14H10O","Cc1cccc2c1-c3ccccc3C2=O","InChI=1S/C14H10O/c1-9-5-4-8-12-13(9)10-6-2-3-7-11(10)14(12)15/h2-8H,1H3","QCVMLXNTSUFLGI-UHFFFAOYSA-N"
62282,"2-Phenanthrenol",194.073166,"C14H10O","c1ccc2c(c1)ccc3c2ccc(c3)O","InChI=1S/C14H10O/c15-12-7-8-14-11(9-12)6-5-10-3-1-2-4-13(10)14/h1-9,15H","YPWLZGITFNGGKW-UHFFFAOYSA-N"
74101,"4-Phenanthrenol",194.073166,"C14H10O","c1ccc2c(c1)ccc3c2c(ccc3)O","InChI=1S/C14H10O/c15-13-7-3-5-11-9-8-10-4-1-2-6-12(10)14(11)13/h1-9,15H","SIMYIUXARJLHEA-UHFFFAOYSA-N"
86413,"3-Phenanthrenol",194.073166,"C14H10O","c1ccc2c(c1)ccc3c2cc(cc3)O","InChI=1S/C14H10O/c15-12-8-7-11-6-5-10-3-1-2-4-13(10)14(11)9-12/h1-9,15H","NGPOABOEXMDQBT-UHFFFAOYSA-N"
88945,"1-Phenanthrenol",194.073166,"C14H10O","c1ccc2c(c1)ccc3c2cccc3O","InChI=1S/C14H10O/c15-14-7-3-6-12-11-5-2-1-4-10(11)8-9-13(12)14/h1-9,15H","GTBXZWADMKOZQJ-UHFFFAOYSA-N"
89896,"2-Anthrol",194.073166,"C14H10O","c1ccc2cc3cc(ccc3cc2c1)O","InChI=1S/C14H10O/c15-14-6-5-12-7-10-3-1-2-4-11(10)8-13(12)9-14/h1-9,15H","BQBWUVWMUXGILF-UHFFFAOYSA-N"
94727,"1a,9b-Dihydrophenanthro[9,10-b]oxirene",194.073166,"C14H10O","c1ccc2c(c1)-c3ccccc3C4C2O4","InChI=1S/C14H10O/c1-3-7-11-9(5-1)10-6-2-4-8-12(10)14-13(11)15-14/h1-8,13-14H","PXPGRGGVENWVBD-UHFFFAOYSA-N"
109691,"Diphenylketene",194.073166,"C14H10O","c1ccc(cc1)C(=C=O)c2ccccc2","InChI=1S/C14H10O/c15-11-14(12-7-3-1-4-8-12)13-9-5-2-6-10-13/h1-10H","ZWJPCOALBPMBIC-UHFFFAOYSA-N"
109698,"1-Anthrol",194.073166,"C14H10O","c1ccc2cc3c(cccc3O)cc2c1","InChI=1S/C14H10O/c15-14-7-3-6-12-8-10-4-1-2-5-11(10)9-13(12)14/h1-9,15H","MUVQKFGNPGZBII-UHFFFAOYSA-N"
111908,"1a,9b-Dihydroanthra[1,2-b]oxirene",194.073166,"C14H10O","c1ccc2cc3c(cc2c1)C=CC4C3O4","InChI=1S/C14H10O/c1-2-4-10-8-12-11(7-9(10)3-1)5-6-13-14(12)15-13/h1-8,13-14H","YDFLROSXCLHLJV-UHFFFAOYSA-N"
119850,"Dibenz(b,f)oxepin",194.073166,"C14H10O","c1ccc2c(c1)C=Cc3ccccc3O2","InChI=1S/C14H10O/c1-3-7-13-11(5-1)9-10-12-6-2-4-8-14(12)15-13/h1-10H","QQQCGYCZORNOOS-UHFFFAOYSA-N"
130753,"1a,9a-Dihydrophenanthro[1,2-b]oxirene",194.073166,"C14H10O","c1ccc2c(c1)ccc3c2C=CC4C3O4","InChI=1S/C14H10O/c1-2-4-10-9(3-1)5-6-12-11(10)7-8-13-14(12)15-13/h1-8,13-14H","ALTXUIJFJAHUPS-UHFFFAOYSA-N"
130754,"3,4-Epoxy-3,4-dihydro-phenanthrene",194.073166,"C14H10O","c1ccc2c(c1)ccc3c2C4C(O4)C=C3","InChI=1S/C14H10O/c1-2-4-11-9(3-1)5-6-10-7-8-12-14(15-12)13(10)11/h1-8,12,14H","SHJAOFFXDWCMOC-UHFFFAOYSA-N"
168902,"Methyl 2-{(E)-[(dimethylamino)methylene]amino}ethanesulfonate",194.07251,"C6H14N2O3S","CN(C)/C=N/CCS(=O)(=O)OC","InChI=1S/C6H14N2O3S/c1-8(2)6-7-4-5-12(9,10)11-3/h6H,4-5H2,1-3H3/b7-6+","XGCZMSBMNGLWKQ-VOTSOKGWSA-N"
194235,"N,N-Dimethyl-4-morpholinesulfonamide",194.07251,"C6H14N2O3S","CN(C)S(=O)(=O)N1CCOCC1","InChI=1S/C6H14N2O3S/c1-7(2)12(9,10)8-3-5-11-6-4-8/h3-6H2,1-2H3","OPFOHHASSCNHHQ-UHFFFAOYSA-N"
276023,"15-Oxatetracyclo[10.2.1.0~2,11~.0~4,9~]pentadeca-2,4,6,8,10,13-hexaene",194.073166,"C14H10O","c1ccc2cc3c(cc2c1)C4C=CC3O4","InChI=1S/C14H10O/c1-2-4-10-8-12-11(7-9(10)3-1)13-5-6-14(12)15-13/h1-8,13-14H","HGJPEPUVSFPTMJ-UHFFFAOYSA-N"
304080,"15-Oxatetracyclo[6.6.1.0~2,7~.0~9,14~]pentadeca-2,4,6,9,11,13-hexaene",194.073166,"C14H10O","c1ccc2c(c1)C3c4ccccc4C2O3","InChI=1S/C14H10O/c1-2-6-10-9(5-1)13-11-7-3-4-8-12(11)14(10)15-13/h1-8,13-14H","PIXFMTRNJDRFIF-UHFFFAOYSA-N"
391468,"(1aR,9bS)-1a,9b-Dihydrophenanthro[9,10-b]oxirene",194.073166,"C14H10O","c1ccc2c(c1)-c3ccccc3[C@H]4[C@@H]2O4","InChI=1S/C14H10O/c1-3-7-11-9(5-1)10-6-2-4-8-12(10)14-13(11)15-14/h1-8,13-14H/t13-,14+","PXPGRGGVENWVBD-OKILXGFUSA-N"
391469,"(1aS,9aR)-1a,9a-Dihydrophenanthro[1,2-b]oxirene",194.073166,"C14H10O","c1ccc2c(c1)ccc3c2C=C[C@@H]4[C@H]3O4","InChI=1S/C14H10O/c1-2-4-10-9(3-1)5-6-12-11(10)7-8-13-14(12)15-13/h1-8,13-14H/t13-,14+/m1/s1","ALTXUIJFJAHUPS-KGLIPLIRSA-N"
394450,"2-(1-Piperazinyl)ethanesulfonic acid",194.07251,"C6H14N2O3S","C1CN(CCN1)CCS(=O)(=O)O","InChI=1S/C6H14N2O3S/c9-12(10,11)6-5-8-3-1-7-2-4-8/h7H,1-6H2,(H,9,10,11)","NLOGSHMIAWCODV-UHFFFAOYSA-N"
453014,"3-Methyl-9-fluorenone",194.073166,"C14H10O","Cc1ccc2c(c1)-c3ccccc3C2=O","InChI=1S/C14H10O/c1-9-6-7-12-13(8-9)10-4-2-3-5-11(10)14(12)15/h2-8H,1H3","CCPOGGQELUULQK-UHFFFAOYSA-N"
475263,"N'-Hydroxy-2-[(2-methyl-2-propanyl)sulfonyl]ethanimidamide",194.07251,"C6H14N2O3S","CC(C)(C)S(=O)(=O)CC(=NO)N","InChI=1S/C6H14N2O3S/c1-6(2,3)12(10,11)4-5(7)8-9/h9H,4H2,1-3H3,(H2,7,8)","KIKAYOSKNCDOJL-UHFFFAOYSA-N"
518818,"2,9b-Dihydrofluoreno[9,1-bc]furan",194.073166,"C14H10O","c1ccc2c(c1)-c3cccc4c3C2OC4","InChI=1S/C14H10O/c1-2-6-12-10(5-1)11-7-3-4-9-8-15-14(12)13(9)11/h1-7,14H,8H2","HQEUANYBCCGWMQ-UHFFFAOYSA-N"
523037,"5-Acetoacenaphthylene",194.073166,"C14H10O","CC(=O)c1ccc2c3c1cccc3C=C2","InChI=1S/C14H10O/c1-9(15)12-8-7-11-6-5-10-3-2-4-13(12)14(10)11/h2-8H,1H3","IBCPQVVZSWTLEG-UHFFFAOYSA-N"
527288,"3-Phenyl-benzofuran",194.073166,"C14H10O","c1ccc(cc1)c2coc3c2cccc3","InChI=1S/C14H10O/c1-2-6-11(7-3-1)13-10-15-14-9-5-4-8-12(13)14/h1-10H","SSYBGLWXGRWEFE-UHFFFAOYSA-N"
527293,"Dibenzo[c,e]oxepine",194.073166,"C14H10O","c1ccc2=c3ccccc3=COC=c2c1","InChI=1S/C14H10O/c1-3-7-13-11(5-1)9-15-10-12-6-2-4-8-14(12)13/h1-10H","BGXLAWQGTYAERO-UHFFFAOYSA-N"
1412122,"(2E)-3-Chloro-N,N-dimethyl-3-phenyl-2-propen-1-iminium",194.073105,"C11H13ClN","C[N+](=C/C=C(\c1ccccc1)/Cl)C","InChI=1S/C11H13ClN/c1-13(2)9-8-11(12)10-6-4-3-5-7-10/h3-9H,1-2H3/q+1/b11-8+","AITWTWXVEQBNJP-DHZHZOJOSA-N"
1412125,"(2Z)-3-Chloro-N,N-dimethyl-3-phenyl-2-propen-1-iminium",194.073105,"C11H13ClN","C[N+](=C/C=C(/c1ccccc1)\Cl)C","InChI=1S/C11H13ClN/c1-13(2)9-8-11(12)10-6-4-3-5-7-10/h3-9H,1-2H3/q+1/b11-8-","AITWTWXVEQBNJP-FLIBITNWSA-N"
1518743,"(3R,4R)-4-[(2-Aminoethyl)amino]tetrahydro-3-thiopheneol 1,1-dioxide",194.07251,"C6H14N2O3S","C1[C@@H]([C@H](CS1(=O)=O)O)NCCN","InChI=1S/C6H14N2O3S/c7-1-2-8-5-3-12(10,11)4-6(5)9/h5-6,8-9H,1-4,7H2/t5-,6-/m0/s1","TVJAKFQXZATUHV-WDSKDSINSA-N"
1518745,"(3S,4R)-4-[(2-Aminoethyl)amino]tetrahydro-3-thiopheneol 1,1-dioxide",194.07251,"C6H14N2O3S","C1[C@@H]([C@@H](CS1(=O)=O)O)NCCN","InChI=1S/C6H14N2O3S/c7-1-2-8-5-3-12(10,11)4-6(5)9/h5-6,8-9H,1-4,7H2/t5-,6+/m0/s1","TVJAKFQXZATUHV-NTSWFWBYSA-N"
1541113,"(3R,4R)-4-(2,2-Dimethylhydrazino)tetrahydro-3-thiopheneol 1,1-dioxide",194.07251,"C6H14N2O3S","CN(C)N[C@H]1CS(=O)(=O)C[C@@H]1O","InChI=1S/C6H14N2O3S/c1-8(2)7-5-3-12(10,11)4-6(5)9/h5-7,9H,3-4H2,1-2H3/t5-,6-/m0/s1","MPQYAVRLAFWFMT-WDSKDSINSA-N"
1541115,"(3R,4S)-4-(2,2-Dimethylhydrazino)tetrahydro-3-thiopheneol 1,1-dioxide",194.07251,"C6H14N2O3S","CN(C)N[C@@H]1CS(=O)(=O)C[C@@H]1O","InChI=1S/C6H14N2O3S/c1-8(2)7-5-3-12(10,11)4-6(5)9/h5-7,9H,3-4H2,1-2H3/t5-,6+/m1/s1","MPQYAVRLAFWFMT-RITPCOANSA-N"
2052666,"4-[(2-Aminoethyl)amino]tetrahydro-3-thiopheneol 1,1-dioxide",194.07251,"C6H14N2O3S","C1C(C(CS1(=O)=O)O)NCCN","InChI=1S/C6H14N2O3S/c7-1-2-8-5-3-12(10,11)4-6(5)9/h5-6,8-9H,1-4,7H2","TVJAKFQXZATUHV-UHFFFAOYSA-N"
2686142,"4-(2,2-Dimethylhydrazino)tetrahydro-3-thiopheneol 1,1-dioxide",194.07251,"C6H14N2O3S","CN(C)NC1CS(=O)(=O)CC1O","InChI=1S/C6H14N2O3S/c1-8(2)7-5-3-12(10,11)4-6(5)9/h5-7,9H,3-4H2,1-2H3","MPQYAVRLAFWFMT-UHFFFAOYSA-N"
2757343,"2-phenylbenzofuran",194.073166,"C14H10O","c1ccc(cc1)c2cc3ccccc3o2","InChI=1S/C14H10O/c1-2-6-11(7-3-1)14-10-12-8-4-5-9-13(12)15-14/h1-10H","HXMZLDUBSSPQIB-UHFFFAOYSA-N"
3345031,"7-Methyl-1H-phenalen-1-one",194.073166,"C14H10O","Cc1ccc2c3c1cccc3C=CC2=O","InChI=1S/C14H10O/c1-9-5-7-12-13(15)8-6-10-3-2-4-11(9)14(10)12/h2-8H,1H3","RMRQVNAECQKXRW-UHFFFAOYSA-N"
3550981,"1-(2-Biphenylenyl)ethanone",194.073166,"C14H10O","CC(=O)c1ccc2=c3ccccc3=c2c1","InChI=1S/C14H10O/c1-9(15)10-6-7-13-11-4-2-3-5-12(11)14(13)8-10/h2-8H,1H3","MBOITOZRTPXJIS-UHFFFAOYSA-N"
3683257,"1-[1,3-Dihydroxy-2-(hydroxymethyl)-2-propanyl]-3-methylthiourea",194.07251,"C6H14N2O3S","CNC(=S)NC(CO)(CO)CO","InChI=1S/C6H14N2O3S/c1-7-5(12)8-6(2-9,3-10)4-11/h9-11H,2-4H2,1H3,(H2,7,8,12)","XNKMGSRFDHDJDW-UHFFFAOYSA-N"
4381835,"3-Chloro-N,N-dimethyl-3-phenyl-2-propen-1-iminium",194.073105,"C11H13ClN","C[N+](=CC=C(c1ccccc1)Cl)C","InChI=1S/C11H13ClN/c1-13(2)9-8-11(12)10-6-4-3-5-7-10/h3-9H,1-2H3/q+1","AITWTWXVEQBNJP-UHFFFAOYSA-N"
4385776,"N-(4-Morpholinyl)ethanesulfonamide",194.07251,"C6H14N2O3S","CCS(=O)(=O)NN1CCOCC1","InChI=1S/C6H14N2O3S/c1-2-12(9,10)7-8-3-5-11-6-4-8/h7H,2-6H2,1H3","WGTXWTXIWHWWID-UHFFFAOYSA-N"
4894915,"(3S,4S)-4-[(2-Aminoethyl)amino]tetrahydro-3-thiopheneol 1,1-dioxide",194.07251,"C6H14N2O3S","C1[C@H]([C@@H](CS1(=O)=O)O)NCCN","InChI=1S/C6H14N2O3S/c7-1-2-8-5-3-12(10,11)4-6(5)9/h5-6,8-9H,1-4,7H2/t5-,6-/m1/s1","TVJAKFQXZATUHV-PHDIDXHHSA-N"
4894992,"(3S,4S)-4-(2,2-Dimethylhydrazino)tetrahydro-3-thiopheneol 1,1-dioxide",194.07251,"C6H14N2O3S","CN(C)N[C@@H]1CS(=O)(=O)C[C@H]1O","InChI=1S/C6H14N2O3S/c1-8(2)7-5-3-12(10,11)4-6(5)9/h5-7,9H,3-4H2,1-2H3/t5-,6-/m1/s1","MPQYAVRLAFWFMT-PHDIDXHHSA-N"
4976796,"(2E,4E)-2,4-Tetradecadiene-7,9,11,13-tetrayn-6-ol",194.073166,"C14H10O","C/C=C/C=C/C(C#CC#CC#CC#C)O","InChI=1S/C14H10O/c1-3-5-7-8-9-11-13-14(15)12-10-6-4-2/h1,4,6,10,12,14-15H,2H3/b6-4+,12-10+","ALZQZUNNRYVFFV-QGCGKJESSA-N"
4976829,"(3E,5E)-3,5-Tetradecadiene-7,9,11,13-tetrayn-2-ol",194.073166,"C14H10O","CC(/C=C/C=C/C#CC#CC#CC#C)O","InChI=1S/C14H10O/c1-3-4-5-6-7-8-9-10-11-12-13-14(2)15/h1,10-15H,2H3/b11-10+,13-12+","SEWOAXVCCNVTBP-AQASXUMVSA-N"
4976831,"(2S,3E,5E)-3,5-Tetradecadiene-7,9,11,13-tetrayn-2-ol",194.073166,"C14H10O","C[C@@H](/C=C/C=C/C#CC#CC#CC#C)O","InChI=1S/C14H10O/c1-3-4-5-6-7-8-9-10-11-12-13-14(2)15/h1,10-15H,2H3/b11-10+,13-12+/t14-/m0/s1","SEWOAXVCCNVTBP-ZRWNYJSNSA-N"
5022868,"(2R,3E,5E)-3,5-Tetradecadiene-7,9,11,13-tetrayn-2-ol",194.073166,"C14H10O","C[C@H](/C=C/C=C/C#CC#CC#CC#C)O","InChI=1S/C14H10O/c1-3-4-5-6-7-8-9-10-11-12-13-14(2)15/h1,10-15H,2H3/b11-10+,13-12+/t14-/m1/s1","SEWOAXVCCNVTBP-PBKZMAJUSA-N"
5045607,"2-(Phenylethynyl)phenol",194.073166,"C14H10O","c1ccc(cc1)C#Cc2ccccc2O","InChI=1S/C14H10O/c15-14-9-5-4-8-13(14)11-10-12-6-2-1-3-7-12/h1-9,15H","PIOMIFUUXIDECW-UHFFFAOYSA-N"
5045629,"1-Ethynyl-2-phenoxybenzene",194.073166,"C14H10O","C#Cc1ccccc1Oc2ccccc2","InChI=1S/C14H10O/c1-2-12-8-6-7-11-14(12)15-13-9-4-3-5-10-13/h1,3-11H","NVRHTWUJJVYNSQ-UHFFFAOYSA-N"
5145391,"Ethenesulfonic acid - piperazine (1:1)",194.07251,"C6H14N2O3S","C=CS(=O)(=O)O.C1CNCCN1","InChI=1S/C4H10N2.C2H4O3S/c1-2-6-4-3-5-1;1-2-6(3,4)5/h5-6H,1-4H2;2H,1H2,(H,3,4,5)","ONCZNDQUVQTMFA-UHFFFAOYSA-N"
5289081,"(2Z,4E)-2,4-Tetradecadiene-7,9,11,13-tetrayn-6-ol",194.072998046875,"C14H10O","C(#CC(O)\C=C\C=C/C)C#CC#CC#C","InChI=1S/C14H10O/c1-3-5-7-8-9-11-13-14(15)12-10-6-4-2/h1,4,6,10,12,14-15H,2H3/b6-4-,12-10+","ALZQZUNNRYVFFV-JVVXYUKTSA-N"
5289083,"(3E,5Z)-3,5-Tetradecadiene-7,9,11,13-tetrayn-2-ol",194.072998046875,"C14H10O","C(#C\C=C/C=C/C(O)C)C#CC#CC#C","InChI=1S/C14H10O/c1-3-4-5-6-7-8-9-10-11-12-13-14(2)15/h1,10-15H,2H3/b11-10-,13-12+","SEWOAXVCCNVTBP-JPYSRSMKSA-N"
5289084,"(2R,3E,5Z)-3,5-Tetradecadiene-7,9,11,13-tetrayn-2-ol",194.072998046875,"C14H10O","C(#C\C=C/C=C/[C@H](O)C)C#CC#CC#C","InChI=1S/C14H10O/c1-3-4-5-6-7-8-9-10-11-12-13-14(2)15/h1,10-15H,2H3/b11-10-,13-12+/t14-/m1/s1","SEWOAXVCCNVTBP-ZNLBRQGLSA-N"
5289085,"(2S,3E,5Z)-3,5-Tetradecadiene-7,9,11,13-tetrayn-2-ol",194.072998046875,"C14H10O","C(#C\C=C/C=C/[C@@H](O)C)C#CC#CC#C","InChI=1S/C14H10O/c1-3-4-5-6-7-8-9-10-11-12-13-14(2)15/h1,10-15H,2H3/b11-10-,13-12+/t14-/m0/s1","SEWOAXVCCNVTBP-PYHSYVAASA-N"
5375249,"(3S,4R)-4-(2,2-Dimethylhydrazino)tetrahydro-3-thiopheneol 1,1-dioxide",194.07251,"C6H14N2O3S","O=S1(=O)C[C@H](NN(C)C)[C@H](O)C1","InChI=1S/C6H14N2O3S/c1-8(2)7-5-3-12(10,11)4-6(5)9/h5-7,9H,3-4H2,1-2H3/t5-,6+/m0/s1","MPQYAVRLAFWFMT-NTSWFWBYSA-N"
5415159,"(3R,4S)-4-[(2-Aminoethyl)amino]tetrahydro-3-thiopheneol 1,1-dioxide",194.07251,"C6H14N2O3S","O=S1(=O)C[C@H](O)[C@H](NCCN)C1","InChI=1S/C6H14N2O3S/c7-1-2-8-5-3-12(10,11)4-6(5)9/h5-6,8-9H,1-4,7H2/t5-,6+/m1/s1","TVJAKFQXZATUHV-RITPCOANSA-N"
8139934,"9-Methylene-9H-xanthene",194.073166,"C14H10O","O2c1ccccc1/C(c3c2cccc3)=C","InChI=1S/C14H10O/c1-10-11-6-2-4-8-13(11)15-14-9-5-3-7-12(10)14/h2-9H,1H2","OXZPGIFCLSBMQX-UHFFFAOYSA-N"
8279614,"N-(Butylcarbamoyl)methanesulfonamide",194.07251,"C6H14N2O3S","O=C(NCCCC)NS(=O)(=O)C","InChI=1S/C6H14N2O3S/c1-3-4-5-7-6(9)8-12(2,10)11/h3-5H2,1-2H3,(H2,7,8,9)","QSUABUQSBZWJHK-UHFFFAOYSA-N"
8417215,"(3S)-3-Aminopentanenitrile methanesulfonate (1:1)",194.07251,"C6H14N2O3S","O=S(=O)(O)C.N#CC[C@@H](N)CC","InChI=1S/C5H10N2.CH4O3S/c1-2-5(7)3-4-6;1-5(2,3)4/h5H,2-3,7H2,1H3;1H3,(H,2,3,4)/t5-;/m0./s1","YFUWGHZSEBRWEO-JEDNCBNOSA-N"
8528062,"2-[(1E)-4-Phenyl-1-buten-3-yn-1-yl]furan",194.073166,"C14H10O","C(#C\C=C\c1occc1)c2ccccc2","InChI=1S/C14H10O/c1-2-7-13(8-3-1)9-4-5-10-14-11-6-12-15-14/h1-3,5-8,10-12H/b10-5+","CBLYNZDKYZKJSV-BJMVGYQFSA-N"
8528068,"4-(S-Methylsulfonimidoyl)isovaline",194.07251,"C6H14N2O3S","O=S(=N)(C)CCC(N)(C(=O)O)C","InChI=1S/C6H14N2O3S/c1-6(7,5(9)10)3-4-12(2,8)11/h8H,3-4,7H2,1-2H3,(H,9,10)","FYDRLQOPKFIZQU-UHFFFAOYSA-N"
8550813,"2-(2-Azulenyl)furan",194.073166,"C14H10O","o3c(c2cc1c(ccccc1)c2)ccc3","InChI=1S/C14H10O/c1-2-5-11-9-13(10-12(11)6-3-1)14-7-4-8-15-14/h1-10H","ONKCQYAVQFCWDP-UHFFFAOYSA-N"
8550814,"5,6,11,12-Tetradehydro-9,10-dihydrobenzo[10]annulen-7(8H)-one",194.073166,"C14H10O","O=C1C#Cc2ccccc2C#CCCC1","InChI=1S/C14H10O/c15-14-9-3-1-2-6-12-7-4-5-8-13(12)10-11-14/h4-5,7-8H,1,3,9H2","FVQOPAYENAGBGY-UHFFFAOYSA-N"
8550819,"(2R)-2-Amino-4-(S-ethylsulfonimidoyl)butanoic acid",194.07251,"C6H14N2O3S","O=S(=N)(CC)CC[C@@H](N)C(=O)O","InChI=1S/C6H14N2O3S/c1-2-12(8,11)4-3-5(7)6(9)10/h5,8H,2-4,7H2,1H3,(H,9,10)/t5-,12?/m1/s1","QALBWPROXXYJKZ-ZLHBUEOZSA-N"
8663450,"4-Phenyl-1-benzofuran",194.073166,"C14H10O","o2c1cccc(c1cc2)c3ccccc3","InChI=1S/C14H10O/c1-2-5-11(6-3-1)12-7-4-8-14-13(12)9-10-15-14/h1-10H","FIOQMXAIXIKSPS-UHFFFAOYSA-N"
8878317,"1-(1-Naphthyl)-2,3-butadien-1-one",194.073166,"C14H10O","C=C=CC(=O)c1cccc2c1cccc2","InChI=1S/C14H10O/c1-2-6-14(15)13-10-5-8-11-7-3-4-9-12(11)13/h3-10H,1H2","RVDMGRMFACGYKH-UHFFFAOYSA-N"
8949496,"2-(1-Naphthyl)furan",194.073166,"C14H10O","o3c(c1cccc2c1cccc2)ccc3","InChI=1S/C14H10O/c1-2-7-12-11(5-1)6-3-8-13(12)14-9-4-10-15-14/h1-10H","DEEKIOMSNFQHNS-UHFFFAOYSA-N"
8973194,"2-Methyl-1H-cyclopenta[b]naphthalen-1-one",194.073166,"C14H10O","O=C/3c2cc1ccccc1cc2\C=C\3C","InChI=1S/C14H10O/c1-9-6-12-7-10-4-2-3-5-11(10)8-13(12)14(9)15/h2-8H,1H3","ZYZOQAQJELWMOG-UHFFFAOYSA-N"
9020780,"(1R,12S)-15-Oxatetracyclo[10.2.1.0~2,11~.0~4,9~]pentadeca-2,4,6,8,10,13-hexaene",194.073166,"C14H10O","O3[C@@H]/4c1c(cc2c(c1)cccc2)[C@H]3\C=C\4","InChI=1S/C14H10O/c1-2-4-10-8-12-11(7-9(10)3-1)13-5-6-14(12)15-13/h1-8,13-14H/t13-,14+","HGJPEPUVSFPTMJ-OKILXGFUSA-N"
9183993,"4-(Phenylethynyl)phenol",194.073166,"C14H10O","Oc2ccc(C#Cc1ccccc1)cc2","InChI=1S/C14H10O/c15-14-10-8-13(9-11-14)7-6-12-4-2-1-3-5-12/h1-5,8-11,15H","NVUNTCDLAQYNFR-UHFFFAOYSA-N"
9249430,"9H-Fluorene-9-carbaldehyde",194.073166,"C14H10O","c1ccc2c(c1)-c3ccccc3C2C=O","InChI=1S/C14H10O/c15-9-14-12-7-3-1-5-10(12)11-6-2-4-8-13(11)14/h1-9,14H","RNDGADNGORZKGH-UHFFFAOYSA-N"
9610353,"(2R)-1-Cyano-2-butanaminium methanesulfonate",194.07251,"C6H14N2O3S","N#CC[C@H]([NH3+])CC.[O-]S(=O)(=O)C","InChI=1S/C5H10N2.CH4O3S/c1-2-5(7)3-4-6;1-5(2,3)4/h5H,2-3,7H2,1H3;1H3,(H,2,3,4)/t5-;/m1./s1","YFUWGHZSEBRWEO-NUBCRITNSA-N"
10140250,"(1aS,9cR)-1a,9c-Dihydrophenanthro[3,4-b]oxirene",194.073166,"C14H10O","c1ccc2c(c1)ccc3c2[C@@H]4[C@@H](O4)C=C3","InChI=1S/C14H10O/c1-2-4-11-9(3-1)5-6-10-7-8-12-14(15-12)13(10)11/h1-8,12,14H/t12-,14-/m0/s1","SHJAOFFXDWCMOC-JSGCOSHPSA-N"
10140251,"(1aR,9cS)-1a,9c-Dihydrophenanthro[3,4-b]oxirene",194.073166,"C14H10O","c1ccc2c(c1)ccc3c2[C@H]4[C@H](O4)C=C3","InChI=1S/C14H10O/c1-2-4-11-9(3-1)5-6-10-7-8-12-14(15-12)13(10)11/h1-8,12,14H/t12-,14-/m1/s1","SHJAOFFXDWCMOC-TZMCWYRMSA-N"
10140252,"(1aR,9aS)-1a,9a-Dihydrophenanthro[1,2-b]oxirene",194.073166,"C14H10O","c1ccc2c(c1)ccc3c2C=C[C@H]4[C@@H]3O4","InChI=1S/C14H10O/c1-2-4-10-9(3-1)5-6-12-11(10)7-8-13-14(12)15-13/h1-8,13-14H/t13-,14+/m0/s1","ALTXUIJFJAHUPS-UONOGXRCSA-N"
10164239,"8-Phenyl-3,5,7-octatriyn-1-ol",194.073166,"C14H10O","c1ccc(cc1)C#CC#CC#CCCO","InChI=1S/C14H10O/c15-13-9-4-2-1-3-6-10-14-11-7-5-8-12-14/h5,7-8,11-12,15H,9,13H2","WUYFZWHRMXLEJN-UHFFFAOYSA-N"
10540305,"7,8-Dihydroacenaphtho[5,4-b]furan",194.073166,"C14H10O","c1ccc2c4OCCc4cc3/C=C\c1c23","InChI=1S/C14H10O/c1-2-9-4-5-10-8-11-6-7-15-14(11)12(3-1)13(9)10/h1-5,8H,6-7H2","XPDSOBFBHYKGHY-UHFFFAOYSA-N"
10661299,"Dibenzo[b,d]oxepine",194.073166,"C14H10O","c1cc2O\C=C/c3ccccc3c2cc1","InChI=1S/C14H10O/c1-2-6-12-11(5-1)9-10-15-14-8-4-3-7-13(12)14/h1-10H","ZGNHLWKYNFSKCD-UHFFFAOYSA-N"
10684491,"1(4H)-Anthracenone",194.073166,"C14H10O","O=C2/C=C\Cc1cc3ccccc3cc12","InChI=1S/C14H10O/c15-14-7-3-6-12-8-10-4-1-2-5-11(10)9-13(12)14/h1-5,7-9H,6H2","PINTVOOQFYWRCA-UHFFFAOYSA-N"
11273007,"Dibenzo[b,e]oxepine",194.073166,"C14H10O","c1ccc2=COc3ccccc3C=c2c1","InChI=1S/C14H10O/c1-2-7-13-10-15-14-8-4-3-6-12(14)9-11(13)5-1/h1-10H","APMCUORPNXHBQK-UHFFFAOYSA-N"
11286554,"4'-Phenoxyphenylacetylene",194.073166,"C14H10O","C#Cc1ccc(cc1)Oc2ccccc2","InChI=1S/C14H10O/c1-2-12-8-10-14(11-9-12)15-13-6-4-3-5-7-13/h1,3-11H","LKMNQDOAPYPSNH-UHFFFAOYSA-N"
11337674,"1-Ethynyl-3-phenoxybenzene",194.073166,"C14H10O","C#Cc1cccc(c1)Oc2ccccc2","InChI=1S/C14H10O/c1-2-12-7-6-10-14(11-12)15-13-8-4-3-5-9-13/h1,3-11H","RUPJOPCERIEGFU-UHFFFAOYSA-N"
11463924,"2(7H)-Phenanthrenone",194.073166,"C14H10O","c1cc2=CC(=O)C=Cc2c3c1=CCC=C3","InChI=1S/C14H10O/c15-12-7-8-14-11(9-12)6-5-10-3-1-2-4-13(10)14/h2-9H,1H2","DMEXTOYPTWRYLU-UHFFFAOYSA-N"
11553283,"2(8H)-Anthracenone",194.073166,"C14H10O","c1c2c(=CC=CC2)cc3c1=CC(=O)C=C3","InChI=1S/C14H10O/c15-14-6-5-12-7-10-3-1-2-4-11(10)8-13(12)9-14/h1-3,5-9H,4H2","GZTDASBHNKBLPF-UHFFFAOYSA-N"
13303017,"1(2H)-Anthracenone",194.073166,"C14H10O","c1ccc2cc3c(cc2c1)C=CCC3=O","InChI=1S/C14H10O/c15-14-7-3-6-12-8-10-4-1-2-5-11(10)9-13(12)14/h1-6,8-9H,7H2","MRVNKBNZHOHVER-UHFFFAOYSA-N"
13338492,"9(10H)-Phenanthrenone",194.073166,"C14H10O","c1ccc-2c(c1)CC(=O)c3c2cccc3","InChI=1S/C14H10O/c15-14-9-10-5-1-2-6-11(10)12-7-3-4-8-13(12)14/h1-8H,9H2","NDVAMUMVOJRAJV-UHFFFAOYSA-N"
13657397,"METHYL-9H-FLUOREN-9-ONE",194.073166,"C14H10O","Cc1cccc-2c1C(=O)c3c2cccc3","InChI=1S/C14H10O/c1-9-5-4-8-11-10-6-2-3-7-12(10)14(15)13(9)11/h2-8H,1H3","POMQQLMTQXTWLP-UHFFFAOYSA-N"
14199982,"3-(Phenylethynyl)phenol",194.073166,"C14H10O","c1ccc(cc1)C#Cc2cccc(c2)O","InChI=1S/C14H10O/c15-14-8-4-7-13(11-14)10-9-12-5-2-1-3-6-12/h1-8,11,15H","ONMWLTAZXNKXQX-UHFFFAOYSA-N"
15266873,"4'-Ethynyl-4-biphenylol",194.073166,"C14H10O","C#Cc1ccc(cc1)c2ccc(cc2)O","InChI=1S/C14H10O/c1-2-11-3-5-12(6-4-11)13-7-9-14(15)10-8-13/h1,3-10,15H","DILPQBKOIIKSOX-UHFFFAOYSA-N"
15673918,"1-Phenyl-2-benzofuran",194.073166,"C14H10O","c1ccc(cc1)c2c3ccccc3co2","InChI=1S/C14H10O/c1-2-6-11(7-3-1)14-13-9-5-4-8-12(13)10-15-14/h1-10H","KIIGPNDJMVHUSL-UHFFFAOYSA-N"
16055641,"9H-Fluorene-3-carbaldehyde",194.073166,"C14H10O","c1ccc-2c(c1)Cc3c2cc(cc3)C=O","InChI=1S/C14H10O/c15-9-10-5-6-12-8-11-3-1-2-4-13(11)14(12)7-10/h1-7,9H,8H2","CYDABVPVQMWWBC-UHFFFAOYSA-N"
16498091,"2-(4-Morpholinylsulfonyl)ethanamine",194.07251,"C6H14N2O3S","C1COCCN1S(=O)(=O)CCN","InChI=1S/C6H14N2O3S/c7-1-6-12(9,10)8-2-4-11-5-3-8/h1-7H2","OINANNBISYKCNE-UHFFFAOYSA-N"
16803694,"2,6-Dimethyl-4-morpholinesulfonamide",194.07251,"C6H14N2O3S","CC1CN(CC(O1)C)S(=O)(=O)N","InChI=1S/C6H14N2O3S/c1-5-3-8(12(7,9)10)4-6(2)11-5/h5-6H,3-4H2,1-2H3,(H2,7,9,10)","NVGVTWSMMWMHHE-UHFFFAOYSA-N"
21403482,"3-Methyl-1H-phenalen-1-one",194.073166,"C14H10O","CC1=CC(=O)c2cccc3c2c1ccc3","InChI=1S/C14H10O/c1-9-8-13(15)12-7-3-5-10-4-2-6-11(9)14(10)12/h2-8H,1H3","UWELZXBUQHHDGY-UHFFFAOYSA-N"
21403852,"2-Amino-4-(S-ethylsulfonimidoyl)butanoic acid",194.07251,"C6H14N2O3S","CCS(=N)(=O)CCC(C(=O)O)N","InChI=1S/C6H14N2O3S/c1-2-12(8,11)4-3-5(7)6(9)10/h5,8H,2-4,7H2,1H3,(H,9,10)","QALBWPROXXYJKZ-UHFFFAOYSA-N"
21800489,"1-[4-(Methylsulfonyl)-2-morpholinyl]methanamine",194.07251,"C6H14N2O3S","CS(=O)(=O)N1CCOC(C1)CN","InChI=1S/C6H14N2O3S/c1-12(9,10)8-2-3-11-6(4-7)5-8/h6H,2-5,7H2,1H3","JYDKRSKRMGGEBM-UHFFFAOYSA-N"
23254755,"4(1H)-Phenanthrenone",194.073166,"C14H10O","c1ccc2c(c1)ccc3c2C(=O)C=CC3","InChI=1S/C14H10O/c15-13-7-3-5-11-9-8-10-4-1-2-6-12(10)14(11)13/h1-4,6-9H,5H2","XWSRLRKUDGNBQE-UHFFFAOYSA-N"
24186032,"(2S)-2-(Methoxymethyl)-1-pyrrolidinesulfonamide",194.07251,"C6H14N2O3S","COC[C@@H]1CCCN1S(=O)(=O)N","InChI=1S/C6H14N2O3S/c1-11-5-6-3-2-4-8(6)12(7,9)10/h6H,2-5H2,1H3,(H2,7,9,10)/t6-/m0/s1","OSRYTBIQLYFTNI-LURJTMIESA-N"
24186052,"4-Methoxy-1-piperidinesulfonamide",194.07251,"C6H14N2O3S","COC1CCN(CC1)S(=O)(=O)N","InChI=1S/C6H14N2O3S/c1-11-6-2-4-8(5-3-6)12(7,9)10/h6H,2-5H2,1H3,(H2,7,9,10)","GOQRKAPGOYCWBE-UHFFFAOYSA-N"
24186053,"3-Methoxy-1-piperidinesulfonamide",194.07251,"C6H14N2O3S","COC1CCCN(C1)S(=O)(=O)N","InChI=1S/C6H14N2O3S/c1-11-6-3-2-4-8(5-6)12(7,9)10/h6H,2-5H2,1H3,(H2,7,9,10)","BJUXEXUZLCPBIE-UHFFFAOYSA-N"
24186055,"4-Hydroxy-4-methyl-1-piperidinesulfonamide",194.07251,"C6H14N2O3S","CC1(CCN(CC1)S(=O)(=O)N)O","InChI=1S/C6H14N2O3S/c1-6(9)2-4-8(5-3-6)12(7,10)11/h9H,2-5H2,1H3,(H2,7,10,11)","AONAWJODQQKUPX-UHFFFAOYSA-N"
24532678,"4-Hydroxy(~2~H_5_)quinoline-2-carboxylic acid",194.073975,"C10H2D5NO3","[2H]c1c(c(c2c(c1[2H])c(c(c(n2)C(=O)O)[2H])O)[2H])[2H]","InChI=1S/C10H7NO3/c12-9-5-8(10(13)14)11-7-4-2-1-3-6(7)9/h1-5H,(H,11,12)(H,13,14)/i1D,2D,3D,4D,5D","HCZHHEIFKROPDY-RALIUCGRSA-N"
24828908,"L-Cysteine - propanamide (1:1)",194.07251,"C6H14N2O3S","CCC(=O)N.C([C@@H](C(=O)O)N)S","InChI=1S/C3H7NO2S.C3H7NO/c4-2(1-7)3(5)6;1-2-3(4)5/h2,7H,1,4H2,(H,5,6);2H2,1H3,(H2,4,5)/t2-;/m0./s1","IEBGHERKHXHINT-DKWTVANSSA-N"
25290860,"1,1-Dimethyl-3-[2-(methylsulfonyl)ethyl]urea",194.073,"C6H14N2O3S","CN(C)C(=O)NCCS(=O)(=O)C","InChI=1S/C6H14N2O3S/c1-8(2)6(9)7-4-5-12(3,10)11/h4-5H2,1-3H3,(H,7,9)","XJRCXGWUYWAGRO-UHFFFAOYSA-N"
25308805,"N-Cyclopentyl-N'-methoxysulfuric diamide",194.073,"C6H14N2O3S","CONS(=O)(=O)NC1CCCC1","InChI=1S/C6H14N2O3S/c1-11-8-12(9,10)7-6-4-2-3-5-6/h6-8H,2-5H2,1H3","VJZGEEJUPWSNLQ-UHFFFAOYSA-N"
25328692,"N,3-Dimethyl-4-morpholinesulfonamide",194.073,"C6H14N2O3S","CC1COCCN1S(=O)(=O)NC","InChI=1S/C6H14N2O3S/c1-6-5-11-4-3-8(6)12(9,10)7-2/h6-7H,3-5H2,1-2H3","VQIZHSNTLIKADZ-UHFFFAOYSA-N"
25328949,"N,2-Dimethyl-4-morpholinesulfonamide",194.073,"C6H14N2O3S","CC1CN(CCO1)S(=O)(=O)NC","InChI=1S/C6H14N2O3S/c1-6-5-8(3-4-11-6)12(9,10)7-2/h6-7H,3-5H2,1-2H3","JJRDHQYUZRGPNO-UHFFFAOYSA-N"
25432274,"N,N-Dimethyl-N'-(3-oxobutyl)sulfuric diamide",194.073,"C6H14N2O3S","CC(=O)CCNS(=O)(=O)N(C)C","InChI=1S/C6H14N2O3S/c1-6(9)4-5-7-12(10,11)8(2)3/h7H,4-5H2,1-3H3","QBBGHAOLHACQEZ-UHFFFAOYSA-N"
25793959,"8-Fluoro-1,2,3,4-tetrahydro-2-naphthalenecarboxylic acid",194.074,"C11H11FO2","c1cc2c(c(c1)F)CC(CC2)C(=O)O","InChI=1S/C11H11FO2/c12-10-3-1-2-7-4-5-8(11(13)14)6-9(7)10/h1-3,8H,4-6H2,(H,13,14)","LBBYINBEDUAYEM-UHFFFAOYSA-N"
25908045,"N-(2-Aminoethyl)-3-(methylsulfonyl)propanamide",194.07251,"C6H14N2O3S","CS(=O)(=O)CCC(=O)NCCN","InChI=1S/C6H14N2O3S/c1-12(10,11)5-2-6(9)8-4-3-7/h2-5,7H2,1H3,(H,8,9)","WIGGJORKVLZXBH-UHFFFAOYSA-N"
25941321,"naphthoxepine",194.073166,"C14H10O","c1ccc2c(c1)ccc3c2C=CC=CO3","InChI=1S/C14H10O/c1-2-6-12-11(5-1)8-9-14-13(12)7-3-4-10-15-14/h1-10H","NGGSUXCCAYHGOC-UHFFFAOYSA-N"
25948053,"1,2-Diimino-1,2-dihydrocarbazol-9-ide",194.072372,"C12H8N3","c1ccc2c(c1)c3c([n-]2)C(=N)C(=N)C=C3","InChI=1S/C12H8N3/c13-9-6-5-8-7-3-1-2-4-10(7)15-12(8)11(9)14/h1-6,13-14H/q-1","HHRJXERFOBLGFH-UHFFFAOYSA-N"
26450504,"N-[3-(Methylsulfonyl)propyl]glycinamide",194.07251,"C6H14N2O3S","CS(=O)(=O)CCCNC(=O)CN","InChI=1S/C6H14N2O3S/c1-12(10,11)4-2-3-8-6(9)5-7/h2-5,7H2,1H3,(H,8,9)","DSVLLJURLWZMHM-UHFFFAOYSA-N"
26450542,"N~2~-[3-(Methylsulfonyl)propyl]glycinamide",194.07251,"C6H14N2O3S","CS(=O)(=O)CCCNCC(=O)N","InChI=1S/C6H14N2O3S/c1-12(10,11)4-2-3-8-5-6(7)9/h8H,2-5H2,1H3,(H2,7,9)","XBDVLLLGOTZGRM-UHFFFAOYSA-N"
26537180,"7-Phenyl-1-benzofuran",194.073166,"C14H10O","c1ccc(cc1)c2cccc3c2occ3C1=CC=C(C=C1)C2=CC=CC3=C2OC=C3","InChI=1S/C28H18O2/c1-2-6-19(7-3-1)24-10-5-11-25-26(18-30-28(24)25)21-14-12-20(13-15-21)23-9-4-8-22-16-17-29-27(22)23/h1-18H","WEVUZRBPTGURQJ-UHFFFAOYSA-N"
26537473,"5-Phenyl-1-benzofuran",194.073166,"C14H10O","c1ccc(cc1)c2ccc3c(c2)cco3C1=CC=C(C=C1)C2=CC3=C(C=C2)OC=C3","InChI=1S/C28H19O2/c1-2-4-20(5-3-1)23-9-13-28-25(19-23)15-17-30(28)26-10-6-21(7-11-26)22-8-12-27-24(18-22)14-16-29-27/h1-19H","VIYQCHGRWPTEAF-UHFFFAOYSA-N"
26584167,"N,N-Dimethyl-N~3~-(methylsulfonyl)-beta-alaninamide",194.07251,"C6H14N2O3S","CN(C)C(=O)CCNS(=O)(=O)C","InChI=1S/C6H14N2O3S/c1-8(2)6(9)4-5-7-12(3,10)11/h7H,4-5H2,1-3H3","NYFGYEKMZJCKDU-UHFFFAOYSA-N"
26945742,"2-Methyl-1H-fluoren-1-one",194.073166,"C14H10O","CC1=CC=C2c3ccccc3C=C2C1=O","InChI=1S/C14H10O/c1-9-6-7-12-11-5-3-2-4-10(11)8-13(12)14(9)15/h2-8H,1H3","FWPHKKLPYHVMDZ-UHFFFAOYSA-N"
26945743,"3-Methyl-1H-fluoren-1-one",194.073166,"C14H10O","CC1=CC(=O)C2=Cc3ccccc3C2=C1","InChI=1S/C14H10O/c1-9-6-12-11-5-3-2-4-10(11)8-13(12)14(15)7-9/h2-8H,1H3","LIVBDPVRWXWNRI-UHFFFAOYSA-N"
27485624,"N-{3-[(Methylsulfonyl)amino]propyl}acetamide",194.07251,"C6H14N2O3S","CC(=O)NCCCNS(=O)(=O)C","InChI=1S/C6H14N2O3S/c1-6(9)7-4-3-5-8-12(2,10)11/h8H,3-5H2,1-2H3,(H,7,9)","DTDKYWLWTPWKER-UHFFFAOYSA-N"
27486025,"N-[2-(Methylsulfamoyl)ethyl]propanamide",194.07251,"C6H14N2O3S","CCC(=O)NCCS(=O)(=O)NC","InChI=1S/C6H14N2O3S/c1-3-6(9)8-4-5-12(10,11)7-2/h7H,3-5H2,1-2H3,(H,8,9)","YQOZRPNYOHDYGO-UHFFFAOYSA-N"
28560463,"Dimethyl(2-propyn-1-yl)(3,3,3-trifluoropropyl)silane",194.073868,"C8H13F3Si","C[Si](C)(CCC(F)(F)F)CC#C","InChI=1S/C8H13F3Si/c1-4-6-12(2,3)7-5-8(9,10)11/h1H,5-7H2,2-3H3","HVPQLBODKHWNNN-UHFFFAOYSA-N"
28580155,"3-(1-Naphthyl)furan",194.073166,"C14H10O","c1ccc2c(c1)cccc2c3ccoc3","InChI=1S/C14H10O/c1-2-6-13-11(4-1)5-3-7-14(13)12-8-9-15-10-12/h1-10H","XFXXHKSPWRZNSA-UHFFFAOYSA-N"
28683737,"4-(1-Naphthyl)-3-butyn-2-one",194.073166,"C14H10O","CC(=O)C#Cc1cccc2c1cccc2","InChI=1S/C14H10O/c1-11(15)9-10-13-7-4-6-12-5-2-3-8-14(12)13/h2-8H,1H3","NGYUQXVNMCENSV-UHFFFAOYSA-N"
28833794,"N-(Isobutylcarbamoyl)methanesulfonamide",194.07251,"C6H14N2O3S","CC(C)CNC(=O)NS(=O)(=O)C","InChI=1S/C6H14N2O3S/c1-5(2)4-7-6(9)8-12(3,10)11/h5H,4H2,1-3H3,(H2,7,8,9)","BXRCCLLETMLWJD-UHFFFAOYSA-N"
28833795,"N-(sec-Butylcarbamoyl)methanesulfonamide",194.07251,"C6H14N2O3S","CCC(C)NC(=O)NS(=O)(=O)C","InChI=1S/C6H14N2O3S/c1-4-5(2)7-6(9)8-12(3,10)11/h5H,4H2,1-3H3,(H2,7,8,9)","VWSCMTOBVXZNLR-UHFFFAOYSA-N"
28833854,"N-(Diethylcarbamoyl)methanesulfonamide",194.07251,"C6H14N2O3S","CCN(CC)C(=O)NS(=O)(=O)C","InChI=1S/C6H14N2O3S/c1-4-8(5-2)6(9)7-12(3,10)11/h4-5H2,1-3H3,(H,7,9)","QOBTWUMADJZTAO-UHFFFAOYSA-N"
28833856,"N-[(2-Methyl-2-propanyl)carbamoyl]methanesulfonamide",194.07251,"C6H14N2O3S","CC(C)(C)NC(=O)NS(=O)(=O)C","InChI=1S/C6H14N2O3S/c1-6(2,3)7-5(9)8-12(4,10)11/h1-4H3,(H2,7,8,9)","CLWNZMGQAWPBCA-UHFFFAOYSA-N"
28865747,"N~2~-(Methylsulfonyl)-N-propylglycinamide",194.07251,"C6H14N2O3S","CCCNC(=O)CNS(=O)(=O)C","InChI=1S/C6H14N2O3S/c1-3-4-7-6(9)5-8-12(2,10)11/h8H,3-5H2,1-2H3,(H,7,9)","VUCCFELUYGFNBD-UHFFFAOYSA-N"
28865791,"N-Isopropyl-N~2~-(methylsulfonyl)glycinamide",194.07251,"C6H14N2O3S","CC(C)NC(=O)CNS(=O)(=O)C","InChI=1S/C6H14N2O3S/c1-5(2)8-6(9)4-7-12(3,10)11/h5,7H,4H2,1-3H3,(H,8,9)","PRGQXQMWPNWMFO-UHFFFAOYSA-N"
29315399,"Naphtho[1,2-b]oxepine",194.073166,"C14H10O","c1ccc2c(c1)ccc3c2OC=CC=C3","InChI=1S/C14H10O/c1-2-7-13-11(5-1)8-9-12-6-3-4-10-15-14(12)13/h1-10H","FUWWOBHYQMDJGB-UHFFFAOYSA-N"
29332887,"15-Oxatetracyclo[10.2.1.0~2,11~.0~4,8~]pentadeca-2,4,6,8,10,13-hexaene",194.073166,"C14H10O","c1cc-2ccc3c(cc2c1)C4C=CC3O4","InChI=1S/C14H10O/c1-2-9-4-5-11-12(8-10(9)3-1)14-7-6-13(11)15-14/h1-8,13-14H","JHMMROGALUGMHU-UHFFFAOYSA-N"
30218221,"6-Phenyl-1-benzofuran",194.073166,"C14H10O","c1ccc(cc1)c2ccc3ccoc3c2","InChI=1S/C14H10O/c1-2-4-11(5-3-1)13-7-6-12-8-9-15-14(12)10-13/h1-10H","CZOYEVWOIRECMG-UHFFFAOYSA-N"
30783053,"[4-(Trifluoromethyl)-1-cyclohexen-1-yl]boronic acid",194.072601,"C7H10BF3O2","B(C1=CCC(CC1)C(F)(F)F)(O)O","InChI=1S/C7H10BF3O2/c9-7(10,11)5-1-3-6(4-2-5)8(12)13/h3,5,12-13H,1-2,4H2","OCRVNCZKQNGCQI-UHFFFAOYSA-N"
31047081,"3(2H)-Phenanthrenone",194.073166,"C14H10O","c1ccc2c(c1)ccc3=CCC(=O)C=c32","InChI=1S/C14H10O/c15-12-8-7-11-6-5-10-3-1-2-4-13(10)14(11)9-12/h1-7,9H,8H2","CIUICCYYGROKEM-UHFFFAOYSA-N"
32079023,"N,N,N~2~-Trimethyl-N~2~-(methylsulfonyl)glycinamide",194.07251,"C6H14N2O3S","CN(C)C(=O)CN(C)S(=O)(=O)C","InChI=1S/C6H14N2O3S/c1-7(2)6(9)5-8(3)12(4,10)11/h5H2,1-4H3","FAYOVOYKSHABTM-UHFFFAOYSA-N"
32225412,"3-Hydroxy-N,N,3-trimethyl-1-azetidinesulfonamide",194.07251,"C6H14N2O3S","CC1(CN(C1)S(=O)(=O)N(C)C)O","InChI=1S/C6H14N2O3S/c1-6(9)4-8(5-6)12(10,11)7(2)3/h9H,4-5H2,1-3H3","CJWHKNIHTDIHSP-UHFFFAOYSA-N"
32378051,"N-{2-[(Methylsulfonyl)amino]ethyl}propanamide",194.07251,"C6H14N2O3S","CCC(=O)NCCNS(=O)(=O)C","InChI=1S/C6H14N2O3S/c1-3-6(9)7-4-5-8-12(2,10)11/h8H,3-5H2,1-2H3,(H,7,9)","FMSHHYIAAHSRFS-UHFFFAOYSA-N"
32611428,"N,N-Dimethyl-1,3-oxazinane-3-sulfonamide",194.07251,"C6H14N2O3S","CN(C)S(=O)(=O)N1CCCOC1","InChI=1S/C6H14N2O3S/c1-7(2)12(9,10)8-4-3-5-11-6-8/h3-6H2,1-2H3","SDJMHOBXBRANPT-UHFFFAOYSA-N"
32611985,"N,N,2-Trimethyl-1,3-oxazolidine-3-sulfonamide",194.07251,"C6H14N2O3S","CC1N(CCO1)S(=O)(=O)N(C)C","InChI=1S/C6H14N2O3S/c1-6-8(4-5-11-6)12(9,10)7(2)3/h6H,4-5H2,1-3H3","LKDYAYMTTGQIOW-UHFFFAOYSA-N"
32798459,"1-[(2S)-4-(Methylsulfonyl)-2-morpholinyl]methanamine",194.07251,"C6H14N2O3S","CS(=O)(=O)N1CCO[C@H](C1)CN","InChI=1S/C6H14N2O3S/c1-12(9,10)8-2-3-11-6(4-7)5-8/h6H,2-5,7H2,1H3/t6-/m0/s1","JYDKRSKRMGGEBM-LURJTMIESA-N"
32798460,"1-[(2R)-4-(Methylsulfonyl)-2-morpholinyl]methanamine",194.07251,"C6H14N2O3S","CS(=O)(=O)N1CCO[C@@H](C1)CN","InChI=1S/C6H14N2O3S/c1-12(9,10)8-2-3-11-6(4-7)5-8/h6H,2-5,7H2,1H3/t6-/m1/s1","JYDKRSKRMGGEBM-ZCFIWIBFSA-N"
33823712,"",194.073166,"C14H10O","COC1=C=C(C2=C1c3c2cccc3)C=C","InChI=1S/C14H10O/c1-3-9-8-12(15-2)14-11-7-5-4-6-10(11)13(9)14/h3-7H,1H2,2H3","YNMLAWKJDARPIZ-UHFFFAOYSA-N"
34210780,"3-(Methoxymethyl)-1-pyrrolidinesulfonamide",194.07251,"C6H14N2O3S","COCC1CCN(C1)S(=O)(=O)N","InChI=1S/C6H14N2O3S/c1-11-5-6-2-3-8(4-6)12(7,9)10/h6H,2-5H2,1H3,(H2,7,9,10)","ZGHRHQYHGQDHPX-UHFFFAOYSA-N"
35708026,"N-Methyl-N-[2-(methylsulfonyl)ethyl]glycinamide",194.07251,"C6H14N2O3S","CN(CCS(=O)(=O)C)C(=O)CN","InChI=1S/C6H14N2O3S/c1-8(6(9)5-7)3-4-12(2,10)11/h3-5,7H2,1-2H3","QPMPMOXILSXPGQ-UHFFFAOYSA-N"
35793322,"S-(2,3-Dihydroxypropyl)cysteinamide",194.07251,"C6H14N2O3S","C(C(CSCC(C(=O)N)N)O)O","InChI=1S/C6H14N2O3S/c7-5(6(8)11)3-12-2-4(10)1-9/h4-5,9-10H,1-3,7H2,(H2,8,11)","SVHJAIOEFLVPBS-UHFFFAOYSA-N"
35913357,"3-(3-Oxetanylamino)-1-propanesulfonamide",194.07251,"C6H14N2O3S","C1C(CO1)NCCCS(=O)(=O)N","InChI=1S/C6H14N2O3S/c7-12(9,10)3-1-2-8-6-4-11-5-6/h6,8H,1-5H2,(H2,7,9,10)","SZGUZYMYXXIERL-UHFFFAOYSA-N"
36273487,"(1E)-3-[(2,3-Dihydroxypropyl)sulfanyl]-N'-hydroxypropanimidamide",194.07251,"C6H14N2O3S","C(CSCC(CO)O)/C(=N\O)/N","InChI=1S/C6H14N2O3S/c7-6(8-11)1-2-12-4-5(10)3-9/h5,9-11H,1-4H2,(H2,7,8)","IBUWBZLGXJBDQA-UHFFFAOYSA-N"
36273496,"(1Z)-2-[(2,3-Dihydroxypropyl)sulfanyl]-N'-hydroxypropanimidamide",194.07251,"C6H14N2O3S","CC(/C(=N/O)/N)SCC(CO)O","InChI=1S/C6H14N2O3S/c1-4(6(7)8-11)12-3-5(10)2-9/h4-5,9-11H,2-3H2,1H3,(H2,7,8)","KJLZVPBCIJYLRB-UHFFFAOYSA-N"
36275157,"3-[(2,3-Dihydroxypropyl)sulfanyl]propanehydrazide",194.07251,"C6H14N2O3S","C(CSCC(CO)O)C(=O)NN","InChI=1S/C6H14N2O3S/c7-8-6(11)1-2-12-4-5(10)3-9/h5,9-10H,1-4,7H2,(H,8,11)","SEQWWUDGZMVOIQ-UHFFFAOYSA-N"
36275158,"2-[(2,3-Dihydroxypropyl)sulfanyl]propanehydrazide",194.07251,"C6H14N2O3S","CC(C(=O)NN)SCC(CO)O","InChI=1S/C6H14N2O3S/c1-4(6(11)8-7)12-3-5(10)2-9/h4-5,9-10H,2-3,7H2,1H3,(H,8,11)","YKRPCZNNDJLRGW-UHFFFAOYSA-N"
36344730,"2-Amino-N-(tetrahydro-3-furanyl)ethanesulfonamide",194.07251,"C6H14N2O3S","C1COCC1NS(=O)(=O)CCN","InChI=1S/C6H14N2O3S/c7-2-4-12(9,10)8-6-1-3-11-5-6/h6,8H,1-5,7H2","QTUYNXIOZJWYPY-UHFFFAOYSA-N"
36672945,"2-[(2-Aminoethyl)sulfonyl]-N-ethylacetamide",194.07251,"C6H14N2O3S","CCNC(=O)CS(=O)(=O)CCN","InChI=1S/C6H14N2O3S/c1-2-8-6(9)5-12(10,11)4-3-7/h2-5,7H2,1H3,(H,8,9)","JXPZPPQJROAGFV-UHFFFAOYSA-N"
36672947,"3-[(2-Aminoethyl)sulfonyl]-N-methylpropanamide",194.07251,"C6H14N2O3S","CNC(=O)CCS(=O)(=O)CCN","InChI=1S/C6H14N2O3S/c1-8-6(9)2-4-12(10,11)5-3-7/h2-5,7H2,1H3,(H,8,9)","VXEMMHJYLNPRIZ-UHFFFAOYSA-N"
36673003,"2-[(2-Aminoethyl)sulfonyl]-N-methylpropanamide",194.07251,"C6H14N2O3S","CC(C(=O)NC)S(=O)(=O)CCN","InChI=1S/C6H14N2O3S/c1-5(6(9)8-2)12(10,11)4-3-7/h5H,3-4,7H2,1-2H3,(H,8,9)","IPUASYLYZUQSMW-UHFFFAOYSA-N"
36673029,"3-[(2-Aminoethyl)sulfonyl]-2-methylpropanamide",194.07251,"C6H14N2O3S","CC(CS(=O)(=O)CCN)C(=O)N","InChI=1S/C6H14N2O3S/c1-5(6(8)9)4-12(10,11)3-2-7/h5H,2-4,7H2,1H3,(H2,8,9)","WBNVJWWVVOXASH-UHFFFAOYSA-N"
36673115,"2-[(2-Aminoethyl)sulfonyl]-N,N-dimethylacetamide",194.07251,"C6H14N2O3S","CN(C)C(=O)CS(=O)(=O)CCN","InChI=1S/C6H14N2O3S/c1-8(2)6(9)5-12(10,11)4-3-7/h3-5,7H2,1-2H3","HKTNPCACOURKFP-UHFFFAOYSA-N"
36673129,"2-[(2-Aminoethyl)sulfonyl]butanamide",194.07251,"C6H14N2O3S","CCC(C(=O)N)S(=O)(=O)CCN","InChI=1S/C6H14N2O3S/c1-2-5(6(8)9)12(10,11)4-3-7/h5H,2-4,7H2,1H3,(H2,8,9)","PDRIAMSDQSVJLO-UHFFFAOYSA-N"
37244050,"2-[(3-Amino-2-methylpropyl)sulfonyl]acetamide",194.07251,"C6H14N2O3S","CC(CN)CS(=O)(=O)CC(=O)N","InChI=1S/C6H14N2O3S/c1-5(2-7)3-12(10,11)4-6(8)9/h5H,2-4,7H2,1H3,(H2,8,9)","YVVHOXOYJFNOEO-UHFFFAOYSA-N"
37354107,"2-[(3-Aminopropyl)sulfonyl]propanamide",194.07251,"C6H14N2O3S","CC(C(=O)N)S(=O)(=O)CCCN","InChI=1S/C6H14N2O3S/c1-5(6(8)9)12(10,11)4-2-3-7/h5H,2-4,7H2,1H3,(H2,8,9)","MPSVKWKDVPCPHO-UHFFFAOYSA-N"
37354212,"3-[(3-Aminopropyl)sulfonyl]propanamide",194.07251,"C6H14N2O3S","C(CN)CS(=O)(=O)CCC(=O)N","InChI=1S/C6H14N2O3S/c7-3-1-4-12(10,11)5-2-6(8)9/h1-5,7H2,(H2,8,9)","BEVYIZULETUUCL-UHFFFAOYSA-N"
37404424,"2-[(1-Amino-2-propanyl)sulfonyl]-N-methylacetamide",194.07251,"C6H14N2O3S","CC(CN)S(=O)(=O)CC(=O)NC","InChI=1S/C6H14N2O3S/c1-5(3-7)12(10,11)4-6(9)8-2/h5H,3-4,7H2,1-2H3,(H,8,9)","XDAFVRSTUJCPDC-UHFFFAOYSA-N"
37404433,"2-[(1-Amino-2-propanyl)sulfonyl]propanamide",194.07251,"C6H14N2O3S","CC(CN)S(=O)(=O)C(C)C(=O)N","InChI=1S/C6H14N2O3S/c1-4(3-7)12(10,11)5(2)6(8)9/h4-5H,3,7H2,1-2H3,(H2,8,9)","PGASEZTVVWPMGO-UHFFFAOYSA-N"
37404556,"3-[(1-Amino-2-propanyl)sulfonyl]propanamide",194.07251,"C6H14N2O3S","CC(CN)S(=O)(=O)CCC(=O)N","InChI=1S/C6H14N2O3S/c1-5(4-7)12(10,11)3-2-6(8)9/h5H,2-4,7H2,1H3,(H2,8,9)","GWKUAVNHTJFERP-UHFFFAOYSA-N"
37415495,"2-[(2-Aminopropyl)sulfonyl]-N-methylacetamide",194.07251,"C6H14N2O3S","CC(CS(=O)(=O)CC(=O)NC)N","InChI=1S/C6H14N2O3S/c1-5(7)3-12(10,11)4-6(9)8-2/h5H,3-4,7H2,1-2H3,(H,8,9)","UCPZZSWJNBNCKJ-UHFFFAOYSA-N"
37415504,"2-[(2-Aminopropyl)sulfonyl]propanamide",194.07251,"C6H14N2O3S","CC(CS(=O)(=O)C(C)C(=O)N)N","InChI=1S/C6H14N2O3S/c1-4(7)3-12(10,11)5(2)6(8)9/h4-5H,3,7H2,1-2H3,(H2,8,9)","SOXFVEBFRUUXFX-UHFFFAOYSA-N"
37415631,"3-[(2-Aminopropyl)sulfonyl]propanamide",194.07251,"C6H14N2O3S","CC(CS(=O)(=O)CCC(=O)N)N","InChI=1S/C6H14N2O3S/c1-5(7)4-12(10,11)3-2-6(8)9/h5H,2-4,7H2,1H3,(H2,8,9)","BLKBLFPQZYHEDZ-UHFFFAOYSA-N"
37424119,"2-[(2-Amino-2-methylpropyl)sulfonyl]acetamide",194.07251,"C6H14N2O3S","CC(C)(CS(=O)(=O)CC(=O)N)N","InChI=1S/C6H14N2O3S/c1-6(2,8)4-12(10,11)3-5(7)9/h3-4,8H2,1-2H3,(H2,7,9)","HFENQQJOSIDHFG-UHFFFAOYSA-N"
37424714,"2-[(2-Aminobutyl)sulfonyl]acetamide",194.07251,"C6H14N2O3S","CCC(CS(=O)(=O)CC(=O)N)N","InChI=1S/C6H14N2O3S/c1-2-5(7)3-12(10,11)4-6(8)9/h5H,2-4,7H2,1H3,(H2,8,9)","RMDLCQMCXWGHSC-UHFFFAOYSA-N"
37436283,"2-[(3-Aminobutyl)sulfonyl]acetamide",194.07251,"C6H14N2O3S","CC(CCS(=O)(=O)CC(=O)N)N","InChI=1S/C6H14N2O3S/c1-5(7)2-3-12(10,11)4-6(8)9/h5H,2-4,7H2,1H3,(H2,8,9)","BAZMOXDVSDGOHH-UHFFFAOYSA-N"
37448820,"2-[(4-Amino-2-butanyl)sulfonyl]acetamide",194.07251,"C6H14N2O3S","CC(CCN)S(=O)(=O)CC(=O)N","InChI=1S/C6H14N2O3S/c1-5(2-3-7)12(10,11)4-6(8)9/h5H,2-4,7H2,1H3,(H2,8,9)","SUIUZTGSBFQJEK-UHFFFAOYSA-N"
37603429,"N-[2-(Methylsulfonyl)propyl]glycinamide",194.07251,"C6H14N2O3S","CC(CNC(=O)CN)S(=O)(=O)C","InChI=1S/C6H14N2O3S/c1-5(12(2,10)11)4-8-6(9)3-7/h5H,3-4,7H2,1-2H3,(H,8,9)","OGDJWBMYZRLWMW-UHFFFAOYSA-N"
37609491,"N-Methyl-N-(propylsulfonyl)glycinamide",194.07251,"C6H14N2O3S","CCCS(=O)(=O)N(C)C(=O)CN","InChI=1S/C6H14N2O3S/c1-3-4-12(10,11)8(2)6(9)5-7/h3-5,7H2,1-2H3","IFWYYPUDCKOBKP-UHFFFAOYSA-N"
37609492,"N-(Isopropylsulfonyl)-N-methylglycinamide",194.07251,"C6H14N2O3S","CC(C)S(=O)(=O)N(C)C(=O)CN","InChI=1S/C6H14N2O3S/c1-5(2)12(10,11)8(3)6(9)4-7/h5H,4,7H2,1-3H3","FBWUASJXZMTJRK-UHFFFAOYSA-N"
37609493,"N-Isopropyl-N-(methylsulfonyl)glycinamide",194.07251,"C6H14N2O3S","CC(C)N(C(=O)CN)S(=O)(=O)C","InChI=1S/C6H14N2O3S/c1-5(2)8(6(9)4-7)12(3,10)11/h5H,4,7H2,1-3H3","VPCFFHUIBFTMAY-UHFFFAOYSA-N"
37609494,"N-(Ethylsulfonyl)-N-methyl-beta-alaninamide",194.07251,"C6H14N2O3S","CCS(=O)(=O)N(C)C(=O)CCN","InChI=1S/C6H14N2O3S/c1-3-12(10,11)8(2)6(9)4-5-7/h3-5,7H2,1-2H3","LEMYFOBTXADWQQ-UHFFFAOYSA-N"
37916167,"N~2~-Isopropyl-N~2~-(methylsulfonyl)glycinamide",194.07251,"C6H14N2O3S","CC(C)N(CC(=O)N)S(=O)(=O)C","InChI=1S/C6H14N2O3S/c1-5(2)8(4-6(7)9)12(3,10)11/h5H,4H2,1-3H3,(H2,7,9)","IUILNUSNXQJIKM-UHFFFAOYSA-N"
37916374,"N-Ethyl-N~2~-(methylsulfonyl)alaninamide",194.07251,"C6H14N2O3S","CCNC(=O)C(C)NS(=O)(=O)C","InChI=1S/C6H14N2O3S/c1-4-7-6(9)5(2)8-12(3,10)11/h5,8H,4H2,1-3H3,(H,7,9)","NCUHIRJBJAYHBD-UHFFFAOYSA-N"
37957605,"N-Methyl-N~2~-[2-(methylsulfonyl)ethyl]glycinamide",194.07251,"C6H14N2O3S","CNC(=O)CNCCS(=O)(=O)C","InChI=1S/C6H14N2O3S/c1-7-6(9)5-8-3-4-12(2,10)11/h8H,3-5H2,1-2H3,(H,7,9)","RATUWNSOKTUESS-UHFFFAOYSA-N"
38016086,"N-Methoxy-N-methyl-1-pyrrolidinesulfonamide",194.07251,"C6H14N2O3S","CN(OC)S(=O)(=O)N1CCCC1","InChI=1S/C6H14N2O3S/c1-7(11-2)12(9,10)8-5-3-4-6-8/h3-6H2,1-2H3","YNSPHQIMVWLIPD-UHFFFAOYSA-N"
38051380,"2-Ethyl-4-morpholinesulfonamide",194.07251,"C6H14N2O3S","CCC1CN(CCO1)S(=O)(=O)N","InChI=1S/C6H14N2O3S/c1-2-6-5-8(3-4-11-6)12(7,9)10/h6H,2-5H2,1H3,(H2,7,9,10)","MZAJZKMUHDOPBJ-UHFFFAOYSA-N"
38051718,"2,5-Dimethyl-4-morpholinesulfonamide",194.07251,"C6H14N2O3S","CC1CN(C(CO1)C)S(=O)(=O)N","InChI=1S/C6H14N2O3S/c1-5-4-11-6(2)3-8(5)12(7,9)10/h5-6H,3-4H2,1-2H3,(H2,7,9,10)","LZTMCFXGTRNTJW-UHFFFAOYSA-N"
38054391,"N-Ethyl-N~2~-methyl-N~2~-(methylsulfonyl)glycinamide",194.07251,"C6H14N2O3S","CCNC(=O)CN(C)S(=O)(=O)C","InChI=1S/C6H14N2O3S/c1-4-7-6(9)5-8(2)12(3,10)11/h4-5H2,1-3H3,(H,7,9)","HNAHNGHPYMEZCR-UHFFFAOYSA-N"
38068060,"N-{2-[(Ethylsulfonyl)amino]ethyl}acetamide",194.07251,"C6H14N2O3S","CCS(=O)(=O)NCCNC(=O)C","InChI=1S/C6H14N2O3S/c1-3-12(10,11)8-5-4-7-6(2)9/h8H,3-5H2,1-2H3,(H,7,9)","MCURQKJJRBDTGF-UHFFFAOYSA-N"
38115789,"N~2~-(Propylsulfonyl)alaninamide",194.07251,"C6H14N2O3S","CCCS(=O)(=O)NC(C)C(=O)N","InChI=1S/C6H14N2O3S/c1-3-4-12(10,11)8-5(2)6(7)9/h5,8H,3-4H2,1-2H3,(H2,7,9)","PISPGPQBUCWPEC-UHFFFAOYSA-N"
38129915,"2,2-Dimethyl-4-morpholinesulfonamide",194.07251,"C6H14N2O3S","CC1(CN(CCO1)S(=O)(=O)N)C","InChI=1S/C6H14N2O3S/c1-6(2)5-8(3-4-11-6)12(7,9)10/h3-5H2,1-2H3,(H2,7,9,10)","JMCHCIDUMMEUEI-UHFFFAOYSA-N"
38129962,"N~2~-Ethyl-N-methyl-N~2~-(methylsulfonyl)glycinamide",194.07251,"C6H14N2O3S","CCN(CC(=O)NC)S(=O)(=O)C","InChI=1S/C6H14N2O3S/c1-4-8(12(3,10)11)5-6(9)7-2/h4-5H2,1-3H3,(H,7,9)","JUQHBKLLYWJWPH-UHFFFAOYSA-N"
38187948,"N,N-Dimethyl-N~2~-(methylsulfonyl)alaninamide",194.07251,"C6H14N2O3S","CC(C(=O)N(C)C)NS(=O)(=O)C","InChI=1S/C6H14N2O3S/c1-5(6(9)8(2)3)7-12(4,10)11/h5,7H,1-4H3","NUAUWZMMIPEELS-UHFFFAOYSA-N"
38324438,"N~2~-[2-(Ethylsulfonyl)ethyl]glycinamide",194.07251,"C6H14N2O3S","CCS(=O)(=O)CCNCC(=O)N","InChI=1S/C6H14N2O3S/c1-2-12(10,11)4-3-8-5-6(7)9/h8H,2-5H2,1H3,(H2,7,9)","OTRRBOHIHWVXPA-UHFFFAOYSA-N"
38495865,"N~2~-(Ethylsulfonyl)-N,N~2~-dimethylglycinamide",194.07251,"C6H14N2O3S","CCS(=O)(=O)N(C)CC(=O)NC","InChI=1S/C6H14N2O3S/c1-4-12(10,11)8(3)5-6(9)7-2/h4-5H2,1-3H3,(H,7,9)","WEAMOGKXUPCFCX-UHFFFAOYSA-N"
38495866,"N~2~-(Isopropylsulfonyl)-N-methylglycinamide",194.07251,"C6H14N2O3S","CC(C)S(=O)(=O)NCC(=O)NC","InChI=1S/C6H14N2O3S/c1-5(2)12(10,11)8-4-6(9)7-3/h5,8H,4H2,1-3H3,(H,7,9)","VHFAOLTXYZIVDW-UHFFFAOYSA-N"
38495882,"N~2~-(Ethylsulfonyl)-N,N-dimethylglycinamide",194.07251,"C6H14N2O3S","CCS(=O)(=O)NCC(=O)N(C)C","InChI=1S/C6H14N2O3S/c1-4-12(10,11)7-5-6(9)8(2)3/h7H,4-5H2,1-3H3","VBWSEHFLIQUKMS-UHFFFAOYSA-N"
38495906,"N-Ethyl-N~2~-(ethylsulfonyl)glycinamide",194.07251,"C6H14N2O3S","CCNC(=O)CNS(=O)(=O)CC","InChI=1S/C6H14N2O3S/c1-3-7-6(9)5-8-12(10,11)4-2/h8H,3-5H2,1-2H3,(H,7,9)","HFQLCIQEFUGRJE-UHFFFAOYSA-N"
38496091,"N~2~-(Isopropylsulfonyl)alaninamide",194.07251,"C6H14N2O3S","CC(C)S(=O)(=O)NC(C)C(=O)N","InChI=1S/C6H14N2O3S/c1-4(2)12(10,11)8-5(3)6(7)9/h4-5,8H,1-3H3,(H2,7,9)","RGVOMIKQDNEVHU-UHFFFAOYSA-N"
38496484,"4-[(Ethylsulfonyl)amino]butanamide",194.07251,"C6H14N2O3S","CCS(=O)(=O)NCCCC(=O)N","InChI=1S/C6H14N2O3S/c1-2-12(10,11)8-5-3-4-6(7)9/h8H,2-5H2,1H3,(H2,7,9)","BWRZZWHCZWJXIR-UHFFFAOYSA-N"
38496502,"N~2~-(Isopropylsulfonyl)-N~2~-methylglycinamide",194.07251,"C6H14N2O3S","CC(C)S(=O)(=O)N(C)CC(=O)N","InChI=1S/C6H14N2O3S/c1-5(2)12(10,11)8(3)4-6(7)9/h5H,4H2,1-3H3,(H2,7,9)","QEWWGANFPJZHNI-UHFFFAOYSA-N"
38496707,"N~3~-(Ethylsulfonyl)-N-methyl-beta-alaninamide",194.07251,"C6H14N2O3S","CCS(=O)(=O)NCCC(=O)NC","InChI=1S/C6H14N2O3S/c1-3-12(10,11)8-5-4-6(9)7-2/h8H,3-5H2,1-2H3,(H,7,9)","AHRASAPBOKBPHV-UHFFFAOYSA-N"
38496810,"N~2~-(Ethylsulfonyl)-N-methylalaninamide",194.07251,"C6H14N2O3S","CCS(=O)(=O)NC(C)C(=O)NC","InChI=1S/C6H14N2O3S/c1-4-12(10,11)8-5(2)6(9)7-3/h5,8H,4H2,1-3H3,(H,7,9)","RETFGGYBFQYXSV-UHFFFAOYSA-N"
38516924,"N-Methyl-N~2~-(propylsulfonyl)glycinamide",194.07251,"C6H14N2O3S","CCCS(=O)(=O)NCC(=O)NC","InChI=1S/C6H14N2O3S/c1-3-4-12(10,11)8-5-6(9)7-2/h8H,3-5H2,1-2H3,(H,7,9)","WFKOTEFUGKRSLR-UHFFFAOYSA-N"
38517324,"3,3-Dimethyl-4-morpholinesulfonamide",194.07251,"C6H14N2O3S","CC1(COCCN1S(=O)(=O)N)C","InChI=1S/C6H14N2O3S/c1-6(2)5-11-4-3-8(6)12(7,9)10/h3-5H2,1-2H3,(H2,7,9,10)","OEPJYPSBJVTIIQ-UHFFFAOYSA-N"
38561827,"N-Methyl-N-(tetrahydro-2-furanylmethyl)sulfuric diamide",194.07251,"C6H14N2O3S","CN(CC1CCCO1)S(=O)(=O)N","InChI=1S/C6H14N2O3S/c1-8(12(7,9)10)5-6-3-2-4-11-6/h6H,2-5H2,1H3,(H2,7,9,10)","IHAZOMBWQGLFLN-UHFFFAOYSA-N"
38647142,"N~2~-[2-(Methylsulfonyl)ethyl]alaninamide",194.07251,"C6H14N2O3S","CC(C(=O)N)NCCS(=O)(=O)C","InChI=1S/C6H14N2O3S/c1-5(6(7)9)8-3-4-12(2,10)11/h5,8H,3-4H2,1-2H3,(H2,7,9)","CCIXEKCZBVDBSA-UHFFFAOYSA-N"
38647144,"N~3~-[2-(Methylsulfonyl)ethyl]-beta-alaninamide",194.07251,"C6H14N2O3S","CS(=O)(=O)CCNCCC(=O)N","InChI=1S/C6H14N2O3S/c1-12(10,11)5-4-8-3-2-6(7)9/h8H,2-5H2,1H3,(H2,7,9)","BRTANRULVDPMAB-UHFFFAOYSA-N"
38647407,"N~2~-Methyl-N-[2-(methylsulfonyl)ethyl]glycinamide",194.07251,"C6H14N2O3S","CNCC(=O)NCCS(=O)(=O)C","InChI=1S/C6H14N2O3S/c1-7-5-6(9)8-3-4-12(2,10)11/h7H,3-5H2,1-2H3,(H,8,9)","LJBSNXAKNKOJOG-UHFFFAOYSA-N"
38766544,"N-Cyclopropyl-N-(2-methoxyethyl)sulfuric diamide",194.07251,"C6H14N2O3S","COCCN(C1CC1)S(=O)(=O)N","InChI=1S/C6H14N2O3S/c1-11-5-4-8(6-2-3-6)12(7,9)10/h6H,2-5H2,1H3,(H2,7,9,10)","JUDBXZBAEJTZSZ-UHFFFAOYSA-N"
38771797,"N-(2-Sulfamoylethyl)butanamide",194.07251,"C6H14N2O3S","CCCC(=O)NCCS(=O)(=O)N","InChI=1S/C6H14N2O3S/c1-2-3-6(9)8-4-5-12(7,10)11/h2-5H2,1H3,(H,8,9)(H2,7,10,11)","KSODPPNEICPHNF-UHFFFAOYSA-N"
38771877,"2-Methyl-N-(2-sulfamoylethyl)propanamide",194.07251,"C6H14N2O3S","CC(C)C(=O)NCCS(=O)(=O)N","InChI=1S/C6H14N2O3S/c1-5(2)6(9)8-3-4-12(7,10)11/h5H,3-4H2,1-2H3,(H,8,9)(H2,7,10,11)","FQEDAXWQLYFTBO-UHFFFAOYSA-N"
39065365,"N-[2-(Methylsulfonyl)ethyl]-D-alaninamide",194.07251,"C6H14N2O3S","C[C@H](C(=O)NCCS(=O)(=O)C)N","InChI=1S/C6H14N2O3S/c1-5(7)6(9)8-3-4-12(2,10)11/h5H,3-4,7H2,1-2H3,(H,8,9)/t5-/m1/s1","SEYSBBZLGWWPHY-RXMQYKEDSA-N"
39095393,"N-(2-Aminocyclopropyl)-2-methoxyethanesulfonamide",194.07251,"C6H14N2O3S","COCCS(=O)(=O)NC1CC1N","InChI=1S/C6H14N2O3S/c1-11-2-3-12(9,10)8-6-4-5(6)7/h5-6,8H,2-4,7H2,1H3","IRYABRIOYIYMGV-UHFFFAOYSA-N"
39528554,"3-Methoxy-N,N-dimethyl-1-azetidinesulfonamide",194.07251,"C6H14N2O3S","CN(C)S(=O)(=O)N1CC(C1)OC","InChI=1S/C6H14N2O3S/c1-7(2)12(9,10)8-4-6(5-8)11-3/h6H,4-5H2,1-3H3","LSSUNCXNLDODFP-UHFFFAOYSA-N"
40028494,"1-(1-Naphthyl)-3-butyn-1-one",194.073166,"C14H10O","C#CCC(=O)c1cccc2c1cccc2","InChI=1S/C14H10O/c1-2-6-14(15)13-10-5-8-11-7-3-4-9-12(11)13/h1,3-5,7-10H,6H2","YXNOGCQMLZXOLU-UHFFFAOYSA-N"
40028738,"1-(2-Naphthyl)-3-butyn-1-one",194.073166,"C14H10O","C#CCC(=O)c1ccc2ccccc2c1","InChI=1S/C14H10O/c1-2-5-14(15)13-9-8-11-6-3-4-7-12(11)10-13/h1,3-4,6-10H,5H2","NGAXYXSJCLZDRM-UHFFFAOYSA-N"
40278772,"N-(2-Methoxyethyl)-2-(methylsulfonyl)ethanimidamide",194.07251,"C6H14N2O3S","COCCNC(=N)CS(=O)(=O)C","InChI=1S/C6H14N2O3S/c1-11-4-3-8-6(7)5-12(2,9)10/h3-5H2,1-2H3,(H2,7,8)","HMLVCXBLRGCOBR-UHFFFAOYSA-N"
40439030,"3-Hydroxy-N,N-dimethyl-1-pyrrolidinesulfonamide",194.07251,"C6H14N2O3S","CN(C)S(=O)(=O)N1CCC(C1)O","InChI=1S/C6H14N2O3S/c1-7(2)12(10,11)8-4-3-6(9)5-8/h6,9H,3-5H2,1-2H3","KAQVYTIVXCPERP-UHFFFAOYSA-N"
40483988,"2-Methyl-1,4-oxazepane-4-sulfonamide",194.07251,"C6H14N2O3S","CC1CN(CCCO1)S(=O)(=O)N","InChI=1S/C6H14N2O3S/c1-6-5-8(12(7,9)10)3-2-4-11-6/h6H,2-5H2,1H3,(H2,7,9,10)","YXSJTXZPGNILOM-UHFFFAOYSA-N"
41306585,"3-(Propylsulfonyl)alaninamide",194.07251,"C6H14N2O3S","CCCS(=O)(=O)CC(C(=O)N)N","InChI=1S/C6H14N2O3S/c1-2-3-12(10,11)4-5(7)6(8)9/h5H,2-4,7H2,1H3,(H2,8,9)","SVACMZJVAUIDMM-UHFFFAOYSA-N"
41306596,"3-(Isopropylsulfonyl)alaninamide",194.07251,"C6H14N2O3S","CC(C)S(=O)(=O)CC(C(=O)N)N","InChI=1S/C6H14N2O3S/c1-4(2)12(10,11)3-5(7)6(8)9/h4-5H,3,7H2,1-2H3,(H2,8,9)","QKLRKMBLCQATKX-UHFFFAOYSA-N"
41306820,"3-[(2-Methoxyethyl)sulfinyl]alaninamide",194.07251,"C6H14N2O3S","COCCS(=O)CC(C(=O)N)N","InChI=1S/C6H14N2O3S/c1-11-2-3-12(10)4-5(7)6(8)9/h5H,2-4,7H2,1H3,(H2,8,9)","SEJUKZCDILVHKW-UHFFFAOYSA-N"
41460047,"N-(2-Hydroxyethyl)-1-pyrrolidinesulfonamide",194.07251,"C6H14N2O3S","C1CCN(C1)S(=O)(=O)NCCO","InChI=1S/C6H14N2O3S/c9-6-3-7-12(10,11)8-4-1-2-5-8/h7,9H,1-6H2","ALBPNDZMUGWTFK-UHFFFAOYSA-N"
41538585,"N-Methyl-N-(tetrahydro-2H-pyran-4-yl)sulfuric diamide",194.07251,"C6H14N2O3S","CN(C1CCOCC1)S(=O)(=O)N","InChI=1S/C6H14N2O3S/c1-8(12(7,9)10)6-2-4-11-5-3-6/h6H,2-5H2,1H3,(H2,7,9,10)","MIUCNTQAJPNULN-UHFFFAOYSA-N"
41539370,"3-Ethyl-4-morpholinesulfonamide",194.07251,"C6H14N2O3S","CCC1COCCN1S(=O)(=O)N","InChI=1S/C6H14N2O3S/c1-2-6-5-11-4-3-8(6)12(7,9)10/h6H,2-5H2,1H3,(H2,7,9,10)","HSHPQOGTJVZBBM-UHFFFAOYSA-N"
41664806,"N-(4-Methyltetrahydro-2H-pyran-4-yl)sulfuric diamide",194.07251,"C6H14N2O3S","CC1(CCOCC1)NS(=O)(=O)N","InChI=1S/C6H14N2O3S/c1-6(8-12(7,9)10)2-4-11-5-3-6/h8H,2-5H2,1H3,(H2,7,9,10)","ULIUMSNRDZJBNN-UHFFFAOYSA-N"
41696081,"3-[(Ethylsulfonyl)amino]butanamide",194.07251,"C6H14N2O3S","CCS(=O)(=O)NC(C)CC(=O)N","InChI=1S/C6H14N2O3S/c1-3-12(10,11)8-5(2)4-6(7)9/h5,8H,3-4H2,1-2H3,(H2,7,9)","GTPZCHOEJCXMLM-UHFFFAOYSA-N"
41696298,"N-[1-(Tetrahydro-3-furanyl)ethyl]sulfuric diamide",194.07251,"C6H14N2O3S","CC(C1CCOC1)NS(=O)(=O)N","InChI=1S/C6H14N2O3S/c1-5(8-12(7,9)10)6-2-3-11-4-6/h5-6,8H,2-4H2,1H3,(H2,7,9,10)","MYIZVDMNEWALIB-UHFFFAOYSA-N"
41822303,"3-(2-Hydroxyethyl)-1-pyrrolidinesulfonamide",194.07251,"C6H14N2O3S","C1CN(CC1CCO)S(=O)(=O)N","InChI=1S/C6H14N2O3S/c7-12(10,11)8-3-1-6(5-8)2-4-9/h6,9H,1-5H2,(H2,7,10,11)","CLDYCGBLSXOWHI-UHFFFAOYSA-N"
41831279,"N-{2-[(2-Methyl-2-propen-1-yl)oxy]ethyl}sulfuric diamide",194.07251,"C6H14N2O3S","CC(=C)COCCNS(=O)(=O)N","InChI=1S/C6H14N2O3S/c1-6(2)5-11-4-3-8-12(7,9)10/h8H,1,3-5H2,2H3,(H2,7,9,10)","LCWQGAIARJENEL-UHFFFAOYSA-N"
41948523,"N-Ethyl-N~3~-(methylsulfonyl)-beta-alaninamide",194.07251,"C6H14N2O3S","CCNC(=O)CCNS(=O)(=O)C","InChI=1S/C6H14N2O3S/c1-3-7-6(9)4-5-8-12(2,10)11/h8H,3-5H2,1-2H3,(H,7,9)","XMGILXCDHXVNJI-UHFFFAOYSA-N"
41961154,"1-Methyl-3-[3-(methylsulfonyl)propyl]urea",194.07251,"C6H14N2O3S","CNC(=O)NCCCS(=O)(=O)C","InChI=1S/C6H14N2O3S/c1-7-6(9)8-4-3-5-12(2,10)11/h3-5H2,1-2H3,(H2,7,8,9)","HHSDWVHWNFGWHJ-UHFFFAOYSA-N"
41970397,"N-(2-Aminoethyl)-2-(methylsulfonyl)propanamide",194.07251,"C6H14N2O3S","CC(C(=O)NCCN)S(=O)(=O)C","InChI=1S/C6H14N2O3S/c1-5(12(2,10)11)6(9)8-4-3-7/h5H,3-4,7H2,1-2H3,(H,8,9)","QGSBPBFPOLNVIU-UHFFFAOYSA-N"
41971147,"1-Ethyl-3-[2-(methylsulfonyl)ethyl]urea",194.07251,"C6H14N2O3S","CCNC(=O)NCCS(=O)(=O)C","InChI=1S/C6H14N2O3S/c1-3-7-6(9)8-4-5-12(2,10)11/h3-5H2,1-2H3,(H2,7,8,9)","KJPSCBRUZRYTII-UHFFFAOYSA-N"
41989099,"1,3-Dimethyl-1-[2-(methylsulfonyl)ethyl]urea",194.07251,"C6H14N2O3S","CNC(=O)N(C)CCS(=O)(=O)C","InChI=1S/C6H14N2O3S/c1-7-6(9)8(2)4-5-12(3,10)11/h4-5H2,1-3H3,(H,7,9)","TXFDVSCTSXJEIJ-UHFFFAOYSA-N"
42004090,"1-Methyl-3-[1-(methylsulfonyl)-2-propanyl]urea",194.07251,"C6H14N2O3S","CC(CS(=O)(=O)C)NC(=O)NC","InChI=1S/C6H14N2O3S/c1-5(4-12(3,10)11)8-6(9)7-2/h5H,4H2,1-3H3,(H2,7,8,9)","FIWVERGWVLAQOG-UHFFFAOYSA-N"
42162579,"3-{[2-(Methylsulfinyl)ethyl]amino}alanine",194.07251,"C6H14N2O3S","CS(=O)CCNCC(C(=O)O)N","InChI=1S/C6H14N2O3S/c1-12(11)3-2-8-4-5(7)6(9)10/h5,8H,2-4,7H2,1H3,(H,9,10)","BDLHPSOUSZNHJB-UHFFFAOYSA-N"
42346463,"3-Hydroxy-N-isopropyl-1-azetidinesulfonamide",194.07251,"C6H14N2O3S","CC(C)NS(=O)(=O)N1CC(C1)O","InChI=1S/C6H14N2O3S/c1-5(2)7-12(10,11)8-3-6(9)4-8/h5-7,9H,3-4H2,1-2H3","WJXREHAVYCPXCT-UHFFFAOYSA-N"
42391683,"N-(3,3-Dimethyl-2-oxobutyl)sulfuric diamide",194.07251,"C6H14N2O3S","CC(C)(C)C(=O)CNS(=O)(=O)N","InChI=1S/C6H14N2O3S/c1-6(2,3)5(9)4-8-12(7,10)11/h8H,4H2,1-3H3,(H2,7,10,11)","VFQOWAPKKMFEKD-UHFFFAOYSA-N"
42509595,"N-Ethyl-N'-[1-(hydroxymethyl)cyclopropyl]sulfuric diamide",194.07251,"C6H14N2O3S","CCNS(=O)(=O)NC1(CC1)CO","InChI=1S/C6H14N2O3S/c1-2-7-12(10,11)8-6(5-9)3-4-6/h7-9H,2-5H2,1H3","JSPFAHKHTCOIRA-UHFFFAOYSA-N"
42509701,"N'-[1-(Hydroxymethyl)cyclopropyl]-N,N-dimethylsulfuric diamide",194.07251,"C6H14N2O3S","CN(C)S(=O)(=O)NC1(CC1)CO","InChI=1S/C6H14N2O3S/c1-8(2)12(10,11)7-6(5-9)3-4-6/h7,9H,3-5H2,1-2H3","NWQUVCYVLUKISJ-UHFFFAOYSA-N"
42532745,"3-Hydroxy-3-methyl-1-piperidinesulfonamide",194.07251,"C6H14N2O3S","CC1(CCCN(C1)S(=O)(=O)N)O","InChI=1S/C6H14N2O3S/c1-6(9)3-2-4-8(5-6)12(7,10)11/h9H,2-5H2,1H3,(H2,7,10,11)","XNHSAXZYLCDIHT-UHFFFAOYSA-N"
42683279,"1-[4-(Methylsulfonyl)-3-morpholinyl]methanamine",194.07251,"C6H14N2O3S","CS(=O)(=O)N1CCOCC1CN","InChI=1S/C6H14N2O3S/c1-12(9,10)8-2-3-11-5-6(8)4-7/h6H,2-5,7H2,1H3","RUHKMZRTHCXLGQ-UHFFFAOYSA-N"
43007841,"N'-Cyclopropyl-N-(2-hydroxyethyl)-N-methylsulfuric diamide",194.07251,"C6H14N2O3S","CN(CCO)S(=O)(=O)NC1CC1","InChI=1S/C6H14N2O3S/c1-8(4-5-9)12(10,11)7-6-2-3-6/h6-7,9H,2-5H2,1H3","CQWDJNXKQRYQJR-UHFFFAOYSA-N"
43007888,"N-Cyclopropyl-N'-(1-hydroxy-2-propanyl)sulfuric diamide",194.07251,"C6H14N2O3S","CC(CO)NS(=O)(=O)NC1CC1","InChI=1S/C6H14N2O3S/c1-5(4-9)7-12(10,11)8-6-2-3-6/h5-9H,2-4H2,1H3","BTSMIQQQHATSMK-UHFFFAOYSA-N"
43009853,"2-[(3-Hydroxycyclobutyl)amino]ethanesulfonamide",194.07251,"C6H14N2O3S","C1C(CC1O)NCCS(=O)(=O)N","InChI=1S/C6H14N2O3S/c7-12(10,11)2-1-8-5-3-6(9)4-5/h5-6,8-9H,1-4H2,(H2,7,10,11)","BXAXWDLVODMGKD-UHFFFAOYSA-N"
43009886,"2-{[1-(Hydroxymethyl)cyclopropyl]amino}ethanesulfonamide",194.07251,"C6H14N2O3S","C1CC1(CO)NCCS(=O)(=O)N","InChI=1S/C6H14N2O3S/c7-12(10,11)4-3-8-6(5-9)1-2-6/h8-9H,1-5H2,(H2,7,10,11)","XZEBMMSAIJBWBL-UHFFFAOYSA-N"
43015206,"N-Ethyl-3-(hydroxymethyl)-1-azetidinesulfonamide",194.07251,"C6H14N2O3S","CCNS(=O)(=O)N1CC(C1)CO","InChI=1S/C6H14N2O3S/c1-2-7-12(10,11)8-3-6(4-8)5-9/h6-7,9H,2-5H2,1H3","NKWUAATYSVGTKM-UHFFFAOYSA-N"
43254127,"N-[2-(3-Oxetanylamino)ethyl]methanesulfonamide",194.07251,"C6H14N2O3S","CS(=O)(=O)NCCNC1COC1","InChI=1S/C6H14N2O3S/c1-12(9,10)8-3-2-7-6-4-11-5-6/h6-8H,2-5H2,1H3","QDPZXVGPZWXTCU-UHFFFAOYSA-N"
43499371,"2-(Tetrahydro-3-furanylamino)ethanesulfonamide",194.07251,"C6H14N2O3S","C1COCC1NCCS(=O)(=O)N","InChI=1S/C6H14N2O3S/c7-12(9,10)4-2-8-6-1-3-11-5-6/h6,8H,1-5H2,(H2,7,9,10)","MSWCHHDIIWIFLC-UHFFFAOYSA-N"
