"Identifier","CompoundName","MonoisotopicMass","MolecularFormula","SMILES","InChI","InChIKey"
568,"Creatinine",113.058914,"C4H7N3O","CN1CC(=NC1=N)O","InChI=1S/C4H7N3O/c1-7-2-3(8)6-4(7)5/h2H2,1H3,(H2,5,6,8)","DDRJAANPRJIHGJ-UHFFFAOYSA-N"
13011,"4,5-Dihydro-1H-pyrazole-1-carboxamide",113.058914,"C4H7N3O","C1CN(N=C1)C(=O)N","InChI=1S/C4H7N3O/c5-4(8)7-3-1-2-6-7/h2H,1,3H2,(H2,5,8)","FGCBXTLVUQGHQP-UHFFFAOYSA-N"
55991,"3-(METHYLNITROSAMINO)PROPIONITRILE",113.058914,"C4H7N3O","CN(CCC#N)N=O","InChI=1S/C4H7N3O/c1-7(6-8)4-2-3-5/h2,4H2,1H3","HZDLDFBKYBGNHG-UHFFFAOYSA-N"
75885,"Ethyl N'-cyanocarbamimidate",113.058914,"C4H7N3O","CCO/C(=N\C#N)/N","InChI=1S/C4H7N3O/c1-2-8-4(6)7-3-5/h2H2,1H3,(H2,6,7)","GZDJNVITGJORKZ-UHFFFAOYSA-N"
86697,"1-(2-Cyanoethyl)urea",113.058914,"C4H7N3O","C(CNC(=O)N)C#N","InChI=1S/C4H7N3O/c5-2-1-3-7-4(6)8/h1,3H2,(H3,6,7,8)","KXLLKSHFFVQKTQ-UHFFFAOYSA-N"
121761,"2,5-Dimethyl-1,2-dihydro-3H-1,2,4-triazol-3-one",113.058914,"C4H7N3O","Cc1[nH]n(c(=O)n1)C","InChI=1S/C4H7N3O/c1-3-5-4(8)7(2)6-3/h1-2H3,(H,5,6,8)","XCVAVAXVPQNMJY-UHFFFAOYSA-N"
126324,"4,5-Dimethyl-2,4-dihydro-3H-1,2,4-triazol-3-one",113.058914,"C4H7N3O","Cc1n[nH]c(=O)n1C","InChI=1S/C4H7N3O/c1-3-5-6-4(8)7(3)2/h1-2H3,(H,6,8)","BVNFZLFQKJYVDJ-UHFFFAOYSA-N"
158165,"2-(4H-1,2,4-Triazol-4-yl)ethanol",113.058914,"C4H7N3O","c1nncn1CCO","InChI=1S/C4H7N3O/c8-2-1-7-3-5-6-4-7/h3-4,8H,1-2H2","YOSYLAYVXLOORB-UHFFFAOYSA-N"
209761,"4-Amino-5,6-dihydro-2(1H)-pyrimidinone",113.058914,"C4H7N3O","C1CNC(=O)N=C1N","InChI=1S/C4H7N3O/c5-3-1-2-6-4(8)7-3/h1-2H2,(H3,5,6,7,8)","FPOVCZDHZSAAIX-UHFFFAOYSA-N"
211924,"2-Amino-5,6-dihydro-4(3H)-pyrimidinone",113.058914,"C4H7N3O","C1CN=C(NC1=O)N","InChI=1S/C4H7N3O/c5-4-6-2-1-3(8)7-4/h1-2H2,(H3,5,6,7,8)","BNHBTRHDCIHBAU-UHFFFAOYSA-N"
220965,"3-amino-2-methyl-1H-pyrazol-5-one",113.058914,"C4H7N3O","Cn1c(cc(=O)[nH]1)N","InChI=1S/C4H7N3O/c1-7-3(5)2-4(8)6-7/h2H,5H2,1H3,(H,6,8)","IRPLFUJJHBGEAL-UHFFFAOYSA-N"
304506,"5-Ethyl-1,3,4-oxadiazol-2-amine",113.058914,"C4H7N3O","CCc1nnc(o1)N","InChI=1S/C4H7N3O/c1-2-3-6-7-4(5)8-3/h2H2,1H3,(H2,5,7)","XHSTYRIUVMKGDX-UHFFFAOYSA-N"
316114,"4-(Methoxymethyl)-2H-1,2,3-triazole",113.058914,"C4H7N3O","COCc1cn[nH]n1","InChI=1S/C4H7N3O/c1-8-3-4-2-5-7-6-4/h2H,3H2,1H3,(H,5,6,7)","ZBKSMRSTJZXXJG-UHFFFAOYSA-N"
342768,"5-Ethyl-1,2-dihydro-3H-1,2,4-triazol-3-one",113.058914,"C4H7N3O","CCc1[nH][nH]c(=O)n1","InChI=1S/C4H7N3O/c1-2-3-5-4(8)7-6-3/h2H2,1H3,(H2,5,6,7,8)","NSYKPXCGPMWPGL-UHFFFAOYSA-N"
376081,"3-Methyl-1,2-oxazole-4,5-diamine",113.058914,"C4H7N3O","Cc1c(c(on1)N)N","InChI=1S/C4H7N3O/c1-2-3(5)4(6)8-7-2/h5-6H2,1H3","SHIVHMANNZELCE-UHFFFAOYSA-N"
384864,"4-Amino-3,4-dihydro-2(1H)-pyrimidinone",113.058914,"C4H7N3O","C1=CNC(=O)NC1N","InChI=1S/C4H7N3O/c5-3-1-2-6-4(8)7-3/h1-3H,5H2,(H2,6,7,8)","VHCGYVGVWSLOHQ-UHFFFAOYSA-N"
479271,"2-(1H-1,2,4-Triazol-1-yl)ethanol",113.058914,"C4H7N3O","c1ncn(n1)CCO","InChI=1S/C4H7N3O/c8-2-1-7-4-5-3-6-7/h3-4,8H,1-2H2","CLVALLQETQTQMV-UHFFFAOYSA-N"
491894,"furazane, 3-aminomethyl-4-methyl-",113.058914,"C4H7N3O","Cc1c(non1)CN","InChI=1S/C4H7N3O/c1-3-4(2-5)7-8-6-3/h2,5H2,1H3","YKTPXKSUWIQBML-UHFFFAOYSA-N"
1155614,"4,5-Dihydro-1H-imidazole-2-carboxamide",113.058914,"C4H7N3O","C1CN=C(N1)C(=O)N","InChI=1S/C4H7N3O/c5-3(8)4-6-1-2-7-4/h1-2H2,(H2,5,8)(H,6,7)","HMEROXQXWQOSPH-UHFFFAOYSA-N"
2057648,"2-Cyano-N-methylacetohydrazide",113.058914,"C4H7N3O","CN(C(=O)CC#N)N","InChI=1S/C4H7N3O/c1-7(6)4(8)2-3-5/h2,6H2,1H3","YJRJDSITBTYELB-UHFFFAOYSA-N"
2064698,"Methyl N-cyano-N'-methylcarbamimidate",113.058914,"C4H7N3O","C/N=C(/NC#N)\OC","InChI=1S/C4H7N3O/c1-6-4(8-2)7-3-5/h1-2H3,(H,6,7)","CMIPWACBRYWGPN-UHFFFAOYSA-N"
2293238,"3-Azido-2-butanone",113.058914,"C4H8N3O","CC(C(=O)C)N=[N+]=[N-]","InChI=1S/C4H7N3O/c1-3(4(2)8)6-7-5/h3H,1-2H3","NRZNTCITZHGXIJ-UHFFFAOYSA-N"
2339819,"5-(Aminomethyl)-1,2-dihydro-3H-pyrazol-3-one",113.058914,"C4H7N3O","c1c([nH][nH]c1=O)CN","InChI=1S/C4H7N3O/c5-2-3-1-4(8)7-6-3/h1H,2,5H2,(H2,6,7,8)","MKSFCAQPDWJPND-UHFFFAOYSA-N"
2605852,"5-Methyl-2,5-dihydro-1,2,4-triazin-6(1H)-one",113.058914,"C4H7N3O","CC1C(=O)NNC=N1","InChI=1S/C4H7N3O/c1-3-4(8)7-6-2-5-3/h2-3H,1H3,(H,5,6)(H,7,8)","RCODHUVIIXVELQ-UHFFFAOYSA-N"
2778729,"1-(Methoxymethyl)-1H-1,2,4-triazole",113.058914,"C4H7N3O","COCn1cncn1","InChI=1S/C4H7N3O/c1-8-4-7-3-5-2-6-7/h2-3H,4H2,1H3","LLHLZYVFWKUSBH-UHFFFAOYSA-N"
3023120,"2,4-Dimethyl-2,4-dihydro-3H-1,2,4-triazol-3-one",113.058914,"C4H7N3O","Cn1cnn(c1=O)C","InChI=1S/C4H7N3O/c1-6-3-5-7(2)4(6)8/h3H,1-2H3","CRPQCKJNWOETJL-UHFFFAOYSA-N"
4325730,"2-(2-Propen-1-ylidene)hydrazinecarboxamide",113.058914,"C4H7N3O","C=CC=NNC(=O)N","InChI=1S/C4H7N3O/c1-2-3-6-7-4(5)8/h2-3H,1H2,(H3,5,7,8)","JINIFJVTIITOJT-UHFFFAOYSA-N"
4482431,"3-Methyl-2,5-dihydro-1,2,4-triazin-6(1H)-one",113.058914,"C4H7N3O","CC1=NCC(=O)NN1","InChI=1S/C4H7N3O/c1-3-5-2-4(8)7-6-3/h2H2,1H3,(H,5,6)(H,7,8)","JYMMMQBRIIRYHF-UHFFFAOYSA-N"
4589846,"(1Z)-3-Amino-1-diazonio-1-buten-2-olate",113.058914,"C4H7N3O","CC(/C(=C/[N+]#N)/[O-])N","InChI=1S/C4H7N3O/c1-3(5)4(8)2-7-6/h2-3H,5H2,1H3/b4-2-","OQFMMVBBTPLUAE-RQOWECAXSA-N"
7883826,"(2E)-2-(2-Propen-1-ylidene)hydrazinecarboxamide",113.058914,"C4H7N3O","O=C(N)N/N=C/C=C","InChI=1S/C4H7N3O/c1-2-3-6-7-4(5)8/h2-3H,1H2,(H3,5,7,8)/b6-3+","JINIFJVTIITOJT-ZZXKWVIFSA-N"
8164819,"1H-1,2,3 TRIAZOLE-1-ETHANOL",113.058914,"C4H7N3O","C1=CN(N=N1)CCO","InChI=1S/C4H7N3O/c8-4-3-7-2-1-5-6-7/h1-2,8H,3-4H2","PKHVUMMJMYKRNO-UHFFFAOYSA-N"
8164820,"4-hydroxy-3,5-dimethyl-1,2,4-triazole",113.058914,"C4H7N3O","On1c(nnc1C)C","InChI=1S/C4H7N3O/c1-3-5-6-4(2)7(3)8/h8H,1-2H3","QPSOQJFXVRIXDK-UHFFFAOYSA-N"
8278667,"2-(2H-1,2,3-Triazol-2-yl)ethanol",113.058914,"C4H7N3O","C1=NN(N=C1)CCO","InChI=1S/C4H7N3O/c8-4-3-7-5-1-2-6-7/h1-2,8H,3-4H2","ZZZSPTGFCIPYFO-UHFFFAOYSA-N"
8373156,"4-Amino-5-methyl-1,2-dihydro-3H-pyrazol-3-one",113.058914,"C4H7N3O","CC1=NNC(=C1N)O","InChI=1S/C4H7N3O/c1-2-3(5)4(8)7-6-2/h5H2,1H3,(H2,6,7,8)","VUYWQWFWWHLKFG-UHFFFAOYSA-N"
8436548,"(2S,3S)-2-(azidomethyl)-3-methyl-oxirane",113.058914,"C4H7N3O","[N-]=[N+]=N/C[C@@H]1O[C@H]1C","InChI=1S/C4H7N3O/c1-3-4(8-3)2-6-7-5/h3-4H,2H2,1H3/t3-,4-/m0/s1","FPEMDAKNKAUEKQ-IMJSIDKUSA-N"
8527122,"(1-Methyl-1H-1,2,4-triazol-3-yl)methanol",113.058914,"C4H7N3O","CN1C=NC(=N1)CO","InChI=1S/C4H7N3O/c1-7-3-5-4(2-8)6-7/h3,8H,2H2,1H3","WEDYTSQNYJKOPC-UHFFFAOYSA-N"
8572249,"N-Hydroxy-1-(1H-imidazol-2-yl)methanamine",113.058914,"C4H7N3O","ONCc1nccn1","InChI=1S/C4H7N3O/c8-7-3-4-5-1-2-6-4/h1-2,7-8H,3H2,(H,5,6)","HXZURPXXEBVTFX-UHFFFAOYSA-N"
8617089,"N,5-Dimethyl-1,2,4-oxadiazol-3-amine",113.058914,"C4H7N3O","n1c(onc1NC)C","InChI=1S/C4H7N3O/c1-3-6-4(5-2)7-8-3/h1-2H3,(H,5,7)","UANQHMWHDXKGJB-UHFFFAOYSA-N"
8662225,"1-(Methoxymethyl)-1H-1,2,3-triazole",113.058914,"C4H7N3O","O(C)Cn1nncc1","InChI=1S/C4H7N3O/c1-8-4-7-3-2-5-6-7/h2-3H,4H2,1H3","IQSRRFMCWFOLHA-UHFFFAOYSA-N"
9019842,"1,2,4-oxadiazole-5-methanamine, 3-methyl-",113.058914,"C4H7N3O","n1c(onc1C)CN","InChI=1S/C4H7N3O/c1-3-6-4(2-5)8-7-3/h2,5H2,1H3","NPBUMVMXXGQOEG-UHFFFAOYSA-N"
9161381,"2-(Azidomethyl)-2-propen-1-ol",113.058914,"C4H7N3O","C=C(CN=[N+]=[N-])CO","InChI=1S/C4H7N3O/c1-4(3-8)2-6-7-5/h8H,1-3H2","LRYNQHFMVXJANC-UHFFFAOYSA-N"
9237698,"2-Amino-3-methyl-3,5-dihydro-4H-imidazol-4-one",113.058914,"C4H7N3O","CN1C(=O)CN=C1N","InChI=1S/C4H7N3O/c1-7-3(8)2-6-4(7)5/h2H2,1H3,(H2,5,6)","YGOBAQVJSUDQFU-UHFFFAOYSA-N"
9248526,"(1-Methyl-1H-1,2,4-triazol-5-yl)methanol",113.058914,"C4H7N3O","CN1C(=NC=N1)CO","InChI=1S/C4H7N3O/c1-7-4(2-8)5-3-6-7/h3,8H,2H2,1H3","QUAQZVSGXQVIEP-UHFFFAOYSA-N"
9334410,"(Z)-2-Diazonio-1-(dimethylamino)ethenolate",113.058914,"C4H7N3O","[O-]/C(=C\[N+]#N)N(C)C","InChI=1S/C4H7N3O/c1-7(2)4(8)3-6-5/h3H,1-2H3/b4-3-","BOXIVVBWBQNBAB-ARJAWSKDSA-N"
9392297,"3-Azidotetrahydrofuran",113.058914,"C4H7N3O","[N-]=[N+]=N/C1CCOC1","InChI=1S/C4H7N3O/c5-7-6-4-1-2-8-3-4/h4H,1-3H2","AHFRAHLUYUUOBA-UHFFFAOYSA-N"
9833024,"1-Cyano-3-ethylurea",113.058914,"C4H7N3O","N#CNC(=O)NCC","InChI=1S/C4H7N3O/c1-2-6-4(8)7-3-5/h2H2,1H3,(H2,6,7,8)","MLDNCHBTXAEJMN-UHFFFAOYSA-N"
9979377,"4-Azidobutanal",113.058914,"C4H7N3O","[N-]=[N+]=N\CCCC=O","InChI=1S/C4H7N3O/c5-7-6-3-1-2-4-8/h4H,1-3H2","GUKMTOCDCXCCTM-UHFFFAOYSA-N"
10447623,"5-Methoxy-1-methyl-1H-1,2,4-triazole",113.058914,"C4H7N3O","COc1ncnn1C","InChI=1S/C4H7N3O/c1-7-4(8-2)5-3-6-7/h3H,1-2H3","NSPKEJAAIAAKDC-UHFFFAOYSA-N"
10447625,"3-Methoxy-4-methyl-4H-1,2,4-triazole",113.058914,"C4H7N3O","COc1nncn1C","InChI=1S/C4H7N3O/c1-7-3-5-6-4(7)8-2/h3H,1-2H3","DVGHCMZLIYSLEH-UHFFFAOYSA-N"
10448005,"3-Methoxy-1-methyl-1H-1,2,4-triazole",113.058914,"C4H7N3O","COc1ncn(C)n1","InChI=1S/C4H7N3O/c1-7-3-5-4(6-7)8-2/h3H,1-2H3","ACKDIBSCTPBCRK-UHFFFAOYSA-N"
10514064,"6-Methyl-4,5-dihydro-1,2,4-triazin-3(2H)-one",113.058914,"C4H7N3O","CC=1CNC(=O)NN=1","InChI=1S/C4H7N3O/c1-3-2-5-4(8)7-6-3/h2H2,1H3,(H2,5,7,8)","OSFFRECTYWZKNB-UHFFFAOYSA-N"
10514067,"2-Methyl-4,5-dihydro-1,2,4-triazin-3(2H)-one",113.058914,"C4H7N3O","O=C1NC\C=N/N1C","InChI=1S/C4H7N3O/c1-7-4(8)5-2-3-6-7/h3H,2H2,1H3,(H,5,8)","DENBSCKJHNQVFH-UHFFFAOYSA-N"
10527977,"4-Methyl-3,4-dihydro-1,2,4-triazin-5(2H)-one",113.058914,"C4H7N3O","CN1CN\N=C/C1=O","InChI=1S/C4H7N3O/c1-7-3-6-5-2-4(7)8/h2,6H,3H2,1H3","VHYRPFLVYHGZLW-UHFFFAOYSA-N"
10544238,"5,5-Dimethyl-4,5-dihydro-3H-1,2,4-triazol-3-one",113.058914,"C4H7N3O","O=C1/N=N\C(C)(C)N1","InChI=1S/C4H7N3O/c1-4(2)5-3(8)6-7-4/h1-2H3,(H,5,8)","JIXOBKVSEZWCLA-UHFFFAOYSA-N"
10544328,"N,N-Dimethyl-1,3,4-oxadiazol-2-amine",113.058914,"C4H7N3O","CN(C)c1nnco1","InChI=1S/C4H7N3O/c1-7(2)4-6-5-3-8-4/h3H,1-2H3","ARHJFQUETWHJQA-UHFFFAOYSA-N"
10609206,"(1-Methyl-1H-1,2,3-triazol-4-yl)methanol",113.058914,"C4H7N3O","Cn1cc(CO)nn1","InChI=1S/C4H7N3O/c1-7-2-4(3-8)5-6-7/h2,8H,3H2,1H3","XKKMMJLWDOKNEW-UHFFFAOYSA-N"
10689011,"1-(1H-1,2,3-Triazol-1-yl)ethanol",113.058914,"C4H7N3O","CC(O)n1ccnn1","InChI=1S/C4H7N3O/c1-4(8)7-3-2-5-6-7/h2-4,8H,1H3","BHXFYHMZIJIHFK-UHFFFAOYSA-N"
11202010,"1-(1,2,4-Oxadiazol-3-yl)ethanamine",113.058914,"C4H7N3O","CC(c1ncon1)N","InChI=1S/C4H7N3O/c1-3(5)4-6-2-8-7-4/h2-3H,5H2,1H3","LFSXUCZAZSQBPW-UHFFFAOYSA-N"
11499328,"(4-Methyl-4H-1,2,4-triazol-3-yl)methanol",113.058914,"C4H7N3O","Cn1cnnc1CO","InChI=1S/C4H7N3O/c1-7-3-5-6-4(7)2-8/h3,8H,2H2,1H3","CIFUFRVSHZKBEO-UHFFFAOYSA-N"
11552274,"5-Amino-2-methyl-1,2-dihydro-3H-pyrazol-3-one",113.058914,"C4H7N3O","Cn1c(=O)cc([nH]1)N","InChI=1S/C4H7N3O/c1-7-4(8)2-3(5)6-7/h2,6H,5H2,1H3","YGVFIVSNVVUSCS-UHFFFAOYSA-N"
11853758,"1-(5-Methyl-1,3,4-oxadiazol-2-yl)methanamin",113.058914,"C4H7N3O","Cc1nnc(o1)CN","InChI=1S/C4H7N3O/c1-3-6-7-4(2-5)8-3/h2,5H2,1H3","XCCHRWGNGFXIPS-UHFFFAOYSA-N"
12236430,"4-Ethyl-1,2,5-oxadiazol-3-amine",113.058914,"C4H7N3O","CCc1c(non1)N","InChI=1S/C4H7N3O/c1-2-3-4(5)7-8-6-3/h2H2,1H3,(H2,5,7)","OTERRMWTPZGJLB-UHFFFAOYSA-N"
12956728,"3-Amino-4-methyl-1H-pyrazol-5-ol",113.058914,"C4H7N3O","Cc1c(n[nH]c1O)N","InChI=1S/C4H7N3O/c1-2-3(5)6-7-4(2)8/h1H3,(H4,5,6,7,8)","AOFZJKLTSJMFCO-UHFFFAOYSA-N"
12956761,"(5-Amino-1H-pyrazol-4-yl)methanol",113.058914,"C4H7N3O","c1c(c([nH]n1)N)CO","InChI=1S/C4H7N3O/c5-4-3(2-8)1-6-7-4/h1,8H,2H2,(H3,5,6,7)","AJQBUGTVJCZIRH-UHFFFAOYSA-N"
13386799,"(1-Methyl-1H-1,2,3-triazol-5-yl)methanol",113.058914,"C4H7N3O","Cn1c(cnn1)CO","InChI=1S/C4H7N3O/c1-7-4(3-8)2-5-6-7/h2,8H,3H2,1H3","DLLDJWMWMVUIDZ-UHFFFAOYSA-N"
13812657,"2-Amino-1(2H)-pyrimidinol",113.058914,"C4H7N3O","C1=CN(C(N=C1)N)O","InChI=1S/C4H7N3O/c5-4-6-2-1-3-7(4)8/h1-4,8H,5H2","RIPSNFJKSNKOJT-UHFFFAOYSA-N"
13890821,"(3-Methyl-1H-1,2,4-triazol-5-yl)methanol",113.058914,"C4H7N3O","Cc1[nH]nc(n1)CO","InChI=1S/C4H7N3O/c1-3-5-4(2-8)7-6-3/h8H,2H2,1H3,(H,5,6,7)","BMTFHVKZYIOHBE-UHFFFAOYSA-N"
14198116,"4-Methoxy-1H-pyrazol-3-amine",113.058914,"C4H7N3O","COc1c[nH]nc1N","InChI=1S/C4H7N3O/c1-8-3-2-6-7-4(3)5/h2H,1H3,(H3,5,6,7)","LODVFGWSULLZAU-UHFFFAOYSA-N"
14224748,"2-(1H-1,2,3-Triazol-4-yl)ethanol",113.058914,"C4H7N3O","c1c(nn[nH]1)CCO","InChI=1S/C4H7N3O/c8-2-1-4-3-5-7-6-4/h3,8H,1-2H2,(H,5,6,7)","HJEVQOSZWIDFQJ-UHFFFAOYSA-N"
14309737,"3-Azidobutanal",113.058914,"C4H7N3O","CC(CC=O)N=[N+]=[N-]","InChI=1S/C4H7N3O/c1-4(2-3-8)6-7-5/h3-4H,2H2,1H3","RVLBJKDRQCUNNQ-UHFFFAOYSA-N"
14309739,"3-Azido-2-methylpropanal",113.058914,"C4H7N3O","CC(CN=[N+]=[N-])C=O","InChI=1S/C4H7N3O/c1-4(3-8)2-6-7-5/h3-4H,2H2,1H3","KZAHLKGTQNCTEJ-UHFFFAOYSA-N"
14407690,"(2-Amino-1H-imidazol-4-yl)methanol",113.058914,"C4H7N3O","c1c(nc([nH]1)N)CO","InChI=1S/C4H7N3O/c5-4-6-1-3(2-8)7-4/h1,8H,2H2,(H3,5,6,7)","BSPMWFRGZQDRIU-UHFFFAOYSA-N"
14490642,"5-Methoxy-1H-pyrazol-3-amine",113.058914,"C4H7N3O","COc1cc(n[nH]1)N","InChI=1S/C4H7N3O/c1-8-4-2-3(5)6-7-4/h2H,1H3,(H3,5,6,7)","DSFUCCQCXNNWLA-UHFFFAOYSA-N"
14846763,"1-(4H-1,2,4-Triazol-4-yl)ethanol",113.058914,"C4H7N3O","CC(n1cnnc1)O","InChI=1S/C4H7N3O/c1-4(8)7-2-5-6-3-7/h2-4,8H,1H3","YXSCONMHKCCEKW-UHFFFAOYSA-N"
16108881,"3-(Methoxymethyl)-1H-1,2,4-triazole",113.058914,"C4H7N3O","COCc1nc[nH]n1","InChI=1S/C4H7N3O/c1-8-2-4-5-3-6-7-4/h3H,2H2,1H3,(H,5,6,7)","YWXPPKJKSSLZOD-UHFFFAOYSA-N"
17817053,"1-(5-Methyl-1,2,4-oxadiazol-3-yl)methanamine",113.058914,"C4H7N3O","Cc1nc(no1)CN","InChI=1S/C4H7N3O/c1-3-6-4(2-5)7-8-3/h2,5H2,1H3","KPBSGOLXLCARIL-UHFFFAOYSA-N"
19968792,"2-(Nitrosoamino)butanenitrile",113.058914,"C4H7N3O","CCC(C#N)NN=O","InChI=1S/C4H7N3O/c1-2-4(3-5)6-7-8/h4H,2H2,1H3,(H,6,8)","GDIAXMRCNHKODR-UHFFFAOYSA-N"
19968793,"3-(N-NITROSOMETHYLAMINO)PROPIONITRILE",113.058914,"C4H7N3O","C(CNCN=O)C#N","InChI=1S/C4H7N3O/c5-2-1-3-6-4-7-8/h6H,1,3-4H2","FAFMDGAYDSHERL-UHFFFAOYSA-N"
20129914,"3-Amino-1-diazo-2-butanone",113.058914,"C4H7N3O","CC(C(=O)C=[N+]=[N-])N","InChI=1S/C4H7N3O/c1-3(5)4(8)2-7-6/h2-3H,5H2,1H3","OQFMMVBBTPLUAE-UHFFFAOYSA-N"
21403247,"N-Methyl-3-nitriloalaninamide",113.058914,"C4H7N3O","CNC(=O)C(C#N)N","InChI=1S/C4H7N3O/c1-7-4(8)3(6)2-5/h3H,6H2,1H3,(H,7,8)","BOBATFKNMFWLFG-UHFFFAOYSA-N"
21426149,"4-Methyl-1,2-oxazole-3,5-diamine",113.058914,"C4H7N3O","Cc1c(noc1N)N","InChI=1S/C4H7N3O/c1-2-3(5)7-8-4(2)6/h6H2,1H3,(H2,5,7)","BMFGDDDLEZHKPQ-UHFFFAOYSA-N"
21640982,"2-Amino-1-methyl-1H-imidazol-4-ol",113.058914,"C4H7N3O","Cn1cc(nc1N)O","InChI=1S/C4H7N3O/c1-7-2-3(8)6-4(7)5/h2,8H,1H3,(H2,5,6)","BTXYOFGSUFEOLA-UHFFFAOYSA-N"
21783988,"2-(1,2,4-Oxadiazol-5-yl)ethanamine",113.058914,"C4H7N3O","c1nc(on1)CCN","InChI=1S/C4H7N3O/c5-2-1-4-6-3-7-8-4/h3H,1-2,5H2","HKIXGXYGOILGSX-UHFFFAOYSA-N"
21783990,"2-(1,2,5-Oxadiazol-3-yl)ethanamine",113.058914,"C4H7N3O","c1c(non1)CCN","InChI=1S/C4H7N3O/c5-2-1-4-3-6-8-7-4/h3H,1-2,5H2","NSZDHSBNYMVSCY-UHFFFAOYSA-N"
21784000,"1-(1,2,4-Oxadiazol-5-yl)ethanamine",113.058914,"C4H7N3O","CC(c1ncno1)N","InChI=1S/C4H7N3O/c1-3(5)4-6-2-7-8-4/h2-3H,5H2,1H3","CIHQZPVUYBHNQO-UHFFFAOYSA-N"
21784001,"N-methyl-1-(1,2,4-oxadiazol-3-yl)methanamine",113.058914,"C4H7N3O","CNCc1ncon1","InChI=1S/C4H7N3O/c1-5-2-4-6-3-8-7-4/h3,5H,2H2,1H3","XJUQLFVCCWNFJJ-UHFFFAOYSA-N"
21786477,"1-(1,3,4-Oxadiazol-2-yl)ethanamine",113.058914,"C4H7N3O","CC(c1nnco1)N","InChI=1S/C4H7N3O/c1-3(5)4-7-6-2-8-4/h2-3H,5H2,1H3","HQQXABTZXRCQIE-UHFFFAOYSA-N"
24005771,"3-Hydrazino-5-methyl-1,2-oxazole",113.058914,"C4H7N3O","Cc1c/c(=N\N)/[nH]o1","InChI=1S/C4H7N3O/c1-3-2-4(6-5)7-8-3/h2H,5H2,1H3,(H,6,7)","UFAAMUSRAATBTD-UHFFFAOYSA-N"
24221698,"5-(Aminomethyl)-1,5-dihydro-4H-imidazol-4-one",113.058914,"C4H7N3O","C1=NC(C(=O)N1)CN","InChI=1S/C4H7N3O/c5-1-3-4(8)7-2-6-3/h2-3H,1,5H2,(H,6,7,8)","TUUHIDNGYWLQQX-UHFFFAOYSA-N"
24726302,"6-Amino-3,4-dihydro-2(1H)-pyrimidinone",113.058914,"C4H7N3O","C1C=C(NC(=O)N1)N","InChI=1S/C4H7N3O/c5-3-1-2-6-4(8)7-3/h1H,2,5H2,(H2,6,7,8)","SPHVNFKSCRQBIC-UHFFFAOYSA-N"
24748083,"2,3,4-Furantriamine",113.058914,"C4H7N3O","c1c(c(c(o1)N)N)N","InChI=1S/C4H7N3O/c5-2-1-8-4(7)3(2)6/h1H,5-7H2","OMGQAUBKBRBWTH-UHFFFAOYSA-N"
24791447,"N,3-Dimethyl-1,2,4-oxadiazol-5-amine",113.058914,"C4H7N3O","Cc1nc(on1)NC","InChI=1S/C4H7N3O/c1-3-6-4(5-2)8-7-3/h1-2H3,(H,5,6,7)","DMEYUXLHKAIWKJ-UHFFFAOYSA-N"
24791485,"3-Ethyl-1,2,4-oxadiazol-5-amine",113.058914,"C4H7N3O","CCc1nc(on1)N","InChI=1S/C4H7N3O/c1-2-3-6-4(5)8-7-3/h2H2,1H3,(H2,5,6,7)","HGPUJQWMCPURNO-UHFFFAOYSA-N"
25069610,"N-Hydroxy-1-methyl-1H-pyrazol-5-amine",113.058914,"C4H7N3O","Cn1c(ccn1)NO","InChI=1S/C4H7N3O/c1-7-4(6-8)2-3-5-7/h2-3,6,8H,1H3","CAJZHHMKWORNRG-UHFFFAOYSA-N"
25992337,"5-Amino-2-methyl-2,4-dihydro-3H-pyrazol-3-one",113.058914,"C4H7N3O","CN1C(=O)CC(=N1)N","InChI=1S/C4H7N3O/c1-7-4(8)2-3(5)6-7/h2H2,1H3,(H2,5,6)","XGKOIOPVLYCTRF-UHFFFAOYSA-N"
26563095,"3-Amino-1-methyl-1H-pyrazol-5-ol",113.058914,"C4H7N3O","Cn1c(cc(n1)N)O","InChI=1S/C4H7N3O/c1-7-4(8)2-3(5)6-7/h2,8H,1H3,(H2,5,6)","XARJRWUJVNCNKO-UHFFFAOYSA-N"
27268497,"5-Ethyl-1,2,4-oxadiazol-3-amine",113.058914,"C4H7N3O","CCc1nc(no1)N","InChI=1S/C4H7N3O/c1-2-3-6-4(5)7-8-3/h2H2,1H3,(H2,5,7)","OMFADAFZDYXVOK-UHFFFAOYSA-N"
27268500,"5-(Aminomethyl)-2,4-dihydro-3H-pyrazol-3-one",113.058914,"C4H7N3O","C1C(=NNC1=O)CN","InChI=1S/C4H7N3O/c5-2-3-1-4(8)7-6-3/h1-2,5H2,(H,7,8)","ZVSCVKIGKFEORZ-UHFFFAOYSA-N"
27471200,"(3-Amino-1H-pyrazol-5-yl)methanol",113.058914,"C4H7N3O","c1c([nH]nc1N)CO","InChI=1S/C4H7N3O/c5-4-1-3(2-8)6-7-4/h1,8H,2H2,(H3,5,6,7)","NZORXPUYHVZTQG-UHFFFAOYSA-N"
28055335,"N-Methyl-1-(1,2,4-oxadiazol-5-yl)methanamine",113.058914,"C4H7N3O","CNCc1ncno1","InChI=1S/C4H7N3O/c1-5-2-4-6-3-7-8-4/h3,5H,2H2,1H3","YUTNQQHHUYYBFA-UHFFFAOYSA-N"
28087676,"2-(1,2,4-Oxadiazol-3-yl)ethanamine",113.058914,"C4H7N3O","c1nc(no1)CCN","InChI=1S/C4H7N3O/c5-2-1-4-6-3-8-7-4/h3H,1-2,5H2","HUSLEZCKWCUICB-UHFFFAOYSA-N"
28290541,"2-Amino-1,4-dihydro-4-pyrimidinol",113.058914,"C4H7N3O","C1=CNC(=NC1O)N","InChI=1S/C4H7N3O/c5-4-6-2-1-3(8)7-4/h1-3,8H,(H3,5,6,7)","ATXBTALMGNQOLR-UHFFFAOYSA-N"
28547345,"4-Amino-1-methyl-1,5-dihydro-2H-imidazol-2-one",113.058914,"C4H7N3O","CN1CC(=NC1=O)N","InChI=1S/C4H7N3O/c1-7-2-3(5)6-4(7)8/h2H2,1H3,(H2,5,6,8)","VJAMXDLOFRRABJ-UHFFFAOYSA-N"
28693229,"N-Hydroxy-1-methyl-1,3-dihydro-2H-imidazol-2-imine",113.058914,"C4H7N3O","Cn1cc[nH]c1=NO","InChI=1S/C4H7N3O/c1-7-3-2-5-4(7)6-8/h2-3,8H,1H3,(H,5,6)","JGBXVJJQHDVDQC-UHFFFAOYSA-N"
29396889,"4-(Aminomethyl)-1H-pyrazol-1-ol",113.058914,"C4H7N3O","c1c(cn(n1)O)CN","InChI=1S/C4H7N3O/c5-1-4-2-6-7(8)3-4/h2-3,8H,1,5H2","SGFQVPARKZCZOT-UHFFFAOYSA-N"
29738166,"(4-Amino-1H-pyrazol-5-yl)methanol",113.058914,"C4H7N3O","c1c(c([nH]n1)CO)N","InChI=1S/C4H7N3O/c5-3-1-6-7-4(3)2-8/h1,8H,2,5H2,(H,6,7)","VZUUVFHOHWXHHP-UHFFFAOYSA-N"
30801010,"1-(2H-1,2,3-Triazol-2-yl)ethanol",113.058914,"C4H7N3O","CC(n1nccn1)O","InChI=1S/C4H7N3O/c1-4(8)7-5-2-3-6-7/h2-4,8H,1H3","CVFOONQEYRIDOZ-UHFFFAOYSA-N"
32972858,"3,4-Diamino-1H-pyrrol-1-ol",113.058914,"C4H7N3O","c1c(c(cn1O)N)N","InChI=1S/C4H7N3O/c5-3-1-7(8)2-4(3)6/h1-2,8H,5-6H2","ZVKAGHRAMAIZSB-UHFFFAOYSA-N"
32972859,"2,5-Diamino-1H-pyrrol-1-ol",113.058914,"C4H7N3O","c1cc(n(c1N)O)N","InChI=1S/C4H7N3O/c5-3-1-2-4(6)7(3)8/h1-2,8H,5-6H2","SBSRKDIKBULHHE-UHFFFAOYSA-N"
32972861,"2,3-Diamino-1H-pyrrol-1-ol",113.058914,"C4H7N3O","c1cn(c(c1N)N)O","InChI=1S/C4H7N3O/c5-3-1-2-7(8)4(3)6/h1-2,8H,5-6H2","YUKKDIROSCZRCY-UHFFFAOYSA-N"
32973750,"(1R)-1-(1,3,4-Oxadiazol-2-yl)ethanamine",113.058914,"C4H7N3O","C[C@H](c1nnco1)N","InChI=1S/C4H7N3O/c1-3(5)4-7-6-2-8-4/h2-3H,5H2,1H3/t3-/m1/s1","HQQXABTZXRCQIE-GSVOUGTGSA-N"
32974354,"(5S)-4,5-Dihydro-1H-pyrazole-5-carboxamide",113.058914,"C4H7N3O","C1C=NN[C@@H]1C(=O)N","InChI=1S/C4H7N3O/c5-4(8)3-1-2-6-7-3/h2-3,7H,1H2,(H2,5,8)/t3-/m0/s1","CUNFJKHMZZRPGI-VKHMYHEASA-N"
32974524,"1-Methoxy-1H-pyrazol-4-amine",113.058914,"C4H7N3O","COn1cc(cn1)N","InChI=1S/C4H7N3O/c1-8-7-3-4(5)2-6-7/h2-3H,5H2,1H3","HDRRFLPQNQHSCV-UHFFFAOYSA-N"
32974674,"1-Methoxy-1H-imidazol-4-amine",113.058914,"C4H7N3O","COn1cc(nc1)N","InChI=1S/C4H7N3O/c1-8-7-2-4(5)6-3-7/h2-3H,5H2,1H3","VDADXPKHBJXLON-UHFFFAOYSA-N"
32975292,"(5E)-N-Hydroxy-1,6-dihydro-5(4H)-pyrimidinimine",113.058914,"C4H7N3O","C1/C(=N\O)/CN=CN1","InChI=1S/C4H7N3O/c8-7-4-1-5-3-6-2-4/h3,8H,1-2H2,(H,5,6)","YESAAEOEYDBQNZ-UHFFFAOYSA-N"
32975998,"5-Imino-1-methyl-2-imidazolidinone",113.058914,"C4H7N3O","CN1C(=N)CNC1=O","InChI=1S/C4H7N3O/c1-7-3(5)2-6-4(7)8/h5H,2H2,1H3,(H,6,8)","ATWKDMUZMXPABK-UHFFFAOYSA-N"
32976259,"1-Cyano-1,3-dimethylurea",113.058914,"C4H7N3O","CNC(=O)N(C)C#N","InChI=1S/C4H7N3O/c1-6-4(8)7(2)3-5/h1-2H3,(H,6,8)","VDZZOOSQAXPPII-UHFFFAOYSA-N"
32976786,"1-Methyl-4,5-dihydro-1,2,4-triazin-6(1H)-one",113.058914,"C4H7N3O","CN1C(=O)CNC=N1","InChI=1S/C4H7N3O/c1-7-4(8)2-5-3-6-7/h3H,2H2,1H3,(H,5,6)","ZDZJPZJNTGHRSF-UHFFFAOYSA-N"
32978448,"5-(Methylamino)-2,4-dihydro-3H-pyrazol-3-one",113.058914,"C4H7N3O","CNC1=NNC(=O)C1","InChI=1S/C4H7N3O/c1-5-3-2-4(8)7-6-3/h2H2,1H3,(H,5,6)(H,7,8)","GEBWJUMKZLTHDF-UHFFFAOYSA-N"
32979047,"1-Cyano-1-ethylurea",113.058914,"C4H7N3O","CCN(C#N)C(=O)N","InChI=1S/C4H7N3O/c1-2-7(3-5)4(6)8/h2H2,1H3,(H2,6,8)","MOEBYGXWUWGKCW-UHFFFAOYSA-N"
32979164,"(3E)-2-Amino-3-(hydroxyimino)-2-methylpropanenitrile",113.058914,"C4H7N3O","CC(/C=N/O)(C#N)N","InChI=1S/C4H7N3O/c1-4(6,2-5)3-7-8/h3,8H,6H2,1H3/b7-3+","MFUDBGWKGMVWDK-XVNBXDOJSA-N"
32979198,"2-Cyclopropylidenehydrazinecarboxamide",113.058914,"C4H7N3O","C1CC1=NNC(=O)N","InChI=1S/C4H7N3O/c5-4(8)7-6-3-1-2-3/h1-2H2,(H3,5,7,8)","SLFKCFGKKKBDOC-UHFFFAOYSA-N"
32980083,"2,3-Diiminobutanamide",113.058914,"C4H7N3O","CC(=N)C(=N)C(=O)N","InChI=1S/C4H7N3O/c1-2(5)3(6)4(7)8/h5-6H,1H3,(H2,7,8)","NTQJFJPBXPVGNI-UHFFFAOYSA-N"
32980809,"4-Amino-5-methyl-2,4-dihydro-3H-pyrazol-3-one",113.058914,"C4H7N3O","CC1=NNC(=O)C1N","InChI=1S/C4H7N3O/c1-2-3(5)4(8)7-6-2/h3H,5H2,1H3,(H,7,8)","APWDBNIMYULDRV-UHFFFAOYSA-N"
32982024,"6-Amino-1,2-dihydro-2-pyrimidinol",113.058914,"C4H7N3O","C1=C(NC(N=C1)O)N","InChI=1S/C4H7N3O/c5-3-1-2-6-4(8)7-3/h1-2,4,7-8H,5H2","FLFNOYUPJVVVBX-UHFFFAOYSA-N"
32982282,"2-Amino-2-cyanopropanamide",113.058914,"C4H7N3O","CC(C#N)(C(=O)N)N","InChI=1S/C4H7N3O/c1-4(7,2-5)3(6)8/h7H2,1H3,(H2,6,8)","DFWPREUTILPHQS-UHFFFAOYSA-N"
32990558,"{[(Z)-Cyano(methoxyimino)methyl]amino}methane",113.058914,"C4H7N3O","CN/C(=N\OC)/C#N","InChI=1S/C4H7N3O/c1-6-4(3-5)7-8-2/h1-2H3,(H,6,7)","QQBDAJWAWAXUKC-UHFFFAOYSA-N"
32992551,"(5S)-5-Methyl-4,5-dihydro-1,2,4-triazin-6(1H)-one",113.058914,"C4H7N3O","C[C@H]1C(=O)NN=CN1","InChI=1S/C4H7N3O/c1-3-4(8)7-6-2-5-3/h2-3H,1H3,(H,5,6)(H,7,8)/t3-/m0/s1","RCODHUVIIXVELQ-VKHMYHEASA-N"
34694531,"1-(Cyanomethyl)-3-methylurea",113.058914,"C4H7N3O","CNC(=O)NCC#N","InChI=1S/C4H7N3O/c1-6-4(8)7-3-2-5/h3H2,1H3,(H2,6,7,8)","JUQIKIBTBCIJRC-UHFFFAOYSA-N"
35506444,"(2-Methyl-2H-1,2,3-triazol-4-yl)methanol",113.058914,"C4H7N3O","Cn1ncc(n1)CO","InChI=1S/C4H7N3O/c1-7-5-2-4(3-8)6-7/h2,8H,3H2,1H3","RTCYUGLJCAPLPD-UHFFFAOYSA-N"
35765714,"[Ethyl(nitroso)amino]acetonitrile",113.058914,"C4H7N3O","CCN(CC#N)N=O","InChI=1S/C4H7N3O/c1-2-7(6-8)4-3-5/h2,4H2,1H3","KYTZHWKCEOLFRX-UHFFFAOYSA-N"
35777598,"(E)-2-Diazonio-1-(dimethylamino)ethenolate",113.058914,"C4H7N3O","CN(C)/C(=C\[N+]#N)/[O-]","InChI=1S/C4H7N3O/c1-7(2)4(8)3-6-5/h3H,1-2H3/b4-3+","BOXIVVBWBQNBAB-ONEGZZNKSA-N"
35800031,"(2Z)-1-Diazo-N-methoxy-2-propanimine",113.058914,"C4H7N3O","C/C(=N/OC)/C=[N+]=[N-]","InChI=1S/C4H7N3O/c1-4(3-6-5)7-8-2/h3H,1-2H3/b7-4-","XFZGSCRKSWYIRB-DAXSKMNVSA-N"
35895181,"1-Azido-2-butanone",113.058914,"C4H7N3O","CCC(=O)CN=[N+]=[N-]","InChI=1S/C4H7N3O/c1-2-4(8)3-6-7-5/h2-3H2,1H3","MZPDWVYPFPTFCC-UHFFFAOYSA-N"
37487828,"N-Hydroxy-1-(1H-imidazol-5-yl)methanamine",113.058914,"C4H7N3O","c1c([nH]cn1)CNO","InChI=1S/C4H7N3O/c8-7-2-4-1-5-3-6-4/h1,3,7-8H,2H2,(H,5,6)","QGHBVIYEGZHISQ-UHFFFAOYSA-N"
37487829,"N-Hydroxy-1-(1H-pyrazol-5-yl)methanamine",113.058914,"C4H7N3O","c1cn[nH]c1CNO","InChI=1S/C4H7N3O/c8-6-3-4-1-2-5-7-4/h1-2,6,8H,3H2,(H,5,7)","ZTNZKYHJHXXTBP-UHFFFAOYSA-N"
37487830,"N-Hydroxy-1-(1H-pyrazol-4-yl)methanamine",113.058914,"C4H7N3O","c1c(cn[nH]1)CNO","InChI=1S/C4H7N3O/c8-7-3-4-1-5-6-2-4/h1-2,7-8H,3H2,(H,5,6)","DEOIXQKMZZKERL-UHFFFAOYSA-N"
37487831,"5-(Aminomethyl)-1H-imidazol-4-ol",113.058914,"C4H7N3O","c1[nH]c(c(n1)O)CN","InChI=1S/C4H7N3O/c5-1-3-4(8)7-2-6-3/h2,8H,1,5H2,(H,6,7)","WMRNOXREFPWKHD-UHFFFAOYSA-N"
37487832,"1-(1,2,5-Oxadiazol-3-yl)ethanamine",113.058914,"C4H7N3O","CC(c1cnon1)N","InChI=1S/C4H7N3O/c1-3(5)4-2-6-8-7-4/h2-3H,5H2,1H3","MVDCRLOMTXFOOO-UHFFFAOYSA-N"
37487833,"2-(1,2,3-Oxadiazol-5-yl)ethanamine",113.058914,"C4H7N3O","c1c(onn1)CCN","InChI=1S/C4H7N3O/c5-2-1-4-3-6-7-8-4/h3H,1-2,5H2","CBBWVVMSZPNPHL-UHFFFAOYSA-N"
37487834,"2-(1,2,3-Oxadiazol-4-yl)ethanamine",113.058914,"C4H7N3O","c1c(nno1)CCN","InChI=1S/C4H7N3O/c5-2-1-4-3-8-7-6-4/h3H,1-2,5H2","ADXIVYFBWAWKTC-UHFFFAOYSA-N"
37487835,"1-(4-Methyl-1,2,3-oxadiazol-5-yl)methanamine",113.058914,"C4H7N3O","Cc1c(onn1)CN","InChI=1S/C4H7N3O/c1-3-4(2-5)8-7-6-3/h2,5H2,1H3","HVQVCSLDBOTXAS-UHFFFAOYSA-N"
37487836,"(1S)-1-(1,2,4-Oxadiazol-3-yl)ethanamine",113.058914,"C4H7N3O","C[C@@H](c1ncon1)N","InChI=1S/C4H7N3O/c1-3(5)4-6-2-8-7-4/h2-3H,5H2,1H3/t3-/m0/s1","LFSXUCZAZSQBPW-VKHMYHEASA-N"
37548215,"N,4-Dimethyl-1,2,5-oxadiazol-3-amine",113.058914,"C4H7N3O","Cc1c(non1)NC","InChI=1S/C4H7N3O/c1-3-4(5-2)7-8-6-3/h1-2H3,(H,5,7)","HNXYWYOVPHLAQF-UHFFFAOYSA-N"
37553112,"2-(Aminomethyl)-1H-imidazol-1-ol",113.058914,"C4H7N3O","c1cn(c(n1)CN)O","InChI=1S/C4H7N3O/c5-3-4-6-1-2-7(4)8/h1-2,8H,3,5H2","AFAAUXMONHKOPQ-UHFFFAOYSA-N"
37652220,"2-Methoxy-1H-imidazol-5-amine",113.058914,"C4H7N3O","COc1[nH]c(cn1)N","InChI=1S/C4H7N3O/c1-8-4-6-2-3(5)7-4/h2H,5H2,1H3,(H,6,7)","CYTJKCQUEDCRSK-UHFFFAOYSA-N"
37655004,"5-Ethyl-2H-1,2,3-triazol-4-ol",113.058914,"C4H7N3O","CCc1c(n[nH]n1)O","InChI=1S/C4H7N3O/c1-2-3-4(8)6-7-5-3/h2H2,1H3,(H2,5,6,7,8)","ZYOUTZZHWRNSRN-UHFFFAOYSA-N"
37669181,"5-Methoxy-1H-imidazol-4-amine",113.058914,"C4H7N3O","COc1c(nc[nH]1)N","InChI=1S/C4H7N3O/c1-8-4-3(5)6-2-7-4/h2H,5H2,1H3,(H,6,7)","IOPMIIDPRUTFAI-UHFFFAOYSA-N"
37767618,"5-Hydrazino-3-methyl-1,2-oxazole",113.058914,"C4H7N3O","Cc1cc(on1)NN","InChI=1S/C4H7N3O/c1-3-2-4(6-5)8-7-3/h2,6H,5H2,1H3","BRZYHOQNTDKVBO-UHFFFAOYSA-N"
38774089,"1-(1H-1,2,3-Triazol-4-yl)ethanol",113.058914,"C4H7N3O","CC(c1c[nH]nn1)O","InChI=1S/C4H7N3O/c1-3(8)4-2-5-7-6-4/h2-3,8H,1H3,(H,5,6,7)","WWVKKAMHZCVYIT-UHFFFAOYSA-N"
38883843,"3-(Hydrazinomethyl)-1,2-oxazole",113.058914,"C4H7N3O","c1conc1CNN","InChI=1S/C4H7N3O/c5-6-3-4-1-2-8-7-4/h1-2,6H,3,5H2","MTYNBIWCVYPCEI-UHFFFAOYSA-N"
38949882,"1-(Cyanomethyl)-1-methylurea",113.058914,"C4H7N3O","CN(CC#N)C(=O)N","InChI=1S/C4H7N3O/c1-7(3-2-5)4(6)8/h3H2,1H3,(H2,6,8)","QITXTCNQBLAFAI-UHFFFAOYSA-N"
40552326,"N~2~-Cyano-N-methylglycinamide",113.058914,"C4H7N3O","CNC(=O)CNC#N","InChI=1S/C4H7N3O/c1-6-4(8)2-7-3-5/h7H,2H2,1H3,(H,6,8)","YAWKNHIAXROCSG-UHFFFAOYSA-N"
40552343,"N~2~-Cyanoalaninamide",113.058914,"C4H7N3O","CC(C(=O)N)NC#N","InChI=1S/C4H7N3O/c1-3(4(6)8)7-2-5/h3,7H,1H3,(H2,6,8)","NHQIPPPYWHTQOD-UHFFFAOYSA-N"
40552345,"N~3~-Cyano-beta-alaninamide",113.058914,"C4H7N3O","C(CNC#N)C(=O)N","InChI=1S/C4H7N3O/c5-3-7-2-1-4(6)8/h7H,1-2H2,(H2,6,8)","BWWUPPCUZFOCCW-UHFFFAOYSA-N"
43055240,"4-(Aminomethyl)-1,3-oxazol-2-amine",113.058914,"C4H7N3O","c1c(nc(o1)N)CN","InChI=1S/C4H7N3O/c5-1-3-2-8-4(6)7-3/h2H,1,5H2,(H2,6,7)","QNESFFXXSAXDFL-UHFFFAOYSA-N"
