"Identifier","CompoundName","MonoisotopicMass","MolecularFormula","SMILES","InChI","InChIKey"
8172,"4-Dodecylbenzenesulfonic acid",326.191559,"C18H30O3S","CCCCCCCCCCCCc1ccc(cc1)S(=O)(=O)O","InChI=1S/C18H30O3S/c1-2-3-4-5-6-7-8-9-10-11-12-17-13-15-18(16-14-17)22(19,20)21/h13-16H,2-12H2,1H3,(H,19,20,21)","KWXICGTUELOLSQ-UHFFFAOYSA-N"
15111,"Dodecyl benzenesulfonate",326.191559,"C18H30O3S","CCCCCCCCCCCCOS(=O)(=O)c1ccccc1","InChI=1S/C18H30O3S/c1-2-3-4-5-6-7-8-9-10-14-17-21-22(19,20)18-15-12-11-13-16-18/h11-13,15-16H,2-10,14,17H2,1H3","YRIUSKIDOIARQF-UHFFFAOYSA-N"
15786,"4-(2-Dodecanyl)benzenesulfonic acid",326.191559,"C18H30O3S","CCCCCCCCCCC(C)c1ccc(cc1)S(=O)(=O)O","InChI=1S/C18H30O3S/c1-3-4-5-6-7-8-9-10-11-16(2)17-12-14-18(15-13-17)22(19,20)21/h12-16H,3-11H2,1-2H3,(H,19,20,21)","CJTZDYDOPZRFTF-UHFFFAOYSA-N"
15789,"4-(6-Dodecanyl)benzenesulfonic acid",326.191559,"C18H30O3S","CCCCCCC(CCCCC)c1ccc(cc1)S(=O)(=O)O","InChI=1S/C18H30O3S/c1-3-5-7-9-11-16(10-8-6-4-2)17-12-14-18(15-13-17)22(19,20)21/h12-16H,3-11H2,1-2H3,(H,19,20,21)","GHNRTXCRBJQVGN-UHFFFAOYSA-N"
23760,"3-Dodecylbenzenesulfonic acid",326.191559,"C18H30O3S","CCCCCCCCCCCCc1cccc(c1)S(=O)(=O)O","InChI=1S/C18H30O3S/c1-2-3-4-5-6-7-8-9-10-11-13-17-14-12-15-18(16-17)22(19,20)21/h12,14-16H,2-11,13H2,1H3,(H,19,20,21)","HRPQWSOMACYCRG-UHFFFAOYSA-N"
23761,"2-Dodecylbenzenesulfonic acid",326.191559,"C18H30O3S","CCCCCCCCCCCCc1ccccc1S(=O)(=O)O","InChI=1S/C18H30O3S/c1-2-3-4-5-6-7-8-9-10-11-14-17-15-12-13-16-18(17)22(19,20)21/h12-13,15-16H,2-11,14H2,1H3,(H,19,20,21)","WBIQQQGBSDOWNP-UHFFFAOYSA-N"
27202,"4-(3-Dodecanyl)benzenesulfonic acid",326.191559,"C18H30O3S","CCCCCCCCCC(CC)c1ccc(cc1)S(=O)(=O)O","InChI=1S/C18H30O3S/c1-3-5-6-7-8-9-10-11-16(4-2)17-12-14-18(15-13-17)22(19,20)21/h12-16H,3-11H2,1-2H3,(H,19,20,21)","QJRVOJKLQNSNDB-UHFFFAOYSA-N"
98949,"4-(10-Methylundecyl)benzenesulfonic acid",326.191559,"C18H30O3S","CC(C)CCCCCCCCCc1ccc(cc1)S(=O)(=O)O","InChI=1S/C18H30O3S/c1-16(2)10-8-6-4-3-5-7-9-11-17-12-14-18(15-13-17)22(19,20)21/h12-16H,3-11H2,1-2H3,(H,19,20,21)","NLIZZNXFRGDAMS-UHFFFAOYSA-N"
117468,"5-Fluoro-3-(1-(2-(1-methyl-1H-pyrazol-4-yl)ethyl)-4-piperidinyl)-1H-indole",326.190674,"C19H23FN4","Cn1cc(cn1)CCN2CCC(CC2)c3c[nH]c4c3cc(cc4)F","InChI=1S/C19H23FN4/c1-23-13-14(11-22-23)4-7-24-8-5-15(6-9-24)18-12-21-19-3-2-16(20)10-17(18)19/h2-3,10-13,15,21H,4-9H2,1H3","RFIDURCIAHBFRJ-UHFFFAOYSA-N"
155287,"2,3,4,5-Tetrapropylbenzenesulfonic acid",326.191559,"C18H30O3S","CCCc1cc(c(c(c1CCC)CCC)CCC)S(=O)(=O)O","InChI=1S/C18H30O3S/c1-5-9-14-13-18(22(19,20)21)17(12-8-4)16(11-7-3)15(14)10-6-2/h13H,5-12H2,1-4H3,(H,19,20,21)","MZQKADNPDLDGJD-UHFFFAOYSA-N"
480804,"Diethyl 4-methyl-5-[(trimethylsilyl)methyl]-4-cyclohexene-1,2-dicarboxylate ",326.191345,"C17H30O4Si","CCOC(=O)C1CC(=C(CC1C(=O)OCC)C[Si](C)(C)C)C","InChI=1S/C17H30O4Si/c1-7-20-16(18)14-9-12(3)13(11-22(4,5)6)10-15(14)17(19)21-8-2/h14-15H,7-11H2,1-6H3","LAKBCEMPONHFLM-UHFFFAOYSA-N"
480805,"Diethyl 3,3-dimethyl-4-methylene-5-(trimethylsilyl)-1,2-cyclopentanedicarboxylate ",326.191345,"C17H30O4Si","CCOC(=O)C1C(C(=C)C(C1C(=O)OCC)(C)C)[Si](C)(C)C","InChI=1S/C17H30O4Si/c1-9-20-15(18)12-13(16(19)21-10-2)17(4,5)11(3)14(12)22(6,7)8/h12-14H,3,9-10H2,1-2,4-8H3","AJGIVECSNSJBDI-UHFFFAOYSA-N"
480806,"Diethyl 4-isopropylidene-3-(trimethylsilyl)-1,2-cyclopentanedicarboxylate",326.191345,"C17H30O4Si","CCOC(=O)C1CC(=C(C)C)C(C1C(=O)OCC)[Si](C)(C)C","InChI=1S/C17H30O4Si/c1-8-20-16(18)13-10-12(11(3)4)15(22(5,6)7)14(13)17(19)21-9-2/h13-15H,8-10H2,1-7H3","MWRNHMYKVNHFTQ-UHFFFAOYSA-N"
537234,"2,2'-[(Cyclohexylphosphinediyl)di-2,1-ethanediyl]dipyridine",326.191193,"C20H27N2P","c1ccnc(c1)CCP(CCc2ccccn2)C3CCCCC3","InChI=1S/C20H27N2P/c1-2-10-20(11-3-1)23(16-12-18-8-4-6-14-21-18)17-13-19-9-5-7-15-22-19/h4-9,14-15,20H,1-3,10-13,16-17H2","PEXGZFMEHPTOMO-UHFFFAOYSA-N"
1659965,"11-[(4-Methylphenyl)sulfonyl]-1-undecanol",326.191559,"C18H30O3S","Cc1ccc(cc1)S(=O)(=O)CCCCCCCCCCCO","InChI=1S/C18H30O3S/c1-17-11-13-18(14-12-17)22(20,21)16-10-8-6-4-2-3-5-7-9-15-19/h11-14,19H,2-10,15-16H2,1H3","UTMQQROFQLQDMQ-UHFFFAOYSA-N"
2283398,"2-(4,6,8-Trimethyl-2-nonanyl)benzenesulfonic acid",326.191559,"C18H30O3S","CC(C)CC(C)CC(C)CC(C)c1ccccc1S(=O)(=O)O","InChI=1S/C18H30O3S/c1-13(2)10-14(3)11-15(4)12-16(5)17-8-6-7-9-18(17)22(19,20)21/h6-9,13-16H,10-12H2,1-5H3,(H,19,20,21)","RGAKRGIRMXFGMG-UHFFFAOYSA-N"
2730018,"1-[2-Fluoro-4-(N-phenylethanehydrazonoyl)phenyl]-4-methylpiperazine",326.190674,"C19H23FN4","CC(=NNc1ccccc1)c2ccc(c(c2)F)N3CCN(CC3)C","InChI=1S/C19H23FN4/c1-15(21-22-17-6-4-3-5-7-17)16-8-9-19(18(20)14-16)24-12-10-23(2)11-13-24/h3-9,14,22H,10-13H2,1-2H3","FVYCTAFDDSVLQL-UHFFFAOYSA-N"
2996025,"12-Benzyl-5,6,8,9,10,11-hexahydrobenzo[c]acridinium",326.190338,"C24H24N","c1ccc(cc1)C[n+]2c3c(cc4c2-c5ccccc5CC4)CCCC3","InChI=1S/C24H24N/c1-2-8-18(9-3-1)17-25-23-13-7-5-11-20(23)16-21-15-14-19-10-4-6-12-22(19)24(21)25/h1-4,6,8-10,12,16H,5,7,11,13-15,17H2/q+1","RPEOPLWGHJWMFA-UHFFFAOYSA-N"
4518303,"Diethyl (4E)-3,3-dimethyl-4-[(trimethylsilyl)methylene]-1,2-cyclopentanedicarboxylate ",326.191345,"C17H30O4Si","CCOC(=O)C1C/C(=C\[Si](C)(C)C)/C(C1C(=O)OCC)(C)C","InChI=1S/C17H30O4Si/c1-8-20-15(18)13-10-12(11-22(5,6)7)17(3,4)14(13)16(19)21-9-2/h11,13-14H,8-10H2,1-7H3/b12-11+","RCLHQUUFRXAVPL-VAWYXSNFSA-N"
4719185,"1-{2-Fluoro-4-[(1Z)-N-phenylethanehydrazonoyl]phenyl}-4-methylpiperazine",326.190674,"C19H23FN4","C/C(=N/Nc1ccccc1)/c2ccc(c(c2)F)N3CCN(CC3)C","InChI=1S/C19H23FN4/c1-15(21-22-17-6-4-3-5-7-17)16-8-9-19(18(20)14-16)24-12-10-23(2)11-13-24/h3-9,14,22H,10-13H2,1-2H3/b21-15-","FVYCTAFDDSVLQL-QNGOZBTKSA-N"
5453277,"(3S)-1-[5-(4-Fluorophenyl)-5-oxopentyl]-3-phenylpyrrolidinium",326.191467,"C21H25FNO","Fc1ccc(cc1)C(=O)CCCC[NH+]3C[C@H](c2ccccc2)CC3","InChI=1S/C21H24FNO/c22-20-11-9-18(10-12-20)21(24)8-4-5-14-23-15-13-19(16-23)17-6-2-1-3-7-17/h1-3,6-7,9-12,19H,4-5,8,13-16H2/p+1/t19-/m1/s1","RBURCGBYRAOMLD-LJQANCHMSA-O"
5453279,"(3R)-1-[5-(4-Fluorophenyl)-5-oxopentyl]-3-phenylpyrrolidinium",326.191467,"C21H25FNO","Fc1ccc(cc1)C(=O)CCCC[NH+]3C[C@@H](c2ccccc2)CC3","InChI=1S/C21H24FNO/c22-20-11-9-18(10-12-20)21(24)8-4-5-14-23-15-13-19(16-23)17-6-2-1-3-7-17/h1-3,6-7,9-12,19H,4-5,8,13-16H2/p+1/t19-/m0/s1","RBURCGBYRAOMLD-IBGZPJMESA-O"
5763742,"4-(4-Fluorophenyl)-1-(4-methoxy-2,5-dimethylbenzyl)-1,2,3,6-tetrahydropyridinium",326.191467,"C21H25FNO","Fc3ccc(/C2=C/C[NH+](Cc1cc(c(OC)cc1C)C)CC2)cc3","InChI=1S/C21H24FNO/c1-15-13-21(24-3)16(2)12-19(15)14-23-10-8-18(9-11-23)17-4-6-20(22)7-5-17/h4-8,12-13H,9-11,14H2,1-3H3/p+1","XRAMAZMWJQILMZ-UHFFFAOYSA-O"
5763860,"4-(4-Fluorophenyl)-1-(4-methoxy-2,3-dimethylbenzyl)-1,2,3,6-tetrahydropyridinium",326.191467,"C21H25FNO","Fc3ccc(/C2=C/C[NH+](Cc1ccc(OC)c(c1C)C)CC2)cc3","InChI=1S/C21H24FNO/c1-15-16(2)21(24-3)9-6-19(15)14-23-12-10-18(11-13-23)17-4-7-20(22)8-5-17/h4-10H,11-14H2,1-3H3/p+1","MRRLUCMRORGUED-UHFFFAOYSA-O"
6917934,"N-{[5-(2-Fluorophenyl)-2-furyl]methyl}-1-adamantanaminium",326.191467,"C21H25FNO","Fc5ccccc5c1oc(cc1)C[NH2+]C42CC3CC(CC(C2)C3)C4","InChI=1S/C21H24FNO/c22-19-4-2-1-3-18(19)20-6-5-17(24-20)13-23-21-10-14-7-15(11-21)9-16(8-14)12-21/h1-6,14-16,23H,7-13H2/p+1","RPRVNBFSPMVKAG-UHFFFAOYSA-O"
6917939,"N-{[5-(2-Fluorophenyl)-2-furyl]methyl}-2-adamantanaminium",326.191467,"C21H25FNO","Fc5ccccc5c1oc(cc1)C[NH2+]C2C4CC3CC(CC2C3)C4","InChI=1S/C21H24FNO/c22-19-4-2-1-3-18(19)20-6-5-17(24-20)12-23-21-15-8-13-7-14(10-15)11-16(21)9-13/h1-6,13-16,21,23H,7-12H2/p+1","MYTYFKJVXAPLTN-UHFFFAOYSA-O"
6918047,"N-{[5-(4-Fluorophenyl)-2-furyl]methyl}-1-adamantanaminium",326.191467,"C21H25FNO","Fc5ccc(c1oc(cc1)C[NH2+]C42CC3CC(CC(C2)C3)C4)cc5","InChI=1S/C21H24FNO/c22-18-3-1-17(2-4-18)20-6-5-19(24-20)13-23-21-10-14-7-15(11-21)9-16(8-14)12-21/h1-6,14-16,23H,7-13H2/p+1","BPBUNFAXYVLOFX-UHFFFAOYSA-O"
6918049,"N-{[5-(4-Fluorophenyl)-2-furyl]methyl}-2-adamantanaminium",326.191467,"C21H25FNO","Fc5ccc(c1oc(cc1)C[NH2+]C2C4CC3CC(CC2C3)C4)cc5","InChI=1S/C21H24FNO/c22-18-3-1-15(2-4-18)20-6-5-19(24-20)12-23-21-16-8-13-7-14(10-16)11-17(21)9-13/h1-6,13-14,16-17,21,23H,7-12H2/p+1","OZIAWFGZMIWMLN-UHFFFAOYSA-O"
7874884,"1-{2-Fluoro-4-[(1E)-N-phenylethanehydrazonoyl]phenyl}-4-methylpiperazine",326.190674,"C19H23FN4","Fc3c(N1CCN(C)CC1)ccc(\C(=N\Nc2ccccc2)C)c3","InChI=1S/C19H23FN4/c1-15(21-22-17-6-4-3-5-7-17)16-8-9-19(18(20)14-16)24-12-10-23(2)11-13-24/h3-9,14,22H,10-13H2,1-2H3/b21-15+","FVYCTAFDDSVLQL-RCCKNPSSSA-N"
7994501,"4-(4-Fluorophenyl)-2-(1-piperazinyl)-6,7,8,9-tetrahydro-5H-cyclohepta[d]pyrimidine",326.190674,"C19H23FN4","Fc1ccc(cc1)c2nc(nc3c2CCCCC3)N4CCNCC4","InChI=1S/C19H23FN4/c20-15-8-6-14(7-9-15)18-16-4-2-1-3-5-17(16)22-19(23-18)24-12-10-21-11-13-24/h6-9,21H,1-5,10-13H2","VVKIUTKVKSJUQJ-UHFFFAOYSA-N"
8016037,"3-Dodecylphenyl hydrogen sulfite",326.191559,"C18H30O3S","O=S(Oc1cc(ccc1)CCCCCCCCCCCC)O","InChI=1S/C18H30O3S/c1-2-3-4-5-6-7-8-9-10-11-13-17-14-12-15-18(16-17)21-22(19)20/h12,14-16H,2-11,13H2,1H3,(H,19,20)","BNDXOSUSWYDPPD-UHFFFAOYSA-N"
8059498,"6-{[4-(4-Fluorophenyl)-1-piperazinyl]methyl}-1,2,3,4-tetrahydroquinoxaline",326.190674,"C19H23FN4","Fc4ccc(N3CCN(Cc1cc2c(cc1)NCCN2)CC3)cc4","InChI=1S/C19H23FN4/c20-16-2-4-17(5-3-16)24-11-9-23(10-12-24)14-15-1-6-18-19(13-15)22-8-7-21-18/h1-6,13,21-22H,7-12,14H2","ITWIDWWNGWJLRH-UHFFFAOYSA-N"
8081085,"(5Z)-7-{[(2Z,4E,6R)-6-Hydroxy-2,4-undecadien-1-yl]sulfanyl}-5-heptenoic acid",326.191559,"C18H30O3S","O=C(O)CCC/C=C\CSC/C=C\C=C\[C@H](O)CCCCC","InChI=1S/C18H30O3S/c1-2-3-7-12-17(19)13-8-6-11-16-22-15-10-5-4-9-14-18(20)21/h5-6,8,10-11,13,17,19H,2-4,7,9,12,14-16H2,1H3,(H,20,21)/b10-5-,11-6-,13-8+/t17-/m1/s1","JPEMDJLLVMCHRL-ZGDIHYBZSA-N"
8149264,"3-(4-{[Dimethyl(2-methyl-2-propanyl)silyl]oxy}-3,5-dimethoxyphenyl)-1-propanol",326.191345,"C17H30O4Si","O(c1c(OC)cc(cc1OC)CCCO)[Si](C)(C(C)(C)C)C","InChI=1S/C17H30O4Si/c1-17(2,3)22(6,7)21-16-14(19-4)11-13(9-8-10-18)12-15(16)20-5/h11-12,18H,8-10H2,1-7H3","STFGKCNBKFDFEY-UHFFFAOYSA-N"
8172093,"3-[(4-Methylphenyl)sulfonyl]-1-undecanol",326.191559,"C18H30O3S","O=S(=O)(c1ccc(cc1)C)C(CCCCCCCC)CCO","InChI=1S/C18H30O3S/c1-3-4-5-6-7-8-9-17(14-15-19)22(20,21)18-12-10-16(2)11-13-18/h10-13,17,19H,3-9,14-15H2,1-2H3","MNFLXKFEYHLGBK-UHFFFAOYSA-N"
8172094,"Methyl [(1R,3aR,6aS)-4-{[dimethyl(2-methyl-2-propanyl)silyl]oxy}-1-hydroxy-2,3,6,6a-tetrahydro-3a(1H)-pentalenyl]acetate",326.191345,"C17H30O4Si","O=C(OC)C[C@]21C(\O[Si](C(C)(C)C)(C)C)=C/C[C@@H]1[C@H](O)CC2","InChI=1S/C17H30O4Si/c1-16(2,3)22(5,6)21-14-8-7-12-13(18)9-10-17(12,14)11-15(19)20-4/h8,12-13,18H,7,9-11H2,1-6H3/t12-,13-,17-/m1/s1","VJGMKKHFFLMKKW-PBFPGSCMSA-N"
8194873,"(2E)-3-{(4S,5S)-5-[(1E)-3-{[Dimethyl(2-methyl-2-propanyl)silyl]oxy}-1-propen-1-yl]-2,2-dimethyl-1,3-dioxolan-4-yl}acrylaldehyde",326.191345,"C17H30O4Si","O=C/C=C/[C@@H]1OC(O[C@H]1/C=C/CO[Si](C(C)(C)C)(C)C)(C)C","InChI=1S/C17H30O4Si/c1-16(2,3)22(6,7)19-13-9-11-15-14(10-8-12-18)20-17(4,5)21-15/h8-12,14-15H,13H2,1-7H3/b10-8+,11-9+/t14-,15-/m0/s1","HIVIXNQHDAJKSQ-XPMMAPTCSA-N"
8217599,"Cyclohexanone, compd. with 2-propanol, titanium(4+) salt (1:3:1)",326.191467,"C15H34O4Ti","[Ti+4].O=C1CCCCC1.OC(C)C.OC(C)C.OC(C)C","InChI=1S/C6H10O.3C3H8O.Ti/c7-6-4-2-1-3-5-6;3*1-3(2)4;/h1-5H2;3*3-4H,1-2H3;/q;;;;+4","XTJGBHCJGLGYNA-UHFFFAOYSA-N"
8217636,"(2S,3R)-1-(Benzyloxy)-4-{[dimethyl(2-methyl-2-propanyl)silyl]oxy}-2,3-butanediol",326.191345,"C17H30O4Si","O(C[C@H](O)[C@H](O)CO[Si](C(C)(C)C)(C)C)Cc1ccccc1","InChI=1S/C17H30O4Si/c1-17(2,3)22(4,5)21-13-16(19)15(18)12-20-11-14-9-7-6-8-10-14/h6-10,15-16,18-19H,11-13H2,1-5H3/t15-,16+/m0/s1","PRZUFXMXEFCNMZ-JKSUJKDBSA-N"
8217637,"{[(1S,6S,8S)-2,2-Dimethoxy-6-methyl-12-oxatricyclo[6.3.1.0~1,6~]dodec-10-en-11-yl]oxy}(trimethyl)silane",326.191345,"C17H30O4Si","O(/C1=C/C[C@@H]3O[C@]12C(OC)(OC)CCC[C@]2(C3)C)[Si](C)(C)C","InChI=1S/C17H30O4Si/c1-15-10-7-11-16(18-2,19-3)17(15)14(21-22(4,5)6)9-8-13(12-15)20-17/h9,13H,7-8,10-12H2,1-6H3/t13-,15-,17+/m0/s1","WJSZSRVUTBRPAI-JLJPHGGASA-N"
8421332,"(2R,3R)-1-(Benzyloxy)-4-{[dimethyl(2-methyl-2-propanyl)silyl]oxy}-2,3-butanediol",326.191345,"C17H30O4Si","O(C[C@@H](O)[C@H](O)CO[Si](C(C)(C)C)(C)C)Cc1ccccc1","InChI=1S/C17H30O4Si/c1-17(2,3)22(4,5)21-13-16(19)15(18)12-20-11-14-9-7-6-8-10-14/h6-10,15-16,18-19H,11-13H2,1-5H3/t15-,16-/m1/s1","PRZUFXMXEFCNMZ-HZPDHXFCSA-N"
8579575,"Methyl [(1R,3aR,6aS)-1-{[dimethyl(2-methyl-2-propanyl)silyl]oxy}-4-oxohexahydro-3a(1H)-pentalenyl]acetate",326.191345,"C17H30O4Si","O=C1CC[C@H]2[C@@]1(CC[C@H]2O[Si](C(C)(C)C)(C)C)CC(=O)OC","InChI=1S/C17H30O4Si/c1-16(2,3)22(5,6)21-13-9-10-17(11-15(19)20-4)12(13)7-8-14(17)18/h12-13H,7-11H2,1-6H3/t12-,13-,17-/m1/s1","LFFRVJWHXMFLDR-PBFPGSCMSA-N"
8671800,"(3aR,7aS)-7a-Methyl-1-{(2R)-4-[(2-methyl-2-propanyl)sulfonyl]-2-butanyl}-3,3a,5,6,7,7a-hexahydro-4H-inden-4-one",326.191559,"C18H30O3S","O=S(=O)(C(C)(C)C)CC[C@H](C\1=C\C[C@H]2C(=O)CCC[C@]/12C)C","InChI=1S/C18H30O3S/c1-13(10-12-22(20,21)17(2,3)4)14-8-9-15-16(19)7-6-11-18(14,15)5/h8,13,15H,6-7,9-12H2,1-5H3/t13-,15+,18-/m1/s1","SNNONVPUWIFDQL-QIIPPGSGSA-N"
8671801,"[(R)-[(4R)-2,2-Dimethyl-1,3-dioxolan-4-yl](5-methyl-3-furyl)methoxy](dimethyl)(2-methyl-2-propanyl)silane",326.191345,"C17H30O4Si","O([C@H](c1cc(oc1)C)[C@@H]2OC(OC2)(C)C)[Si](C(C)(C)C)(C)C","InChI=1S/C17H30O4Si/c1-12-9-13(10-18-12)15(14-11-19-17(5,6)20-14)21-22(7,8)16(2,3)4/h9-10,14-15H,11H2,1-8H3/t14-,15-/m1/s1","MYRVBUBXNUZEMM-HUUCEWRRSA-N"
8695611,"Ethyl 2,3-dideoxy-6-O-[dimethyl(2-methyl-2-propanyl)silyl]-4-O-2-propyn-1-yl-alpha-D-erythro-hex-2-enopyranoside",326.191345,"C17H30O4Si","O([Si](C(C)(C)C)(C)C)C[C@H]1O[C@H](OCC)/C=C\[C@@H]1OCC#C","InChI=1S/C17H30O4Si/c1-8-12-19-14-10-11-16(18-9-2)21-15(14)13-20-22(6,7)17(3,4)5/h1,10-11,14-16H,9,12-13H2,2-7H3/t14-,15+,16-/m0/s1","UOGNJDPCBLQEPJ-XHSDSOJGSA-N"
8743553,"3,4-Dihydro-2H-pyran-6-yl[(2S,3S)-3-{[dimethyl(2-methyl-2-propanyl)silyl]oxy}tetrahydro-2H-pyran-2-yl]methanone",326.191345,"C17H30O4Si","O=C(C=1OCCCC=1)[C@H]2OCCC[C@@H]2O[Si](C)(C(C)(C)C)C","InChI=1S/C17H30O4Si/c1-17(2,3)22(4,5)21-14-10-8-12-20-16(14)15(18)13-9-6-7-11-19-13/h9,14,16H,6-8,10-12H2,1-5H3/t14-,16-/m0/s1","BYUTWRDABCURPW-HOCLYGCPSA-N"
8767638,"(3Z,5S)-5-{[Dimethyl(2-methyl-2-propanyl)silyl]oxy}-4,8,8-trimethyl-5,6,8,9-tetrahydro-2,7-oxoninedione",326.191345,"C17H30O4Si","O=C\1OCC(C(=O)C[C@H](O[Si](C(C)(C)C)(C)C)/C(=C/1)C)(C)C","InChI=1S/C17H30O4Si/c1-12-9-15(19)20-11-17(5,6)14(18)10-13(12)21-22(7,8)16(2,3)4/h9,13H,10-11H2,1-8H3/b12-9+/t13-/m0/s1","GRFAQSQGUJRWFE-SRXBQZRASA-N"
8815222,"(3aS,4R,8Z,9aS)-4-{[Dimethyl(2-methyl-2-propanyl)silyl]oxy}-2,2-dimethyl-3a,6,7,9a-tetrahydrocycloocta[d][1,3]dioxol-5(4H)-one",326.191345,"C17H30O4Si","O=C1CC\C=C/[C@@H]2OC(O[C@@H]2[C@H]1O[Si](C(C)(C)C)(C)C)(C)C","InChI=1S/C17H30O4Si/c1-16(2,3)22(6,7)21-14-12(18)10-8-9-11-13-15(14)20-17(4,5)19-13/h9,11,13-15H,8,10H2,1-7H3/b11-9-/t13-,14-,15-/m0/s1","GSGTUSZYNRYDSH-HCPBSGHWSA-N"
8910260,"Ethyl (2E,3E)-7-{[dimethyl(2-methyl-2-propanyl)silyl]oxy}-2-(2-oxoethylidene)-3-heptenoate",326.191345,"C17H30O4Si","O=C/C=C(/C(=O)OCC)\C=C\CCCO[Si](C(C)(C)C)(C)C","InChI=1S/C17H30O4Si/c1-7-20-16(19)15(12-13-18)11-9-8-10-14-21-22(5,6)17(2,3)4/h9,11-13H,7-8,10,14H2,1-6H3/b11-9+,15-12+","YUVFCZGLVXDJCZ-SYWOWUFVSA-N"
8957720,"Ethyl 2-(3-{[dimethyl(2-methyl-2-propanyl)silyl]oxy}propyl)-2H-pyran-4-carboxylate",326.191345,"C17H30O4Si","O=C(OCC)/C1=C/C(O/C=C1)CCCO[Si](C(C)(C)C)(C)C","InChI=1S/C17H30O4Si/c1-7-19-16(18)14-10-12-20-15(13-14)9-8-11-21-22(5,6)17(2,3)4/h10,12-13,15H,7-9,11H2,1-6H3","TWDGGAUEXFYKDY-UHFFFAOYSA-N"
8957721,"Ethyl (2E,3E,5E)-7-{[dimethyl(2-methyl-2-propanyl)silyl]oxy}-2-(2-hydroxyethylidene)-3,5-heptadienoate",326.191345,"C17H30O4Si","O=C(OCC)/C(C=C\C=C\CO[Si](C(C)(C)C)(C)C)=C/CO","InChI=1S/C17H30O4Si/c1-7-20-16(19)15(12-13-18)11-9-8-10-14-21-22(5,6)17(2,3)4/h8-12,18H,7,13-14H2,1-6H3/b10-8+,11-9?,15-12+","FTWVFUSBFYWDMR-SKGAGQCWSA-N"
9028901,"(2R,6R,8R)-10-{[Dimethyl(2-methyl-2-propanyl)silyl]oxy}-2,8-dimethyl-1,7-dioxaspiro[5.5]undec-10-en-4-one",326.191345,"C17H30O4Si","O=C2C[C@@]/1(O[C@@H](CC(\O[Si](C(C)(C)C)(C)C)=C\1)C)O[C@@H](C2)C","InChI=1S/C17H30O4Si/c1-12-8-14(18)10-17(19-12)11-15(9-13(2)20-17)21-22(6,7)16(3,4)5/h11-13H,8-10H2,1-7H3/t12-,13-,17+/m1/s1","KLNDMTNHVQNQBR-XNJGSVPQSA-N"
9028902,"(5R)-2-Deoxy-1-O-[dimethyl(2-methyl-2-propanyl)silyl]-5-C-phenyl-D-threo-pentitol",326.191345,"C17H30O4Si","O[C@H](c1ccccc1)[C@@H](O)[C@H](O)CCO[Si](C(C)(C)C)(C)C","InChI=1S/C17H30O4Si/c1-17(2,3)22(4,5)21-12-11-14(18)16(20)15(19)13-9-7-6-8-10-13/h6-10,14-16,18-20H,11-12H2,1-5H3/t14-,15-,16+/m1/s1","TZZCMKYCKWSNLB-OAGGEKHMSA-N"
9035683,"2,2,4,4-Tetramethyl-3-(3,4,5,6-tetrahydro-2H-thieno[3,4-b][1,4]dioxonin-8-yl)-3-pentanol",326.191559,"C18H30O3S","O1c2csc(c2OCCCCC1)C(O)(C(C)(C)C)C(C)(C)C","InChI=1S/C18H30O3S/c1-16(2,3)18(19,17(4,5)6)15-14-13(12-22-15)20-10-8-7-9-11-21-14/h12,19H,7-11H2,1-6H3","QLFMULNLKRLSAS-UHFFFAOYSA-N"
9035684,"(1R,2R,6S,7R,9S)-9-({[Dimethyl(2-methyl-2-propanyl)silyl]oxy}methyl)-4,4-dimethyl-3,5-dioxatricyclo[5.2.1.0~2,6~]decan-8-one",326.191345,"C17H30O4Si","O=C3[C@@H]1C[C@@H]([C@H]2OC(O[C@@H]12)(C)C)[C@H]3CO[Si](C(C)(C)C)(C)C","InChI=1S/C17H30O4Si/c1-16(2,3)22(6,7)19-9-12-10-8-11(13(12)18)15-14(10)20-17(4,5)21-15/h10-12,14-15H,8-9H2,1-7H3/t10-,11+,12-,14-,15+/m1/s1","FAGMQZSOFQUGKN-OGMFBOKVSA-N"
9046392,"Ethyl (2E)-[(3S,5R)-5-{[dimethyl(2-methyl-2-propanyl)silyl]oxy}-3-hydroxy-2-methylenecyclohexylidene]acetate",326.191345,"C17H30O4Si","O=C(OCC)\C=C1\C(=C)[C@@H](O)C[C@H](O[Si](C)(C(C)(C)C)C)C1","InChI=1S/C17H30O4Si/c1-8-20-16(19)10-13-9-14(11-15(18)12(13)2)21-22(6,7)17(3,4)5/h10,14-15,18H,2,8-9,11H2,1,3-7H3/b13-10+/t14-,15+/m1/s1","SAJHSZPKJLTCFH-XGWPRKDGSA-N"
9057227,"Ethyl 2-[dimethyl(2-methyl-2-propanyl)silyl]-4-hydroxy-1-oxaspiro[4.4]non-2-ene-3-carboxylate",326.191345,"C17H30O4Si","O=C(OCC)/C1=C(/OC2(C1O)CCCC2)[Si](C(C)(C)C)(C)C","InChI=1S/C17H30O4Si/c1-7-20-14(19)12-13(18)17(10-8-9-11-17)21-15(12)22(5,6)16(2,3)4/h13,18H,7-11H2,1-6H3","NIWDDLUZLHAFSP-UHFFFAOYSA-N"
9078786,"Ethyl [(5R)-5-{[dimethyl(2-methyl-2-propanyl)silyl]oxy}-2-methyl-3-oxo-1-cyclohexen-1-yl]acetate",326.191345,"C17H30O4Si","O=C(OCC)CC\1=C(\C(=O)C[C@H](O[Si](C)(C(C)(C)C)C)C/1)C","InChI=1S/C17H30O4Si/c1-8-20-16(19)10-13-9-14(11-15(18)12(13)2)21-22(6,7)17(3,4)5/h14H,8-11H2,1-7H3/t14-/m1/s1","JHKJNITUWLCMRL-CQSZACIVSA-N"
9100680,"N'-[(2S)-1-(Diphenylphosphino)-3-methyl-2-butanyl]-N,N-dimethylimidoformamide",326.191193,"C20H27N2P","N(=C/N(C)C)\[C@H](CP(c1ccccc1)c2ccccc2)C(C)C","InChI=1S/C20H27N2P/c1-17(2)20(21-16-22(3)4)15-23(18-11-7-5-8-12-18)19-13-9-6-10-14-19/h5-14,16-17,20H,15H2,1-4H3/b21-16+/t20-/m1/s1","RJRGZKSNUYPJSR-DXAMHKDYSA-N"
9100687,"Methyl 6-[(1S,2R,3S,4R)-3-(butylsulfanyl)bicyclo[2.2.1]hept-2-yl]-6-oxohexanoate",326.191559,"C18H30O3S","O=C(OC)CCCCC(=O)[C@H]2[C@H]1CC[C@H](C1)[C@@H]2SCCCC","InChI=1S/C18H30O3S/c1-3-4-11-22-18-14-10-9-13(12-14)17(18)15(19)7-5-6-8-16(20)21-2/h13-14,17-18H,3-12H2,1-2H3/t13-,14+,17+,18-/m0/s1","BYMZEYOTMJJORW-JFTQMJAMSA-N"
9133587,"2-Methyl-2-propanyl (5S)-7-[dimethyl(2-methyl-2-propanyl)silyl]-5-hydroxy-3-oxo-6-heptynoate",326.191345,"C17H30O4Si","O=C(OC(C)(C)C)CC(=O)C[C@H](O)C#C[Si](C(C)(C)C)(C)C","InChI=1S/C17H30O4Si/c1-16(2,3)21-15(20)12-14(19)11-13(18)9-10-22(7,8)17(4,5)6/h13,18H,11-12H2,1-8H3/t13-/m1/s1","MCRQYDXLAZJFNR-CYBMUJFWSA-N"
9144669,"Ethyl (2E)-[(1R,4R,6S)-4-{[dimethyl(2-methyl-2-propanyl)silyl]oxy}-1-methyl-7-oxabicyclo[4.1.0]hept-2-ylidene]acetate",326.191345,"C17H30O4Si","O=C(OCC)/C=C2/[C@]1(O[C@H]1C[C@H](O[Si](C(C)(C)C)(C)C)C2)C","InChI=1S/C17H30O4Si/c1-8-19-15(18)10-12-9-13(11-14-17(12,5)20-14)21-22(6,7)16(2,3)4/h10,13-14H,8-9,11H2,1-7H3/b12-10+/t13-,14+,17-/m1/s1","WEBQGKTVYDUDHI-HZWQRFMQSA-N"
9166224,"(2R)-1-(3,5-Dimethoxyphenyl)-3-{[dimethyl(2-methyl-2-propanyl)silyl]oxy}-2-propanol",326.191345,"C17H30O4Si","CC(C)(C)[Si](C)(C)OCC(Cc1cc(cc(c1)OC)OC)O","InChI=1S/C17H30O4Si/c1-17(2,3)22(6,7)21-12-14(18)8-13-9-15(19-4)11-16(10-13)20-5/h9-11,14,18H,8,12H2,1-7H3","CIDWOUNSLQUFRR-UHFFFAOYSA-N"
9188032,"1-{[Dimethyl(2-methyl-2-propanyl)silyl]oxy}-8-(1,3-dioxolan-2-yl)-4-octyn-3-one",326.191345,"C17H30O4Si","CC(C)(C)[Si](C)(C)OCCC(=O)C#CCCCC1OCCO1","InChI=1S/C17H30O4Si/c1-17(2,3)22(4,5)21-12-11-15(18)9-7-6-8-10-16-19-13-14-20-16/h16H,6,8,10-14H2,1-5H3","ZCAPJTBGWAUMSA-UHFFFAOYSA-N"
9188033,"Methyl trimethylsilyl (2S)-[(1R)-2-pentyl-2-cyclopenten-1-yl]malonate",326.191345,"C17H30O4Si","CCCCCC1=CCCC1C(C(=O)OC)C(=O)O[Si](C)(C)C","InChI=1S/C17H30O4Si/c1-6-7-8-10-13-11-9-12-14(13)15(16(18)20-2)17(19)21-22(3,4)5/h11,14-15H,6-10,12H2,1-5H3","JYFKFQSPLUEUHW-UHFFFAOYSA-N"
9199053,"6-({[Dimethyl(2-methyl-2-propanyl)silyl]oxy}methyl)-4,4-dimethoxy-2,3-dimethyl-2,5-cyclohexadien-1-one",326.191345,"C17H30O4Si","CC1=C(C(C=C(C1=O)CO[Si](C)(C)C(C)(C)C)(OC)OC)C","InChI=1S/C17H30O4Si/c1-12-13(2)17(19-6,20-7)10-14(15(12)18)11-21-22(8,9)16(3,4)5/h10H,11H2,1-9H3","YGLYOIWMJXGQBL-UHFFFAOYSA-N"
9231654,"(2S,3S)-3-(Benzyloxy)-4-{[dimethyl(2-methyl-2-propanyl)silyl]oxy}-1,2-butanediol",326.191345,"C17H30O4Si","O([C@H]([C@@H](O)CO)CO[Si](C(C)(C)C)(C)C)Cc1ccccc1","InChI=1S/C17H30O4Si/c1-17(2,3)22(4,5)21-13-16(15(19)11-18)20-12-14-9-7-6-8-10-14/h6-10,15-16,18-19H,11-13H2,1-5H3/t15-,16-/m0/s1","IVEVRSRMRFAPPD-HOTGVXAUSA-N"
9285347,"(2R)-1-{[Dimethyl(2-methyl-2-propanyl)silyl]oxy}-3-[(4-methoxybenzyl)oxy]-2-propanol",326.191345,"C17H30O4Si","O(c1ccc(cc1)COC[C@@H](O)CO[Si](C(C)(C)C)(C)C)C","InChI=1S/C17H30O4Si/c1-17(2,3)22(5,6)21-13-15(18)12-20-11-14-7-9-16(19-4)10-8-14/h7-10,15,18H,11-13H2,1-6H3/t15-/m1/s1","MZCWRPUTSOUBRG-OAHLLOKOSA-N"
9317094,"Ethyl (2E)-5-{[dimethyl(2-methyl-2-propanyl)silyl]oxy}-2-[(1E)-2-methyl-3-oxo-1-propen-1-yl]-2-pentenoate",326.191345,"C17H30O4Si","O=C(OCC)\C(=C\CCO[Si](C)(C(C)(C)C)C)\C=C(\C=O)C","InChI=1S/C17H30O4Si/c1-8-20-16(19)15(12-14(2)13-18)10-9-11-21-22(6,7)17(3,4)5/h10,12-13H,8-9,11H2,1-7H3/b14-12+,15-10+","HSHFAGNNAVGOGA-KPWNYXQSSA-N"
9317095,"Ethyl (2Z)-[(1R,4R,6S)-4-{[dimethyl(2-methyl-2-propanyl)silyl]oxy}-1-methyl-7-oxabicyclo[4.1.0]hept-2-ylidene]acetate",326.191345,"C17H30O4Si","O=C(OCC)\C=C2/[C@]1(O[C@H]1C[C@H](O[Si](C(C)(C)C)(C)C)C2)C","InChI=1S/C17H30O4Si/c1-8-19-15(18)10-12-9-13(11-14-17(12,5)20-14)21-22(6,7)16(2,3)4/h10,13-14H,8-9,11H2,1-7H3/b12-10-/t13-,14+,17-/m1/s1","WEBQGKTVYDUDHI-JURBKJLXSA-N"
9326658,"Ethyl 2-(2-{[dimethyl(2-methyl-2-propanyl)silyl]oxy}ethyl)-5-methyl-3-oxo-1-cyclopentene-1-carboxylate",326.191345,"C17H30O4Si","O=C1/C(=C(/C(=O)OCC)C(C1)C)CCO[Si](C(C)(C)C)(C)C","InChI=1S/C17H30O4Si/c1-8-20-16(19)15-12(2)11-14(18)13(15)9-10-21-22(6,7)17(3,4)5/h12H,8-11H2,1-7H3","DCWFIBCZLYEYSD-UHFFFAOYSA-N"
9338297,"(1S)-4,5-Dideoxy-1-C-ethyl-1,2-O-isopropylidene-1-C-[5-(trimethylsilyl)-3-furyl]-L-threo-pentitol",326.191345,"C17H30O4Si","O2[C@@](c1coc(c1)[Si](C)(C)C)([C@H](OC2(C)C)C(O)CC)CC","InChI=1S/C17H30O4Si/c1-8-13(18)15-17(9-2,21-16(3,4)20-15)12-10-14(19-11-12)22(5,6)7/h10-11,13,15,18H,8-9H2,1-7H3/t13?,15-,17+/m1/s1","KLUOXXKCLHIUNL-RHBCBLIFSA-N"
9349888,"Dimethyl [3-(triisopropylsilyl)-2-propyn-1-yl]malonate",326.191345,"C17H30O4Si","O=C(OC)C(C(=O)OC)CC#C[Si](C(C)C)(C(C)C)C(C)C","InChI=1S/C17H30O4Si/c1-12(2)22(13(3)4,14(5)6)11-9-10-15(16(18)20-7)17(19)21-8/h12-15H,10H2,1-8H3","ZETKNBPIIUMMMS-UHFFFAOYSA-N"
9373252,"Methyl 5-({[dimethyl(2-methyl-2-propanyl)silyl]oxy}methyl)-3-(hydroxymethyl)-1,4-cycloheptadiene-1-carboxylate",326.191345,"C17H30O4Si","O=C(OC)/C1=C/C(\C=C(/CC1)CO[Si](C(C)(C)C)(C)C)CO","InChI=1S/C17H30O4Si/c1-17(2,3)22(5,6)21-12-13-7-8-15(16(19)20-4)10-14(9-13)11-18/h9-10,14,18H,7-8,11-12H2,1-6H3","LWYGRYQAZBSPRE-UHFFFAOYSA-N"
9384659,"(1R,2S,5R,6R,7R)-1-{[Dimethyl(2-methyl-2-propanyl)silyl]oxy}-5-methoxy-7-methyl-10-oxatricyclo[5.2.1.0~2,6~]decan-3-one",326.191345,"C17H30O4Si","O=C2C[C@@H](OC)[C@@H]3[C@@]1(O[C@@](O[Si](C(C)(C)C)(C)C)(CC1)[C@H]23)C","InChI=1S/C17H30O4Si/c1-15(2,3)22(6,7)21-17-9-8-16(4,20-17)14-12(19-5)10-11(18)13(14)17/h12-14H,8-10H2,1-7H3/t12-,13-,14+,16-,17-/m1/s1","QVYWHANAXZYTGK-BDLOOMQFSA-N"
9407699,"({(1S,2S,5R,7S)-2-[(2E)-2-Buten-1-yloxy]-6,8-dioxabicyclo[3.2.1]oct-3-en-7-yl}methoxy)(dimethyl)(2-methyl-2-propanyl)silane",326.191345,"C17H30O4Si","O2[C@@H]\1O[C@@H]([C@@H](OC/C=C/C)/C=C/1)[C@@H]2CO[Si](C(C)(C)C)(C)C","InChI=1S/C17H30O4Si/c1-7-8-11-18-13-9-10-15-20-14(16(13)21-15)12-19-22(5,6)17(2,3)4/h7-10,13-16H,11-12H2,1-6H3/b8-7+/t13-,14-,15+,16-/m0/s1","VVYZEGLECHETCI-BGNJXGLHSA-N"
9465326,"(2R,3aR,7aR)-2-[(1S)-1-{[Dimethyl(2-methyl-2-propanyl)silyl]oxy}-3-buten-1-yl]hexahydro-5H-furo[3,2-b]pyran-5-one",326.191345,"C17H30O4Si","O=C1O[C@@H]2C[C@@H](O[C@@H]2CC1)[C@@H](O[Si](C(C)(C)C)(C)C)C\C=C","InChI=1S/C17H30O4Si/c1-7-8-13(21-22(5,6)17(2,3)4)15-11-14-12(19-15)9-10-16(18)20-14/h7,12-15H,1,8-11H2,2-6H3/t12-,13+,14-,15-/m1/s1","JBAWCDRAYORCAY-LXTVHRRPSA-N"
9488372,"Ethyl 2-(2-{[dimethyl(2-methyl-2-propanyl)silyl]oxy}ethyl)-4-methyl-3-oxo-1-cyclopentene-1-carboxylate",326.191345,"C17H30O4Si","O=C1/C(=C(/C(=O)OCC)CC1C)CCO[Si](C(C)(C)C)(C)C","InChI=1S/C17H30O4Si/c1-8-20-16(19)14-11-12(2)15(18)13(14)9-10-21-22(6,7)17(3,4)5/h12H,8-11H2,1-7H3","CBXIDWMHBAVABE-UHFFFAOYSA-N"
9500471,"4-(Dodecyloxy)benzenesulfinic acid",326.191559,"C18H30O3S","O=S(O)c1ccc(OCCCCCCCCCCCC)cc1","InChI=1S/C18H30O3S/c1-2-3-4-5-6-7-8-9-10-11-16-21-17-12-14-18(15-13-17)22(19)20/h12-15H,2-11,16H2,1H3,(H,19,20)","NRBQYBRADFXISA-UHFFFAOYSA-N"
9511309,"Methyl (2S,3S)-3-{[dimethyl(2-methyl-2-propanyl)silyl]oxy}-2-methyl-6-oxo-2-vinylcyclohexanecarboxylate",326.191345,"C17H30O4Si","O=C1CC[C@H](O[Si](C)(C(C)(C)C)C)[C@@](\C=C)(C1C(=O)OC)C","InChI=1S/C17H30O4Si/c1-9-17(5)13(21-22(7,8)16(2,3)4)11-10-12(18)14(17)15(19)20-6/h9,13-14H,1,10-11H2,2-8H3/t13-,14?,17+/m0/s1","HMDNDESAMKMITC-BHVXPOTESA-N"
9545741,"[(2R,3S,7S)-7-{[Dimethyl(2-methyl-2-propanyl)silyl]oxy}-4-methylene-1-oxaspiro[2.5]oct-2-yl]methyl acetate",326.191345,"C17H30O4Si","O=C(OC[C@H]2O[C@]12C(=C)\CC[C@H](O[Si](C(C)(C)C)(C)C)C1)C","InChI=1S/C17H30O4Si/c1-12-8-9-14(21-22(6,7)16(3,4)5)10-17(12)15(20-17)11-19-13(2)18/h14-15H,1,8-11H2,2-7H3/t14-,15+,17-/m0/s1","DCJSEXUBWCNWFT-UXLLHSPISA-N"
9545742,"(1S,2R,5R,6R,7S)-7-{[Dimethyl(2-methyl-2-propanyl)silyl]oxy}-5-methoxy-1-methyl-10-oxatricyclo[5.2.1.0~2,6~]decan-3-one",326.191345,"C17H30O4Si","O=C2[C@H]1[C@]3(O[C@@](O[Si](C(C)(C)C)(C)C)([C@H]1[C@H](OC)C2)CC3)C","InChI=1S/C17H30O4Si/c1-15(2,3)22(6,7)21-17-9-8-16(4,20-17)13-11(18)10-12(19-5)14(13)17/h12-14H,8-10H2,1-7H3/t12-,13-,14+,16+,17+/m1/s1","YKCVSBFZPAVAFX-BJMQQELFSA-N"
9545743,"({(1R,2R,5S,7R)-2-[(2E)-2-Buten-1-yloxy]-6,8-dioxabicyclo[3.2.1]oct-3-en-7-yl}methoxy)(dimethyl)(2-methyl-2-propanyl)silane",326.191345,"C17H30O4Si","O([C@@H]2\C=C/[C@H]1O[C@@H]([C@@H]2O1)CO[Si](C(C)(C)C)(C)C)C/C=C/C","InChI=1S/C17H30O4Si/c1-7-8-11-18-13-9-10-15-20-14(16(13)21-15)12-19-22(5,6)17(2,3)4/h7-10,13-16H,11-12H2,1-6H3/b8-7+/t13-,14-,15+,16-/m1/s1","VVYZEGLECHETCI-ZDZMLTMXSA-N"
9556732,"Dimethyl(2-methyl-2-propanyl){[(1R,2R,5R,6S,8S,10R)-5-vinyl-3,9,11-trioxatricyclo[6.2.1.0~2,6~]undec-10-yl]methoxy}silane",326.191345,"C17H30O4Si","O1C[C@H](\C=C)[C@H]3[C@@H]1[C@H]2O[C@H](O[C@@H]2CO[Si](C(C)(C)C)(C)C)C3","InChI=1S/C17H30O4Si/c1-7-11-9-18-15-12(11)8-14-20-13(16(15)21-14)10-19-22(5,6)17(2,3)4/h7,11-16H,1,8-10H2,2-6H3/t11-,12-,13+,14-,15+,16-/m0/s1","RYDRLHIGRZZJLX-KLOLGFOXSA-N"
9591040,"Dimethyl(2-methyl-2-propanyl){[(1S,2S,5S,6R,8R,10S)-5-vinyl-3,9,11-trioxatricyclo[6.2.1.0~2,6~]undec-10-yl]methoxy}silane",326.191345,"C17H30O4Si","O1C[C@@H](\C=C)[C@@H]3[C@H]1[C@@H]2O[C@@H](O[C@H]2CO[Si](C(C)(C)C)(C)C)C3","InChI=1S/C17H30O4Si/c1-7-11-9-18-15-12(11)8-14-20-13(16(15)21-14)10-19-22(5,6)17(2,3)4/h7,11-16H,1,8-10H2,2-6H3/t11-,12-,13+,14-,15+,16-/m1/s1","RYDRLHIGRZZJLX-VJQRDGCPSA-N"
9591041,"2-[(3S)-4-{[Dimethyl(2-methyl-2-propanyl)silyl]oxy}-3-hydroxybutyl]-6-methoxyphenol",326.191345,"C17H30O4Si","Oc1c(cccc1OC)CC[C@H](O)CO[Si](C(C)(C)C)(C)C","InChI=1S/C17H30O4Si/c1-17(2,3)22(5,6)21-12-14(18)11-10-13-8-7-9-15(20-4)16(13)19/h7-9,14,18-19H,10-12H2,1-6H3/t14-/m0/s1","PHOHFICXXYRQIX-AWEZNQCLSA-N"
9602247,"1-[(1S,2R,3S,5S,6S)-5-{[Dimethyl(2-methyl-2-propanyl)silyl]oxy}-2-hydroxy-7-oxabicyclo[4.1.0]hept-3-yl]-3-methyl-2-buten-1-one",326.191345,"C17H30O4Si","O=C(\C=C(/C)C)[C@H]1C[C@H](O[Si](C(C)(C)C)(C)C)[C@H]2O[C@H]2[C@@H]1O","InChI=1S/C17H30O4Si/c1-10(2)8-12(18)11-9-13(15-16(20-15)14(11)19)21-22(6,7)17(3,4)5/h8,11,13-16,19H,9H2,1-7H3/t11-,13+,14-,15-,16+/m1/s1","ZRJOSDZBUGTNPI-ZIRHEVKLSA-N"
9636405,"4-[4-(Triethoxysilyl)-4-penten-1-yl]-2-cyclohexen-1-one",326.191345,"C17H30O4Si","O=C1\C=C/C(CCC\C(=C)[Si](OCC)(OCC)OCC)CC1","InChI=1S/C17H30O4Si/c1-5-19-22(20-6-2,21-7-3)15(4)9-8-10-16-11-13-17(18)14-12-16/h11,13,16H,4-10,12,14H2,1-3H3","HAJUJKRLXCHBHH-UHFFFAOYSA-N"
9647696,"Triisopropyl[6-(trimethylsilyl)-4H-thiopyran-2-yl]silane",326.191986,"C17H34SSi2","S\1\C(=C/C/C=C/1[Si](C(C)C)(C(C)C)C(C)C)[Si](C)(C)C","InChI=1S/C17H34SSi2/c1-13(2)20(14(3)4,15(5)6)17-12-10-11-16(18-17)19(7,8)9/h11-15H,10H2,1-9H3","KOMDUXCDSVHQPB-UHFFFAOYSA-N"
9682938,"Methyl (1R,2S,4S,8S)-8-{[dimethyl(2-methyl-2-propanyl)silyl]oxy}-1-methoxybicyclo[2.2.2]oct-5-ene-2-carboxylate",326.191345,"C17H30O4Si","O=C(OC)[C@H]1C[C@H]2\C=C/[C@]1(OC)C[C@@H]2O[Si](C(C)(C)C)(C)C","InChI=1S/C17H30O4Si/c1-16(2,3)22(6,7)21-14-11-17(20-5)9-8-12(14)10-13(17)15(18)19-4/h8-9,12-14H,10-11H2,1-7H3/t12-,13-,14+,17+/m1/s1","WIUWDXOVIDKHSU-WVZRYYJFSA-N"
9719185,"(4S,4aS,7R,7aS)-7-({[Dimethyl(2-methyl-2-propanyl)silyl]oxy}methyl)-2-methoxy-2,3,4,4a,7,7a-hexahydrocyclopenta[b]pyran-4-carbaldehyde",326.191345,"C17H30O4Si","O=C[C@@H]1[C@@H]2/C=C\[C@@H]([C@H]2OC(OC)C1)CO[Si](C(C)(C)C)(C)C","InChI=1S/C17H30O4Si/c1-17(2,3)22(5,6)20-11-12-7-8-14-13(10-18)9-15(19-4)21-16(12)14/h7-8,10,12-16H,9,11H2,1-6H3/t12-,13-,14+,15?,16-/m1/s1","BVFQIEDWRJHVJZ-WOFIAXNJSA-N"
9726372,"Ethyl (2E)-[1-({[dimethyl(2-methyl-2-propanyl)silyl]oxy}methyl)-7-oxabicyclo[4.1.0]hept-2-ylidene]acetate",326.191345,"C17H30O4Si","O=C(OCC)\C=C2\C1(OC1CCC2)CO[Si](C(C)(C)C)(C)C","InChI=1S/C17H30O4Si/c1-7-19-15(18)11-13-9-8-10-14-17(13,21-14)12-20-22(5,6)16(2,3)4/h11,14H,7-10,12H2,1-6H3/b13-11+","WZCVHELURFQATN-ACCUITESSA-N"
9820304,"(2R)-2-Methyldecyl 4-methylbenzenesulfonate",326.191559,"C18H30O3S","O=S(=O)(OC[C@H](C)CCCCCCCC)c1ccc(cc1)C","InChI=1S/C18H30O3S/c1-4-5-6-7-8-9-10-17(3)15-21-22(19,20)18-13-11-16(2)12-14-18/h11-14,17H,4-10,15H2,1-3H3/t17-/m1/s1","QIKHZADUHCNEEO-QGZVFWFLSA-N"
9898647,"12-Phenyl-1-dodecanesulfonic acid",326.191559,"C18H30O3S","O=S(=O)(O)CCCCCCCCCCCCc1ccccc1","InChI=1S/C18H30O3S/c19-22(20,21)17-13-8-6-4-2-1-3-5-7-10-14-18-15-11-9-12-16-18/h9,11-12,15-16H,1-8,10,13-14,17H2,(H,19,20,21)","VVYJVVRJBGMAAX-UHFFFAOYSA-N"
9901861,"(3aS,4R,7R,7aS)-7-{[Dimethyl(2-methyl-2-propanyl)silyl]oxy}-4-(methoxymethyl)-6-methyl-3a,4,7,7a-tetrahydro-1-benzofuran-3(2H)-one",326.191345,"C17H30O4Si","O=C1CO[C@H]2[C@@H]1[C@@H](/C=C(\[C@H]2O[Si](C(C)(C)C)(C)C)C)COC","InChI=1S/C17H30O4Si/c1-11-8-12(9-19-5)14-13(18)10-20-16(14)15(11)21-22(6,7)17(2,3)4/h8,12,14-16H,9-10H2,1-7H3/t12-,14+,15+,16-/m0/s1","SKDSEHYIGYHUPL-XZDPQHSOSA-N"
9933897,"N-[1-(4-Fluorobenzyl)-1H-benzimidazol-2-yl]-N'-propyl-1,2-ethanediamine",326.190674,"C19H23FN4","Fc1ccc(cc1)Cn2c3ccccc3nc2NCCNCCC","InChI=1S/C19H23FN4/c1-2-11-21-12-13-22-19-23-17-5-3-4-6-18(17)24(19)14-15-7-9-16(20)10-8-15/h3-10,21H,2,11-14H2,1H3,(H,22,23)","NXVRWWAXKGBMLG-UHFFFAOYSA-N"
9933902,"[(2S,3R,7S)-7-{[Dimethyl(2-methyl-2-propanyl)silyl]oxy}-4-methylene-1-oxaspiro[2.5]oct-2-yl]methyl acetate",326.191345,"C17H30O4Si","O=C(OC[C@@H]2O[C@@]12C(=C)\CC[C@H](O[Si](C(C)(C)C)(C)C)C1)C","InChI=1S/C17H30O4Si/c1-12-8-9-14(21-22(6,7)16(3,4)5)10-17(12)15(20-17)11-19-13(2)18/h14-15H,1,8-11H2,2-7H3/t14-,15-,17+/m0/s1","DCJSEXUBWCNWFT-YQQAZPJKSA-N"
10587220,"2-(3,3-Dimethyl-2-oxobutyl)-5-(2-methyl-2-propanyl)-2-[(trimethylsilyl)oxy]-3(2H)-furanone",326.191345,"C17H30O4Si","O=C1\C=C(/OC1(CC(=O)C(C)(C)C)O[Si](C)(C)C)C(C)(C)C","InChI=1S/C17H30O4Si/c1-15(2,3)13(19)11-17(21-22(7,8)9)12(18)10-14(20-17)16(4,5)6/h10H,11H2,1-9H3","CAELEPNSCNCZDG-UHFFFAOYSA-N"
17215497,"4-(7-Ethyldecyl)benzenesulfonic acid",326.191559,"C18H30O3S","CCCC(CC)CCCCCCc1ccc(cc1)S(=O)(=O)O","InChI=1S/C18H30O3S/c1-3-9-16(4-2)10-7-5-6-8-11-17-12-14-18(15-13-17)22(19,20)21/h12-16H,3-11H2,1-2H3,(H,19,20,21)","SXWJDOBQKMUGSE-UHFFFAOYSA-N"
17215505,"4-(1,3,5,7-tetramethyloctyl)benzenesulfonic acid",326.191559,"C18H30O3S","CC(C)CC(C)CC(C)CC(C)c1ccc(cc1)S(=O)(=O)O","InChI=1S/C18H30O3S/c1-13(2)10-14(3)11-15(4)12-16(5)17-6-8-18(9-7-17)22(19,20)21/h6-9,13-16H,10-12H2,1-5H3,(H,19,20,21)","SRIYDGQCJPZPPK-UHFFFAOYSA-N"
17222089,"Dimethyl (4Z)-3-methyl-4-[(triethylsilyl)methylene]-1,1-cyclopentanedicarboxylate",326.191345,"C17H30O4Si","CC[Si](CC)(CC)/C=C\1/CC(CC1C)(C(=O)OC)C(=O)OC","InChI=1S/C17H30O4Si/c1-7-22(8-2,9-3)12-14-11-17(10-13(14)4,15(18)20-5)16(19)21-6/h12-13H,7-11H2,1-6H3/b14-12-","WAJFSSFROCMHPC-OWBHPGMISA-N"
17352959,"N-[6-(2-Fluoro-4-methylphenyl)-3-pyridazinyl]-2-methylquinuclidin-3-amine",326.190674,"C19H23FN4","Cc1ccc(c(c1)F)c2ccc(nn2)NC3C(N4CCC3CC4)C","InChI=1S/C19H23FN4/c1-12-3-4-15(16(20)11-12)17-5-6-18(23-22-17)21-19-13(2)24-9-7-14(19)8-10-24/h3-6,11,13-14,19H,7-10H2,1-2H3,(H,21,23)","XGAXGZIKHPAVKJ-UHFFFAOYSA-N"
17605033,"1-(3-Fluorophenyl)-N-{[2-(1-piperidinyl)-5-pyrimidinyl]methyl}cyclopropanamine",326.190674,"C19H23FN4","c1cc(cc(c1)F)C2(CC2)NCc3cnc(nc3)N4CCCCC4","InChI=1S/C19H23FN4/c20-17-6-4-5-16(11-17)19(7-8-19)23-14-15-12-21-18(22-13-15)24-9-2-1-3-10-24/h4-6,11-13,23H,1-3,7-10,14H2","AQANWMZEHLRTSS-UHFFFAOYSA-N"
20312032,"1-(2,5-Difluorophenyl)-3-[2-(4-propyl-1-piperazinyl)ethyl]urea",326.191803,"C16H24F2N4O","CCCN1CCN(CC1)CCNC(=O)Nc2cc(ccc2F)F","InChI=1S/C16H24F2N4O/c1-2-6-21-8-10-22(11-9-21)7-5-19-16(23)20-15-12-13(17)3-4-14(15)18/h3-4,12H,2,5-11H2,1H3,(H2,19,20,23)","LGAYKBFUISYXRP-UHFFFAOYSA-N"
20564088,"Methyl (2Z,4E,6R,7S)-7-{[dimethyl(2-methyl-2-propanyl)silyl]oxy}-6-methyl-9-oxo-2,4-nonadienoate",326.191345,"C17H30O4Si","C[C@H](/C=C/C=C\C(=O)OC)[C@H](CC=O)O[Si](C)(C)C(C)(C)C","InChI=1S/C17H30O4Si/c1-14(10-8-9-11-16(19)20-5)15(12-13-18)21-22(6,7)17(2,3)4/h8-11,13-15H,12H2,1-7H3/b10-8+,11-9-/t14-,15+/m1/s1","TXYXVKDOSQSXQO-FDRHJCNOSA-N"
21106554,"4-(4,6,8-Trimethyl-3-nonanyl)benzenesulfonic acid",326.191559,"C18H30O3S","CCC(c1ccc(cc1)S(=O)(=O)O)C(C)CC(C)CC(C)C","InChI=1S/C18H30O3S/c1-6-18(15(5)12-14(4)11-13(2)3)16-7-9-17(10-8-16)22(19,20)21/h7-10,13-15,18H,6,11-12H2,1-5H3,(H,19,20,21)","IMRAQEPVUVPOHG-UHFFFAOYSA-N"
21381841,"1-{(2R,4S,5R)-5-[6-(4-Fluorophenyl)-2-methyl-4-pyrimidinyl]-1-azabicyclo[2.2.2]oct-2-yl}methanamine",326.190674,"C19H23FN4","Cc1nc(cc(n1)[C@H]2CN3CC[C@H]2C[C@@H]3CN)c4ccc(cc4)F","InChI=1S/C19H23FN4/c1-12-22-18(13-2-4-15(20)5-3-13)9-19(23-12)17-11-24-7-6-14(17)8-16(24)10-21/h2-5,9,14,16-17H,6-8,10-11,21H2,1H3/t14-,16+,17-/m0/s1","HJLPBHXFVHPHED-UAGQMJEPSA-N"
21454292,"2-Cyclohexyl-6-[(6-fluoro-3-pyridinyl)methyl]-5,6,7,8-tetrahydropyrido[4,3-d]pyrimidine",326.190674,"C19H23FN4","c1cc(ncc1CN2CCc3c(cnc(n3)C4CCCCC4)C2)F","InChI=1S/C19H23FN4/c20-18-7-6-14(10-21-18)12-24-9-8-17-16(13-24)11-22-19(23-17)15-4-2-1-3-5-15/h6-7,10-11,15H,1-5,8-9,12-13H2","ANSBMPJCZFGHRH-UHFFFAOYSA-N"
21454649,"2-Cyclohexyl-6-[(3-fluoro-2-pyridinyl)methyl]-5,6,7,8-tetrahydropyrido[4,3-d]pyrimidine",326.190674,"C19H23FN4","c1cc(c(nc1)CN2CCc3c(cnc(n3)C4CCCCC4)C2)F","InChI=1S/C19H23FN4/c20-16-7-4-9-21-18(16)13-24-10-8-17-15(12-24)11-22-19(23-17)14-5-2-1-3-6-14/h4,7,9,11,14H,1-3,5-6,8,10,12-13H2","GUCGDGYJBGPDPG-UHFFFAOYSA-N"
21454754,"2-Cyclohexyl-6-[(5-fluoro-3-pyridinyl)methyl]-5,6,7,8-tetrahydropyrido[4,3-d]pyrimidine",326.190674,"C19H23FN4","c1c(cncc1F)CN2CCc3c(cnc(n3)C4CCCCC4)C2","InChI=1S/C19H23FN4/c20-17-8-14(9-21-11-17)12-24-7-6-18-16(13-24)10-22-19(23-18)15-4-2-1-3-5-15/h8-11,15H,1-7,12-13H2","XYFWKSZMPJIOOU-UHFFFAOYSA-N"
21457737,"2-Cyclohexyl-6-[(3-fluoro-4-pyridinyl)methyl]-5,6,7,8-tetrahydropyrido[4,3-d]pyrimidine",326.190674,"C19H23FN4","c1cncc(c1CN2CCc3c(cnc(n3)C4CCCCC4)C2)F","InChI=1S/C19H23FN4/c20-17-11-21-8-6-15(17)12-24-9-7-18-16(13-24)10-22-19(23-18)14-4-2-1-3-5-14/h6,8,10-11,14H,1-5,7,9,12-13H2","KHDHYCKNYISAEW-UHFFFAOYSA-N"
21460385,"2-Cyclohexyl-6-[(2-fluoro-3-pyridinyl)methyl]-5,6,7,8-tetrahydropyrido[4,3-d]pyrimidine",326.190674,"C19H23FN4","c1cc(c(nc1)F)CN2CCc3c(cnc(n3)C4CCCCC4)C2","InChI=1S/C19H23FN4/c20-18-15(7-4-9-21-18)12-24-10-8-17-16(13-24)11-22-19(23-17)14-5-2-1-3-6-14/h4,7,9,11,14H,1-3,5-6,8,10,12-13H2","NFQIOLUXISOECJ-UHFFFAOYSA-N"
22416062,"Allyl 3-{[dimethyl(2-methyl-2-propanyl)silyl]oxy}-1-cyclohepten-1-yl carbonate",326.191345,"C17H30O4Si","CC(C)(C)[Si](C)(C)OC1CCCCC(=C1)OC(=O)OCC=C","InChI=1S/C17H30O4Si/c1-7-12-19-16(18)20-14-10-8-9-11-15(13-14)21-22(5,6)17(2,3)4/h7,13,15H,1,8-12H2,2-6H3","HAUNCUYSJIFFDH-UHFFFAOYSA-N"
23100237,"5-Ethyl-3-isopropyl-6-phenylphenanthridinium",326.190338,"C24H24N","CC[n+]1c2cc(ccc2c3ccccc3c1c4ccccc4)C(C)C","InChI=1S/C24H24N/c1-4-25-23-16-19(17(2)3)14-15-21(23)20-12-8-9-13-22(20)24(25)18-10-6-5-7-11-18/h5-17H,4H2,1-3H3/q+1","WOSGFJOWHQEJQB-UHFFFAOYSA-N"
23165536,"O-[(2E,6E)-9-(3,3-Dimethyl-2-oxiranyl)-3,7-dimethyl-2,6-nonadien-1-yl] S-ethyl carbonothioate",326.191559,"C18H30O3S","CCSC(=O)OC/C=C(\C)/CC/C=C(\C)/CCC1C(O1)(C)C","InChI=1S/C18H30O3S/c1-6-22-17(19)20-13-12-15(3)9-7-8-14(2)10-11-16-18(4,5)21-16/h8,12,16H,6-7,9-11,13H2,1-5H3/b14-8+,15-12+","WOSGESHBZCKGKX-DYHGJXMBSA-N"
23243350,"(5Z)-7-{3-[(Butylsulfanyl)methyl]-7-oxabicyclo[2.2.1]hept-2-yl}-5-heptenoic acid",326.191559,"C18H30O3S","CCCCSCC1C2CCC(C1C/C=C\CCCC(=O)O)O2","InChI=1S/C18H30O3S/c1-2-3-12-22-13-15-14(16-10-11-17(15)21-16)8-6-4-5-7-9-18(19)20/h4,6,14-17H,2-3,5,7-13H2,1H3,(H,19,20)/b6-4-","GGCPETSUFBTBRA-XQRVVYSFSA-N"
23380705,"3-(4-Fluorophenyl)-2,5-dimethyl-N-(3-methylbutyl)pyrazolo[1,5-a]pyrimidin-7-amine",326.190674,"C19H23FN4","Cc1cc(n2c(n1)c(c(n2)C)c3ccc(cc3)F)NCCC(C)C","InChI=1S/C19H23FN4/c1-12(2)9-10-21-17-11-13(3)22-19-18(14(4)23-24(17)19)15-5-7-16(20)8-6-15/h5-8,11-12,21H,9-10H2,1-4H3","GQDCLKJPAKAQJD-UHFFFAOYSA-N"
23380706,"3-(4-Fluorophenyl)-2,5-dimethyl-N-pentylpyrazolo[1,5-a]pyrimidin-7-amine",326.190674,"C19H23FN4","CCCCCNc1cc(nc2n1nc(c2c3ccc(cc3)F)C)C","InChI=1S/C19H23FN4/c1-4-5-6-11-21-17-12-13(2)22-19-18(14(3)23-24(17)19)15-7-9-16(20)10-8-15/h7-10,12,21H,4-6,11H2,1-3H3","QEPKVHPFTBFMKU-UHFFFAOYSA-N"
23380747,"3-(4-Fluorophenyl)-N-hexyl-5-methylpyrazolo[1,5-a]pyrimidin-7-amine",326.190674,"C19H23FN4","CCCCCCNc1cc(nc2n1ncc2c3ccc(cc3)F)C","InChI=1S/C19H23FN4/c1-3-4-5-6-11-21-18-12-14(2)23-19-17(13-22-24(18)19)15-7-9-16(20)10-8-15/h7-10,12-13,21H,3-6,11H2,1-2H3","PDUYBHKBQPSDSZ-UHFFFAOYSA-N"
23380783,"5-tert-butyl-3-(4-fluorophenyl)-N,N,2-trimethylpyrazolo[1,5-a]pyrimidin-7-amine",326.190674,"C19H23FN4","Cc1c(c2nc(cc(n2n1)N(C)C)C(C)(C)C)c3ccc(cc3)F","InChI=1S/C19H23FN4/c1-12-17(13-7-9-14(20)10-8-13)18-21-15(19(2,3)4)11-16(23(5)6)24(18)22-12/h7-11H,1-6H3","PGFCHTFKQHTVFQ-UHFFFAOYSA-N"
24535818,"Ethyl 3-(cis-4-{[tert-butyl(dimethyl)silyl]oxy}-1-hydroxycyclohexyl)prop-2-ynoate",326.191345,"C17H30O4Si","CCOC(=O)C#C[C@]1(CC[C@@H](CC1)O[Si](C(C)(C)C)(C)C)O","InChI=1S/C17H30O4Si/c1-7-20-15(18)10-13-17(19)11-8-14(9-12-17)21-22(5,6)16(2,3)4/h14,19H,7-9,11-12H2,1-6H3/t14-,17+","KCSSGWTXSXSOJY-KDYLLFBJSA-N"
24604193,"Allyl 1-({[dimethyl(2-methyl-2-propanyl)silyl]oxy}methyl)-2-oxocyclohexanecarboxylate",326.191345,"C17H30O4Si","CC(C)(C)[Si](C)(C)OCC1(CCCCC1=O)C(=O)OCC=C","InChI=1S/C17H30O4Si/c1-7-12-20-15(19)17(11-9-8-10-14(17)18)13-21-22(5,6)16(2,3)4/h7H,1,8-13H2,2-6H3","AORXIJLRKJUEQW-UHFFFAOYSA-N"
24607084,"(2S,3S)-2-(Benzyloxy)-4-{[dimethyl(2-methyl-2-propanyl)silyl]oxy}-1,3-butanediol",326.191345,"C17H30O4Si","CC(C)(C)[Si](C)(C)OC[C@@H]([C@H](CO)OCc1ccccc1)O","InChI=1S/C17H30O4Si/c1-17(2,3)22(4,5)21-13-15(19)16(11-18)20-12-14-9-7-6-8-10-14/h6-10,15-16,18-19H,11-13H2,1-5H3/t15-,16-/m0/s1","YKXAHXIQIKQEFO-HOTGVXAUSA-N"
25117275,"3-{[Butyl(methyl)amino]methyl}-2-(4-fluorophenyl)imidazo[1,2-a]pyridin-6-amine",326.190674,"C19H23FN4","CCCCN(C)Cc1c(nc2n1cc(cc2)N)c3ccc(cc3)F","InChI=1S/C19H23FN4/c1-3-4-11-23(2)13-17-19(14-5-7-15(20)8-6-14)22-18-10-9-16(21)12-24(17)18/h5-10,12H,3-4,11,13,21H2,1-2H3","ITUNFOKFADAYCY-UHFFFAOYSA-N"
26568678,"(3aR,6R,6aR)-6-[(1E)-3-{[Dimethyl(2-methyl-2-propanyl)silyl]oxy}-1-propen-1-yl]-2,2-dimethyltetrahydro-4H-cyclopenta[d][1,3]dioxol-4-one",326.191345,"C17H30O4Si","CC1(O[C@@H]2[C@H](CC(=O)[C@@H]2O1)/C=C/CO[Si](C)(C)C(C)(C)C)C","InChI=1S/C17H30O4Si/c1-16(2,3)22(6,7)19-10-8-9-12-11-13(18)15-14(12)20-17(4,5)21-15/h8-9,12,14-15H,10-11H2,1-7H3/b9-8+/t12-,14+,15-/m0/s1","WEWNMDYWNVYDQS-RROZTWEBSA-N"
26585670,"1-[2-(1,3-Dioxan-2-yl)ethyl]-2-[(trimethylsilyl)oxy]bicyclo[3.2.1]octan-6-one",326.191345,"C17H30O4Si","C[Si](C)(C)OC1CCC2CC1(CC2=O)CCC3OCCCO3","InChI=1S/C17H30O4Si/c1-22(2,3)21-15-6-5-13-11-17(15,12-14(13)18)8-7-16-19-9-4-10-20-16/h13,15-16H,4-12H2,1-3H3","ZWBDNQLXGQKZQY-UHFFFAOYSA-N"
26590580,"(4R,5S)-4-(Adamantan-1-yl)-5-[(trimethylsilyl)oxy]-1,2-dioxan-4-ol",326.191345,"C17H30O4Si","C[Si](C)(C)O[C@H]1COOC[C@@]1(C23CC4CC(C2)CC(C4)C3)O","InChI=1S/C17H30O4Si/c1-22(2,3)21-15-10-19-20-11-17(15,18)16-7-12-4-13(8-16)6-14(5-12)9-16/h12-15,18H,4-11H2,1-3H3/t12?,13?,14?,15-,16?,17+/m0/s1","LXELDAMJQFEGLC-QFVNZNSCSA-N"
26599575,"Dimethyl [(7Z)-9-(trimethylsilyl)-7-nonen-1-ylidene]malonate",326.191345,"C17H30O4Si","COC(=O)C(=CCCCCC/C=C\C[Si](C)(C)C)C(=O)OC","InChI=1S/C17H30O4Si/c1-20-16(18)15(17(19)21-2)13-11-9-7-6-8-10-12-14-22(3,4)5/h10,12-13H,6-9,11,14H2,1-5H3/b12-10-","AUGNHWPEQARQAW-BENRWUELSA-N"
26603158,"{[(2S,3aS,6aR,7aR)-2-Methoxy-6a-methyl-2,3,4,6a-tetrahydro-3bH-cyclopenta[b]furo[3,2-d]furan-3a(7aH)-yl]oxy}(dimethyl)(2-methyl-2-propanyl)silane",326.191345,"C17H30O4Si","CC12C=CCC1[C@]3(C[C@H](O[C@H]3O2)OC)O[Si](C)(C)C(C)(C)C","InChI=1S/C17H30O4Si/c1-15(2,3)22(6,7)21-17-11-13(18-5)19-14(17)20-16(4)10-8-9-12(16)17/h8,10,12-14H,9,11H2,1-7H3/t12?,13-,14-,16?,17-/m0/s1","TXACRBFRVOUWGZ-YJDQRHKKSA-N"
28184747,"(1R,2R,3S,4R,6S)-4,6-Diammonio-2,3-dihydroxycyclohexyl 2-ammonio-2-deoxy-alpha-D-glucopyranoside",326.191071,"C12H28N3O7","C1[C@H]([C@@H]([C@H]([C@@H]([C@H]1[NH3+])O[C@@H]2[C@@H]([C@H]([C@@H]([C@H](O2)CO)O)O)[NH3+])O)O)[NH3+]","InChI=1S/C12H25N3O7/c13-3-1-4(14)11(10(20)7(3)17)22-12-6(15)9(19)8(18)5(2-16)21-12/h3-12,16-20H,1-2,13-15H2/p+3/t3-,4+,5-,6-,7+,8-,9-,10-,11-,12-/m1/s1","JGSMDVGTXBPWIM-HKEUSBCWSA-Q"
28498133,"",326.191559,"C18H30O3S","CCCCCCCCCC(CC)c1ccc(cc1)[S+](=O)(O)[O-]","InChI=1S/C18H30O3S/c1-3-5-6-7-8-9-10-11-16(4-2)17-12-14-18(15-13-17)22(19,20)21/h12-16H,3-11H2,1-2H3,(H-,19,20,21)","ALSKMUMVISNOSZ-UHFFFAOYSA-N"
28533163,"(1R,2R,3S,4R,6S)-4,6-Diammonio-2,3-dihydroxycyclohexyl 6-ammonio-6-deoxy-alpha-D-glucopyranoside",326.191071,"C12H28N3O7","C1[C@H]([C@@H]([C@H]([C@@H]([C@H]1[NH3+])O[C@@H]2[C@@H]([C@H]([C@@H]([C@H](O2)C[NH3+])O)O)O)O)O)[NH3+]","InChI=1S/C12H25N3O7/c13-2-5-7(17)8(18)10(20)12(21-5)22-11-4(15)1-3(14)6(16)9(11)19/h3-12,16-20H,1-2,13-15H2/p+3/t3-,4+,5-,6+,7-,8+,9-,10-,11-,12-/m1/s1","AWRLKTYNEGEURZ-JCLMPDJQSA-Q"
28592714,"2-{2-[4-(Octyloxy)phenoxy]ethoxy}ethanethiol",326.191559,"C18H30O3S","CCCCCCCCOc1ccc(cc1)OCCOCCS","InChI=1S/C18H30O3S/c1-2-3-4-5-6-7-12-20-17-8-10-18(11-9-17)21-14-13-19-15-16-22/h8-11,22H,2-7,12-16H2,1H3","AVVDUWUSRVXUFF-UHFFFAOYSA-N"
29272387,"5,12-Heptadecadiyn-9-yl methanesulfonate",326.191559,"C18H30O3S","CCCCC#CCCC(CCC#CCCCC)OS(=O)(=O)C","InChI=1S/C18H30O3S/c1-4-6-8-10-12-14-16-18(21-22(3,19)20)17-15-13-11-9-7-5-2/h18H,4-9,14-17H2,1-3H3","SPFWVJAJPUVUAD-UHFFFAOYSA-N"
29438155,"7-(4-Fluorobenzyl)-2-(2-pyrimidinyl)-2,7-diazaspiro[4.5]decane",326.190674,"C19H23FN4","c1cnc(nc1)N2CCC3(C2)CCCN(C3)Cc4ccc(cc4)F","InChI=1S/C19H23FN4/c20-17-5-3-16(4-6-17)13-23-11-1-7-19(14-23)8-12-24(15-19)18-21-9-2-10-22-18/h2-6,9-10H,1,7-8,11-15H2","SGXLRYLGLGTKGR-UHFFFAOYSA-N"
29478017,"[1-(Difluoromethyl)-1H-pyrazol-3-yl]{2-[2-(1-pyrrolidinyl)ethyl]-1-piperidinyl}methanone",326.191803,"C16H24F2N4O","c1cn(nc1C(=O)N2CCCCC2CCN3CCCC3)C(F)F","InChI=1S/C16H24F2N4O/c17-16(18)22-12-7-14(19-22)15(23)21-10-2-1-5-13(21)6-11-20-8-3-4-9-20/h7,12-13,16H,1-6,8-11H2","OQIWPGSVXMLRHG-UHFFFAOYSA-N"
29481875,"[1-(Difluoromethyl)-1H-pyrazol-3-yl][3-(1-piperidinylmethyl)-1-piperidinyl]methanone",326.191803,"C16H24F2N4O","c1cn(nc1C(=O)N2CCCC(C2)CN3CCCCC3)C(F)F","InChI=1S/C16H24F2N4O/c17-16(18)22-10-6-14(19-22)15(23)21-9-4-5-13(12-21)11-20-7-2-1-3-8-20/h6,10,13,16H,1-5,7-9,11-12H2","QJUBHEZDQZLLKU-UHFFFAOYSA-N"
29485026,"(2R,3R,6R)-3-(4-Fluorophenyl)-5-(1H-imidazol-2-ylmethyl)-1,5-diazatricyclo[5.2.2.0~2,6~]undecane",326.190674,"C19H23FN4","c1cc(ccc1[C@@H]2CN([C@H]3[C@@H]2N4CCC3CC4)Cc5[nH]ccn5)F","InChI=1S/C19H23FN4/c20-15-3-1-13(2-4-15)16-11-24(12-17-21-7-8-22-17)18-14-5-9-23(10-6-14)19(16)18/h1-4,7-8,14,16,18-19H,5-6,9-12H2,(H,21,22)/t16-,18+,19+/m0/s1","IGBZLPMLJDDDQW-QXAKKESOSA-N"
29495839,"[1-(Difluoromethyl)-1H-pyrazol-3-yl](1'-methyl-4,4'-bipiperidin-1-yl)methanone",326.191803,"C16H24F2N4O","CN1CCC(CC1)C2CCN(CC2)C(=O)c3ccn(n3)C(F)F","InChI=1S/C16H24F2N4O/c1-20-7-2-12(3-8-20)13-4-9-21(10-5-13)15(23)14-6-11-22(19-14)16(17)18/h6,11-13,16H,2-5,7-10H2,1H3","GAOXPVIXEPPFLY-UHFFFAOYSA-N"
29542764,"Methyl (4E,6S,8E)-6-{[dimethyl(2-methyl-2-propanyl)silyl]oxy}-10-oxo-4,8-decadienoate",326.191345,"C17H30O4Si","CC(C)(C)[Si](C)(C)O[C@@H](C/C=C/C=O)/C=C/CCC(=O)OC","InChI=1S/C17H30O4Si/c1-17(2,3)22(5,6)21-15(12-9-10-14-18)11-7-8-13-16(19)20-4/h7,9-11,14-15H,8,12-13H2,1-6H3/b10-9+,11-7+/t15-/m1/s1","PAXJRGJNZFRTEW-SSPPYGGJSA-N"
29617770,"N-({1-[(1-Allyl-5-methyl-1H-pyrazol-4-yl)methyl]-3-piperidinyl}methyl)-2,2-difluoroacetamide",326.191803,"C16H24F2N4O","Cc1c(cnn1CC=C)CN2CCCC(C2)CNC(=O)C(F)F","InChI=1S/C16H24F2N4O/c1-3-6-22-12(2)14(9-20-22)11-21-7-4-5-13(10-21)8-19-16(23)15(17)18/h3,9,13,15H,1,4-8,10-11H2,2H3,(H,19,23)","QCJFHASKRGHGKT-UHFFFAOYSA-N"
29654129,"7-(4-Fluorobenzyl)-2-(2-pyrazinyl)-2,7-diazaspiro[4.5]decane",326.190674,"C19H23FN4","c1cc(ccc1CN2CCCC3(C2)CCN(C3)c4cnccn4)F","InChI=1S/C19H23FN4/c20-17-4-2-16(3-5-17)13-23-10-1-6-19(14-23)7-11-24(15-19)18-12-21-8-9-22-18/h2-5,8-9,12H,1,6-7,10-11,13-15H2","CSCLMGAWNAHCKI-UHFFFAOYSA-N"
29655462,"4-(4-Cyclopropyl-1H-1,2,3-triazol-1-yl)-1-[(2E)-3-(4-fluorophenyl)-2-propen-1-yl]piperidine",326.190674,"C19H23FN4","c1cc(ccc1/C=C/CN2CCC(CC2)n3cc(nn3)C4CC4)F","InChI=1S/C19H23FN4/c20-17-7-3-15(4-8-17)2-1-11-23-12-9-18(10-13-23)24-14-19(21-22-24)16-5-6-16/h1-4,7-8,14,16,18H,5-6,9-13H2/b2-1+","ZBLPJZUZTDETPY-OWOJBTEDSA-N"
29663359,"N-[(1S,2S)-2-(4-Fluorobenzyl)cyclopentyl]-5,6,7,8-tetrahydropyrido[3,4-d]pyrimidin-4-amine",326.190674,"C19H23FN4","c1cc(ccc1C[C@@H]2CCC[C@@H]2Nc3c4c(ncn3)CNCC4)F","InChI=1S/C19H23FN4/c20-15-6-4-13(5-7-15)10-14-2-1-3-17(14)24-19-16-8-9-21-11-18(16)22-12-23-19/h4-7,12,14,17,21H,1-3,8-11H2,(H,22,23,24)/t14-,17-/m0/s1","DZYHQFXJVXCEHW-YOEHRIQHSA-N"
29680814,"1-Ethyl-4-{[4-(3-fluorobenzyl)-1-piperazinyl]methyl}-1H-pyrrole-2-carbonitrile",326.190674,"C19H23FN4","CCn1cc(cc1C#N)CN2CCN(CC2)Cc3cccc(c3)F","InChI=1S/C19H23FN4/c1-2-24-15-17(11-19(24)12-21)14-23-8-6-22(7-9-23)13-16-4-3-5-18(20)10-16/h3-5,10-11,15H,2,6-9,13-14H2,1H3","JQJVBBHTVPTZBH-UHFFFAOYSA-N"
29685757,"4-{[4-(4-Fluorobenzyl)-1,4-diazepan-1-yl]methyl}-1-methyl-1H-pyrrole-2-carbonitrile",326.190674,"C19H23FN4","Cn1cc(cc1C#N)CN2CCCN(CC2)Cc3ccc(cc3)F","InChI=1S/C19H23FN4/c1-22-13-17(11-19(22)12-21)15-24-8-2-7-23(9-10-24)14-16-3-5-18(20)6-4-16/h3-6,11,13H,2,7-10,14-15H2,1H3","XMNQEXFKSDTASX-UHFFFAOYSA-N"
29698867,"7-(2-Fluorobenzyl)-2-(2-pyrimidinyl)-2,7-diazaspiro[4.5]decane",326.190674,"C19H23FN4","c1ccc(c(c1)CN2CCCC3(C2)CCN(C3)c4ncccn4)F","InChI=1S/C19H23FN4/c20-17-6-2-1-5-16(17)13-23-11-3-7-19(14-23)8-12-24(15-19)18-21-9-4-10-22-18/h1-2,4-6,9-10H,3,7-8,11-15H2","IIVGZEDTZBSXKY-UHFFFAOYSA-N"
29725140,"N-[(1S,2S)-2-(4-Fluorobenzyl)cyclopentyl]-2-methyl-6,7-dihydro-5H-pyrrolo[3,4-d]pyrimidin-4-amine",326.190674,"C19H23FN4","Cc1nc2c(c(n1)N[C@H]3CCC[C@H]3Cc4ccc(cc4)F)CNC2","InChI=1S/C19H23FN4/c1-12-22-18-11-21-10-16(18)19(23-12)24-17-4-2-3-14(17)9-13-5-7-15(20)8-6-13/h5-8,14,17,21H,2-4,9-11H2,1H3,(H,22,23,24)/t14-,17-/m0/s1","NVKLNBWVJNZXRJ-YOEHRIQHSA-N"
29725181,"7-(2-Fluorobenzyl)-2-(2-pyrazinyl)-2,7-diazaspiro[4.5]decane",326.190674,"C19H23FN4","c1ccc(c(c1)CN2CCCC3(C2)CCN(C3)c4cnccn4)F","InChI=1S/C19H23FN4/c20-17-5-2-1-4-16(17)13-23-10-3-6-19(14-23)7-11-24(15-19)18-12-21-8-9-22-18/h1-2,4-5,8-9,12H,3,6-7,10-11,13-15H2","PKROZYCEDVFXDL-UHFFFAOYSA-N"
29733560,"[1-(Difluoromethyl)-1H-pyrazol-3-yl]{4-[1-(1-pyrrolidinyl)ethyl]-1-piperidinyl}methanone",326.191803,"C16H24F2N4O","CC(C1CCN(CC1)C(=O)c2ccn(n2)C(F)F)N3CCCC3","InChI=1S/C16H24F2N4O/c1-12(20-7-2-3-8-20)13-4-9-21(10-5-13)15(23)14-6-11-22(19-14)16(17)18/h6,11-13,16H,2-5,7-10H2,1H3","CQDQQSKGIMECOB-UHFFFAOYSA-N"
29754761,"(2,6-Dimethoxyphenoxy)(heptyloxy)dimethylsilane",326.191345,"C17H30O4Si","CCCCCCCO[Si](C)(C)Oc1c(cccc1OC)OC","InChI=1S/C17H30O4Si/c1-6-7-8-9-10-14-20-22(4,5)21-17-15(18-2)12-11-13-16(17)19-3/h11-13H,6-10,14H2,1-5H3","XZFDABZJANHPNK-UHFFFAOYSA-N"
29910123,"6-(3-Fluorobenzyl)-2-(3-piperidinyl)-5,6,7,8-tetrahydropyrido[4,3-d]pyrimidine",326.190674,"C19H23FN4","c1cc(cc(c1)F)CN2CCc3c(cnc(n3)C4CCCNC4)C2","InChI=1S/C19H23FN4/c20-17-5-1-3-14(9-17)12-24-8-6-18-16(13-24)11-22-19(23-18)15-4-2-7-21-10-15/h1,3,5,9,11,15,21H,2,4,6-8,10,12-13H2","WZYFROYCRYCHLP-UHFFFAOYSA-N"
29963946,"N-{2-[1-(Cyclopropylmethyl)-3-pyrrolidinyl]-6-methyl-4-pyridinyl}-5-fluoro-2-pyridinamine",326.190674,"C19H23FN4","Cc1cc(cc(n1)C2CCN(C2)CC3CC3)Nc4ccc(cn4)F","InChI=1S/C19H23FN4/c1-13-8-17(23-19-5-4-16(20)10-21-19)9-18(22-13)15-6-7-24(12-15)11-14-2-3-14/h4-5,8-10,14-15H,2-3,6-7,11-12H2,1H3,(H,21,22,23)","YISZPKXGVDYBIH-UHFFFAOYSA-N"
30205845,"1-(2,5-Difluorophenyl)-3-{2-[4-(dimethylamino)-1-piperidinyl]ethyl}urea",326.191803,"C16H24F2N4O","CN(C)C1CCN(CC1)CCNC(=O)Nc2cc(ccc2F)F","InChI=1S/C16H24F2N4O/c1-21(2)13-5-8-22(9-6-13)10-7-19-16(23)20-15-11-12(17)3-4-14(15)18/h3-4,11,13H,5-10H2,1-2H3,(H2,19,20,23)","OGZBXXQFNJIWFC-UHFFFAOYSA-N"
30239008,"N-(2,2-Difluoroethyl)-N-propyl-2-[4-(2-pyridinyl)-1-piperazinyl]acetamide",326.191803,"C16H24F2N4O","CCCN(CC(F)F)C(=O)CN1CCN(CC1)c2ccccn2","InChI=1S/C16H24F2N4O/c1-2-7-22(12-14(17)18)16(23)13-20-8-10-21(11-9-20)15-5-3-4-6-19-15/h3-6,14H,2,7-13H2,1H3","WSGUUIYPOZQNJQ-UHFFFAOYSA-N"
30259084,"1-(2,3-Difluorophenyl)-3-[2-methyl-3-(4-methyl-1-piperazinyl)propyl]urea",326.191803,"C16H24F2N4O","CC(CNC(=O)Nc1cccc(c1F)F)CN2CCN(CC2)C","InChI=1S/C16H24F2N4O/c1-12(11-22-8-6-21(2)7-9-22)10-19-16(23)20-14-5-3-4-13(17)15(14)18/h3-5,12H,6-11H2,1-2H3,(H2,19,20,23)","OGFCFAKVXYJNHT-UHFFFAOYSA-N"
30358593,"1-(3,5-Difluorobenzyl)-3-[1-(4-methyl-1-piperazinyl)-2-propanyl]urea",326.191803,"C16H24F2N4O","CC(CN1CCN(CC1)C)NC(=O)NCc2cc(cc(c2)F)F","InChI=1S/C16H24F2N4O/c1-12(11-22-5-3-21(2)4-6-22)20-16(23)19-10-13-7-14(17)9-15(18)8-13/h7-9,12H,3-6,10-11H2,1-2H3,(H2,19,20,23)","LZSWJDGMCDFUHX-UHFFFAOYSA-N"
30401650,"4-(2,2-Difluoroethyl)-N-[2-(dimethylamino)phenyl]-1,4-diazepane-1-carboxamide",326.191803,"C16H24F2N4O","CN(C)c1ccccc1NC(=O)N2CCCN(CC2)CC(F)F","InChI=1S/C16H24F2N4O/c1-20(2)14-7-4-3-6-13(14)19-16(23)22-9-5-8-21(10-11-22)12-15(17)18/h3-4,6-7,15H,5,8-12H2,1-2H3,(H,19,23)","NLGHAHYDWKGPSQ-UHFFFAOYSA-N"
30780785,"(1R,2S,3S,4R,5R,6S,7R,8S)-6-{[Dimethyl(2-methyl-2-propanyl)silyl]oxy}tricyclo[6.2.1.0~2,7~]undec-9-ene-3,4,5-triol",326.191345,"C17H30O4Si","CC(C)(C)[Si](C)(C)O[C@H]1[C@@H]2[C@H]3C[C@@H]([C@@H]2[C@@H]([C@H]([C@H]1O)O)O)C=C3","InChI=1S/C17H30O4Si/c1-17(2,3)22(4,5)21-16-12-10-7-6-9(8-10)11(12)13(18)14(19)15(16)20/h6-7,9-16,18-20H,8H2,1-5H3/t9-,10+,11-,12+,13-,14+,15+,16-/m0/s1","KLFUFQJACKPZGM-SAOXUDHVSA-N"
30786812,"3-(1,3-Dioxolan-2-yl)-2,4,4-trimethyl-2-cyclohexen-1-yl (trimethylsilyl)acetate",326.191345,"C17H30O4Si","CC1=C(C(CCC1OC(=O)C[Si](C)(C)C)(C)C)C2OCCO2","InChI=1S/C17H30O4Si/c1-12-13(21-14(18)11-22(4,5)6)7-8-17(2,3)15(12)16-19-9-10-20-16/h13,16H,7-11H2,1-6H3","CWUCEGAJRVBAGD-UHFFFAOYSA-N"
30855787,"(1R)-1-Allyl-1,5-anhydro-4,6-O-[bis(2-methyl-2-propanyl)silylene]-3-deoxy-D-erythro-hex-2-ulose",326.191345,"C17H30O4Si","CC(C)(C)[Si]1(OC[C@@H]2[C@@H](O1)CC(=O)[C@H](O2)CC=C)C(C)(C)C","InChI=1S/C17H30O4Si/c1-8-9-13-12(18)10-14-15(20-13)11-19-22(21-14,16(2,3)4)17(5,6)7/h8,13-15H,1,9-11H2,2-7H3/t13-,14+,15-/m1/s1","BGPAYNLPUDFHEM-QLFBSQMISA-N"
30855788,"(1S)-1-Allyl-1,5-anhydro-4,6-O-[bis(2-methyl-2-propanyl)silylene]-3-deoxy-D-erythro-hex-2-ulose",326.191345,"C17H30O4Si","CC(C)(C)[Si]1(OC[C@@H]2[C@@H](O1)CC(=O)[C@@H](O2)CC=C)C(C)(C)C","InChI=1S/C17H30O4Si/c1-8-9-13-12(18)10-14-15(20-13)11-19-22(21-14,16(2,3)4)17(5,6)7/h8,13-15H,1,9-11H2,2-7H3/t13-,14-,15+/m0/s1","BGPAYNLPUDFHEM-SOUVJXGZSA-N"
31586678,"N-[2-(1-Cyclohexen-1-yl)ethyl]-N~2~-{[1-(difluoromethyl)-1H-imidazol-2-yl]methyl}-N~2~-methylglycinamide",326.191803,"C16H24F2N4O","CN(Cc1nccn1C(F)F)CC(=O)NCCC2=CCCCC2","InChI=1S/C16H24F2N4O/c1-21(11-14-19-9-10-22(14)16(17)18)12-15(23)20-8-7-13-5-3-2-4-6-13/h5,9-10,16H,2-4,6-8,11-12H2,1H3,(H,20,23)","NIMQASIRVHSAEO-UHFFFAOYSA-N"
31781016,"5-{[2,6-Dimethyl-4-(2-methyl-2-propanyl)benzyl]sulfonyl}-1-pentanol",326.191559,"C18H30O3S","Cc1cc(cc(c1CS(=O)(=O)CCCCCO)C)C(C)(C)C","InChI=1S/C18H30O3S/c1-14-11-16(18(3,4)5)12-15(2)17(14)13-22(20,21)10-8-6-7-9-19/h11-12,19H,6-10,13H2,1-5H3","KZZUFLRAJFPVTH-UHFFFAOYSA-N"
31925237,"N-(1-Cyclopropyl-4-piperidinyl)-2-[1-(difluoromethyl)-3,5-dimethyl-1H-pyrazol-4-yl]acetamide",326.191803,"C16H24F2N4O","Cc1c(c(n(n1)C(F)F)C)CC(=O)NC2CCN(CC2)C3CC3","InChI=1S/C16H24F2N4O/c1-10-14(11(2)22(20-10)16(17)18)9-15(23)19-12-5-7-21(8-6-12)13-3-4-13/h12-13,16H,3-9H2,1-2H3,(H,19,23)","RRIWWDPFBFPSAL-UHFFFAOYSA-N"
32067490,"5-Fluoro-2-{[4-(1H-imidazol-1-ylmethyl)-1-piperidinyl]methyl}-1-methyl-1H-indole",326.190674,"C19H23FN4","Cn1c2ccc(cc2cc1CN3CCC(CC3)Cn4ccnc4)F","InChI=1S/C19H23FN4/c1-22-18(11-16-10-17(20)2-3-19(16)22)13-23-7-4-15(5-8-23)12-24-9-6-21-14-24/h2-3,6,9-11,14-15H,4-5,7-8,12-13H2,1H3","XECYTKZAKKDXPB-UHFFFAOYSA-N"
32074106,"8-Fluoro-2-[(3-methyl-1-propyl-1H-pyrazol-4-yl)methyl]-2,3,4,5-tetrahydro-1H-pyrido[4,3-b]indole",326.190674,"C19H23FN4","CCCn1cc(c(n1)C)CN2CCc3c(c4cc(ccc4[nH]3)F)C2","InChI=1S/C19H23FN4/c1-3-7-24-11-14(13(2)22-24)10-23-8-6-19-17(12-23)16-9-15(20)4-5-18(16)21-19/h4-5,9,11,21H,3,6-8,10,12H2,1-2H3","SQEUGPPTOUYCPG-UHFFFAOYSA-N"
32743749,"5-{[4-(4-Fluorophenyl)-3,6-dihydro-1(2H)-pyridinyl]methyl}-N-isopropyl-2-pyrimidinamine",326.190674,"C19H23FN4","CC(C)Nc1ncc(cn1)CN2CCC(=CC2)c3ccc(cc3)F","InChI=1S/C19H23FN4/c1-14(2)23-19-21-11-15(12-22-19)13-24-9-7-17(8-10-24)16-3-5-18(20)6-4-16/h3-7,11-12,14H,8-10,13H2,1-2H3,(H,21,22,23)","FSLQQYOWRCXBKV-UHFFFAOYSA-N"
34441595,"3-(2-Cyclohexylcyclopropyl)-1-{[1-(difluoromethyl)-1H-imidazol-2-yl]methyl}-1-methylurea",326.191803,"C16H24F2N4O","CN(Cc1nccn1C(F)F)C(=O)NC2CC2C3CCCCC3","InChI=1S/C16H24F2N4O/c1-21(10-14-19-7-8-22(14)15(17)18)16(23)20-13-9-12(13)11-5-3-2-4-6-11/h7-8,11-13,15H,2-6,9-10H2,1H3,(H,20,23)","OLKPRQYXKYBNPA-UHFFFAOYSA-N"
34501339,"4-(4-Dodecanyl)benzenesulfonic acid",326.191559,"C18H30O3S","CCCCCCCCC(CCC)c1ccc(cc1)S(=O)(=O)O","InChI=1S/C18H30O3S/c1-3-5-6-7-8-9-11-16(10-4-2)17-12-14-18(15-13-17)22(19,20)21/h12-16H,3-11H2,1-2H3,(H,19,20,21)","YNJLGQRDQAQAHR-UHFFFAOYSA-N"
35047012,"6-(3-Aminocyclobutyl)-2-cyclopropyl-N-[2-(2-fluorophenyl)ethyl]-4-pyrimidinamine",326.190674,"C19H23FN4","c1ccc(c(c1)CCNc2cc(nc(n2)C3CC3)C4CC(C4)N)F","InChI=1S/C19H23FN4/c20-16-4-2-1-3-12(16)7-8-22-18-11-17(14-9-15(21)10-14)23-19(24-18)13-5-6-13/h1-4,11,13-15H,5-10,21H2,(H,22,23,24)","KRINKCWZLMACKQ-UHFFFAOYSA-N"
35276363,"1-[2-(2,6-Difluorophenyl)ethyl]-2-methyl-3-[2-(4-morpholinyl)ethyl]guanidine",326.191803,"C16H24F2N4O","C/N=C(\NCCc1c(cccc1F)F)/NCCN2CCOCC2","InChI=1S/C16H24F2N4O/c1-19-16(21-7-8-22-9-11-23-12-10-22)20-6-5-13-14(17)3-2-4-15(13)18/h2-4H,5-12H2,1H3,(H2,19,20,21)","USNIVVDDJSCHJY-UHFFFAOYSA-N"
35430594,"4-(4-Cyclopropyl-1H-1,2,3-triazol-1-yl)-1-(4-fluorocinnamyl)piperidine",326.190674,"C19H23FN4","c1cc(ccc1C=CCN2CCC(CC2)n3cc(nn3)C4CC4)F","InChI=1S/C19H23FN4/c20-17-7-3-15(4-8-17)2-1-11-23-12-9-18(10-13-23)24-14-19(21-22-24)16-5-6-16/h1-4,7-8,14,16,18H,5-6,9-13H2","ZBLPJZUZTDETPY-UHFFFAOYSA-N"
35775034,"{2-Methyl-6-[(trimethylsilyl)oxy]-2,5-cyclohexadiene-1,4-diyl}bis(trimethylsilane)",326.191742,"C16H34OSi3","CC1=CC(C=C(C1[Si](C)(C)C)O[Si](C)(C)C)[Si](C)(C)C","InChI=1S/C16H34OSi3/c1-13-11-14(18(2,3)4)12-15(17-20(8,9)10)16(13)19(5,6)7/h11-12,14,16H,1-10H3","WYHBJQJDKWTIBW-UHFFFAOYSA-N"
35775035,"{2-Methyl-5-[(trimethylsilyl)oxy]-2,5-cyclohexadiene-1,4-diyl}bis(trimethylsilane)",326.191742,"C16H34OSi3","CC1=CC(C(=CC1[Si](C)(C)C)O[Si](C)(C)C)[Si](C)(C)C","InChI=1S/C16H34OSi3/c1-13-11-16(19(5,6)7)14(17-20(8,9)10)12-15(13)18(2,3)4/h11-12,15-16H,1-10H3","GMIIJHAIBZMGKM-UHFFFAOYSA-N"
35775037,"{2-Methyl-3-[(trimethylsilyl)oxy]-2,5-cyclohexadiene-1,4-diyl}bis(trimethylsilane)",326.191742,"C16H34OSi3","CC1=C(C(C=CC1[Si](C)(C)C)[Si](C)(C)C)O[Si](C)(C)C","InChI=1S/C16H34OSi3/c1-13-14(18(2,3)4)11-12-15(19(5,6)7)16(13)17-20(8,9)10/h11-12,14-15H,1-10H3","ZDAQMTBEODTVTA-UHFFFAOYSA-N"
35804370,"(2Z)-2-[1-(Diphenylphosphino)-3,3-dimethyl-2-butanylidene]-1,1-dimethylhydrazine",326.191193,"C20H27N2P","CC(C)(C)/C(=N/N(C)C)/CP(c1ccccc1)c2ccccc2","InChI=1S/C20H27N2P/c1-20(2,3)19(21-22(4)5)16-23(17-12-8-6-9-13-17)18-14-10-7-11-15-18/h6-15H,16H2,1-5H3/b21-19+","KSVFCMWWWHGCML-XUTLUUPISA-N"
