"Identifier","CompoundName","MonoisotopicMass","MolecularFormula","SMILES","InChI","InChIKey"
1667,"(4-Carboxyphenyl)(chloro)mercury",357.968414,"C7H5ClHgO2","c1cc(ccc1C(=O)O)[Hg]Cl","InChI=1S/C7H5O2.ClH.Hg/c8-7(9)6-4-2-1-3-5-6;;/h2-5H,(H,8,9);1H;/q;;+1/p-1","YFZOUMNUDGGHIW-UHFFFAOYSA-M"
5821,"(4-Carboxyphenyl)mercury(1+) chloride",357.968414,"C7H5ClHgO2","c1cc(ccc1C(=O)O)[Hg+].[Cl-]","InChI=1S/C7H5O2.ClH.Hg/c8-7(9)6-4-2-1-3-5-6;;/h2-5H,(H,8,9);1H;/q;;+1/p-1","YFZOUMNUDGGHIW-UHFFFAOYSA-M"
9703,"Chlorfenvinphos",357.969513,"C12H14Cl3O4P","CCOP(=O)(OCC)OC(=CCl)c1ccc(cc1Cl)Cl","InChI=1S/C12H14Cl3O4P/c1-3-17-20(16,18-4-2)19-12(8-13)10-6-5-9(14)7-11(10)15/h5-8H,3-4H2,1-2H3","FSAVDKDHPDSCTO-UHFFFAOYSA-N"
82645,"2-Chloro-1-(2,5-dichlorophenyl)vinyl diethyl phosphate",357.969513,"C12H14Cl3O4P","CCOP(=O)(OCC)OC(=CCl)c1cc(ccc1Cl)Cl","InChI=1S/C12H14Cl3O4P/c1-3-17-20(16,18-4-2)19-12(8-13)10-7-9(14)5-6-11(10)15/h5-8H,3-4H2,1-2H3","SRZOWOUWGAIUTI-UHFFFAOYSA-N"
95750,"4-[(E)-(2-Chloro-5-sulfophenyl)diazenyl]benzenediazonium chloride",357.969421,"C12H8Cl2N4O3S","c1cc(ccc1/N=N/c2cc(ccc2Cl)S(=O)(=O)O)[N+]#N.[Cl-]","InChI=1S/C12H7ClN4O3S.ClH/c13-11-6-5-10(21(18,19)20)7-12(11)17-16-9-3-1-8(15-14)2-4-9;/h1-7H;1H/b17-16+;","MKRIEXUTXHLYCR-CMBBICFISA-N"
98616,"Ammonium potassium 7-aminonaphthalene-1,3-disulfonate (1:1:1)",357.969543,"C10H11KN2O6S2","c1cc(cc2c1cc(cc2S(=O)(=O)[O-])S(=O)(=O)O)N.N.[K+]","InChI=1S/C10H9NO6S2.K.H3N/c11-7-2-1-6-3-8(18(12,13)14)5-10(9(6)4-7)19(15,16)17;;/h1-5H,11H2,(H,12,13,14)(H,15,16,17);;1H3/q;+1;/p-1","TZVTVNXYTRWACD-UHFFFAOYSA-M"
176128,"1,1'-Propane-1,3-diyldipyridinium dibromide",357.968018,"C13H16Br2N2","c1cc[n+](cc1)CCC[n+]2ccccc2.[Br-].[Br-]","InChI=1S/C13H16N2.2BrH/c1-3-8-14(9-4-1)12-7-13-15-10-5-2-6-11-15;;/h1-6,8-11H,7,12-13H2;2*1H/q+2;;/p-2","KNMJDSFSRSMATJ-UHFFFAOYSA-L"
250873,"2-Bromo-1-(4-bromophenyl)-N-(1-piperidinyl)ethanimine",357.968018,"C13H16Br2N2","c1cc(ccc1C(=NN2CCCCC2)CBr)Br","InChI=1S/C13H16Br2N2/c14-10-13(11-4-6-12(15)7-5-11)16-17-8-2-1-3-9-17/h4-7H,1-3,8-10H2","KAXANEVIQHRYOD-UHFFFAOYSA-N"
303678,"2-Chloro-N-[(2,4-dichloro-6-methylphenyl)sulfonyl]-3-methoxypropanimidamide",357.971252,"C11H13Cl3N2O3S","Cc1cc(cc(c1S(=O)(=O)/N=C(/C(COC)Cl)\N)Cl)Cl","InChI=1S/C11H13Cl3N2O3S/c1-6-3-7(12)4-8(13)10(6)20(17,18)16-11(15)9(14)5-19-2/h3-4,9H,5H2,1-2H3,(H2,15,16)","VYZGISWRCPMPFS-UHFFFAOYSA-N"
330004,"3-(1-Oxido-4-pyridinyl)-2-oxo-N-(2,4,5-trichlorophenyl)propanamide",357.967865,"C14H9Cl3N2O3","c1c[n+](ccc1CC(=O)C(=O)Nc2cc(c(cc2Cl)Cl)Cl)[O-]","InChI=1S/C14H9Cl3N2O3/c15-9-6-11(17)12(7-10(9)16)18-14(21)13(20)5-8-1-3-19(22)4-2-8/h1-4,6-7H,5H2,(H,18,21)","MMDKSFKKIQLTSI-UHFFFAOYSA-N"
375091,"Chloromercuribenzoic acid",357.968414,"C7H5ClHgO2","c1ccc(c(c1)C(=O)O)[Hg]Cl","InChI=1S/C7H5O2.ClH.Hg/c8-7(9)6-4-2-1-3-5-6;;/h1-4H,(H,8,9);1H;/q;;+1/p-1","OFWQBEKOKFUJCF-UHFFFAOYSA-M"
435173,"5-(4-Bromophenyl)-2,4,7-trioxo-1,2,3,4,7,8-hexahydropyrido[2,3-d]pyrimidine-6-carbonitrile",357.970154,"C14H7BrN4O3","c1cc(ccc1c2c(c(=O)[nH]c3c2c(=O)[nH]c(=O)[nH]3)C#N)Br","InChI=1S/C14H7BrN4O3/c15-7-3-1-6(2-4-7)9-8(5-16)12(20)17-11-10(9)13(21)19-14(22)18-11/h1-4H,(H3,17,18,19,20,21,22)","LXHZWLUOISCKJG-UHFFFAOYSA-N"
476633,"N-[(5,7-Dibromo-1H-indol-3-yl)methyl]-N-ethylethanamine",357.968018,"C13H16Br2N2","CCN(CC)Cc1c[nH]c2c1cc(cc2Br)Br","InChI=1S/C13H16Br2N2/c1-3-17(4-2)8-9-7-16-13-11(9)5-10(14)6-12(13)15/h5-7,16H,3-4,8H2,1-2H3","LYTQTQZGTFFESJ-UHFFFAOYSA-N"
492385,"S-{[(4-Chlorophenyl)sulfinyl]methyl} O,O-diethyl phosphorodithioate",357.968781,"C11H16ClO3PS3","CCOP(=S)(OCC)SCS(=O)c1ccc(cc1)Cl","InChI=1S/C11H16ClO3PS3/c1-3-14-16(17,15-4-2)18-9-19(13)11-7-5-10(12)6-8-11/h5-8H,3-4,9H2,1-2H3","LAHNDTNSNGVHPJ-UHFFFAOYSA-N"
518307,"2-Methyl-3-nitro-N-(2,4,5-trichlorophenyl)benzamide",357.967865,"C14H9Cl3N2O3","Cc1c(cccc1[N+](=O)[O-])C(=O)Nc2cc(c(cc2Cl)Cl)Cl","InChI=1S/C14H9Cl3N2O3/c1-7-8(3-2-4-13(7)19(21)22)14(20)18-12-6-10(16)9(15)5-11(12)17/h2-6H,1H3,(H,18,20)","HDLLLWGFMBHIHL-UHFFFAOYSA-N"
533346,"N-(4-Nitrophenyl)-4-(trichloromethyl)benzamide",357.967865,"C14H9Cl3N2O3","c1cc(ccc1C(=O)Nc2ccc(cc2)[N+](=O)[O-])C(Cl)(Cl)Cl","InChI=1S/C14H9Cl3N2O3/c15-14(16,17)10-3-1-9(2-4-10)13(20)18-11-5-7-12(8-6-11)19(21)22/h1-8H,(H,18,20)","QNDPXNLXGKLBQH-UHFFFAOYSA-N"
862709,"Methyl 5-[(4-iodophenoxy)methyl]-2-furoate",357.970184,"C13H11IO4","COC(=O)c1ccc(o1)COc2ccc(cc2)I","InChI=1S/C13H11IO4/c1-16-13(15)12-7-6-11(18-12)8-17-10-4-2-9(14)3-5-10/h2-7H,8H2,1H3","DDQUAZSXJXQHKN-UHFFFAOYSA-N"
865866,"5-Chloro-N-(3,4-dichlorobenzyl)-2-nitrobenzamide",357.967865,"C14H9Cl3N2O3","c1cc(c(cc1CNC(=O)c2cc(ccc2[N+](=O)[O-])Cl)Cl)Cl","InChI=1S/C14H9Cl3N2O3/c15-9-2-4-13(19(21)22)10(6-9)14(20)18-7-8-1-3-11(16)12(17)5-8/h1-6H,7H2,(H,18,20)","FSMLYNPVKJCJNX-UHFFFAOYSA-N"
871645,"4-Chloro-N-(3,4-dichlorobenzyl)-3-nitrobenzamide",357.967865,"C14H9Cl3N2O3","c1cc(c(cc1CNC(=O)c2ccc(c(c2)[N+](=O)[O-])Cl)Cl)Cl","InChI=1S/C14H9Cl3N2O3/c15-10-3-1-8(5-12(10)17)7-18-14(20)9-2-4-11(16)13(6-9)19(21)22/h1-6H,7H2,(H,18,20)","FAFMRGXWXXAMPJ-UHFFFAOYSA-N"
871716,"2-Chloro-N-(2,4-dichlorobenzyl)-4-nitrobenzamide",357.967865,"C14H9Cl3N2O3","c1cc(c(cc1[N+](=O)[O-])Cl)C(=O)NCc2ccc(cc2Cl)Cl","InChI=1S/C14H9Cl3N2O3/c15-9-2-1-8(12(16)5-9)7-18-14(20)11-4-3-10(19(21)22)6-13(11)17/h1-6H,7H2,(H,18,20)","PFBVYYIKSRKMPO-UHFFFAOYSA-N"
1063288,"N,N-Dimethyl-N~2~-(methylsulfonyl)-N~2~-(2,4,5-trichlorophenyl)glycinamide",357.971252,"C11H13Cl3N2O3S","CN(C)C(=O)CN(c1cc(c(cc1Cl)Cl)Cl)S(=O)(=O)C","InChI=1S/C11H13Cl3N2O3S/c1-15(2)11(17)6-16(20(3,18)19)10-5-8(13)7(12)4-9(10)14/h4-5H,6H2,1-3H3","DKAPFMGNKCIOOO-UHFFFAOYSA-N"
1145747,"8-Iodo-4-methyl-2-oxo-2H-chromen-7-yl propionate",357.970184,"C13H11IO4","CCC(=O)Oc1ccc2c(cc(=O)oc2c1I)C","InChI=1S/C13H11IO4/c1-3-10(15)17-9-5-4-8-7(2)6-11(16)18-13(8)12(9)14/h4-6H,3H2,1-2H3","AVQUBVKXTUTLDM-UHFFFAOYSA-N"
1146209,"8-Iodo-4-methyl-7-(2-oxopropoxy)-2H-chromen-2-one",357.970184,"C13H11IO4","Cc1cc(=O)oc2c1ccc(c2I)OCC(=O)C","InChI=1S/C13H11IO4/c1-7-5-11(16)18-13-9(7)3-4-10(12(13)14)17-6-8(2)15/h3-5H,6H2,1-2H3","CKRXOTVBUYUCAE-UHFFFAOYSA-N"
1153412,"4-Methyl-3-nitro-N-(2,4,5-trichlorophenyl)benzamide",357.967865,"C14H9Cl3N2O3","Cc1ccc(cc1[N+](=O)[O-])C(=O)Nc2cc(c(cc2Cl)Cl)Cl","InChI=1S/C14H9Cl3N2O3/c1-7-2-3-8(4-13(7)19(21)22)14(20)18-12-6-10(16)9(15)5-11(12)17/h2-6H,1H3,(H,18,20)","IMDAOOHUHDRFNL-UHFFFAOYSA-N"
1297184,"(2S)-4-(Methylsulfanyl)-2-[(5Z)-4-oxo-5-(2-thienylmethylene)-2-thioxo-1,3-thiazolidin-3-yl]butanoate",357.970551,"C13H12NO3S4","CSCC[C@@H](C(=O)[O-])N1C(=O)/C(=C/c2cccs2)/SC1=S","InChI=1S/C13H13NO3S4/c1-19-6-4-9(12(16)17)14-11(15)10(21-13(14)18)7-8-3-2-5-20-8/h2-3,5,7,9H,4,6H2,1H3,(H,16,17)/p-1/b10-7-/t9-/m0/s1","NGBCUZOLYWHZEJ-CBFJXKFUSA-M"
1297186,"(2S)-4-(Methylsulfanyl)-2-[(5E)-4-oxo-5-(2-thienylmethylene)-2-thioxo-1,3-thiazolidin-3-yl]butanoate",357.970551,"C13H12NO3S4","CSCC[C@@H](C(=O)[O-])N1C(=O)/C(=C\c2cccs2)/SC1=S","InChI=1S/C13H13NO3S4/c1-19-6-4-9(12(16)17)14-11(15)10(21-13(14)18)7-8-3-2-5-20-8/h2-3,5,7,9H,4,6H2,1H3,(H,16,17)/p-1/b10-7+/t9-/m0/s1","NGBCUZOLYWHZEJ-HZAKCSEPSA-M"
1297188,"(2R)-4-(Methylsulfanyl)-2-[(5Z)-4-oxo-5-(2-thienylmethylene)-2-thioxo-1,3-thiazolidin-3-yl]butanoate",357.970551,"C13H12NO3S4","CSCC[C@H](C(=O)[O-])N1C(=O)/C(=C/c2cccs2)/SC1=S","InChI=1S/C13H13NO3S4/c1-19-6-4-9(12(16)17)14-11(15)10(21-13(14)18)7-8-3-2-5-20-8/h2-3,5,7,9H,4,6H2,1H3,(H,16,17)/p-1/b10-7-/t9-/m1/s1","NGBCUZOLYWHZEJ-SBMLRHLQSA-M"
1297190,"(2R)-4-(Methylsulfanyl)-2-[(5E)-4-oxo-5-(2-thienylmethylene)-2-thioxo-1,3-thiazolidin-3-yl]butanoate",357.970551,"C13H12NO3S4","CSCC[C@H](C(=O)[O-])N1C(=O)/C(=C\c2cccs2)/SC1=S","InChI=1S/C13H13NO3S4/c1-19-6-4-9(12(16)17)14-11(15)10(21-13(14)18)7-8-3-2-5-20-8/h2-3,5,7,9H,4,6H2,1H3,(H,16,17)/p-1/b10-7+/t9-/m1/s1","NGBCUZOLYWHZEJ-YIXGCBLDSA-M"
1318909,"2-[(3,4-dichlorophenyl)sulfonyl-methyl-amino]benzoate",357.971313,"C14H10Cl2NO4S","CN(c1ccccc1C(=O)[O-])S(=O)(=O)c2ccc(c(c2)Cl)Cl","InChI=1S/C14H11Cl2NO4S/c1-17(13-5-3-2-4-10(13)14(18)19)22(20,21)9-6-7-11(15)12(16)8-9/h2-8H,1H3,(H,18,19)/p-1","SOKFQCVZHUMYAY-UHFFFAOYSA-M"
1405197,"8-Iodo-3,4-dimethyl-2-oxo-2H-chromen-7-yl acetate",357.970184,"C13H11IO4","Cc1c(c(=O)oc2c1ccc(c2I)OC(=O)C)C","InChI=1S/C13H11IO4/c1-6-7(2)13(16)18-12-9(6)4-5-10(11(12)14)17-8(3)15/h4-5H,1-3H3","WOBAVQQIKOZESR-UHFFFAOYSA-N"
1478685,"2,4-Dichloro-N'-(5-chloro-2-hydroxybenzoyl)benzohydrazide",357.967865,"C14H9Cl3N2O3","c1cc(c(cc1Cl)Cl)C(=O)NNC(=O)c2cc(ccc2O)Cl","InChI=1S/C14H9Cl3N2O3/c15-7-2-4-12(20)10(5-7)14(22)19-18-13(21)9-3-1-8(16)6-11(9)17/h1-6,20H,(H,18,21)(H,19,22)","IFBQDFGSZBJDDW-UHFFFAOYSA-N"
1621856,"2-Chloro-N-(3,4-dichlorobenzyl)-4-nitrobenzamide",357.967865,"C14H9Cl3N2O3","c1cc(c(cc1CNC(=O)c2ccc(cc2Cl)[N+](=O)[O-])Cl)Cl","InChI=1S/C14H9Cl3N2O3/c15-11-4-1-8(5-13(11)17)7-18-14(20)10-3-2-9(19(21)22)6-12(10)16/h1-6H,7H2,(H,18,20)","RBHOGESFMLWRPD-UHFFFAOYSA-N"
1655152,"4-({[(2,6-Dichlorophenyl)sulfonyl]amino}methyl)benzoate",357.971313,"C14H10Cl2NO4S","c1cc(c(c(c1)Cl)S(=O)(=O)NCc2ccc(cc2)C(=O)[O-])Cl","InChI=1S/C14H11Cl2NO4S/c15-11-2-1-3-12(16)13(11)22(20,21)17-8-9-4-6-10(7-5-9)14(18)19/h1-7,17H,8H2,(H,18,19)/p-1","PMTMMSYXKKHOOR-UHFFFAOYSA-M"
1732319,"2-Chloro-5-[(3-chloro-4-methylphenyl)sulfamoyl]benzoate",357.971313,"C14H10Cl2NO4S","Cc1ccc(cc1Cl)NS(=O)(=O)c2ccc(c(c2)C(=O)[O-])Cl","InChI=1S/C14H11Cl2NO4S/c1-8-2-3-9(6-13(8)16)17-22(20,21)10-4-5-12(15)11(7-10)14(18)19/h2-7,17H,1H3,(H,18,19)/p-1","SDCKTRXYNWWKLT-UHFFFAOYSA-M"
1752137,"4-Chloro-3-[(4-chlorophenyl)(methyl)sulfamoyl]benzoate",357.971313,"C14H10Cl2NO4S","CN(c1ccc(cc1)Cl)S(=O)(=O)c2cc(ccc2Cl)C(=O)[O-]","InChI=1S/C14H11Cl2NO4S/c1-17(11-5-3-10(15)4-6-11)22(20,21)13-8-9(14(18)19)2-7-12(13)16/h2-8H,1H3,(H,18,19)/p-1","GLSBVSZRUWIUEL-UHFFFAOYSA-M"
1752880,"2-Chloro-5-[(2-chlorophenyl)(methyl)sulfamoyl]benzoate",357.971313,"C14H10Cl2NO4S","CN(c1ccccc1Cl)S(=O)(=O)c2ccc(c(c2)C(=O)[O-])Cl","InChI=1S/C14H11Cl2NO4S/c1-17(13-5-3-2-4-12(13)16)22(20,21)9-6-7-11(15)10(8-9)14(18)19/h2-8H,1H3,(H,18,19)/p-1","FIJFJEMTLTXRLU-UHFFFAOYSA-M"
1753908,"2-Oxo-2-[(2,4,6-trichlorophenyl)amino]ethyl isonicotinate",357.967865,"C14H9Cl3N2O3","c1cnccc1C(=O)OCC(=O)Nc2c(cc(cc2Cl)Cl)Cl","InChI=1S/C14H9Cl3N2O3/c15-9-5-10(16)13(11(17)6-9)19-12(20)7-22-14(21)8-1-3-18-4-2-8/h1-6H,7H2,(H,19,20)","NBURAYVCDMOLDE-UHFFFAOYSA-N"
1755297,"2-[(2,6-Dichlorophenyl)amino]-2-oxoethyl 2-chloronicotinate",357.967865,"C14H9Cl3N2O3","c1cc(c(c(c1)Cl)NC(=O)COC(=O)c2cccnc2Cl)Cl","InChI=1S/C14H9Cl3N2O3/c15-9-4-1-5-10(16)12(9)19-11(20)7-22-14(21)8-3-2-6-18-13(8)17/h1-6H,7H2,(H,19,20)","BNQSKVNIAYIUNC-UHFFFAOYSA-N"
1760305,"2-[(2-Chlorophenyl)amino]-2-oxoethyl 5,6-dichloronicotinate",357.967865,"C14H9Cl3N2O3","c1ccc(c(c1)NC(=O)COC(=O)c2cc(c(nc2)Cl)Cl)Cl","InChI=1S/C14H9Cl3N2O3/c15-9-3-1-2-4-11(9)19-12(20)7-22-14(21)8-5-10(16)13(17)18-6-8/h1-6H,7H2,(H,19,20)","WBQRIDOUXVNDOK-UHFFFAOYSA-N"
1770315,"2-[(3,5-Dichloro-2-pyridinyl)amino]-2-oxoethyl 4-chlorobenzoate",357.967865,"C14H9Cl3N2O3","c1cc(ccc1C(=O)OCC(=O)Nc2c(cc(cn2)Cl)Cl)Cl","InChI=1S/C14H9Cl3N2O3/c15-9-3-1-8(2-4-9)14(21)22-7-12(20)19-13-11(17)5-10(16)6-18-13/h1-6H,7H2,(H,18,19,20)","GUFNAYLFVSGWLI-UHFFFAOYSA-N"
1771565,"2-[(3,5-Dichloro-2-pyridinyl)amino]-2-oxoethyl 2-chlorobenzoate",357.967865,"C14H9Cl3N2O3","c1ccc(c(c1)C(=O)OCC(=O)Nc2c(cc(cn2)Cl)Cl)Cl","InChI=1S/C14H9Cl3N2O3/c15-8-5-11(17)13(18-6-8)19-12(20)7-22-14(21)9-3-1-2-4-10(9)16/h1-6H,7H2,(H,18,19,20)","CNANBTOFLSTGGB-UHFFFAOYSA-N"
1773411,"2-[(3,5-Dichloro-2-pyridinyl)amino]-2-oxoethyl 3-chlorobenzoate",357.967865,"C14H9Cl3N2O3","c1cc(cc(c1)Cl)C(=O)OCC(=O)Nc2c(cc(cn2)Cl)Cl","InChI=1S/C14H9Cl3N2O3/c15-9-3-1-2-8(4-9)14(21)22-7-12(20)19-13-11(17)5-10(16)6-18-13/h1-6H,7H2,(H,18,19,20)","NRLHQIOBPYNYLM-UHFFFAOYSA-N"
1816964,"2-Oxo-2-[(2,4,5-trichlorophenyl)amino]ethyl isonicotinate",357.967865,"C14H9Cl3N2O3","c1cnccc1C(=O)OCC(=O)Nc2cc(c(cc2Cl)Cl)Cl","InChI=1S/C14H9Cl3N2O3/c15-9-5-11(17)12(6-10(9)16)19-13(20)7-22-14(21)8-1-3-18-4-2-8/h1-6H,7H2,(H,19,20)","VESKPKLMOONXFM-UHFFFAOYSA-N"
1835848,"N-(4-Chloro-3-nitrophenyl)-2-(2,6-dichlorophenyl)acetamide",357.967865,"C14H9Cl3N2O3","c1cc(c(c(c1)Cl)CC(=O)Nc2ccc(c(c2)[N+](=O)[O-])Cl)Cl","InChI=1S/C14H9Cl3N2O3/c15-10-2-1-3-11(16)9(10)7-14(20)18-8-4-5-12(17)13(6-8)19(21)22/h1-6H,7H2,(H,18,20)","IQHPYDYDKIDOMR-UHFFFAOYSA-N"
1848023,"2-[(5-Chloro-2-pyridinyl)amino]-2-oxoethyl 3,4-dichlorobenzoate",357.967865,"C14H9Cl3N2O3","c1cc(c(cc1C(=O)OCC(=O)Nc2ccc(cn2)Cl)Cl)Cl","InChI=1S/C14H9Cl3N2O3/c15-9-2-4-12(18-6-9)19-13(20)7-22-14(21)8-1-3-10(16)11(17)5-8/h1-6H,7H2,(H,18,19,20)","UPUPWBJDFBVIGJ-UHFFFAOYSA-N"
1854347,"2-Anilino-2-oxoethyl 3,4,5-trichloro-2-pyridinecarboxylate",357.967865,"C14H9Cl3N2O3","c1ccc(cc1)NC(=O)COC(=O)c2c(c(c(cn2)Cl)Cl)Cl","InChI=1S/C14H9Cl3N2O3/c15-9-6-18-13(12(17)11(9)16)14(21)22-7-10(20)19-8-4-2-1-3-5-8/h1-6H,7H2,(H,19,20)","JCSAUGWFKFCCCI-UHFFFAOYSA-N"
1854466,"2-[(2-Chlorophenyl)amino]-2-oxoethyl 3,6-dichloro-2-pyridinecarboxylate",357.967865,"C14H9Cl3N2O3","c1ccc(c(c1)NC(=O)COC(=O)c2c(ccc(n2)Cl)Cl)Cl","InChI=1S/C14H9Cl3N2O3/c15-8-3-1-2-4-10(8)18-12(20)7-22-14(21)13-9(16)5-6-11(17)19-13/h1-6H,7H2,(H,18,20)","JRBNTIOAOSRJEJ-UHFFFAOYSA-N"
1854511,"2-[(3-Chlorophenyl)amino]-2-oxoethyl 3,6-dichloro-2-pyridinecarboxylate",357.967865,"C14H9Cl3N2O3","c1cc(cc(c1)Cl)NC(=O)COC(=O)c2c(ccc(n2)Cl)Cl","InChI=1S/C14H9Cl3N2O3/c15-8-2-1-3-9(6-8)18-12(20)7-22-14(21)13-10(16)4-5-11(17)19-13/h1-6H,7H2,(H,18,20)","WKQWTYQVTPBDCL-UHFFFAOYSA-N"
1854523,"2-[(4-Chlorophenyl)amino]-2-oxoethyl 3,6-dichloro-2-pyridinecarboxylate",357.967865,"C14H9Cl3N2O3","c1cc(ccc1NC(=O)COC(=O)c2c(ccc(n2)Cl)Cl)Cl","InChI=1S/C14H9Cl3N2O3/c15-8-1-3-9(4-2-8)18-12(20)7-22-14(21)13-10(16)5-6-11(17)19-13/h1-6H,7H2,(H,18,20)","XVQJMLROMYZHAD-UHFFFAOYSA-N"
1856187,"2-[(2-Chloro-3-pyridinyl)amino]-2-oxoethyl 2,5-dichlorobenzoate",357.967865,"C14H9Cl3N2O3","c1cc(c(nc1)Cl)NC(=O)COC(=O)c2cc(ccc2Cl)Cl","InChI=1S/C14H9Cl3N2O3/c15-8-3-4-10(16)9(6-8)14(21)22-7-12(20)19-11-2-1-5-18-13(11)17/h1-6H,7H2,(H,19,20)","PCILAQMFLNFCCG-UHFFFAOYSA-N"
1857089,"2-[(2-Chloro-3-pyridinyl)amino]-2-oxoethyl 2,6-dichlorobenzoate",357.967865,"C14H9Cl3N2O3","c1cc(c(c(c1)Cl)C(=O)OCC(=O)Nc2cccnc2Cl)Cl","InChI=1S/C14H9Cl3N2O3/c15-8-3-1-4-9(16)12(8)14(21)22-7-11(20)19-10-5-2-6-18-13(10)17/h1-6H,7H2,(H,19,20)","VSRIDOKIAUHHBK-UHFFFAOYSA-N"
1857405,"2-[(5-Chloro-2-pyridinyl)amino]-2-oxoethyl 3,5-dichlorobenzoate",357.967865,"C14H9Cl3N2O3","c1cc(ncc1Cl)NC(=O)COC(=O)c2cc(cc(c2)Cl)Cl","InChI=1S/C14H9Cl3N2O3/c15-9-1-2-12(18-6-9)19-13(20)7-22-14(21)8-3-10(16)5-11(17)4-8/h1-6H,7H2,(H,18,19,20)","NASFEHOABJJVLF-UHFFFAOYSA-N"
1857406,"2-[(2-Chloro-3-pyridinyl)amino]-2-oxoethyl 3,5-dichlorobenzoate",357.967865,"C14H9Cl3N2O3","c1cc(c(nc1)Cl)NC(=O)COC(=O)c2cc(cc(c2)Cl)Cl","InChI=1S/C14H9Cl3N2O3/c15-9-4-8(5-10(16)6-9)14(21)22-7-12(20)19-11-2-1-3-18-13(11)17/h1-6H,7H2,(H,19,20)","DNIWZFYSMFKKMT-UHFFFAOYSA-N"
1873390,"4-({[(3,4-Dichlorophenyl)sulfonyl]amino}methyl)benzoate",357.971313,"C14H10Cl2NO4S","c1cc(ccc1CNS(=O)(=O)c2ccc(c(c2)Cl)Cl)C(=O)[O-]","InChI=1S/C14H11Cl2NO4S/c15-12-6-5-11(7-13(12)16)22(20,21)17-8-9-1-3-10(4-2-9)14(18)19/h1-7,17H,8H2,(H,18,19)/p-1","SCPFKPHYYPGMPS-UHFFFAOYSA-M"
1875087,"2-[(3,4-Dichlorophenyl)amino]-2-oxoethyl 2-chloronicotinate",357.967865,"C14H9Cl3N2O3","c1cc(c(nc1)Cl)C(=O)OCC(=O)Nc2ccc(c(c2)Cl)Cl","InChI=1S/C14H9Cl3N2O3/c15-10-4-3-8(6-11(10)16)19-12(20)7-22-14(21)9-2-1-5-18-13(9)17/h1-6H,7H2,(H,19,20)","URWJSQJHVCMPNO-UHFFFAOYSA-N"
1875124,"2-[(2,5-Dichlorophenyl)amino]-2-oxoethyl 2-chloronicotinate",357.967865,"C14H9Cl3N2O3","c1cc(c(nc1)Cl)C(=O)OCC(=O)Nc2cc(ccc2Cl)Cl","InChI=1S/C14H9Cl3N2O3/c15-8-3-4-10(16)11(6-8)19-12(20)7-22-14(21)9-2-1-5-18-13(9)17/h1-6H,7H2,(H,19,20)","FWQWGQZJJUNNNY-UHFFFAOYSA-N"
1875137,"2-[(3,5-Dichlorophenyl)amino]-2-oxoethyl 2-chloronicotinate",357.967865,"C14H9Cl3N2O3","c1cc(c(nc1)Cl)C(=O)OCC(=O)Nc2cc(cc(c2)Cl)Cl","InChI=1S/C14H9Cl3N2O3/c15-8-4-9(16)6-10(5-8)19-12(20)7-22-14(21)11-2-1-3-18-13(11)17/h1-6H,7H2,(H,19,20)","LFWCAQMJXVUXEK-UHFFFAOYSA-N"
1875200,"2-[(2,4-Dichlorophenyl)amino]-2-oxoethyl 2-chloronicotinate",357.967865,"C14H9Cl3N2O3","c1cc(c(nc1)Cl)C(=O)OCC(=O)Nc2ccc(cc2Cl)Cl","InChI=1S/C14H9Cl3N2O3/c15-8-3-4-11(10(16)6-8)19-12(20)7-22-14(21)9-2-1-5-18-13(9)17/h1-6H,7H2,(H,19,20)","QXSNWZXLWPRDFX-UHFFFAOYSA-N"
1875203,"2-[(2,3-Dichlorophenyl)amino]-2-oxoethyl 2-chloronicotinate",357.967865,"C14H9Cl3N2O3","c1cc(c(c(c1)Cl)Cl)NC(=O)COC(=O)c2cccnc2Cl","InChI=1S/C14H9Cl3N2O3/c15-9-4-1-5-10(12(9)16)19-11(20)7-22-14(21)8-3-2-6-18-13(8)17/h1-6H,7H2,(H,19,20)","YTNJYLRGINZAPU-UHFFFAOYSA-N"
1897739,"2-[(2-Chloro-3-pyridinyl)amino]-2-oxoethyl 3,4-dichlorobenzoate",357.967865,"C14H9Cl3N2O3","c1cc(c(nc1)Cl)NC(=O)COC(=O)c2ccc(c(c2)Cl)Cl","InChI=1S/C14H9Cl3N2O3/c15-9-4-3-8(6-10(9)16)14(21)22-7-12(20)19-11-2-1-5-18-13(11)17/h1-6H,7H2,(H,19,20)","WZDGNFYFOCDMDJ-UHFFFAOYSA-N"
1927559,"2-[(2,3-Dichlorophenyl)amino]-2-oxoethyl 6-chloronicotinate",357.967865,"C14H9Cl3N2O3","c1cc(c(c(c1)Cl)Cl)NC(=O)COC(=O)c2ccc(nc2)Cl","InChI=1S/C14H9Cl3N2O3/c15-9-2-1-3-10(13(9)17)19-12(20)7-22-14(21)8-4-5-11(16)18-6-8/h1-6H,7H2,(H,19,20)","URIKOAZXBALDRK-UHFFFAOYSA-N"
1927581,"2-[(2,6-Dichlorophenyl)amino]-2-oxoethyl 6-chloronicotinate",357.967865,"C14H9Cl3N2O3","c1cc(c(c(c1)Cl)NC(=O)COC(=O)c2ccc(nc2)Cl)Cl","InChI=1S/C14H9Cl3N2O3/c15-9-2-1-3-10(16)13(9)19-12(20)7-22-14(21)8-4-5-11(17)18-6-8/h1-6H,7H2,(H,19,20)","OYDFUDWKRGVJQM-UHFFFAOYSA-N"
1943583,"2-[(2-Chloro-3-pyridinyl)amino]-2-oxoethyl 2,3-dichlorobenzoate",357.967865,"C14H9Cl3N2O3","c1cc(c(c(c1)Cl)Cl)C(=O)OCC(=O)Nc2cccnc2Cl","InChI=1S/C14H9Cl3N2O3/c15-9-4-1-3-8(12(9)16)14(21)22-7-11(20)19-10-5-2-6-18-13(10)17/h1-6H,7H2,(H,19,20)","MYOMVZVTQPRMKN-UHFFFAOYSA-N"
1948315,"2-Oxo-2-[(2,4,6-trichlorophenyl)amino]ethyl 2-pyridinecarboxylate",357.967865,"C14H9Cl3N2O3","c1ccnc(c1)C(=O)OCC(=O)Nc2c(cc(cc2Cl)Cl)Cl","InChI=1S/C14H9Cl3N2O3/c15-8-5-9(16)13(10(17)6-8)19-12(20)7-22-14(21)11-3-1-2-4-18-11/h1-6H,7H2,(H,19,20)","IKIBSZKGKBGNIT-UHFFFAOYSA-N"
1948325,"2-Oxo-2-[(2,4,5-trichlorophenyl)amino]ethyl 2-pyridinecarboxylate",357.967865,"C14H9Cl3N2O3","c1ccnc(c1)C(=O)OCC(=O)Nc2cc(c(cc2Cl)Cl)Cl","InChI=1S/C14H9Cl3N2O3/c15-8-5-10(17)12(6-9(8)16)19-13(20)7-22-14(21)11-3-1-2-4-18-11/h1-6H,7H2,(H,19,20)","HHIDKRWQZBKBKH-UHFFFAOYSA-N"
1997769,"4-Chloro-N-(2,4-dichlorobenzyl)-3-nitrobenzamide",357.967865,"C14H9Cl3N2O3","c1cc(c(cc1C(=O)NCc2ccc(cc2Cl)Cl)[N+](=O)[O-])Cl","InChI=1S/C14H9Cl3N2O3/c15-10-3-1-9(12(17)6-10)7-18-14(20)8-2-4-11(16)13(5-8)19(21)22/h1-6H,7H2,(H,18,20)","MZXMDFFEQKQWQU-UHFFFAOYSA-N"
1997773,"2-Chloro-N-(2,4-dichlorobenzyl)-5-nitrobenzamide",357.967865,"C14H9Cl3N2O3","c1cc(c(cc1[N+](=O)[O-])C(=O)NCc2ccc(cc2Cl)Cl)Cl","InChI=1S/C14H9Cl3N2O3/c15-9-2-1-8(13(17)5-9)7-18-14(20)11-6-10(19(21)22)3-4-12(11)16/h1-6H,7H2,(H,18,20)","GJJQLBQKNSOZQL-UHFFFAOYSA-N"
1997803,"5-Chloro-N-(2,4-dichlorobenzyl)-2-nitrobenzamide",357.967865,"C14H9Cl3N2O3","c1cc(c(cc1Cl)Cl)CNC(=O)c2cc(ccc2[N+](=O)[O-])Cl","InChI=1S/C14H9Cl3N2O3/c15-9-3-4-13(19(21)22)11(5-9)14(20)18-7-8-1-2-10(16)6-12(8)17/h1-6H,7H2,(H,18,20)","HHSNHNVXPCWVHM-UHFFFAOYSA-N"
2124890,"1,1'-Methylenebis(3-methylpyridinium) dibromide",357.968018,"C13H16Br2N2","Cc1ccc[n+](c1)C[n+]2cccc(c2)C.[Br-].[Br-]","InChI=1S/C13H16N2.2BrH/c1-12-5-3-7-14(9-12)11-15-8-4-6-13(2)10-15;;/h3-10H,11H2,1-2H3;2*1H/q+2;;/p-2","JGJFRNMRBQAPIU-UHFFFAOYSA-L"
2329535,"N-{2,2,2-Trichloro-1-[(isopropylideneamino)oxy]ethyl}benzenesulfonamide",357.971252,"C11H13Cl3N2O3S","CC(=NOC(C(Cl)(Cl)Cl)NS(=O)(=O)c1ccccc1)C","InChI=1S/C11H13Cl3N2O3S/c1-8(2)15-19-10(11(12,13)14)16-20(17,18)9-6-4-3-5-7-9/h3-7,10,16H,1-2H3","UMGMXICUAIEOBS-UHFFFAOYSA-N"
2589185,"3-Methyl-2-nitro-N-(2,4,5-trichlorophenyl)benzamide",357.967865,"C14H9Cl3N2O3","Cc1cccc(c1[N+](=O)[O-])C(=O)Nc2cc(c(cc2Cl)Cl)Cl","InChI=1S/C14H9Cl3N2O3/c1-7-3-2-4-8(13(7)19(21)22)14(20)18-12-6-10(16)9(15)5-11(12)17/h2-6H,1H3,(H,18,20)","JKKIWJIJUKERBB-UHFFFAOYSA-N"
2629964,"2-(2-Nitrophenyl)-N-(2,4,5-trichlorophenyl)acetamide",357.967865,"C14H9Cl3N2O3","c1ccc(c(c1)CC(=O)Nc2cc(c(cc2Cl)Cl)Cl)[N+](=O)[O-]","InChI=1S/C14H9Cl3N2O3/c15-9-6-11(17)12(7-10(9)16)18-14(20)5-8-3-1-2-4-13(8)19(21)22/h1-4,6-7H,5H2,(H,18,20)","JWDJQSSCPFGGJY-UHFFFAOYSA-N"
2745377,"2-(4-Nitrophenyl)-N-(2,4,5-trichlorophenyl)acetamide",357.967865,"C14H9Cl3N2O3","c1cc(ccc1CC(=O)Nc2cc(c(cc2Cl)Cl)Cl)[N+](=O)[O-]","InChI=1S/C14H9Cl3N2O3/c15-10-6-12(17)13(7-11(10)16)18-14(20)5-8-1-3-9(4-2-8)19(21)22/h1-4,6-7H,5H2,(H,18,20)","ZQDPPDAGYKIMGJ-UHFFFAOYSA-N"
2806129,"5-(Benzylsulfamoyl)-2,4-dichlorobenzoate",357.971313,"C14H10Cl2NO4S","c1ccc(cc1)CNS(=O)(=O)c2cc(c(cc2Cl)Cl)C(=O)[O-]","InChI=1S/C14H11Cl2NO4S/c15-11-7-12(16)13(6-10(11)14(18)19)22(20,21)17-8-9-4-2-1-3-5-9/h1-7,17H,8H2,(H,18,19)/p-1","NLOHTPTUOBAQEO-UHFFFAOYSA-M"
2846531,"2-[(5-Chloro-2-pyridinyl)amino]-2-oxoethyl 2,6-dichlorobenzoate",357.967865,"C14H9Cl3N2O3","c1cc(c(c(c1)Cl)C(=O)OCC(=O)Nc2ccc(cn2)Cl)Cl","InChI=1S/C14H9Cl3N2O3/c15-8-4-5-11(18-6-8)19-12(20)7-22-14(21)13-9(16)2-1-3-10(13)17/h1-6H,7H2,(H,18,19,20)","IPMOYHXWZORPIS-UHFFFAOYSA-N"
3339307,"Methyl 8'-bromo-5'H-spiro[1,3-dithiolane-2,9'-pentacyclo[4.4.0.0~2,5~.0~3,8~.0~4,7~]decane]-5'-carboxylate",357.969666,"C14H15BrO2S2","COC(=O)C12C3C4C1C5C2C3C5(C6(C4)SCCS6)Br","InChI=1S/C14H15BrO2S2/c1-17-11(16)13-6-5-4-12(18-2-3-19-12)14(15)9(6)8(13)10(14)7(5)13/h5-10H,2-4H2,1H3","QXEYKUYDOGJKCT-UHFFFAOYSA-N"
3339661,"{[(3,4-Dichlorophenyl)sulfonyl](phenyl)amino}acetate",357.971313,"C14H10Cl2NO4S","c1ccc(cc1)N(CC(=O)[O-])S(=O)(=O)c2ccc(c(c2)Cl)Cl","InChI=1S/C14H11Cl2NO4S/c15-12-7-6-11(8-13(12)16)22(20,21)17(9-14(18)19)10-4-2-1-3-5-10/h1-8H,9H2,(H,18,19)/p-1","PLHNXRJDEJERED-UHFFFAOYSA-M"
3344078,"3-Methyl-4-nitro-N-(2,4,5-trichlorophenyl)benzamide",357.967865,"C14H9Cl3N2O3","Cc1cc(ccc1[N+](=O)[O-])C(=O)Nc2cc(c(cc2Cl)Cl)Cl","InChI=1S/C14H9Cl3N2O3/c1-7-4-8(2-3-13(7)19(21)22)14(20)18-12-6-10(16)9(15)5-11(12)17/h2-6H,1H3,(H,18,20)","WIGMXTFOPVFSOU-UHFFFAOYSA-N"
3352827,"4-Chloro-N-(3,4-dichlorobenzyl)-2-nitrobenzamide",357.967865,"C14H9Cl3N2O3","c1cc(c(cc1CNC(=O)c2ccc(cc2[N+](=O)[O-])Cl)Cl)Cl","InChI=1S/C14H9Cl3N2O3/c15-9-2-3-10(13(6-9)19(21)22)14(20)18-7-8-1-4-11(16)12(17)5-8/h1-6H,7H2,(H,18,20)","GNFVKQXJLQYXAP-UHFFFAOYSA-N"
3369729,"(3-Carboxyphenyl)(chloro)mercury",357.968414,"C7H5ClHgO2","c1cc(cc(c1)[Hg]Cl)C(=O)O","InChI=1S/C7H5O2.ClH.Hg/c8-7(9)6-4-2-1-3-5-6;;/h1-2,4-5H,(H,8,9);1H;/q;;+1/p-1","BAIPFMZNKWGCDN-UHFFFAOYSA-M"
3511706,"N-Ethyl-N~2~-(methylsulfonyl)-N~2~-(2,4,5-trichlorophenyl)glycinamide",357.971252,"C11H13Cl3N2O3S","CCNC(=O)CN(c1cc(c(cc1Cl)Cl)Cl)S(=O)(=O)C","InChI=1S/C11H13Cl3N2O3S/c1-3-15-11(17)6-16(20(2,18)19)10-5-8(13)7(12)4-9(10)14/h4-5H,3,6H2,1-2H3,(H,15,17)","BGIJVGQTWVKIDC-UHFFFAOYSA-N"
3580212,"4-Chloro-3-{[(3,4-dichlorophenyl)carbamoyl]amino}benzoic acid",357.967865,"C14H9Cl3N2O3","c1cc(c(cc1C(=O)O)NC(=O)Nc2ccc(c(c2)Cl)Cl)Cl","InChI=1S/C14H9Cl3N2O3/c15-9-4-2-8(6-11(9)17)18-14(22)19-12-5-7(13(20)21)1-3-10(12)16/h1-6H,(H,20,21)(H2,18,19,22)","FLDMAVVAPOWBLP-UHFFFAOYSA-N"
3616433,"(2,3,5,6-Tetrachloro-1,4-phenylene)bis(trimethylsilane)",357.970123,"C12H18Cl4Si2","C[Si](C)(C)c1c(c(c(c(c1Cl)Cl)[Si](C)(C)C)Cl)Cl","InChI=1S/C12H18Cl4Si2/c1-17(2,3)11-7(13)9(15)12(18(4,5)6)10(16)8(11)14/h1-6H3","UVSWEBXPEWPVDH-UHFFFAOYSA-N"
3725386,"3,5,6-Trichloro-4-[(E)-(2-methoxybenzylidene)amino]-2-pyridinecarboxylic acid",357.967865,"C14H9Cl3N2O3","COc1ccccc1/C=N/c2c(c(nc(c2Cl)Cl)C(=O)O)Cl","InChI=1S/C14H9Cl3N2O3/c1-22-8-5-3-2-4-7(8)6-18-11-9(15)12(14(20)21)19-13(17)10(11)16/h2-6H,1H3,(H,20,21)/b18-6+","XHAVRIZWLRXUSD-NGYBGAFCSA-N"
3775193,"3-{[(2,4,5-Trichlorophenyl)carbamoyl]amino}benzoic acid",357.967865,"C14H9Cl3N2O3","c1cc(cc(c1)NC(=O)Nc2cc(c(cc2Cl)Cl)Cl)C(=O)O","InChI=1S/C14H9Cl3N2O3/c15-9-5-11(17)12(6-10(9)16)19-14(22)18-8-3-1-2-7(4-8)13(20)21/h1-6H,(H,20,21)(H2,18,19,22)","BHMIPYZRDQYTNQ-UHFFFAOYSA-N"
3790911,"(3,4,5,6-Tetrachloro-1,2-phenylene)bis(trimethylsilane)",357.970123,"C12H18Cl4Si2","C[Si](C)(C)c1c(c(c(c(c1Cl)Cl)Cl)Cl)[Si](C)(C)C","InChI=1S/C12H18Cl4Si2/c1-17(2,3)11-9(15)7(13)8(14)10(16)12(11)18(4,5)6/h1-6H3","YHIAKFLPOMCGAL-UHFFFAOYSA-N"
3795137,"Methyl 6-[(2,4,6-trichlorophenyl)carbamoyl]-2-pyridinecarboxylate",357.967865,"C14H9Cl3N2O3","COC(=O)c1cccc(n1)C(=O)Nc2c(cc(cc2Cl)Cl)Cl","InChI=1S/C14H9Cl3N2O3/c1-22-14(21)11-4-2-3-10(18-11)13(20)19-12-8(16)5-7(15)6-9(12)17/h2-6H,1H3,(H,19,20)","JDGDCJJQGTXGLH-UHFFFAOYSA-N"
3960018,"2-{[(4-Bromo-1H-pyrazol-1-yl)methyl]sulfanyl}-6-(difluoromethyl)-4-methylnicotinonitrile",357.96994,"C12H9BrF2N4S","Cc1cc(nc(c1C#N)SCn2cc(cn2)Br)C(F)F","InChI=1S/C12H9BrF2N4S/c1-7-2-10(11(14)15)18-12(9(7)3-16)20-6-19-5-8(13)4-17-19/h2,4-5,11H,6H2,1H3","ZHJKQXHTOOUAKZ-UHFFFAOYSA-N"
4024488,"N-(2-Chloro-4-nitrophenyl)-2-(2,6-dichlorophenyl)acetamide",357.967865,"C14H9Cl3N2O3","c1cc(c(c(c1)Cl)CC(=O)Nc2ccc(cc2Cl)[N+](=O)[O-])Cl","InChI=1S/C14H9Cl3N2O3/c15-10-2-1-3-11(16)9(10)7-14(20)18-13-5-4-8(19(21)22)6-12(13)17/h1-6H,7H2,(H,18,20)","AXWCXFSXJXEHEO-UHFFFAOYSA-N"
4113671,"2-Furylmethyl 3-iodo-4-methoxybenzoate",357.970184,"C13H11IO4","COc1ccc(cc1I)C(=O)OCc2ccco2","InChI=1S/C13H11IO4/c1-16-12-5-4-9(7-11(12)14)13(15)18-8-10-3-2-6-17-10/h2-7H,8H2,1H3","KNRMGYDTJWFNRV-UHFFFAOYSA-N"
4331721,"2-[(5-Chloro-2-pyridinyl)amino]-2-oxoethyl 2,5-dichlorobenzoate",357.967865,"C14H9Cl3N2O3","c1cc(c(cc1Cl)C(=O)OCC(=O)Nc2ccc(cn2)Cl)Cl","InChI=1S/C14H9Cl3N2O3/c15-8-1-3-11(17)10(5-8)14(21)22-7-13(20)19-12-4-2-9(16)6-18-12/h1-6H,7H2,(H,18,19,20)","HBRBSICCBQAFMT-UHFFFAOYSA-N"
4364074,"N-(2,4-Dichlorophenyl)-2-[(5-nitro-2-furyl)methylene]hydrazinecarbothioamide",357.969421,"C12H8Cl2N4O3S","c1cc(c(cc1Cl)Cl)NC(=S)NN=Cc2ccc(o2)[N+](=O)[O-]","InChI=1S/C12H8Cl2N4O3S/c13-7-1-3-10(9(14)5-7)16-12(22)17-15-6-8-2-4-11(21-8)18(19)20/h1-6H,(H2,16,17,22)","MFQFFTYNBDRJJA-UHFFFAOYSA-N"
4374082,"2-Chloro-N-(3,4-dichlorobenzyl)-5-nitrobenzamide",357.967865,"C14H9Cl3N2O3","c1cc(c(cc1CNC(=O)c2cc(ccc2Cl)[N+](=O)[O-])Cl)Cl","InChI=1S/C14H9Cl3N2O3/c15-11-4-2-9(19(21)22)6-10(11)14(20)18-7-8-1-3-12(16)13(17)5-8/h1-6H,7H2,(H,18,20)","FTZPUNJHTOQBHE-UHFFFAOYSA-N"
4510750,"(Z)-2-Chloro-1-(2,5-dichlorophenyl)vinyl diethyl phosphate",357.969513,"C12H14Cl3O4P","CCOP(=O)(OCC)O/C(=C\Cl)/c1cc(ccc1Cl)Cl","InChI=1S/C12H14Cl3O4P/c1-3-17-20(16,18-4-2)19-12(8-13)10-7-9(14)5-6-11(10)15/h5-8H,3-4H2,1-2H3/b12-8-","SRZOWOUWGAIUTI-WQLSENKSSA-N"
4526760,"(Z)-Chlorfenvinfos",357.969513,"C12H14Cl3O4P","CCOP(=O)(OCC)O/C(=C\Cl)/c1ccc(cc1Cl)Cl","InChI=1S/C12H14Cl3O4P/c1-3-17-20(16,18-4-2)19-12(8-13)10-6-5-9(14)7-11(10)15/h5-8H,3-4H2,1-2H3/b12-8-","FSAVDKDHPDSCTO-WQLSENKSSA-N"
4526766,"(E)-Chlorfenvinfos",357.969513,"C12H14Cl3O4P","CCOP(=O)(OCC)O/C(=C/Cl)/c1ccc(cc1Cl)Cl","InChI=1S/C12H14Cl3O4P/c1-3-17-20(16,18-4-2)19-12(8-13)10-6-5-9(14)7-11(10)15/h5-8H,3-4H2,1-2H3/b12-8+","FSAVDKDHPDSCTO-XYOKQWHBSA-N"
4577317,"1-(2,5-Dichlorophenyl)-3-[(2,4,6-trioxotetrahydro-5(2H)-pyrimidinylidene)methyl]thiourea",357.969421,"C12H8Cl2N4O3S","c1cc(c(cc1Cl)NC(=S)NC=C2C(=O)NC(=O)NC2=O)Cl","InChI=1S/C12H8Cl2N4O3S/c13-5-1-2-7(14)8(3-5)16-12(22)15-4-6-9(19)17-11(21)18-10(6)20/h1-4H,(H2,15,16,22)(H2,17,18,19,20,21)","BIYAEUWNDSLMHI-UHFFFAOYSA-N"
4702627,"(E)-2-Chlor-1-(2,5-dichlorphenyl)vinyl-diethylphosphat",357.969513,"C12H14Cl3O4P","CCOP(=O)(OCC)O/C(=C/Cl)/c1cc(ccc1Cl)Cl","InChI=1S/C12H14Cl3O4P/c1-3-17-20(16,18-4-2)19-12(8-13)10-7-9(14)5-6-11(10)15/h5-8H,3-4H2,1-2H3/b12-8+","SRZOWOUWGAIUTI-XYOKQWHBSA-N"
4876021,"(2Z)-N-(2,4-Dichlorophenyl)-2-[(5-nitro-2-furyl)methylene]hydrazinecarbothioamide",357.969421,"C12H8Cl2N4O3S","c1cc(c(cc1Cl)Cl)NC(=S)N/N=C\c2ccc(o2)[N+](=O)[O-]","InChI=1S/C12H8Cl2N4O3S/c13-7-1-3-10(9(14)5-7)16-12(22)17-15-6-8-2-4-11(21-8)18(19)20/h1-6H,(H2,16,17,22)/b15-6-","MFQFFTYNBDRJJA-UUASQNMZSA-N"
4906969,"(1Z)-2-Bromo-1-(4-bromophenyl)-N-(1-piperidinyl)ethanimine",357.968018,"C13H16Br2N2","c1cc(ccc1/C(=N/N2CCCCC2)/CBr)Br","InChI=1S/C13H16Br2N2/c14-10-13(11-4-6-12(15)7-5-11)16-17-8-2-1-3-9-17/h4-7H,1-3,8-10H2/b16-13+","KAXANEVIQHRYOD-DTQAZKPQSA-N"
4949306,"(E)-2-Chloro-1-(3,4-dichlorophenyl)vinyl diethyl phosphate",357.969513,"C12H14Cl3O4P","CCOP(=O)(OCC)O/C(=C/Cl)/c1ccc(c(c1)Cl)Cl","InChI=1S/C12H14Cl3O4P/c1-3-17-20(16,18-4-2)19-12(8-13)9-5-6-10(14)11(15)7-9/h5-8H,3-4H2,1-2H3/b12-8+","YHJIFYWHTFZTHE-XYOKQWHBSA-N"
5350433,"2,4-Dichloro-5-[(3-methylphenyl)sulfamoyl]benzoate",357.971313,"C14H10Cl2NO4S","O=S(=O)(c1cc(c(Cl)cc1Cl)C([O-])=O)Nc2cc(ccc2)C","InChI=1S/C14H11Cl2NO4S/c1-8-3-2-4-9(5-8)17-22(20,21)13-6-10(14(18)19)11(15)7-12(13)16/h2-7,17H,1H3,(H,18,19)/p-1","SCLMHOXYPVUESX-UHFFFAOYSA-M"
5387016,"(4-{[(3,4-Dichlorophenyl)sulfonyl]amino}phenyl)acetate",357.971313,"C14H10Cl2NO4S","Clc1ccc(cc1Cl)S(=O)(=O)Nc2ccc(cc2)CC([O-])=O","InChI=1S/C14H11Cl2NO4S/c15-12-6-5-11(8-13(12)16)22(20,21)17-10-3-1-9(2-4-10)7-14(18)19/h1-6,8,17H,7H2,(H,18,19)/p-1","JHDALBMVZPHSDO-UHFFFAOYSA-M"
5402777,"(4-{[(2,6-Dichlorophenyl)sulfonyl]amino}phenyl)acetate",357.971313,"C14H10Cl2NO4S","O=S(=O)(c1c(Cl)cccc1Cl)Nc2ccc(cc2)CC([O-])=O","InChI=1S/C14H11Cl2NO4S/c15-11-2-1-3-12(16)14(11)22(20,21)17-10-6-4-9(5-7-10)8-13(18)19/h1-7,17H,8H2,(H,18,19)/p-1","BNGNFYNUGMICCS-UHFFFAOYSA-M"
5402778,"(4-{[(3,5-Dichlorophenyl)sulfonyl]amino}phenyl)acetate",357.971313,"C14H10Cl2NO4S","Clc1cc(cc(Cl)c1)S(=O)(=O)Nc2ccc(cc2)CC([O-])=O","InChI=1S/C14H11Cl2NO4S/c15-10-6-11(16)8-13(7-10)22(20,21)17-12-3-1-9(2-4-12)5-14(18)19/h1-4,6-8,17H,5H2,(H,18,19)/p-1","JAUAEDGJPQQDIJ-UHFFFAOYSA-M"
5418241,"4-Chloro-3-[(3-chloro-4-methylphenyl)sulfamoyl]benzoate",357.971313,"C14H10Cl2NO4S","Clc2cc(NS(=O)(=O)c1cc(C([O-])=O)ccc1Cl)ccc2C","InChI=1S/C14H11Cl2NO4S/c1-8-2-4-10(7-12(8)16)17-22(20,21)13-6-9(14(18)19)3-5-11(13)15/h2-7,17H,1H3,(H,18,19)/p-1","NVBDESMQYRNCMG-UHFFFAOYSA-M"
5503225,"(2S)-2-Chloro-N'-[(2,4-dichloro-6-methylphenyl)sulfonyl]-3-methoxypropanimidamide",357.971252,"C11H13Cl3N2O3S","O=S(=O)(N=C(N)[C@H](Cl)COC)c1c(cc(Cl)cc1Cl)C","InChI=1S/C11H13Cl3N2O3S/c1-6-3-7(12)4-8(13)10(6)20(17,18)16-11(15)9(14)5-19-2/h3-4,9H,5H2,1-2H3,(H2,15,16)/t9-/m1/s1","VYZGISWRCPMPFS-SECBINFHSA-N"
5503227,"(2R)-2-Chloro-N'-[(2,4-dichloro-6-methylphenyl)sulfonyl]-3-methoxypropanimidamide",357.971252,"C11H13Cl3N2O3S","O=S(=O)(N=C(N)[C@@H](Cl)COC)c1c(cc(Cl)cc1Cl)C","InChI=1S/C11H13Cl3N2O3S/c1-6-3-7(12)4-8(13)10(6)20(17,18)16-11(15)9(14)5-19-2/h3-4,9H,5H2,1-2H3,(H2,15,16)/t9-/m0/s1","VYZGISWRCPMPFS-VIFPVBQESA-N"
5641839,"2-[(2,4-Dichlorobenzoyl)amino]-5-methylbenzenesulfonate",357.971313,"C14H10Cl2NO4S","O=C(c1ccc(Cl)cc1Cl)Nc2ccc(cc2S([O-])(=O)=O)C","InChI=1S/C14H11Cl2NO4S/c1-8-2-5-12(13(6-8)22(19,20)21)17-14(18)10-4-3-9(15)7-11(10)16/h2-7H,1H3,(H,17,18)(H,19,20,21)/p-1","IWFFTESYXGHMNH-UHFFFAOYSA-M"
5654203,"{(3-Chlorophenyl)[(4-chlorophenyl)sulfonyl]amino}acetate",357.971313,"C14H10Cl2NO4S","Clc2cc(N(S(=O)(=O)c1ccc(Cl)cc1)CC([O-])=O)ccc2","InChI=1S/C14H11Cl2NO4S/c15-10-4-6-13(7-5-10)22(20,21)17(9-14(18)19)12-3-1-2-11(16)8-12/h1-8H,9H2,(H,18,19)/p-1","YAXXIYMQPVQZRV-UHFFFAOYSA-M"
5658079,"[(3,4-Dichlorophenyl)(phenylsulfonyl)amino]acetate",357.971313,"C14H10Cl2NO4S","Clc2ccc(N(CC([O-])=O)S(=O)(=O)c1ccccc1)cc2Cl","InChI=1S/C14H11Cl2NO4S/c15-12-7-6-10(8-13(12)16)17(9-14(18)19)22(20,21)11-4-2-1-3-5-11/h1-8H,9H2,(H,18,19)/p-1","NESLCZROXOJZBQ-UHFFFAOYSA-M"
5759230,"[(2,4-Dichlorophenyl)(phenylsulfonyl)amino]acetate",357.971313,"C14H10Cl2NO4S","Clc2cc(Cl)ccc2N(S(=O)(=O)c1ccccc1)CC([O-])=O","InChI=1S/C14H11Cl2NO4S/c15-10-6-7-13(12(16)8-10)17(9-14(18)19)22(20,21)11-4-2-1-3-5-11/h1-8H,9H2,(H,18,19)/p-1","IKXRNQYDJBANCF-UHFFFAOYSA-M"
5760241,"[(3,5-Dichlorophenyl)(phenylsulfonyl)amino]acetate",357.971313,"C14H10Cl2NO4S","Clc2cc(N(CC([O-])=O)S(=O)(=O)c1ccccc1)cc(Cl)c2","InChI=1S/C14H11Cl2NO4S/c15-10-6-11(16)8-12(7-10)17(9-14(18)19)22(20,21)13-4-2-1-3-5-13/h1-8H,9H2,(H,18,19)/p-1","KQJUCUFKRRNOIR-UHFFFAOYSA-M"
5774400,"[(2,3-Dichlorophenyl)(phenylsulfonyl)amino]acetate",357.971313,"C14H10Cl2NO4S","Clc2c(N(CC([O-])=O)S(=O)(=O)c1ccccc1)cccc2Cl","InChI=1S/C14H11Cl2NO4S/c15-11-7-4-8-12(14(11)16)17(9-13(18)19)22(20,21)10-5-2-1-3-6-10/h1-8H,9H2,(H,18,19)/p-1","RSYKBWLZHNTQLQ-UHFFFAOYSA-M"
6170743,"2-[(2-Chloro-3-pyridinyl)amino]-2-oxoethyl 2,4-dichlorobenzoate",357.967865,"C14H9Cl3N2O3","Clc2ncccc2NC(=O)COC(=O)c1ccc(Cl)cc1Cl","InChI=1S/C14H9Cl3N2O3/c15-8-3-4-9(10(16)6-8)14(21)22-7-12(20)19-11-2-1-5-18-13(11)17/h1-6H,7H2,(H,19,20)","ILNRIBMICVXOTQ-UHFFFAOYSA-N"
6180815,"2-[(5-Chloro-2-pyridinyl)amino]-2-oxoethyl 2,4-dichlorobenzoate",357.967865,"C14H9Cl3N2O3","O=C(Nc1ncc(Cl)cc1)COC(=O)c2ccc(Cl)cc2Cl","InChI=1S/C14H9Cl3N2O3/c15-8-1-3-10(11(17)5-8)14(21)22-7-13(20)19-12-4-2-9(16)6-18-12/h1-6H,7H2,(H,18,19,20)","WVEFFYVDMXJSFF-UHFFFAOYSA-N"
6273592,"2,4-Dichloro-5-[(2-methylphenyl)sulfamoyl]benzoate",357.971313,"C14H10Cl2NO4S","O=S(=O)(c1cc(c(Cl)cc1Cl)C([O-])=O)Nc2ccccc2C","InChI=1S/C14H11Cl2NO4S/c1-8-4-2-3-5-12(8)17-22(20,21)13-6-9(14(18)19)10(15)7-11(13)16/h2-7,17H,1H3,(H,18,19)/p-1","YUXBKFBREPHKLE-UHFFFAOYSA-M"
6460568,"(2Z)-N-(3,4-Dichlorophenyl)-2-[(5-nitro-2-furyl)methylene]hydrazinecarbothioamide",357.969421,"C12H8Cl2N4O3S","O=[N+]([O-])c2oc(\C=N/NC(=S)Nc1ccc(Cl)c(Cl)c1)cc2","InChI=1S/C12H8Cl2N4O3S/c13-9-3-1-7(5-10(9)14)16-12(22)17-15-6-8-2-4-11(21-8)18(19)20/h1-6H,(H2,16,17,22)/b15-6-","FFYKCOXJQQHBCC-UUASQNMZSA-N"
6495539,"3-{[(3,4-Dichlorophenyl)sulfonyl]amino}-4-methylbenzoate",357.971313,"C14H10Cl2NO4S","Clc1ccc(cc1Cl)S(=O)(=O)Nc2cc(C([O-])=O)ccc2C","InChI=1S/C14H11Cl2NO4S/c1-8-2-3-9(14(18)19)6-13(8)17-22(20,21)10-4-5-11(15)12(16)7-10/h2-7,17H,1H3,(H,18,19)/p-1","YZPPPFJUOGSMSR-UHFFFAOYSA-M"
6495543,"3-{[(2,5-Dichlorophenyl)sulfonyl]amino}-4-methylbenzoate",357.971313,"C14H10Cl2NO4S","O=S(=O)(c1cc(Cl)ccc1Cl)Nc2cc(C([O-])=O)ccc2C","InChI=1S/C14H11Cl2NO4S/c1-8-2-3-9(14(18)19)6-12(8)17-22(20,21)13-7-10(15)4-5-11(13)16/h2-7,17H,1H3,(H,18,19)/p-1","XEUKRUCQGBASKI-UHFFFAOYSA-M"
6495564,"3-{[(2,3-Dichlorophenyl)sulfonyl]amino}-4-methylbenzoate",357.971313,"C14H10Cl2NO4S","Clc1c(cccc1Cl)S(=O)(=O)Nc2cc(C([O-])=O)ccc2C","InChI=1S/C14H11Cl2NO4S/c1-8-5-6-9(14(18)19)7-11(8)17-22(20,21)12-4-2-3-10(15)13(12)16/h2-7,17H,1H3,(H,18,19)/p-1","MXMQZXFXXBOTDD-UHFFFAOYSA-M"
6495574,"3-{[(3,5-Dichlorophenyl)sulfonyl]amino}-4-methylbenzoate",357.971313,"C14H10Cl2NO4S","Clc1cc(cc(Cl)c1)S(=O)(=O)Nc2cc(C([O-])=O)ccc2C","InChI=1S/C14H11Cl2NO4S/c1-8-2-3-9(14(18)19)4-13(8)17-22(20,21)12-6-10(15)5-11(16)7-12/h2-7,17H,1H3,(H,18,19)/p-1","DNSBNEXLYWQHCZ-UHFFFAOYSA-M"
6996412,"3,4,5-Trichloro-N-(2,3-dihydro-1,4-benzodioxin-6-yl)-2-pyridinecarboxamide",357.967865,"C14H9Cl3N2O3","Clc1c(Cl)c(Cl)cnc1C(=O)Nc2ccc3OCCOc3c2","InChI=1S/C14H9Cl3N2O3/c15-8-6-18-13(12(17)11(8)16)14(20)19-7-1-2-9-10(5-7)22-4-3-21-9/h1-2,5-6H,3-4H2,(H,19,20)","RMGJCMYJZNWJQD-UHFFFAOYSA-N"
6999463,"[(2,5-Dichlorophenyl)(phenylsulfonyl)amino]acetate",357.971313,"C14H10Cl2NO4S","Clc2ccc(Cl)cc2N(S(=O)(=O)c1ccccc1)CC([O-])=O","InChI=1S/C14H11Cl2NO4S/c15-10-6-7-12(16)13(8-10)17(9-14(18)19)22(20,21)11-4-2-1-3-5-11/h1-8H,9H2,(H,18,19)/p-1","IFOOFHFEADLBMC-UHFFFAOYSA-M"
7058337,"Methyl 4-{[(3,4,5-trichloro-2-pyridinyl)carbonyl]amino}benzoate",357.967865,"C14H9Cl3N2O3","Clc2c(Cl)c(Cl)cnc2C(=O)Nc1ccc(C(=O)OC)cc1","InChI=1S/C14H9Cl3N2O3/c1-22-14(21)7-2-4-8(5-3-7)19-13(20)12-11(17)10(16)9(15)6-18-12/h2-6H,1H3,(H,19,20)","SHXLBSUFJQKPQC-UHFFFAOYSA-N"
7114859,"3-[(3,4-Dichlorophenyl)sulfamoyl]-4-methylbenzoate",357.971313,"C14H10Cl2NO4S","Clc2ccc(NS(=O)(=O)c1cc(C([O-])=O)ccc1C)cc2Cl","InChI=1S/C14H11Cl2NO4S/c1-8-2-3-9(14(18)19)6-13(8)22(20,21)17-10-4-5-11(15)12(16)7-10/h2-7,17H,1H3,(H,18,19)/p-1","HZCKSCTXLRCFPD-UHFFFAOYSA-M"
7114870,"3-[(2,5-Dichlorophenyl)sulfamoyl]-4-methylbenzoate",357.971313,"C14H10Cl2NO4S","Clc2ccc(Cl)cc2NS(=O)(=O)c1cc(C([O-])=O)ccc1C","InChI=1S/C14H11Cl2NO4S/c1-8-2-3-9(14(18)19)6-13(8)22(20,21)17-12-7-10(15)4-5-11(12)16/h2-7,17H,1H3,(H,18,19)/p-1","BZLOMIRHQYEDDU-UHFFFAOYSA-M"
7114993,"3-[(3,5-Dichlorophenyl)sulfamoyl]-4-methylbenzoate",357.971313,"C14H10Cl2NO4S","Clc2cc(NS(=O)(=O)c1cc(C([O-])=O)ccc1C)cc(Cl)c2","InChI=1S/C14H11Cl2NO4S/c1-8-2-3-9(14(18)19)4-13(8)22(20,21)17-12-6-10(15)5-11(16)7-12/h2-7,17H,1H3,(H,18,19)/p-1","MHNISNOFHDJOMH-UHFFFAOYSA-M"
7197612,"2-[(2,5-Dichlorophenyl)amino]-2-oxoethyl 4-chloro-2-pyridinecarboxylate",357.967865,"C14H9Cl3N2O3","Clc2ccnc(C(=O)OCC(=O)Nc1cc(Cl)ccc1Cl)c2","InChI=1S/C14H9Cl3N2O3/c15-8-1-2-10(17)11(5-8)19-13(20)7-22-14(21)12-6-9(16)3-4-18-12/h1-6H,7H2,(H,19,20)","QLUMQNJCINLVAQ-UHFFFAOYSA-N"
7197899,"2-[(2,3-Dichlorophenyl)amino]-2-oxoethyl 4-chloro-2-pyridinecarboxylate",357.967865,"C14H9Cl3N2O3","Clc2ccnc(C(=O)OCC(=O)Nc1cccc(Cl)c1Cl)c2","InChI=1S/C14H9Cl3N2O3/c15-8-4-5-18-11(6-8)14(21)22-7-12(20)19-10-3-1-2-9(16)13(10)17/h1-6H,7H2,(H,19,20)","VKJVPCAIACLAFX-UHFFFAOYSA-N"
7197955,"2-[(2,6-Dichlorophenyl)amino]-2-oxoethyl 4-chloro-2-pyridinecarboxylate",357.967865,"C14H9Cl3N2O3","Clc2ccnc(C(=O)OCC(=O)Nc1c(Cl)cccc1Cl)c2","InChI=1S/C14H9Cl3N2O3/c15-8-4-5-18-11(6-8)14(21)22-7-12(20)19-13-9(16)2-1-3-10(13)17/h1-6H,7H2,(H,19,20)","BLQHKAMMKHQXIT-UHFFFAOYSA-N"
7201547,"Methyl 4-chloro-3-{[(5,6-dichloro-3-pyridinyl)carbonyl]amino}benzoate",357.967865,"C14H9Cl3N2O3","Clc2cc(C(=O)Nc1cc(C(=O)OC)ccc1Cl)cnc2Cl","InChI=1S/C14H9Cl3N2O3/c1-22-14(21)7-2-3-9(15)11(5-7)19-13(20)8-4-10(16)12(17)18-6-8/h2-6H,1H3,(H,19,20)","ODVOMEOHFQIHDC-UHFFFAOYSA-N"
7440927,"2,5-Dichloro-N'-[(3-chloro-5-hydroxy-4-oxo-2,5-cyclohexadien-1-ylidene)methyl]benzohydrazide",357.967865,"C14H9Cl3N2O3","Cl\C2=C\C(=CNNC(=O)c1cc(Cl)ccc1Cl)\C=C(\O)C2=O","InChI=1S/C14H9Cl3N2O3/c15-8-1-2-10(16)9(5-8)14(22)19-18-6-7-3-11(17)13(21)12(20)4-7/h1-6,18,20H,(H,19,22)","XKJCELOICKURPS-UHFFFAOYSA-N"
7506801,"4-Chloro-N-(2,4-dichlorobenzyl)-2-nitrobenzamide",357.967865,"C14H9Cl3N2O3","Clc1cc(Cl)ccc1CNC(=O)c2ccc(Cl)cc2[N+]([O-])=O","InChI=1S/C14H9Cl3N2O3/c15-9-2-1-8(12(17)5-9)7-18-14(20)11-4-3-10(16)6-13(11)19(21)22/h1-6H,7H2,(H,18,20)","VMQYJYHSZZUXJZ-UHFFFAOYSA-N"
7555858,"(4-{[(2,3-Dichlorophenyl)sulfonyl]amino}phenyl)acetate",357.971313,"C14H10Cl2NO4S","Clc1c(cccc1Cl)S(=O)(=O)Nc2ccc(cc2)CC([O-])=O","InChI=1S/C14H11Cl2NO4S/c15-11-2-1-3-12(14(11)16)22(20,21)17-10-6-4-9(5-7-10)8-13(18)19/h1-7,17H,8H2,(H,18,19)/p-1","JLVRLDMDEXSGDJ-UHFFFAOYSA-M"
7624895,"(2S)-4-(Methylsulfanyl)-2-[(5E)-4-oxo-5-(3-thienylmethylene)-2-thioxo-1,3-thiazolidin-3-yl]butanoate",357.970551,"C13H12NO3S4","S=C1S/C(C(=O)N1[C@H](C([O-])=O)CCSC)=C/c2ccsc2","InChI=1S/C13H13NO3S4/c1-19-4-3-9(12(16)17)14-11(15)10(21-13(14)18)6-8-2-5-20-7-8/h2,5-7,9H,3-4H2,1H3,(H,16,17)/p-1/b10-6+/t9-/m0/s1","DEUNANUOCAISBT-CMWXKVOJSA-M"
7624900,"(2R)-4-(Methylsulfanyl)-2-[(5E)-4-oxo-5-(3-thienylmethylene)-2-thioxo-1,3-thiazolidin-3-yl]butanoate",357.970551,"C13H12NO3S4","S=C1S/C(C(=O)N1[C@@H](C([O-])=O)CCSC)=C/c2ccsc2","InChI=1S/C13H13NO3S4/c1-19-4-3-9(12(16)17)14-11(15)10(21-13(14)18)6-8-2-5-20-7-8/h2,5-7,9H,3-4H2,1H3,(H,16,17)/p-1/b10-6+/t9-/m1/s1","DEUNANUOCAISBT-ZFZMKPAXSA-M"
7698651,"2-Oxo-2-[(2,4,5-trichlorophenyl)amino]ethyl nicotinate",357.967865,"C14H9Cl3N2O3","O=C(OCC(=O)Nc1cc(Cl)c(Cl)cc1Cl)c2cccnc2","InChI=1S/C14H9Cl3N2O3/c15-9-4-11(17)12(5-10(9)16)19-13(20)7-22-14(21)8-2-1-3-18-6-8/h1-6H,7H2,(H,19,20)","QNBWGEWDQVEZFE-UHFFFAOYSA-N"
7698730,"2-Oxo-2-[(2,4,6-trichlorophenyl)amino]ethyl nicotinate",357.967865,"C14H9Cl3N2O3","O=C(OCC(=O)Nc1c(Cl)cc(Cl)cc1Cl)c2cccnc2","InChI=1S/C14H9Cl3N2O3/c15-9-4-10(16)13(11(17)5-9)19-12(20)7-22-14(21)8-2-1-3-18-6-8/h1-6H,7H2,(H,19,20)","NTHKSNASQCQEGJ-UHFFFAOYSA-N"
7885480,"(2E)-N-(2,4-Dichlorophenyl)-2-[(5-nitro-2-furyl)methylene]hydrazinecarbothioamide",357.969421,"C12H8Cl2N4O3S","O=[N+]([O-])c2oc(/C=N/NC(=S)Nc1ccc(Cl)cc1Cl)cc2","InChI=1S/C12H8Cl2N4O3S/c13-7-1-3-10(9(14)5-7)16-12(22)17-15-6-8-2-4-11(21-8)18(19)20/h1-6H,(H2,16,17,22)/b15-6+","MFQFFTYNBDRJJA-GIDUJCDVSA-N"
8017498,"2-Chloro-5-{[(2,3-dichlorophenyl)carbamoyl]amino}benzoic acid",357.967865,"C14H9Cl3N2O3","Clc2c(NC(=O)Nc1cc(C(=O)O)c(Cl)cc1)cccc2Cl","InChI=1S/C14H9Cl3N2O3/c15-9-5-4-7(6-8(9)13(20)21)18-14(22)19-11-3-1-2-10(16)12(11)17/h1-6H,(H,20,21)(H2,18,19,22)","PZUGXTBZOYHSRC-UHFFFAOYSA-N"
8082520,"N-[Cyano(2-furyl)methyl]-2-(2,4,6-trichlorophenoxy)acetamide",357.967865,"C14H9Cl3N2O3","O=C(NC(C#N)c1occc1)COc2c(Cl)cc(Cl)cc2Cl","InChI=1S/C14H9Cl3N2O3/c15-8-4-9(16)14(10(17)5-8)22-7-13(20)19-11(6-18)12-2-1-3-21-12/h1-5,11H,7H2,(H,19,20)","WUMYEZHMAUFOHB-UHFFFAOYSA-N"
8174134,"1-(2,5-Dichlorophenyl)-1-methoxy-2,2,2-tris(methylsulfanyl)ethanol",357.968933,"C12H16Cl2O2S3","Clc1ccc(Cl)cc1C(OC)(O)C(SC)(SC)SC","InChI=1S/C12H16Cl2O2S3/c1-16-11(15,12(17-2,18-3)19-4)9-7-8(13)5-6-10(9)14/h5-7,15H,1-4H3","ZZBOYCMYRITUIX-UHFFFAOYSA-N"
8196886,"Potassium (3R)-3-methoxy-2-oxo-3-[(2-thienylacetyl)amino]-1-azetidinesulfonate",357.969543,"C10H11KN2O6S2","[K+].O=C(N[C@]1(OC)C(=O)N(S([O-])(=O)=O)C1)Cc2sccc2","InChI=1S/C10H12N2O6S2.K/c1-18-10(6-12(9(10)14)20(15,16)17)11-8(13)5-7-3-2-4-19-7;/h2-4H,5-6H2,1H3,(H,11,13)(H,15,16,17);/q;+1/p-1/t10-;/m1./s1","FDRWOQLUINKHSA-HNCPQSOCSA-M"
8265281,"(Z)-Methyl[3-(4-nitrophenyl)-1,4,2-dithiazol-5-ylidene]sulfonium tetrafluoroborate",357.969879,"C9H7BF4N2O2S3","F[B-](F)(F)F.[O-][N+](=O)c2ccc(C=1S/C(=[S+]/C)SN=1)cc2","InChI=1S/C9H7N2O2S3.BF4/c1-14-9-15-8(10-16-9)6-2-4-7(5-3-6)11(12)13;2-1(3,4)5/h2-5H,1H3;/q+1;-1","VTYMUAUMMNOYSS-UHFFFAOYSA-N"
8301652,"2,3-Dichloro-N-(5-cyano-3-methoxy-2-pyrazinyl)benzenesulfonamide",357.969421,"C12H8Cl2N4O3S","O=S(=O)(Nc1ncc(nc1OC)C#N)c2cccc(Cl)c2Cl","InChI=1S/C12H8Cl2N4O3S/c1-21-12-11(16-6-7(5-15)17-12)18-22(19,20)9-4-2-3-8(13)10(9)14/h2-4,6H,1H3,(H,16,18)","NXIHVJHGLVTUJM-UHFFFAOYSA-N"
8491911,"1-(5,6-Dibromo-1,2-dimethyl-1H-indol-3-yl)-N,N-dimethylmethanamine",357.968018,"C13H16Br2N2","Brc1cc2c(cc1Br)n(c(c2CN(C)C)C)C","InChI=1S/C13H16Br2N2/c1-8-10(7-16(2)3)9-5-11(14)12(15)6-13(9)17(8)4/h5-6H,7H2,1-4H3","UXOGTIHYBKKKNW-UHFFFAOYSA-N"
8673981,"(2Z)-4,4,4-Trifluoro-3-iodo-1-(4-methoxyphenyl)-2-buten-1-ol",357.967743,"C11H10F3IO2","FC(F)(F)C(/I)=C/C(O)c1ccc(OC)cc1","InChI=1S/C11H10F3IO2/c1-17-8-4-2-7(3-5-8)9(16)6-10(15)11(12,13)14/h2-6,9,16H,1H3/b10-6-","PDEGSZMMVVMWJK-POHAHGRESA-N"
8721807,"(1R,5S)-2,2,4,4-Tetrachloro-7-methyl-1-[2-(2-methyl-2-oxiranyl)ethyl]-8-oxabicyclo[3.2.1]oct-6-en-3-one",357.969696,"C13H14Cl4O3","ClC2(Cl)C(=O)C(Cl)(Cl)[C@@]/1(O[C@H]2\C=C\1C)CCC3(OC3)C","InChI=1S/C13H14Cl4O3/c1-7-5-8-12(14,15)9(18)13(16,17)11(7,20-8)4-3-10(2)6-19-10/h5,8H,3-4,6H2,1-2H3/t8-,10?,11+/m0/s1","PCCPMSQIRANFLE-UMYMBVSISA-N"
8912409,"(2Z)-4,4,4-Trifluoro-2-iodo-1-(4-methoxyphenyl)-2-buten-1-ol",357.967743,"C11H10F3IO2","FC(F)(F)/C=C(\I)C(O)c1ccc(OC)cc1","InChI=1S/C11H10F3IO2/c1-17-8-4-2-7(3-5-8)10(16)9(15)6-11(12,13)14/h2-6,10,16H,1H3/b9-6-","XKYAGTFPIWDKPA-TWGQIWQCSA-N"
9156400,"Ethyl 6-iodo-2-methyl-4-oxo-4H-chromene-3-carboxylate",357.970184,"C13H11IO4","Ic2ccc1O/C(=C(\C(=O)c1c2)C(=O)OCC)C","InChI=1S/C13H11IO4/c1-3-17-13(16)11-7(2)18-10-5-4-8(14)6-9(10)12(11)15/h4-6H,3H2,1-2H3","XUBZVZVKVQJIOO-UHFFFAOYSA-N"
9178085,"(1S)-1-(4-Chlorophenyl)ethyl 1,1,1-trichloro-2-methyl-2-propanyl carbonate",357.969696,"C13H14Cl4O3","Clc1ccc(cc1)[C@@H](OC(=O)OC(C)(C)C(Cl)(Cl)Cl)C","InChI=1S/C13H14Cl4O3/c1-8(9-4-6-10(14)7-5-9)19-11(18)20-12(2,3)13(15,16)17/h4-8H,1-3H3/t8-/m0/s1","GBNLGUMPBORCDN-QMMMGPOBSA-N"
9243518,"2-(4-Chlorophenyl)-2-(2,6-dichloro-4-nitrophenyl)acetamide",357.967865,"C14H9Cl3N2O3","c1cc(ccc1C(c2c(cc(cc2Cl)[N+](=O)[O-])Cl)C(=O)N)Cl","InChI=1S/C14H9Cl3N2O3/c15-8-3-1-7(2-4-8)12(14(18)20)13-10(16)5-9(19(21)22)6-11(13)17/h1-6,12H,(H2,18,20)","NAIKOLYSVJHYPK-UHFFFAOYSA-N"
9477769,"Methyl 5-(3-iodophenyl)-5-methyl-4-oxo-4,5-dihydro-2-furancarboxylate",357.970184,"C13H11IO4","O=C2\C=C(/OC2(c1cccc(I)c1)C)C(=O)OC","InChI=1S/C13H11IO4/c1-13(8-4-3-5-9(14)6-8)11(15)7-10(18-13)12(16)17-2/h3-7H,1-2H3","LMPQLRZQMZLROX-UHFFFAOYSA-N"
9523867,"4-Chloro-2-{[(3,4-dichlorophenyl)carbamoyl]amino}benzoic acid",357.967865,"C14H9Cl3N2O3","Clc2ccc(NC(=O)Nc1cc(Cl)ccc1C(=O)O)cc2Cl","InChI=1S/C14H9Cl3N2O3/c15-7-1-3-9(13(20)21)12(5-7)19-14(22)18-8-2-4-10(16)11(17)6-8/h1-6H,(H,20,21)(H2,18,19,22)","MUYIPEKBQAHBLQ-UHFFFAOYSA-N"
9614616,"carbon monoxide; manganese; (4-methoxycyclohexyl)-(2-thienyl)methanone",357.970764,"C15H11MnO5S","CO[C]1[CH]C[C]([CH][CH]1)C(=O)c2cccs2.[C-]#[O+].[C-]#[O+].[C-]#[O+].[Mn]","InChI=1S/C12H11O2S.3CO.Mn/c1-14-10-6-4-9(5-7-10)12(13)11-3-2-8-15-11;3*1-2;/h2-4,6-8H,5H2,1H3;;;;","GTOQSLJSYQVRKO-UHFFFAOYSA-N"
9683526,"7-(Allyloxy)-8-iodo-5-methoxy-2H-chromen-2-one",357.970184,"C13H11IO4","Ic2c(OC\C=C)cc(OC)c\1c2OC(=O)/C=C/1","InChI=1S/C13H11IO4/c1-3-6-17-10-7-9(16-2)8-4-5-11(15)18-13(8)12(10)14/h3-5,7H,1,6H2,2H3","MIXQXOJRPAKVQS-UHFFFAOYSA-N"
9884893,"Methyl (1R,4S,5R)-5-iodo-2-oxo-4-phenyl-3-oxabicyclo[3.1.0]hexane-1-carboxylate",357.970184,"C13H11IO4","O=C2O[C@@H](c1ccccc1)[C@]3(I)[C@@]2(C(=O)OC)C3","InChI=1S/C13H11IO4/c1-17-10(15)12-7-13(12,14)9(18-11(12)16)8-5-3-2-4-6-8/h2-6,9H,7H2,1H3/t9-,12+,13-/m0/s1","ALGLNPXSMYVPEE-BIMULSAOSA-N"
9934869,"(1,2-Phenylenedi-2,1-ethanediyl)bis[dichloro(methyl)silane]",357.970123,"C12H18Cl4Si2","Cl[Si](Cl)(C)CCc1ccccc1CC[Si](Cl)(Cl)C","InChI=1S/C12H18Cl4Si2/c1-17(13,14)9-7-11-5-3-4-6-12(11)8-10-18(2,15)16/h3-6H,7-10H2,1-2H3","ALMUPFGPXJMANT-UHFFFAOYSA-N"
10024890,"(2Z)-4,4,4-Trifluoro-2-iodo-1-(2-methoxyphenyl)-2-buten-1-ol",357.967743,"C11H10F3IO2","COc1ccccc1C(/C(=C/C(F)(F)F)/I)O","InChI=1S/C11H10F3IO2/c1-17-9-5-3-2-4-7(9)10(16)8(15)6-11(12,13)14/h2-6,10,16H,1H3/b8-6-","ZYHCLVKLFWUNEE-VURMDHGXSA-N"
10313232,"(1R,2R,7R,8S)-1,8,9,10-Tetrachloro-11,11-dimethoxytricyclo[6.2.1.0~2,7~]undec-9-en-3-one",357.969696,"C13H14Cl4O3","COC1([C@]2([C@@H]3CCCC(=O)[C@@H]3[C@@]1(C(=C2Cl)Cl)Cl)Cl)OC","InChI=1S/C13H14Cl4O3/c1-19-13(20-2)11(16)6-4-3-5-7(18)8(6)12(13,17)10(15)9(11)14/h6,8H,3-5H2,1-2H3/t6-,8-,11-,12+/m1/s1","ZKYHASQEEMESEY-GXSYLFEOSA-N"
10441521,"(Z)-1-Chloro-2-(2,4-dichlorophenyl)vinyl diethyl phosphate",357.969513,"C12H14Cl3O4P","Clc1cc(Cl)ccc1/C=C(\Cl)OP(=O)(OCC)OCC","InChI=1S/C12H14Cl3O4P/c1-3-17-20(16,18-4-2)19-12(15)7-9-5-6-10(13)8-11(9)14/h5-8H,3-4H2,1-2H3/b12-7+","ISQJBUFHBFMAFE-KPKJPENVSA-N"
11823300,"2-[(5-Chloro-2-pyridinyl)amino]-2-oxoethyl 2,3-dichlorobenzoate",357.967865,"C14H9Cl3N2O3","c1cc(c(c(c1)Cl)Cl)C(=O)OCC(=O)Nc2ccc(cn2)Cl","InChI=1S/C14H9Cl3N2O3/c15-8-4-5-11(18-6-8)19-12(20)7-22-14(21)9-2-1-3-10(16)13(9)17/h1-6H,7H2,(H,18,19,20)","YIVAFJATICWAOD-UHFFFAOYSA-N"
12107610,"2,3,6-Trichloro-N-(2-methyl-5-nitrophenyl)benzamide",357.967865,"C14H9Cl3N2O3","Cc1ccc(cc1NC(=O)c2c(ccc(c2Cl)Cl)Cl)[N+](=O)[O-]","InChI=1S/C14H9Cl3N2O3/c1-7-2-3-8(19(21)22)6-11(7)18-14(20)12-9(15)4-5-10(16)13(12)17/h2-6H,1H3,(H,18,20)","UOVXGSUVSIYFEY-UHFFFAOYSA-N"
16788266,"2,3,5-Cyclohexatrien-1-yl, 6-carboxy-, chloride, mercury salt (1:1:1)",357.967865,"C7H5ClHgO2","C1=C=C[CH]C(=C1)C(=O)O.[Cl-].[Hg+2]","InChI=1S/C7H5O2.ClH.Hg/c8-7(9)6-4-2-1-3-5-6;;/h2-5H,(H,8,9);1H;/q;;+2/p-1","FPQWQEJPIAHKPI-UHFFFAOYSA-M"
16968563,"2-Amino-2-oxo-1-phenylethyl 3,4,5-trichloro-2-pyridinecarboxylate",357.967865,"C14H9Cl3N2O3","c1ccc(cc1)C(C(=O)N)OC(=O)c2c(c(c(cn2)Cl)Cl)Cl","InChI=1S/C14H9Cl3N2O3/c15-8-6-19-11(10(17)9(8)16)14(21)22-12(13(18)20)7-4-2-1-3-5-7/h1-6,12H,(H2,18,20)","KWYGKWHUCFARIZ-UHFFFAOYSA-N"
17097833,"Methyl 2-{[(3,4,5-trichloro-2-pyridinyl)carbonyl]amino}benzoate",357.967865,"C14H9Cl3N2O3","COC(=O)c1ccccc1NC(=O)c2c(c(c(cn2)Cl)Cl)Cl","InChI=1S/C14H9Cl3N2O3/c1-22-14(21)7-4-2-3-5-9(7)19-13(20)12-11(17)10(16)8(15)6-18-12/h2-6H,1H3,(H,19,20)","IAWXCGGNOXKTRZ-UHFFFAOYSA-N"
17974496,"4-[(2,5-Dichlorophenyl)sulfonyl]-1-formylpiperazin-1-ium chloride",357.971252,"C11H13Cl3N2O3S","c1cc(c(cc1Cl)S(=O)(=O)N2CC[NH+](CC2)C=O)Cl.[Cl-]","InChI=1S/C11H12Cl2N2O3S.ClH/c12-9-1-2-10(13)11(7-9)19(17,18)15-5-3-14(8-16)4-6-15;/h1-2,7-8H,3-6H2;1H","UXWSCNGKMNBACG-UHFFFAOYSA-N"
21162570,"4-[(2-Chloro-5-sulfophenyl)diazenyl]benzenediazonium chloride",357.969421,"C12H8Cl2N4O3S","c1cc(ccc1N=Nc2cc(ccc2Cl)S(=O)(=O)O)[N+]#N.[Cl-]","InChI=1S/C12H7ClN4O3S.ClH/c13-11-6-5-10(21(18,19)20)7-12(11)17-16-9-3-1-8(15-14)2-4-9;/h1-7H;1H","MKRIEXUTXHLYCR-UHFFFAOYSA-N"
21433031,"4-Bromo-2-{[4-(trifluoromethyl)phenyl]carbamoyl}phenolate",357.969604,"C14H8BrF3NO2","c1cc(ccc1C(F)(F)F)NC(=O)c2cc(ccc2[O-])Br","InChI=1S/C14H9BrF3NO2/c15-9-3-6-12(20)11(7-9)13(21)19-10-4-1-8(2-5-10)14(16,17)18/h1-7,20H,(H,19,21)/p-1","ZKCFHRYMOQJJGQ-UHFFFAOYSA-M"
21874857,"8'-Bromo-5'H-spiro[1,3-dithiolane-2,9'-pentacyclo[4.4.0.0~2,5~.0~3,8~.0~4,7~]decan]-5'-yl acetate",357.969666,"C14H15BrO2S2","CC(=O)OC12C3C4C1C5C2C3C5(C6(C4)SCCS6)Br","InChI=1S/C14H15BrO2S2/c1-5(16)17-13-7-6-4-12(18-2-3-19-12)14(15)10(7)9(13)11(14)8(6)13/h6-11H,2-4H2,1H3","XJJFNWGQTSINPF-UHFFFAOYSA-N"
21947060,"Methyl 2-chloro-5-{[(5,6-dichloro-3-pyridinyl)carbonyl]amino}benzoate",357.967865,"C14H9Cl3N2O3","COC(=O)c1cc(ccc1Cl)NC(=O)c2cc(c(nc2)Cl)Cl","InChI=1S/C14H9Cl3N2O3/c1-22-14(21)9-5-8(2-3-10(9)15)19-13(20)7-4-11(16)12(17)18-6-7/h2-6H,1H3,(H,19,20)","RNIWIEFJXFTQEA-UHFFFAOYSA-N"
22071444,"2-[(2,4-Dichlorophenyl)amino]-2-oxoethyl 2-chloroisonicotinate",357.967865,"C14H9Cl3N2O3","c1cc(c(cc1Cl)Cl)NC(=O)COC(=O)c2ccnc(c2)Cl","InChI=1S/C14H9Cl3N2O3/c15-9-1-2-11(10(16)6-9)19-13(20)7-22-14(21)8-3-4-18-12(17)5-8/h1-6H,7H2,(H,19,20)","LSIOOAHVNHYGLV-UHFFFAOYSA-N"
22071445,"2-[(2,3-Dichlorophenyl)amino]-2-oxoethyl 2-chloroisonicotinate",357.967865,"C14H9Cl3N2O3","c1cc(c(c(c1)Cl)Cl)NC(=O)COC(=O)c2ccnc(c2)Cl","InChI=1S/C14H9Cl3N2O3/c15-9-2-1-3-10(13(9)17)19-12(20)7-22-14(21)8-4-5-18-11(16)6-8/h1-6H,7H2,(H,19,20)","BPBUOQWUTKYOND-UHFFFAOYSA-N"
22071451,"2-[(2,6-Dichlorophenyl)amino]-2-oxoethyl 2-chloroisonicotinate",357.967865,"C14H9Cl3N2O3","c1cc(c(c(c1)Cl)NC(=O)COC(=O)c2ccnc(c2)Cl)Cl","InChI=1S/C14H9Cl3N2O3/c15-9-2-1-3-10(16)13(9)19-12(20)7-22-14(21)8-4-5-18-11(17)6-8/h1-6H,7H2,(H,19,20)","FWVPTISVEKQMHV-UHFFFAOYSA-N"
22819821,"2-Chloro-2-propen-1-yl 2-(4,5-dichloro-6-oxo-1(6H)-pyridazinyl)benzoate",357.967865,"C14H9Cl3N2O3","C=C(COC(=O)c1ccccc1n2c(=O)c(c(cn2)Cl)Cl)Cl","InChI=1S/C14H9Cl3N2O3/c1-8(15)7-22-14(21)9-4-2-3-5-11(9)19-13(20)12(17)10(16)6-18-19/h2-6H,1,7H2","BQBANSXIHRSBJS-UHFFFAOYSA-N"
24410315,"2-{Methyl[(3,4,5-trichloro-2-pyridinyl)carbonyl]amino}benzoic acid",357.967865,"C14H9Cl3N2O3","CN(c1ccccc1C(=O)O)C(=O)c2c(c(c(cn2)Cl)Cl)Cl","InChI=1S/C14H9Cl3N2O3/c1-19(9-5-3-2-4-7(9)14(21)22)13(20)12-11(17)10(16)8(15)6-18-12/h2-6H,1H3,(H,21,22)","SALKDGMCYFRXIZ-UHFFFAOYSA-N"
24513850,"2-Chloro-5-[(2E)-2-(3,5-dichloro-2-hydroxybenzylidene)hydrazino]benzoic acid",357.967865,"C14H9Cl3N2O3","c1cc(c(cc1N/N=C/c2cc(cc(c2O)Cl)Cl)C(=O)O)Cl","InChI=1S/C14H9Cl3N2O3/c15-8-3-7(13(20)12(17)4-8)6-18-19-9-1-2-11(16)10(5-9)14(21)22/h1-6,19-20H,(H,21,22)/b18-6+","ZKMGQZMRVKFZLQ-NGYBGAFCSA-N"
24742561,"Chloro(2-formyl-6-hydroxyphenyl)mercury",357.968414,"C7H5ClHgO2","c1cc(c(c(c1)O)[Hg]Cl)C=O","InChI=1S/C7H5O2.ClH.Hg/c8-5-6-2-1-3-7(9)4-6;;/h1-3,5,9H;1H;/q;;+1/p-1","CXJFYGKDLNVYPE-UHFFFAOYSA-M"
26406274,"2-(4-Chlorophenyl)-N-(2,5-dichloro-4-nitrophenyl)acetamide",357.967865,"C14H9Cl3N2O3","c1cc(ccc1CC(=O)Nc2cc(c(cc2Cl)[N+](=O)[O-])Cl)Cl","InChI=1S/C14H9Cl3N2O3/c15-9-3-1-8(2-4-9)5-14(20)18-12-6-11(17)13(19(21)22)7-10(12)16/h1-4,6-7H,5H2,(H,18,20)","NUHTWIBDUXXEBN-UHFFFAOYSA-N"
26406664,"3-Chloro-N-(2,5-dichloro-4-nitrophenyl)-4-methylbenzamide",357.967865,"C14H9Cl3N2O3","Cc1ccc(cc1Cl)C(=O)Nc2cc(c(cc2Cl)[N+](=O)[O-])Cl","InChI=1S/C14H9Cl3N2O3/c1-7-2-3-8(4-9(7)15)14(20)18-12-5-11(17)13(19(21)22)6-10(12)16/h2-6H,1H3,(H,18,20)","JTHUJDPVMGAHFE-UHFFFAOYSA-N"
28548567,"N-(3-Azido-5-chloro-4-hydroxyphenyl)-4-chlorobenzenesulfonamide",357.969421,"C12H8Cl2N4O3S","c1cc(ccc1S(=O)(=O)Nc2cc(c(c(c2)Cl)O)N=[N+]=[N-])Cl","InChI=1S/C12H8Cl2N4O3S/c13-7-1-3-9(4-2-7)22(20,21)17-8-5-10(14)12(19)11(6-8)16-18-15/h1-6,17,19H","WZMVFHZLPDCYOE-UHFFFAOYSA-N"
28571255,"4-[2-Iodo-5-(trifluoromethyl)phenoxy]butanal",357.967743,"C11H10F3IO2","c1cc(c(cc1C(F)(F)F)OCCCC=O)I","InChI=1S/C11H10F3IO2/c12-11(13,14)8-3-4-9(15)10(7-8)17-6-2-1-5-16/h3-5,7H,1-2,6H2","SVALPXIVWVZTIK-UHFFFAOYSA-N"
28673278,"3-Iodo-2-propyn-1-yl (4-acetoxyphenyl)acetate",357.970184,"C13H11IO4","CC(=O)Oc1ccc(cc1)CC(=O)OCC#CI","InChI=1S/C13H11IO4/c1-10(15)18-12-5-3-11(4-6-12)9-13(16)17-8-2-7-14/h3-6H,8-9H2,1H3","DETCWDSULKOMDE-UHFFFAOYSA-N"
29324683,"2-(3-Bromophenyl)-4,6,8-trioxo-5,7-diazaspiro[2.5]octane-1,1-dicarbonitrile",357.970154,"C14H7BrN4O3","c1cc(cc(c1)Br)C2C(C23C(=O)NC(=O)NC3=O)(C#N)C#N","InChI=1S/C14H7BrN4O3/c15-8-3-1-2-7(4-8)9-13(5-16,6-17)14(9)10(20)18-12(22)19-11(14)21/h1-4,9H,(H2,18,19,20,21,22)","BZBFAEPXBHXEPJ-UHFFFAOYSA-N"
29336314,"3-(4-Iodophenyl)-2,3-dioxopropyl methacrylate",357.970184,"C13H11IO4","CC(=C)C(=O)OCC(=O)C(=O)c1ccc(cc1)I","InChI=1S/C13H11IO4/c1-8(2)13(17)18-7-11(15)12(16)9-3-5-10(14)6-4-9/h3-6H,1,7H2,2H3","WBKSMAOYBGLQNL-UHFFFAOYSA-N"
30655177,"Acetic acid, 2-(2,4-dichlorophenoxy)-, 2-(dimethoxyphosphinothioyl)hydrazide",357.971069,"C10H13Cl2N2O4PS","COP(=S)(NNC(=O)COc1ccc(cc1Cl)Cl)OC","InChI=1S/C10H13Cl2N2O4PS/c1-16-19(20,17-2)14-13-10(15)6-18-9-4-3-7(11)5-8(9)12/h3-5H,6H2,1-2H3,(H,13,15)(H,14,20)","GJAUZUTVOSERBD-UHFFFAOYSA-N"
30987818,"1-(6-Amino-7-bromo-3,4-dihydro-2(1H)-isoquinolinyl)-2,2,2-trifluoroethanone hydrochloride (1:1)",357.969543,"C11H11BrClF3N2O","c1c2c(cc(c1N)Br)CN(CC2)C(=O)C(F)(F)F.Cl","InChI=1S/C11H10BrF3N2O.ClH/c12-8-3-7-5-17(10(18)11(13,14)15)2-1-6(7)4-9(8)16;/h3-4H,1-2,5,16H2;1H","FSWQULWDIRHWBY-UHFFFAOYSA-N"
31095001,"2-[(3,5-Dichlorophenyl)amino]-2-oxoethyl 6-chloronicotinate",357.967865,"C14H9Cl3N2O3","c1cc(ncc1C(=O)OCC(=O)Nc2cc(cc(c2)Cl)Cl)Cl","InChI=1S/C14H9Cl3N2O3/c15-9-3-10(16)5-11(4-9)19-13(20)7-22-14(21)8-1-2-12(17)18-6-8/h1-6H,7H2,(H,19,20)","GYNCVNVIGIDVGP-UHFFFAOYSA-N"
31095055,"2-[(3,5-Dichlorophenyl)amino]-2-oxoethyl 2-chloroisonicotinate",357.967865,"C14H9Cl3N2O3","c1cnc(cc1C(=O)OCC(=O)Nc2cc(cc(c2)Cl)Cl)Cl","InChI=1S/C14H9Cl3N2O3/c15-9-4-10(16)6-11(5-9)19-13(20)7-22-14(21)8-1-2-18-12(17)3-8/h1-6H,7H2,(H,19,20)","ZHKKYEWBFMBIPU-UHFFFAOYSA-N"
31158927,"Methyl 5-[(3-iodophenoxy)methyl]-2-furoate",357.970184,"C13H11IO4","COC(=O)c1ccc(o1)COc2cccc(c2)I","InChI=1S/C13H11IO4/c1-16-13(15)12-6-5-11(18-12)8-17-10-4-2-3-9(14)7-10/h2-7H,8H2,1H3","IAZFVWWAUDILML-UHFFFAOYSA-N"
31277207,"Methyl 4-chloro-3-{[(3,6-dichloro-2-pyridinyl)carbonyl]amino}benzoate",357.967865,"C14H9Cl3N2O3","COC(=O)c1ccc(c(c1)NC(=O)c2c(ccc(n2)Cl)Cl)Cl","InChI=1S/C14H9Cl3N2O3/c1-22-14(21)7-2-3-8(15)10(6-7)18-13(20)12-9(16)4-5-11(17)19-12/h2-6H,1H3,(H,18,20)","ZMSLRZMUTYGDND-UHFFFAOYSA-N"
31350851,"N'-(2,4,6-Trichlorophenyl)-1,3-benzodioxole-5-carbohydrazide",357.967865,"C14H9Cl3N2O3","c1cc2c(cc1C(=O)NNc3c(cc(cc3Cl)Cl)Cl)OCO2","InChI=1S/C14H9Cl3N2O3/c15-8-4-9(16)13(10(17)5-8)18-19-14(20)7-1-2-11-12(3-7)22-6-21-11/h1-5,18H,6H2,(H,19,20)","FBBLGQIKDGCGJN-UHFFFAOYSA-N"
31678817,"Methyl 5-[(2-iodophenoxy)methyl]-2-furoate",357.970184,"C13H11IO4","COC(=O)c1ccc(o1)COc2ccccc2I","InChI=1S/C13H11IO4/c1-16-13(15)12-7-6-9(18-12)8-17-11-5-3-2-4-10(11)14/h2-7H,8H2,1H3","QZHCTWURRDXIRF-UHFFFAOYSA-N"
31758809,"N'-(2,4,6-Trichlorophenyl)-1,3-benzodioxole-4-carbohydrazide",357.967865,"C14H9Cl3N2O3","c1cc(c2c(c1)OCO2)C(=O)NNc3c(cc(cc3Cl)Cl)Cl","InChI=1S/C14H9Cl3N2O3/c15-7-4-9(16)12(10(17)5-7)18-19-14(20)8-2-1-3-11-13(8)22-6-21-11/h1-5,18H,6H2,(H,19,20)","PVFXSVSLNAKIDU-UHFFFAOYSA-N"
31879138,"2-(Propylsulfonyl)-N'-(2,4,6-trichlorophenyl)acetohydrazide",357.971252,"C11H13Cl3N2O3S","CCCS(=O)(=O)CC(=O)NNc1c(cc(cc1Cl)Cl)Cl","InChI=1S/C11H13Cl3N2O3S/c1-2-3-20(18,19)6-10(17)15-16-11-8(13)4-7(12)5-9(11)14/h4-5,16H,2-3,6H2,1H3,(H,15,17)","FMZLSGKFLIUOHA-UHFFFAOYSA-N"
31940119,"2-Bromo-5-{[(2,5-dimethylbenzyl)sulfonyl]methyl}thiophene",357.969666,"C14H15BrO2S2","Cc1ccc(c(c1)CS(=O)(=O)Cc2ccc(s2)Br)C","InChI=1S/C14H15BrO2S2/c1-10-3-4-11(2)12(7-10)8-19(16,17)9-13-5-6-14(15)18-13/h3-7H,8-9H2,1-2H3","NTSJNCGUUCSZHN-UHFFFAOYSA-N"
32105563,"2-Chloro-N'-[(Z)-(3,5-dichloro-2,4-dihydroxyphenyl)methylene]benzohydrazide",357.967865,"C14H9Cl3N2O3","c1ccc(c(c1)C(=O)N/N=C\c2cc(c(c(c2O)Cl)O)Cl)Cl","InChI=1S/C14H9Cl3N2O3/c15-9-4-2-1-3-8(9)14(22)19-18-6-7-5-10(16)13(21)11(17)12(7)20/h1-6,20-21H,(H,19,22)/b18-6-","RMDCIALCGACKTM-FXBPXSCXSA-N"
32382413,"N-(5-Chloro-2-hydroxyphenyl)-N'-(3,4-dichlorophenyl)ethanediamide",357.967865,"C14H9Cl3N2O3","c1cc(c(cc1NC(=O)C(=O)Nc2cc(ccc2O)Cl)Cl)Cl","InChI=1S/C14H9Cl3N2O3/c15-7-1-4-12(20)11(5-7)19-14(22)13(21)18-8-2-3-9(16)10(17)6-8/h1-6,20H,(H,18,21)(H,19,22)","IVZMJYATTJSIFI-UHFFFAOYSA-N"
32384620,"N-(5-Chloro-2-hydroxyphenyl)-N'-(2,3-dichlorophenyl)ethanediamide",357.967865,"C14H9Cl3N2O3","c1cc(c(c(c1)Cl)Cl)NC(=O)C(=O)Nc2cc(ccc2O)Cl","InChI=1S/C14H9Cl3N2O3/c15-7-4-5-11(20)10(6-7)19-14(22)13(21)18-9-3-1-2-8(16)12(9)17/h1-6,20H,(H,18,21)(H,19,22)","JQTJMYZIIVHHTQ-UHFFFAOYSA-N"
32384875,"N-(5-Chloro-2-hydroxyphenyl)-N'-(2,5-dichlorophenyl)ethanediamide",357.967865,"C14H9Cl3N2O3","c1cc(c(cc1Cl)NC(=O)C(=O)Nc2cc(ccc2Cl)Cl)O","InChI=1S/C14H9Cl3N2O3/c15-7-1-3-9(17)10(5-7)18-13(21)14(22)19-11-6-8(16)2-4-12(11)20/h1-6,20H,(H,18,21)(H,19,22)","SBTNOATXKOOWAQ-UHFFFAOYSA-N"
32386782,"N-(5-Chloro-2-hydroxyphenyl)-N'-(2,4-dichlorophenyl)ethanediamide",357.967865,"C14H9Cl3N2O3","c1cc(c(cc1Cl)Cl)NC(=O)C(=O)Nc2cc(ccc2O)Cl","InChI=1S/C14H9Cl3N2O3/c15-7-1-3-10(9(17)5-7)18-13(21)14(22)19-11-6-8(16)2-4-12(11)20/h1-6,20H,(H,18,21)(H,19,22)","OKIOJSICXNEGTJ-UHFFFAOYSA-N"
33273833,"N-(2,4-Dibromophenyl)quinuclidin-3-amine",357.968018,"C13H16Br2N2","c1cc(c(cc1Br)Br)NC2CN3CCC2CC3","InChI=1S/C13H16Br2N2/c14-10-1-2-12(11(15)7-10)16-13-8-17-5-3-9(13)4-6-17/h1-2,7,9,13,16H,3-6,8H2","YYQIHBPLHBSUED-UHFFFAOYSA-N"
34456517,"N~2~-(4-Bromo-2-chlorophenyl)-N-(2,2,2-trifluoroethyl)alaninamide",357.969543,"C11H11BrClF3N2O","CC(C(=O)NCC(F)(F)F)Nc1ccc(cc1Cl)Br","InChI=1S/C11H11BrClF3N2O/c1-6(10(19)17-5-11(14,15)16)18-9-3-2-7(12)4-8(9)13/h2-4,6,18H,5H2,1H3,(H,17,19)","NXETUOUCYYKHKR-UHFFFAOYSA-N"
34485012,"5-[(4-Iodophenoxy)methyl]-2-methyl-3-furoic acid",357.970184,"C13H11IO4","Cc1c(cc(o1)COc2ccc(cc2)I)C(=O)O","InChI=1S/C13H11IO4/c1-8-12(13(15)16)6-11(18-8)7-17-10-4-2-9(14)3-5-10/h2-6H,7H2,1H3,(H,15,16)","NFMIGECAKJEMJN-UHFFFAOYSA-N"
34485013,"5-[(3-Iodophenoxy)methyl]-2-methyl-3-furoic acid",357.970184,"C13H11IO4","Cc1c(cc(o1)COc2cccc(c2)I)C(=O)O","InChI=1S/C13H11IO4/c1-8-12(13(15)16)6-11(18-8)7-17-10-4-2-3-9(14)5-10/h2-6H,7H2,1H3,(H,15,16)","OIFFHIYSUFVOLK-UHFFFAOYSA-N"
34745404,"2-Methyl-3-nitro-N-(2,4,6-trichlorophenyl)benzamide",357.967865,"C14H9Cl3N2O3","Cc1c(cccc1[N+](=O)[O-])C(=O)Nc2c(cc(cc2Cl)Cl)Cl","InChI=1S/C14H9Cl3N2O3/c1-7-9(3-2-4-12(7)19(21)22)14(20)18-13-10(16)5-8(15)6-11(13)17/h2-6H,1H3,(H,18,20)","DHMXVKMZLCEHLU-UHFFFAOYSA-N"
35248045,"3,5,6-Trichloro-4-[(2-methoxybenzylidene)amino]-2-pyridinecarboxylic acid",357.967865,"C14H9Cl3N2O3","COc1ccccc1C=Nc2c(c(nc(c2Cl)Cl)C(=O)O)Cl","InChI=1S/C14H9Cl3N2O3/c1-22-8-5-3-2-4-7(8)6-18-11-9(15)12(14(20)21)19-13(17)10(11)16/h2-6H,1H3,(H,20,21)","XHAVRIZWLRXUSD-UHFFFAOYSA-N"
35636188,"2-(Hydroxymethyl)-5-[(4-iodobenzyl)oxy]-4H-pyran-4-one",357.970184,"C13H11IO4","c1cc(ccc1COc2coc(cc2=O)CO)I","InChI=1S/C13H11IO4/c14-10-3-1-9(2-4-10)7-18-13-8-17-11(6-15)5-12(13)16/h1-5,8,15H,6-7H2","KLCFQCQLNCYSDS-UHFFFAOYSA-N"
35736861,"2-(2,5-Dibromophenyl)octahydropyrrolo[1,2-a]pyrazine",357.968018,"C13H16Br2N2","c1cc(c(cc1Br)N2CCN3CCCC3C2)Br","InChI=1S/C13H16Br2N2/c14-10-3-4-12(15)13(8-10)17-7-6-16-5-1-2-11(16)9-17/h3-4,8,11H,1-2,5-7,9H2","ILCJTFWKQMANEH-UHFFFAOYSA-N"
35736906,"2-(2,4-Dibromophenyl)octahydropyrrolo[1,2-a]pyrazine",357.968018,"C13H16Br2N2","c1cc(c(cc1Br)Br)N2CCN3CCCC3C2","InChI=1S/C13H16Br2N2/c14-10-3-4-13(12(15)8-10)17-7-6-16-5-1-2-11(16)9-17/h3-4,8,11H,1-2,5-7,9H2","BUCFFNJQMAAWJQ-UHFFFAOYSA-N"
35776761,"2,4,5-Trichloro-N-(4-methyl-3-nitrophenyl)benzamide",357.967865,"C14H9Cl3N2O3","Cc1ccc(cc1[N+](=O)[O-])NC(=O)c2cc(c(cc2Cl)Cl)Cl","InChI=1S/C14H9Cl3N2O3/c1-7-2-3-8(4-13(7)19(21)22)18-14(20)9-5-11(16)12(17)6-10(9)15/h2-6H,1H3,(H,18,20)","CILKNXPXRVHJER-UHFFFAOYSA-N"
35789029,"(Z)-2-Chloro-1-(3,4-dichlorophenyl)vinyl diethyl phosphate",357.969513,"C12H14Cl3O4P","CCOP(=O)(OCC)O/C(=C\Cl)/c1ccc(c(c1)Cl)Cl","InChI=1S/C12H14Cl3O4P/c1-3-17-20(16,18-4-2)19-12(8-13)9-5-6-10(14)11(15)7-9/h5-8H,3-4H2,1-2H3/b12-8-","YHJIFYWHTFZTHE-WQLSENKSSA-N"
36308676,"3-Bromo-8-(5-bromo-3-methyl-2-pyridinyl)-8-azabicyclo[3.2.1]octane",357.968018,"C13H16Br2N2","Cc1cc(cnc1N2C3CCC2CC(C3)Br)Br","InChI=1S/C13H16Br2N2/c1-8-4-10(15)7-16-13(8)17-11-2-3-12(17)6-9(14)5-11/h4,7,9,11-12H,2-3,5-6H2,1H3","IKVYJUZRSFASRR-UHFFFAOYSA-N"
36369523,"N-[(5-Chloro-4-nitro-2-thienyl)sulfonyl]-N-(2-methoxyethyl)glycine",357.969604,"C9H11ClN2O7S2","COCCN(CC(=O)O)S(=O)(=O)c1cc(c(s1)Cl)[N+](=O)[O-]","InChI=1S/C9H11ClN2O7S2/c1-19-3-2-11(5-7(13)14)21(17,18)8-4-6(12(15)16)9(10)20-8/h4H,2-3,5H2,1H3,(H,13,14)","WXRKCCZALZWTRV-UHFFFAOYSA-N"
36369530,"N-[(5-Chloro-4-nitro-2-thienyl)sulfonyl]-O-methylhomoserine",357.969604,"C9H11ClN2O7S2","COCCC(C(=O)O)NS(=O)(=O)c1cc(c(s1)Cl)[N+](=O)[O-]","InChI=1S/C9H11ClN2O7S2/c1-19-3-2-5(9(13)14)11-21(17,18)7-4-6(12(15)16)8(10)20-7/h4-5,11H,2-3H2,1H3,(H,13,14)","GFDDYUULNHCAOH-UHFFFAOYSA-N"
36369565,"4-{[(5-Chloro-4-nitro-2-thienyl)sulfonyl]amino}-3-hydroxy-3-methylbutanoic acid",357.969604,"C9H11ClN2O7S2","CC(CC(=O)O)(CNS(=O)(=O)c1cc(c(s1)Cl)[N+](=O)[O-])O","InChI=1S/C9H11ClN2O7S2/c1-9(15,3-6(13)14)4-11-21(18,19)7-2-5(12(16)17)8(10)20-7/h2,11,15H,3-4H2,1H3,(H,13,14)","FJWSVYJVWRWFOT-UHFFFAOYSA-N"
36656762,"2-{Bromo[4-(methylsulfonyl)phenyl]methyl}-3,5-dimethylthiophene",357.969666,"C14H15BrO2S2","Cc1cc(sc1C(c2ccc(cc2)S(=O)(=O)C)Br)C","InChI=1S/C14H15BrO2S2/c1-9-8-10(2)18-14(9)13(15)11-4-6-12(7-5-11)19(3,16)17/h4-8,13H,1-3H3","HQFYMCDXNBCDPX-UHFFFAOYSA-N"
37377055,"2-(Bromomethyl)-4-[3-chloro-5-(trifluoromethyl)-2-pyridinyl]morpholine",357.969543,"C11H11BrClF3N2O","c1c(cnc(c1Cl)N2CCOC(C2)CBr)C(F)(F)F","InChI=1S/C11H11BrClF3N2O/c12-4-8-6-18(1-2-19-8)10-9(13)3-7(5-17-10)11(14,15)16/h3,5,8H,1-2,4,6H2","LDTRBSFNFPDSPY-UHFFFAOYSA-N"
38261570,"N-(2,5-Dibromophenyl)quinuclidin-3-amine",357.968018,"C13H16Br2N2","c1cc(c(cc1Br)NC2CN3CCC2CC3)Br","InChI=1S/C13H16Br2N2/c14-10-1-2-11(15)12(7-10)16-13-8-17-5-3-9(13)4-6-17/h1-2,7,9,13,16H,3-6,8H2","DSCIKYATCQUETM-UHFFFAOYSA-N"
39095265,"4-{[(2-Methoxyethyl)sulfonyl]amino}-3-nitrobenzenesulfonyl chloride",357.969604,"C9H11ClN2O7S2","COCCS(=O)(=O)Nc1ccc(cc1[N+](=O)[O-])S(=O)(=O)Cl","InChI=1S/C9H11ClN2O7S2/c1-19-4-5-20(15,16)11-8-3-2-7(21(10,17)18)6-9(8)12(13)14/h2-3,6,11H,4-5H2,1H3","KJAOEVFSVAGTJU-UHFFFAOYSA-N"
39195386,"N-[5-(5-Bromo-2-furyl)-1,3,4-oxadiazol-2-yl]-4-cyanobenzamide",357.970154,"C14H7BrN4O3","c1cc(ccc1C#N)C(=O)Nc2nnc(o2)c3ccc(o3)Br","InChI=1S/C14H7BrN4O3/c15-11-6-5-10(21-11)13-18-19-14(22-13)17-12(20)9-3-1-8(7-16)2-4-9/h1-6H,(H,17,19,20)","PMUTXUMZPLRADI-UHFFFAOYSA-N"
39251691,"N-[5-(5-Bromo-2-furyl)-1,3,4-oxadiazol-2-yl]-3-cyanobenzamide",357.970154,"C14H7BrN4O3","c1cc(cc(c1)C(=O)Nc2nnc(o2)c3ccc(o3)Br)C#N","InChI=1S/C14H7BrN4O3/c15-11-5-4-10(21-11)13-18-19-14(22-13)17-12(20)9-3-1-2-8(6-9)7-16/h1-6H,(H,17,19,20)","RBKUBHDGMZHOAU-UHFFFAOYSA-N"
39523695,"2,5-Dichloro-N-{[3-(5-methyl-1,2-oxazol-3-yl)-1,2,4-oxadiazol-5-yl]methyl}-3-thiophenecarboxamide",357.969421,"C12H8Cl2N4O3S","Cc1cc(no1)c2nc(on2)CNC(=O)c3cc(sc3Cl)Cl","InChI=1S/C12H8Cl2N4O3S/c1-5-2-7(17-20-5)11-16-9(21-18-11)4-15-12(19)6-3-8(13)22-10(6)14/h2-3H,4H2,1H3,(H,15,19)","QVBLHIVGNCKWHW-UHFFFAOYSA-N"
39710170,"5-Bromo-2-chloro-N-propyl-N-(2,2,2-trifluoroethyl)nicotinamide",357.969543,"C11H11BrClF3N2O","CCCN(CC(F)(F)F)C(=O)c1cc(cnc1Cl)Br","InChI=1S/C11H11BrClF3N2O/c1-2-3-18(6-11(14,15)16)10(19)8-4-7(12)5-17-9(8)13/h4-5H,2-3,6H2,1H3","YVRMMPYFHOXIGG-UHFFFAOYSA-N"
39710181,"5-Bromo-2-chloro-N-isopropyl-N-(2,2,2-trifluoroethyl)nicotinamide",357.969543,"C11H11BrClF3N2O","CC(C)N(CC(F)(F)F)C(=O)c1cc(cnc1Cl)Br","InChI=1S/C11H11BrClF3N2O/c1-6(2)18(5-11(14,15)16)10(19)8-3-7(12)4-17-9(8)13/h3-4,6H,5H2,1-2H3","KFTXPDVGMUHRIK-UHFFFAOYSA-N"
39756043,"4-[(2-Iodophenoxy)methyl]-5-methyl-2-furoic acid",357.970184,"C13H11IO4","Cc1c(cc(o1)C(=O)O)COc2ccccc2I","InChI=1S/C13H11IO4/c1-8-9(6-12(18-8)13(15)16)7-17-11-5-3-2-4-10(11)14/h2-6H,7H2,1H3,(H,15,16)","BBIIOPQCFBDGKY-UHFFFAOYSA-N"
39993712,"3-{[1-(2,4-Dibromophenyl)ethyl]amino}pentanenitrile",357.968018,"C13H16Br2N2","CCC(CC#N)NC(C)c1ccc(cc1Br)Br","InChI=1S/C13H16Br2N2/c1-3-11(6-7-16)17-9(2)12-5-4-10(14)8-13(12)15/h4-5,8-9,11,17H,3,6H2,1-2H3","TZXJHVOLJDTFAM-UHFFFAOYSA-N"
40052733,"8-(2,4-Dibromophenyl)-8-azabicyclo[3.2.1]octan-3-amine",357.968018,"C13H16Br2N2","c1cc(c(cc1Br)Br)N2C3CCC2CC(C3)N","InChI=1S/C13H16Br2N2/c14-8-1-4-13(12(15)5-8)17-10-2-3-11(17)7-9(16)6-10/h1,4-5,9-11H,2-3,6-7,16H2","GNOMGJIOMNKJCJ-UHFFFAOYSA-N"
40052751,"8-(2,5-Dibromophenyl)-8-azabicyclo[3.2.1]octan-3-amine",357.968018,"C13H16Br2N2","c1cc(c(cc1Br)N2C3CCC2CC(C3)N)Br","InChI=1S/C13H16Br2N2/c14-8-1-4-12(15)13(5-8)17-10-2-3-11(17)7-9(16)6-10/h1,4-5,9-11H,2-3,6-7,16H2","WYJVYKWGVMYADO-UHFFFAOYSA-N"
40270872,"N-(2,6-Dibromo-4-methylphenyl)cyclopentanecarboximidamide",357.968018,"C13H16Br2N2","Cc1cc(c(c(c1)Br)NC(=N)C2CCCC2)Br","InChI=1S/C13H16Br2N2/c1-8-6-10(14)12(11(15)7-8)17-13(16)9-4-2-3-5-9/h6-7,9H,2-5H2,1H3,(H2,16,17)","OWGZCQGZQFZZKC-UHFFFAOYSA-N"
40274378,"N-(2,5-Dibromophenyl)cyclohexanecarboximidamide",357.968018,"C13H16Br2N2","c1cc(c(cc1Br)NC(=N)C2CCCCC2)Br","InChI=1S/C13H16Br2N2/c14-10-6-7-11(15)12(8-10)17-13(16)9-4-2-1-3-5-9/h6-9H,1-5H2,(H2,16,17)","VEOSJQDEVSOAFX-UHFFFAOYSA-N"
40275082,"N-(2,4-Dibromophenyl)cyclohexanecarboximidamide",357.968018,"C13H16Br2N2","c1cc(c(cc1Br)Br)NC(=N)C2CCCCC2","InChI=1S/C13H16Br2N2/c14-10-6-7-12(11(15)8-10)17-13(16)9-4-2-1-3-5-9/h6-9H,1-5H2,(H2,16,17)","AFDXDPJGVUUOTB-UHFFFAOYSA-N"
40493096,"1-Cyclopropyl-N-(2,4-dibromophenyl)-3-pyrrolidinamine",357.968018,"C13H16Br2N2","c1cc(c(cc1Br)Br)NC2CCN(C2)C3CC3","InChI=1S/C13H16Br2N2/c14-9-1-4-13(12(15)7-9)16-10-5-6-17(8-10)11-2-3-11/h1,4,7,10-11,16H,2-3,5-6,8H2","CRSNJNIPITVJNN-UHFFFAOYSA-N"
40493303,"1-Cyclopropyl-N-(2,5-dibromophenyl)-3-pyrrolidinamine",357.968018,"C13H16Br2N2","c1cc(c(cc1Br)NC2CCN(C2)C3CC3)Br","InChI=1S/C13H16Br2N2/c14-9-1-4-12(15)13(7-9)16-10-5-6-17(8-10)11-2-3-11/h1,4,7,10-11,16H,2-3,5-6,8H2","XKDBVIKUFOQPIL-UHFFFAOYSA-N"
41116026,"2,4,6-Trichloro-N-(2-morpholinylmethyl)benzenesulfonamide",357.971252,"C11H13Cl3N2O3S","c1c(cc(c(c1Cl)S(=O)(=O)NCC2CNCCO2)Cl)Cl","InChI=1S/C11H13Cl3N2O3S/c12-7-3-9(13)11(10(14)4-7)20(17,18)16-6-8-5-15-1-2-19-8/h3-4,8,15-16H,1-2,5-6H2","LBHJVJJUIORIEE-UHFFFAOYSA-N"
41447208,"5-[(2-Iodophenoxy)methyl]-2-methyl-3-furoic acid",357.970184,"C13H11IO4","Cc1c(cc(o1)COc2ccccc2I)C(=O)O","InChI=1S/C13H11IO4/c1-8-10(13(15)16)6-9(18-8)7-17-12-5-3-2-4-11(12)14/h2-6H,7H2,1H3,(H,15,16)","PTOVDGCSFGMTSN-UHFFFAOYSA-N"
41545506,"5-[(4-Iodophenoxy)methyl]-3-methyl-2-furoic acid",357.970184,"C13H11IO4","Cc1cc(oc1C(=O)O)COc2ccc(cc2)I","InChI=1S/C13H11IO4/c1-8-6-11(18-12(8)13(15)16)7-17-10-4-2-9(14)3-5-10/h2-6H,7H2,1H3,(H,15,16)","XQCFFBQBAAVWIX-UHFFFAOYSA-N"
41545507,"5-[(3-Iodophenoxy)methyl]-3-methyl-2-furoic acid",357.970184,"C13H11IO4","Cc1cc(oc1C(=O)O)COc2cccc(c2)I","InChI=1S/C13H11IO4/c1-8-5-11(18-12(8)13(15)16)7-17-10-4-2-3-9(14)6-10/h2-6H,7H2,1H3,(H,15,16)","ZLPPATOVNDHRCQ-UHFFFAOYSA-N"
41545528,"5-[(2-Iodophenoxy)methyl]-3-methyl-2-furoic acid",357.970184,"C13H11IO4","Cc1cc(oc1C(=O)O)COc2ccccc2I","InChI=1S/C13H11IO4/c1-8-6-9(18-12(8)13(15)16)7-17-11-5-3-2-4-10(11)14/h2-6H,7H2,1H3,(H,15,16)","HQEBZMJOJOWQQD-UHFFFAOYSA-N"
41886641,"5-Bromo-4-chloro-6-cyclopropyl-2-[4-(difluoromethyl)phenyl]pyrimidine",357.968384,"C14H10BrClF2N2","c1cc(ccc1c2nc(c(c(n2)Cl)Br)C3CC3)C(F)F","InChI=1S/C14H10BrClF2N2/c15-10-11(7-1-2-7)19-14(20-12(10)16)9-5-3-8(4-6-9)13(17)18/h3-7,13H,1-2H2","UIRQGWYKBWTFQH-UHFFFAOYSA-N"
41889409,"5-Bromo-4-chloro-6-cyclopropyl-2-[3-(difluoromethyl)phenyl]pyrimidine",357.968384,"C14H10BrClF2N2","c1cc(cc(c1)C(F)F)c2nc(c(c(n2)Cl)Br)C3CC3","InChI=1S/C14H10BrClF2N2/c15-10-11(7-4-5-7)19-14(20-12(10)16)9-3-1-2-8(6-9)13(17)18/h1-3,6-7,13H,4-5H2","BLSICHJRCXNJSS-UHFFFAOYSA-N"
42166169,"N~2~-(5-Bromo-2-chlorophenyl)-N-(2,2,2-trifluoroethyl)alaninamide",357.969543,"C11H11BrClF3N2O","CC(C(=O)NCC(F)(F)F)Nc1cc(ccc1Cl)Br","InChI=1S/C11H11BrClF3N2O/c1-6(10(19)17-5-11(14,15)16)18-9-4-7(12)2-3-8(9)13/h2-4,6,18H,5H2,1H3,(H,17,19)","NSSIZLZQOZNSQA-UHFFFAOYSA-N"
42166234,"N~2~-(3-Bromo-4-chlorophenyl)-N-(2,2,2-trifluoroethyl)alaninamide",357.969543,"C11H11BrClF3N2O","CC(C(=O)NCC(F)(F)F)Nc1ccc(c(c1)Br)Cl","InChI=1S/C11H11BrClF3N2O/c1-6(10(19)17-5-11(14,15)16)18-7-2-3-9(13)8(12)4-7/h2-4,6,18H,5H2,1H3,(H,17,19)","USGUMCJLVWOPEJ-UHFFFAOYSA-N"
42166242,"N~2~-(2-Bromo-4-chlorophenyl)-N-(2,2,2-trifluoroethyl)alaninamide",357.969543,"C11H11BrClF3N2O","CC(C(=O)NCC(F)(F)F)Nc1ccc(cc1Br)Cl","InChI=1S/C11H11BrClF3N2O/c1-6(10(19)17-5-11(14,15)16)18-9-3-2-7(13)4-8(9)12/h2-4,6,18H,5H2,1H3,(H,17,19)","WTFJGZUMBCRJRV-UHFFFAOYSA-N"
42166243,"N~2~-(2-Bromo-5-chlorophenyl)-N-(2,2,2-trifluoroethyl)alaninamide",357.969543,"C11H11BrClF3N2O","CC(C(=O)NCC(F)(F)F)Nc1cc(ccc1Br)Cl","InChI=1S/C11H11BrClF3N2O/c1-6(10(19)17-5-11(14,15)16)18-9-4-7(13)2-3-8(9)12/h2-4,6,18H,5H2,1H3,(H,17,19)","ZFZUTPIOGFYEJB-UHFFFAOYSA-N"
42217094,"5-[(2,5-Dibromophenyl)amino]-4,4-dimethylpentanenitrile",357.968018,"C13H16Br2N2","CC(C)(CCC#N)CNc1cc(ccc1Br)Br","InChI=1S/C13H16Br2N2/c1-13(2,6-3-7-16)9-17-12-8-10(14)4-5-11(12)15/h4-5,8,17H,3,6,9H2,1-2H3","WCBASRQNRYGSGE-UHFFFAOYSA-N"
42597399,"3-{[1-(2,4-Dibromophenyl)ethyl]amino}-2,2-dimethylpropanenitrile",357.968018,"C13H16Br2N2","CC(c1ccc(cc1Br)Br)NCC(C)(C)C#N","InChI=1S/C13H16Br2N2/c1-9(17-8-13(2,3)7-16)11-5-4-10(14)6-12(11)15/h4-6,9,17H,8H2,1-3H3","SAPHAOMYGYTFIW-UHFFFAOYSA-N"
42681805,"3-(Bromomethyl)-4-[3-chloro-5-(trifluoromethyl)-2-pyridinyl]morpholine",357.969543,"C11H11BrClF3N2O","c1c(cnc(c1Cl)N2CCOCC2CBr)C(F)(F)F","InChI=1S/C11H11BrClF3N2O/c12-4-8-6-19-2-1-18(8)10-9(13)3-7(5-17-10)11(14,15)16/h3,5,8H,1-2,4,6H2","VVRLUCHDXYNZNQ-UHFFFAOYSA-N"
43025057,"1-{4-[(2,4,6-Trichlorophenyl)sulfonyl]-2-morpholinyl}methanamine",357.971252,"C11H13Cl3N2O3S","c1c(cc(c(c1Cl)S(=O)(=O)N2CCOC(C2)CN)Cl)Cl","InChI=1S/C11H13Cl3N2O3S/c12-7-3-9(13)11(10(14)4-7)20(17,18)16-1-2-19-8(5-15)6-16/h3-4,8H,1-2,5-6,15H2","CEIMJTAUUXWEAV-UHFFFAOYSA-N"
7974577,"Mercury chloride benzoate (1:1:1)",357.968414,"C7H5ClHgO2","[Hg+2].[Cl-].[O-]C(=O)c1ccccc1","InChI=1S/C7H6O2.ClH.Hg/c8-7(9)6-4-2-1-3-5-6;;/h1-5H,(H,8,9);1H;/q;;+2/p-2","HCHJSNHHBFGNGS-UHFFFAOYSA-L"
22303964,"2-[(4-Chlorophenyl)amino]-2-oxoethyl 5,6-dichloronicotinate",357.967865,"C14H9Cl3N2O3","c1cc(ccc1NC(=O)COC(=O)c2cc(c(nc2)Cl)Cl)Cl","InChI=1S/C14H9Cl3N2O3/c15-9-1-3-10(4-2-9)19-12(20)7-22-14(21)8-5-11(16)13(17)18-6-8/h1-6H,7H2,(H,19,20)","UAHUKDVFOHGXGT-UHFFFAOYSA-N"
24415568,"3-Methyl-4-{[(3,4,5-trichloro-2-pyridinyl)carbonyl]amino}benzoic acid",357.967865,"C14H9Cl3N2O3","Cc1cc(ccc1NC(=O)c2c(c(c(cn2)Cl)Cl)Cl)C(=O)O","InChI=1S/C14H9Cl3N2O3/c1-6-4-7(14(21)22)2-3-9(6)19-13(20)12-11(17)10(16)8(15)5-18-12/h2-5H,1H3,(H,19,20)(H,21,22)","DKOAJRNVBLQGNU-UHFFFAOYSA-N"
24616780,"5-({[2-(Methylsulfanyl)ethyl]amino}methyl)thieno[2,3-b]thiophene-2-sulfonamide hydrochloride (1:1)",357.97049,"C10H15ClN2O2S4","CSCCNCc1cc2cc(sc2s1)S(=O)(=O)N.Cl","InChI=1S/C10H14N2O2S4.ClH/c1-15-3-2-12-6-8-4-7-5-9(18(11,13)14)17-10(7)16-8;/h4-5,12H,2-3,6H2,1H3,(H2,11,13,14);1H","IQSOSBWESLEOSO-UHFFFAOYSA-N"
24743636,"Chloro(5-formyl-2-hydroxyphenyl)mercury",357.968414,"C7H5ClHgO2","c1cc(c(cc1C=O)[Hg]Cl)O","InChI=1S/C7H5O2.ClH.Hg/c8-5-6-1-3-7(9)4-2-6;;/h1-3,5,9H;1H;/q;;+1/p-1","GYTVOEZKNAMJPG-UHFFFAOYSA-M"
28677473,"[4-(Chlorocarbonyl)phenyl](hydroxy)mercury",357.968414,"C7H5ClHgO2","c1cc(ccc1C(=O)Cl)[Hg]O","InChI=1S/C7H4ClO.Hg.H2O/c8-7(9)6-4-2-1-3-5-6;;/h2-5H;;1H2/q;+1;/p-1","PELRLWFHYNSGFU-UHFFFAOYSA-M"
28690302,"4-Iodo-1-[3-(trifluoromethyl)phenoxy]-3-buten-2-ol",357.967743,"C11H10F3IO2","c1cc(cc(c1)OCC(C=CI)O)C(F)(F)F","InChI=1S/C11H10F3IO2/c12-11(13,14)8-2-1-3-10(6-8)17-7-9(16)4-5-15/h1-6,9,16H,7H2","PNPBENBRIXNWAB-UHFFFAOYSA-N"
28719514,"1,1'-Methylenebis(4-methylpyridinium) dibromide",357.968018,"C13H16Br2N2","Cc1cc[n+](cc1)C[n+]2ccc(cc2)C.[Br-].[Br-]","InChI=1S/C13H16N2.2BrH/c1-12-3-7-14(8-4-12)11-15-9-5-13(2)6-10-15;;/h3-10H,11H2,1-2H3;2*1H/q+2;;/p-2","YHJQEOAQVGEECJ-UHFFFAOYSA-L"
28909791,"2-(2-Nitrophenyl)-N-(2,4,6-trichlorophenyl)acetamide",357.967865,"C14H9Cl3N2O3","c1ccc(c(c1)CC(=O)Nc2c(cc(cc2Cl)Cl)Cl)[N+](=O)[O-]","InChI=1S/C14H9Cl3N2O3/c15-9-6-10(16)14(11(17)7-9)18-13(20)5-8-3-1-2-4-12(8)19(21)22/h1-4,6-7H,5H2,(H,18,20)","SYTCOTBOPCEMQR-UHFFFAOYSA-N"
30774180,"1-(2-Iodophenyl)-2-propanyl trifluoroacetate",357.967743,"C11H10F3IO2","CC(Cc1ccccc1I)OC(=O)C(F)(F)F","InChI=1S/C11H10F3IO2/c1-7(17-10(16)11(12,13)14)6-8-4-2-3-5-9(8)15/h2-5,7H,6H2,1H3","VZPFSMIHCZZSHA-UHFFFAOYSA-N"
32406645,"N-(5-Chloro-2-hydroxyphenyl)-N'-(3,5-dichlorophenyl)ethanediamide",357.967865,"C14H9Cl3N2O3","c1cc(c(cc1Cl)NC(=O)C(=O)Nc2cc(cc(c2)Cl)Cl)O","InChI=1S/C14H9Cl3N2O3/c15-7-1-2-12(20)11(6-7)19-14(22)13(21)18-10-4-8(16)3-9(17)5-10/h1-6,20H,(H,18,21)(H,19,22)","CYMNGDFXRGAQLM-UHFFFAOYSA-N"
32406674,"N-(5-Chloro-2-hydroxyphenyl)-N'-(2,6-dichlorophenyl)ethanediamide",357.967865,"C14H9Cl3N2O3","c1cc(c(c(c1)Cl)NC(=O)C(=O)Nc2cc(ccc2O)Cl)Cl","InChI=1S/C14H9Cl3N2O3/c15-7-4-5-11(20)10(6-7)18-13(21)14(22)19-12-8(16)2-1-3-9(12)17/h1-6,20H,(H,18,21)(H,19,22)","CFFICTCEJQOVMI-UHFFFAOYSA-N"
