"Identifier","CompoundName","MonoisotopicMass","MolecularFormula","SMILES","InChI","InChIKey"
2163,"7-[2-(4-FLUORO-PHENYL)-5-ISOPROPYL-3-PHENYL-4-PHENYLCARBAMOYL-PYRROL-1-YL]-3,5-DIHYDROXY-HEPTANOIC ACID",558.252991,"C33H35FN2O5","CC(C)c1c(c(c(n1CCC(CC(CC(=O)O)O)O)c2ccc(cc2)F)c3ccccc3)C(=O)Nc4ccccc4","InChI=1S/C33H35FN2O5/c1-21(2)31-30(33(41)35-25-11-7-4-8-12-25)29(22-9-5-3-6-10-22)32(23-13-15-24(34)16-14-23)36(31)18-17-26(37)19-27(38)20-28(39)40/h3-16,21,26-27,37-38H,17-20H2,1-2H3,(H,35,41)(H,39,40)","XUKUURHRXDUEBC-UHFFFAOYSA-N"
43278,"{[(2-Methoxy-10H-phenothiazin-10-yl)carbonyl]imino}di-2,1-ethanediyl bis(butylcarbamate)",558.251221,"C28H38N4O6S","CCCCNC(=O)OCCN(CCOC(=O)NCCCC)C(=O)N1c2ccccc2Sc3c1cc(cc3)OC","InChI=1S/C28H38N4O6S/c1-4-6-14-29-26(33)37-18-16-31(17-19-38-27(34)30-15-7-5-2)28(35)32-22-10-8-9-11-24(22)39-25-13-12-21(36-3)20-23(25)32/h8-13,20H,4-7,14-19H2,1-3H3,(H,29,33)(H,30,34)","FSTSEVQZGLSTPK-UHFFFAOYSA-N"
54810,"Atorvastatin",558.252991,"C33H35FN2O5","CC(C)c1c(c(c(n1CC[C@H](C[C@H](CC(=O)O)O)O)c2ccc(cc2)F)c3ccccc3)/C(=N/c4ccccc4)/O","InChI=1S/C33H35FN2O5/c1-21(2)31-30(33(41)35-25-11-7-4-8-12-25)29(22-9-5-3-6-10-22)32(23-13-15-24(34)16-14-23)36(31)18-17-26(37)19-27(38)20-28(39)40/h3-16,21,26-27,37-38H,17-20H2,1-2H3,(H,35,41)(H,39,40)/t26-,27-/m1/s1","XUKUURHRXDUEBC-KAYWLYCHSA-N"
56684,"(3S,5S)-7-[2-(4-Fluorophenyl)-5-isopropyl-3-phenyl-4-(phenylcarbamoyl)-1H-pyrrol-1-yl]-3,5-dihydroxyheptanoic acid",558.252991,"C33H35FN2O5","CC(C)c1c(c(c(n1CC[C@@H](C[C@@H](CC(=O)O)O)O)c2ccc(cc2)F)c3ccccc3)C(=O)Nc4ccccc4","InChI=1S/C33H35FN2O5/c1-21(2)31-30(33(41)35-25-11-7-4-8-12-25)29(22-9-5-3-6-10-22)32(23-13-15-24(34)16-14-23)36(31)18-17-26(37)19-27(38)20-28(39)40/h3-16,21,26-27,37-38H,17-20H2,1-2H3,(H,35,41)(H,39,40)/t26-,27-/m0/s1","XUKUURHRXDUEBC-SVBPBHIXSA-N"
118101,"N-[5-(L-Tyrosylamino)pentanoyl]-L-phenylalanyl-L-methionine",558.251221,"C28H38N4O6S","CSCC[C@@H](C(=O)O)NC(=O)[C@H](Cc1ccccc1)NC(=O)CCCCNC(=O)[C@H](Cc2ccc(cc2)O)N","InChI=1S/C28H38N4O6S/c1-39-16-14-23(28(37)38)32-27(36)24(18-19-7-3-2-4-8-19)31-25(34)9-5-6-15-30-26(35)22(29)17-20-10-12-21(33)13-11-20/h2-4,7-8,10-13,22-24,33H,5-6,9,14-18,29H2,1H3,(H,30,35)(H,31,34)(H,32,36)(H,37,38)/t22-,23-,24-/m0/s1","OGHQTJIQXKVEFO-HJOGWXRNSA-N"
162770,"(1S,2S)-1,2,3,4-Tetrahydrochrysene-1,2-diyl bis[4-(dimethylamino)benzoate]",558.251831,"C36H34N2O4","CN(C)c1ccc(cc1)C(=O)O[C@H]2CCc3c4ccc5ccccc5c4ccc3[C@@H]2OC(=O)c6ccc(cc6)N(C)C","InChI=1S/C36H34N2O4/c1-37(2)26-14-9-24(10-15-26)35(39)41-33-22-21-31-30-18-13-23-7-5-6-8-28(23)29(30)19-20-32(31)34(33)42-36(40)25-11-16-27(17-12-25)38(3)4/h5-20,33-34H,21-22H2,1-4H3/t33-,34-/m0/s1","OEZZGBWDORHNSY-HEVIKAOCSA-N"
163018,"(1R,2R)-1,2,3,4-Tetrahydrotetraphene-1,2-diyl bis[4-(dimethylamino)benzoate]",558.251831,"C36H34N2O4","CN(C)c1ccc(cc1)C(=O)O[C@@H]2CCc3ccc4cc5ccccc5cc4c3[C@H]2OC(=O)c6ccc(cc6)N(C)C","InChI=1S/C36H34N2O4/c1-37(2)29-16-11-24(12-17-29)35(39)41-32-20-15-23-9-10-28-21-26-7-5-6-8-27(26)22-31(28)33(23)34(32)42-36(40)25-13-18-30(19-14-25)38(3)4/h5-14,16-19,21-22,32,34H,15,20H2,1-4H3/t32-,34+/m1/s1","VZSHJHJMUDDLFN-CWTKIQHKSA-N"
216248,"2,2'-Sulfanediylbis[N'-(3,4-diethoxybenzylidene)propanehydrazide]",558.251221,"C28H38N4O6S","CCOc1ccc(cc1OCC)C=NNC(=O)C(C)SC(C)C(=O)NN=Cc2ccc(c(c2)OCC)OCC","InChI=1S/C28H38N4O6S/c1-7-35-23-13-11-21(15-25(23)37-9-3)17-29-31-27(33)19(5)39-20(6)28(34)32-30-18-22-12-14-24(36-8-2)26(16-22)38-10-4/h11-20H,7-10H2,1-6H3,(H,31,33)(H,32,34)","GEMFHSRFAOSBKD-UHFFFAOYSA-N"
230242,"N,N'-(Sulfonyldi-4,1-phenylene)bis[4-(4-morpholinyl)butanamide]",558.251221,"C28H38N4O6S","c1cc(ccc1NC(=O)CCCN2CCOCC2)S(=O)(=O)c3ccc(cc3)NC(=O)CCCN4CCOCC4","InChI=1S/C28H38N4O6S/c33-27(3-1-13-31-15-19-37-20-16-31)29-23-5-9-25(10-6-23)39(35,36)26-11-7-24(8-12-26)30-28(34)4-2-14-32-17-21-38-22-18-32/h5-12H,1-4,13-22H2,(H,29,33)(H,30,34)","CCJKYVZNQVNCTG-UHFFFAOYSA-N"
235074,"N,N'-(Sulfonyldi-4,1-phenylene)bis[2-(3,5-dimethyl-4-morpholinyl)acetamide]",558.251221,"C28H38N4O6S","CC1COCC(N1CC(=O)Nc2ccc(cc2)S(=O)(=O)c3ccc(cc3)NC(=O)CN4C(COCC4C)C)C","InChI=1S/C28H38N4O6S/c1-19-15-37-16-20(2)31(19)13-27(33)29-23-5-9-25(10-6-23)39(35,36)26-11-7-24(8-12-26)30-28(34)14-32-21(3)17-38-18-22(32)4/h5-12,19-22H,13-18H2,1-4H3,(H,29,33)(H,30,34)","QVGHCTDLXSPMIS-UHFFFAOYSA-N"
416543,"2-Methyl-2-propanyl N-[(9H-fluoren-9-ylmethoxy)carbonyl]-2-fluoro-L-phenylalanyl-L-prolinate",558.252991,"C33H35FN2O5","CC(C)(C)OC(=O)[C@@H]1CCCN1C(=O)[C@H](Cc2ccccc2F)NC(=O)OCC3c4ccccc4-c5c3cccc5","InChI=1S/C33H35FN2O5/c1-33(2,3)41-31(38)29-17-10-18-36(29)30(37)28(19-21-11-4-9-16-27(21)34)35-32(39)40-20-26-24-14-7-5-12-22(24)23-13-6-8-15-25(23)26/h4-9,11-16,26,28-29H,10,17-20H2,1-3H3,(H,35,39)/t28-,29-/m0/s1","WEMCYWLUEIQEQC-VMPREFPWSA-N"
416544,"2-Methyl-2-propanyl N-[(9H-fluoren-9-ylmethoxy)carbonyl]-3-fluoro-L-phenylalanyl-L-prolinate",558.252991,"C33H35FN2O5","CC(C)(C)OC(=O)[C@@H]1CCCN1C(=O)[C@H](Cc2cccc(c2)F)NC(=O)OCC3c4ccccc4-c5c3cccc5","InChI=1S/C33H35FN2O5/c1-33(2,3)41-31(38)29-16-9-17-36(29)30(37)28(19-21-10-8-11-22(34)18-21)35-32(39)40-20-27-25-14-6-4-12-23(25)24-13-5-7-15-26(24)27/h4-8,10-15,18,27-29H,9,16-17,19-20H2,1-3H3,(H,35,39)/t28-,29-/m0/s1","CJZJDQBTWRUWAJ-VMPREFPWSA-N"
416545,"2-Methyl-2-propanyl N-[(9H-fluoren-9-ylmethoxy)carbonyl]-4-fluoro-L-phenylalanyl-L-prolinate",558.252991,"C33H35FN2O5","CC(C)(C)OC(=O)[C@@H]1CCCN1C(=O)[C@H](Cc2ccc(cc2)F)NC(=O)OCC3c4ccccc4-c5c3cccc5","InChI=1S/C33H35FN2O5/c1-33(2,3)41-31(38)29-13-8-18-36(29)30(37)28(19-21-14-16-22(34)17-15-21)35-32(39)40-20-27-25-11-6-4-9-23(25)24-10-5-7-12-26(24)27/h4-7,9-12,14-17,27-29H,8,13,18-20H2,1-3H3,(H,35,39)/t28-,29-/m0/s1","OGUFRXLJABRLJZ-VMPREFPWSA-N"
418406,"2-Methyl-2-propanyl N-[(9H-fluoren-9-ylmethoxy)carbonyl]-beta-fluoro-L-phenylalanyl-L-prolinate",558.252991,"C33H35FN2O5","CC(C)(C)OC(=O)[C@@H]1CCCN1C(=O)[C@H](C(c2ccccc2)F)NC(=O)OCC3c4ccccc4-c5c3cccc5","InChI=1S/C33H35FN2O5/c1-33(2,3)41-31(38)27-18-11-19-36(27)30(37)29(28(34)21-12-5-4-6-13-21)35-32(39)40-20-26-24-16-9-7-14-22(24)23-15-8-10-17-25(23)26/h4-10,12-17,26-29H,11,18-20H2,1-3H3,(H,35,39)/t27-,28?,29-/m0/s1","HTJJELLJYDAHDE-QBGWAWDMSA-N"
1268479,"(11S,11aR)-10-Benzoyl-11-[4-(benzyloxy)-3-methoxyphenyl]-3,3-dimethyl-2,3,4,10,11,11a-hexahydro-1H-dibenzo[b,e][1,4]diazepin-1-one",558.251831,"C36H34N2O4","CC1(CC2=Nc3ccccc3N([C@@H]([C@H]2C(=O)C1)c4ccc(c(c4)OC)OCc5ccccc5)C(=O)c6ccccc6)C","InChI=1S/C36H34N2O4/c1-36(2)21-28-33(30(39)22-36)34(26-18-19-31(32(20-26)41-3)42-23-24-12-6-4-7-13-24)38(29-17-11-10-16-27(29)37-28)35(40)25-14-8-5-9-15-25/h4-20,33-34H,21-23H2,1-3H3/t33-,34-/m1/s1","UEVDLLNGDIWAJD-KKLWWLSJSA-N"
2136365,"N-[2-(2-Cyclododecylidenehydrazino)-2-oxoethyl]-N-(4-methoxyphenyl)-4-methyl-3-nitrobenzenesulfonamide",558.251221,"C28H38N4O6S","Cc1ccc(cc1[N+](=O)[O-])S(=O)(=O)N(CC(=O)NN=C2CCCCCCCCCCC2)c3ccc(cc3)OC","InChI=1S/C28H38N4O6S/c1-22-14-19-26(20-27(22)32(34)35)39(36,37)31(24-15-17-25(38-2)18-16-24)21-28(33)30-29-23-12-10-8-6-4-3-5-7-9-11-13-23/h14-20H,3-13,21H2,1-2H3,(H,30,33)","JHDQFKMMHWWZBP-UHFFFAOYSA-N"
2278695,"N-(4-{[Methyl(tetrahydro-2H-pyran-4-yl)amino]methyl}phenyl)-7-(4-propylphenyl)-2,3-dihydro-1-benzothiepine-4-carboxamide 1,1-dioxide",558.255249,"C33H38N2O4S","CCCc1ccc(cc1)c2ccc3c(c2)C=C(CCS3(=O)=O)C(=O)Nc4ccc(cc4)CN(C)C5CCOCC5","InChI=1S/C33H38N2O4S/c1-3-4-24-5-9-26(10-6-24)27-11-14-32-29(21-27)22-28(17-20-40(32,37)38)33(36)34-30-12-7-25(8-13-30)23-35(2)31-15-18-39-19-16-31/h5-14,21-22,31H,3-4,15-20,23H2,1-2H3,(H,34,36)","PKKAZNJQMVNSEF-UHFFFAOYSA-N"
2278696,"7-(4-Isopropylphenyl)-N-(4-{[methyl(tetrahydro-2H-pyran-4-yl)amino]methyl}phenyl)-2,3-dihydro-1-benzothiepine-4-carboxamide 1,1-dioxide",558.255249,"C33H38N2O4S","CC(C)c1ccc(cc1)c2ccc3c(c2)C=C(CCS3(=O)=O)C(=O)Nc4ccc(cc4)CN(C)C5CCOCC5","InChI=1S/C33H38N2O4S/c1-23(2)25-6-8-26(9-7-25)27-10-13-32-29(20-27)21-28(16-19-40(32,37)38)33(36)34-30-11-4-24(5-12-30)22-35(3)31-14-17-39-18-15-31/h4-13,20-21,23,31H,14-19,22H2,1-3H3,(H,34,36)","SEOYGBIDTWGQNZ-UHFFFAOYSA-N"
2551215,"N-(1-Benzyl-4-piperidinyl)-2-({4-chloro-6-[4-(2,2-dimethylpropanoyl)-3-methyl-1-piperazinyl]-2-pyrimidinyl}sulfanyl)acetamide",558.254395,"C28H39ClN6O2S","CC1CN(CCN1C(=O)C(C)(C)C)c2cc(nc(n2)SCC(=O)NC3CCN(CC3)Cc4ccccc4)Cl","InChI=1S/C28H39ClN6O2S/c1-20-17-34(14-15-35(20)26(37)28(2,3)4)24-16-23(29)31-27(32-24)38-19-25(36)30-22-10-12-33(13-11-22)18-21-8-6-5-7-9-21/h5-9,16,20,22H,10-15,17-19H2,1-4H3,(H,30,36)","WPFHLKDWMAIIBJ-UHFFFAOYSA-N"
2563785,"2-[(Adamantan-1-ylcarbonyl)amino]-6-tert-butyl-N-[2-(trifluoromethyl)phenyl]-4,5,6,7-tetrahydro-1-benzothiophene-3-carboxamide",558.252808,"C31H37F3N2O2S","CC(C)(C)C1CCc2c(sc(c2C(=O)Nc3ccccc3C(F)(F)F)NC(=O)C45CC6CC(C4)CC(C6)C5)C1","InChI=1S/C31H37F3N2O2S/c1-29(2,3)20-8-9-21-24(13-20)39-27(25(21)26(37)35-23-7-5-4-6-22(23)31(32,33)34)36-28(38)30-14-17-10-18(15-30)12-19(11-17)16-30/h4-7,17-20H,8-16H2,1-3H3,(H,35,37)(H,36,38)","KNHFMUJZTXRKSW-UHFFFAOYSA-N"
2626310,"(4,7-Dimethylpyrazolo[5,1-c][1,2,4]triazin-3-yl)[4-(4-{[4-(1-phenylethyl)-1-piperazinyl]carbonyl}-1,3-thiazol-2-yl)-1-piperidinyl]methanone",558.252563,"C29H34N8O2S","Cc1cc2nnc(c(n2n1)C)C(=O)N3CCC(CC3)c4nc(cs4)C(=O)N5CCN(CC5)C(C)c6ccccc6","InChI=1S/C29H34N8O2S/c1-19-17-25-31-32-26(21(3)37(25)33-19)29(39)35-11-9-23(10-12-35)27-30-24(18-40-27)28(38)36-15-13-34(14-16-36)20(2)22-7-5-4-6-8-22/h4-8,17-18,20,23H,9-16H2,1-3H3","IIEPBBKVINLNFO-UHFFFAOYSA-N"
2638957,"N-(1-Benzyl-4-piperidinyl)-2-{1-[(4,7-dimethylpyrazolo[5,1-c][1,2,4]triazin-3-yl)carbonyl]-4-piperidinyl}-1,3-thiazole-4-carboxamide",558.252563,"C29H34N8O2S","Cc1cc2nnc(c(n2n1)C)C(=O)N3CCC(CC3)c4nc(cs4)C(=O)NC5CCN(CC5)Cc6ccccc6","InChI=1S/C29H34N8O2S/c1-19-16-25-32-33-26(20(2)37(25)34-19)29(39)36-14-8-22(9-15-36)28-31-24(18-40-28)27(38)30-23-10-12-35(13-11-23)17-21-6-4-3-5-7-21/h3-7,16,18,22-23H,8-15,17H2,1-2H3,(H,30,38)","WIDSZTMZGUFTBB-UHFFFAOYSA-N"
2686895,"Ethyl 1-{3-[(diphenylmethyl)carbamoyl]benzyl}-2-methyl-6-oxo-4-phenyl-1,4,5,6-tetrahydro-3-pyridinecarboxylate",558.251831,"C36H34N2O4","CCOC(=O)C1=C(N(C(=O)CC1c2ccccc2)Cc3cccc(c3)C(=O)NC(c4ccccc4)c5ccccc5)C","InChI=1S/C36H34N2O4/c1-3-42-36(41)33-25(2)38(32(39)23-31(33)27-15-7-4-8-16-27)24-26-14-13-21-30(22-26)35(40)37-34(28-17-9-5-10-18-28)29-19-11-6-12-20-29/h4-22,31,34H,3,23-24H2,1-2H3,(H,37,40)","LUMWIFTUHKBAAV-UHFFFAOYSA-N"
2794369,"2-[(4-Chloro-6-{3-methyl-4-[4-(2-methyl-2-propanyl)benzoyl]-1-piperazinyl}-2-pyrimidinyl)sulfanyl]-1-(4-ethyl-1-piperazinyl)ethanone",558.254395,"C28H39ClN6O2S","CCN1CCN(CC1)C(=O)CSc2nc(cc(n2)Cl)N3CCN(C(C3)C)C(=O)c4ccc(cc4)C(C)(C)C","InChI=1S/C28H39ClN6O2S/c1-6-32-11-13-33(14-12-32)25(36)19-38-27-30-23(29)17-24(31-27)34-15-16-35(20(2)18-34)26(37)21-7-9-22(10-8-21)28(3,4)5/h7-10,17,20H,6,11-16,18-19H2,1-5H3","YMJXWEZZIYEUGT-UHFFFAOYSA-N"
2903946,"N-[4-{2-[(2-Acetamidoethyl)amino]-2-oxoethyl}-7-hydroxy-8-(hydroxymethyl)-4a,8-dimethyl-4,4a,5,6,7,8,8a,9-octahydronaphtho[2,3-d][1,3]thiazol-2-yl]-4-methoxybenzamide",558.251221,"C28H38N4O6S","CC(=O)NCCNC(=O)CC1c2c(sc(n2)NC(=O)c3ccc(cc3)OC)CC4C1(CCC(C4(C)CO)O)C","InChI=1S/C28H38N4O6S/c1-16(34)29-11-12-30-23(36)13-19-24-20(14-21-27(19,2)10-9-22(35)28(21,3)15-33)39-26(31-24)32-25(37)17-5-7-18(38-4)8-6-17/h5-8,19,21-22,33,35H,9-15H2,1-4H3,(H,29,34)(H,30,36)(H,31,32,37)","HMWKDBTYRXAABF-UHFFFAOYSA-N"
3105839,"10-Benzoyl-11-[4-(benzyloxy)-3-methoxyphenyl]-3,3-dimethyl-2,3,4,5,10,11-hexahydro-1H-dibenzo[b,e][1,4]diazepin-1-one",558.251831,"C36H34N2O4","CC1(CC2=C(C(N(c3ccccc3N2)C(=O)c4ccccc4)c5ccc(c(c5)OC)OCc6ccccc6)C(=O)C1)C","InChI=1S/C36H34N2O4/c1-36(2)21-28-33(30(39)22-36)34(26-18-19-31(32(20-26)41-3)42-23-24-12-6-4-7-13-24)38(29-17-11-10-16-27(29)37-28)35(40)25-14-8-5-9-15-25/h4-20,34,37H,21-23H2,1-3H3","ADYVTBUUPUCTGB-UHFFFAOYSA-N"
3106237,"N-(1-Benzyl-4-piperidinyl)-2-({4-chloro-6-[3-methyl-4-(3-methylbutanoyl)-1-piperazinyl]-2-pyrimidinyl}sulfanyl)acetamide",558.254395,"C28H39ClN6O2S","CC1CN(CCN1C(=O)CC(C)C)c2cc(nc(n2)SCC(=O)NC3CCN(CC3)Cc4ccccc4)Cl","InChI=1S/C28H39ClN6O2S/c1-20(2)15-27(37)35-14-13-34(17-21(35)3)25-16-24(29)31-28(32-25)38-19-26(36)30-23-9-11-33(12-10-23)18-22-7-5-4-6-8-22/h4-8,16,20-21,23H,9-15,17-19H2,1-3H3,(H,30,36)","YUELPGHJBICNLW-UHFFFAOYSA-N"
3106581,"N-(1-Benzyl-4-piperidinyl)-2-{[4-chloro-6-(3-methyl-4-pentanoyl-1-piperazinyl)-2-pyrimidinyl]sulfanyl}acetamide",558.254395,"C28H39ClN6O2S","CCCCC(=O)N1CCN(CC1C)c2cc(nc(n2)SCC(=O)NC3CCN(CC3)Cc4ccccc4)Cl","InChI=1S/C28H39ClN6O2S/c1-3-4-10-27(37)35-16-15-34(18-21(35)2)25-17-24(29)31-28(32-25)38-20-26(36)30-23-11-13-33(14-12-23)19-22-8-6-5-7-9-22/h5-9,17,21,23H,3-4,10-16,18-20H2,1-2H3,(H,30,36)","FKDUBJLSGWEHCV-UHFFFAOYSA-N"
3119281,"N-(4-Fluorobenzyl)-N~2~-[(4-methoxyphenyl)acetyl]-N~2~-(3-methylbutyl)-N-[(4-oxo-4H-chromen-3-yl)methyl]glycinamide",558.252991,"C33H35FN2O5","CC(C)CCN(CC(=O)N(Cc1ccc(cc1)F)Cc2coc3ccccc3c2=O)C(=O)Cc4ccc(cc4)OC","InChI=1S/C33H35FN2O5/c1-23(2)16-17-35(31(37)18-24-10-14-28(40-3)15-11-24)21-32(38)36(19-25-8-12-27(34)13-9-25)20-26-22-41-30-7-5-4-6-29(30)33(26)39/h4-15,22-23H,16-21H2,1-3H3","ICBAKNQIUGCOMA-UHFFFAOYSA-N"
3126045,"2-[(4-Chloro-6-{3-methyl-4-[4-(2-methyl-2-propanyl)benzoyl]-1-piperazinyl}-2-pyrimidinyl)sulfanyl]-N-[2-(1-pyrrolidinyl)ethyl]acetamide",558.254395,"C28H39ClN6O2S","CC1CN(CCN1C(=O)c2ccc(cc2)C(C)(C)C)c3cc(nc(n3)SCC(=O)NCCN4CCCC4)Cl","InChI=1S/C28H39ClN6O2S/c1-20-18-34(15-16-35(20)26(37)21-7-9-22(10-8-21)28(2,3)4)24-17-23(29)31-27(32-24)38-19-25(36)30-11-14-33-12-5-6-13-33/h7-10,17,20H,5-6,11-16,18-19H2,1-4H3,(H,30,36)","ZUPBOPAGDTTYPB-UHFFFAOYSA-N"
3126118,"5-{[(1,3-Benzodioxol-5-ylmethyl)(benzyl)amino]methyl}-N-(3,3-diphenylpropyl)-2-furamide",558.251831,"C36H34N2O4","c1ccc(cc1)CN(Cc2ccc3c(c2)OCO3)Cc4ccc(o4)C(=O)NCCC(c5ccccc5)c6ccccc6","InChI=1S/C36H34N2O4/c39-36(37-21-20-32(29-12-6-2-7-13-29)30-14-8-3-9-15-30)34-19-17-31(42-34)25-38(23-27-10-4-1-5-11-27)24-28-16-18-33-35(22-28)41-26-40-33/h1-19,22,32H,20-21,23-26H2,(H,37,39)","USKXWFLSWGVLGV-UHFFFAOYSA-N"
3139557,"1-{4-[6-Chloro-2-({2-[4-(2-methylphenyl)-1-piperazinyl]-2-oxoethyl}sulfanyl)-4-pyrimidinyl]-2-methyl-1-piperazinyl}-3,3-dimethyl-1-butanone",558.254395,"C28H39ClN6O2S","Cc1ccccc1N2CCN(CC2)C(=O)CSc3nc(cc(n3)Cl)N4CCN(C(C4)C)C(=O)CC(C)(C)C","InChI=1S/C28H39ClN6O2S/c1-20-8-6-7-9-22(20)32-10-12-33(13-11-32)26(37)19-38-27-30-23(29)16-24(31-27)34-14-15-35(21(2)18-34)25(36)17-28(3,4)5/h6-9,16,21H,10-15,17-19H2,1-5H3","RYXROACVCRYLDL-UHFFFAOYSA-N"
3147937,"N-Benzyl-2-({4-chloro-6-[4-(cyclopentylcarbonyl)-3-methyl-1-piperazinyl]-2-pyrimidinyl}sulfanyl)-N-[2-(dimethylamino)ethyl]acetamide",558.254395,"C28H39ClN6O2S","CC1CN(CCN1C(=O)C2CCCC2)c3cc(nc(n3)SCC(=O)N(CCN(C)C)Cc4ccccc4)Cl","InChI=1S/C28H39ClN6O2S/c1-21-18-33(15-16-35(21)27(37)23-11-7-8-12-23)25-17-24(29)30-28(31-25)38-20-26(36)34(14-13-32(2)3)19-22-9-5-4-6-10-22/h4-6,9-10,17,21,23H,7-8,11-16,18-20H2,1-3H3","KRQPTOOJDWAWFD-UHFFFAOYSA-N"
3262073,"N~2~-[(Benzyloxy)acetyl]-N-(4-fluorobenzyl)-N~2~-(3-methylbutyl)-N-[(4-oxo-4H-chromen-3-yl)methyl]glycinamide",558.252991,"C33H35FN2O5","CC(C)CCN(CC(=O)N(Cc1ccc(cc1)F)Cc2coc3ccccc3c2=O)C(=O)COCc4ccccc4","InChI=1S/C33H35FN2O5/c1-24(2)16-17-35(32(38)23-40-21-26-8-4-3-5-9-26)20-31(37)36(18-25-12-14-28(34)15-13-25)19-27-22-41-30-11-7-6-10-29(30)33(27)39/h3-15,22,24H,16-21,23H2,1-2H3","UFLGKBHKNIDURJ-UHFFFAOYSA-N"
3306043,"4-Hydroxy-N-(2-hydroxyethyl)-8-(hydroxymethyl)-6-methoxy-3-[octanoyl(2,2,2-trifluoroethyl)amino]-3,4,4a,9b-tetrahydrodibenzo[b,d]furan-1-carboxamide",558.25531,"C27H37F3N2O7","CCCCCCCC(=O)N(CC(F)(F)F)C1C=C(C2c3cc(cc(c3OC2C1O)OC)CO)C(=O)NCCO","InChI=1S/C27H37F3N2O7/c1-3-4-5-6-7-8-21(35)32(15-27(28,29)30)19-13-18(26(37)31-9-10-33)22-17-11-16(14-34)12-20(38-2)24(17)39-25(22)23(19)36/h11-13,19,22-23,25,33-34,36H,3-10,14-15H2,1-2H3,(H,31,37)","BELQRHBMVMDSFU-UHFFFAOYSA-N"
3408270,"10-Benzoyl-11-[3-(benzyloxy)-4-methoxyphenyl]-3,3-dimethyl-2,3,4,5,10,11-hexahydro-1H-dibenzo[b,e][1,4]diazepin-1-one",558.251831,"C36H34N2O4","CC1(CC2=C(C(N(c3ccccc3N2)C(=O)c4ccccc4)c5ccc(c(c5)OCc6ccccc6)OC)C(=O)C1)C","InChI=1S/C36H34N2O4/c1-36(2)21-28-33(30(39)22-36)34(26-18-19-31(41-3)32(20-26)42-23-24-12-6-4-7-13-24)38(29-17-11-10-16-27(29)37-28)35(40)25-14-8-5-9-15-25/h4-20,34,37H,21-23H2,1-3H3","CGDUXDLEDDTQSJ-UHFFFAOYSA-N"
3512559,"N-Butyl-N-(2-{[2-(3,4-dimethoxyphenyl)ethyl][(5-methyl-2-thienyl)methyl]amino}-2-oxoethyl)-2-naphthamide",558.255249,"C33H38N2O4S","CCCCN(CC(=O)N(CCc1ccc(c(c1)OC)OC)Cc2ccc(s2)C)C(=O)c3ccc4ccccc4c3","InChI=1S/C33H38N2O4S/c1-5-6-18-35(33(37)28-14-13-26-9-7-8-10-27(26)21-28)23-32(36)34(22-29-15-11-24(2)40-29)19-17-25-12-16-30(38-3)31(20-25)39-4/h7-16,20-21H,5-6,17-19,22-23H2,1-4H3","SXUBYIKXANSURE-UHFFFAOYSA-N"
3540292,"2-({4-Chloro-6-[3-methyl-4-(4-methylbenzoyl)-1-piperazinyl]-2-pyrimidinyl}sulfanyl)-N-[3-(2-methyl-1-piperidinyl)propyl]acetamide",558.254395,"C28H39ClN6O2S","Cc1ccc(cc1)C(=O)N2CCN(CC2C)c3cc(nc(n3)SCC(=O)NCCCN4CCCCC4C)Cl","InChI=1S/C28H39ClN6O2S/c1-20-8-10-23(11-9-20)27(37)35-16-15-34(18-22(35)3)25-17-24(29)31-28(32-25)38-19-26(36)30-12-6-14-33-13-5-4-7-21(33)2/h8-11,17,21-22H,4-7,12-16,18-19H2,1-3H3,(H,30,36)","DSJBPVBTWRKRHT-UHFFFAOYSA-N"
3541557,"N-{3-[(4-{[4-(4-Chlorobenzyl)-3-oxo-3,4-dihydro-2H-1,4-benzoxazin-2-ylidene]methyl}benzoyl)amino]propyl}-N-methylcyclohexanaminium",558.25177,"C33H37ClN3O3","C[NH+](CCCNC(=O)c1ccc(cc1)C=C2C(=O)N(c3ccccc3O2)Cc4ccc(cc4)Cl)C5CCCCC5","InChI=1S/C33H36ClN3O3/c1-36(28-8-3-2-4-9-28)21-7-20-35-32(38)26-16-12-24(13-17-26)22-31-33(39)37(23-25-14-18-27(34)19-15-25)29-10-5-6-11-30(29)40-31/h5-6,10-19,22,28H,2-4,7-9,20-21,23H2,1H3,(H,35,38)/p+1","KJWJYNSXNAGXNA-UHFFFAOYSA-O"
3565303,"N-(2-{(4-Fluorobenzyl)[(4-oxo-4H-chromen-3-yl)methyl]amino}-2-oxoethyl)-N-(2-methoxyethyl)-4-(2-methyl-2-propanyl)benzamide",558.252991,"C33H35FN2O5","CC(C)(C)c1ccc(cc1)C(=O)N(CCOC)CC(=O)N(Cc2ccc(cc2)F)Cc3coc4ccccc4c3=O","InChI=1S/C33H35FN2O5/c1-33(2,3)26-13-11-24(12-14-26)32(39)35(17-18-40-4)21-30(37)36(19-23-9-15-27(34)16-10-23)20-25-22-41-29-8-6-5-7-28(29)31(25)38/h5-16,22H,17-21H2,1-4H3","GPGOUJYXZFQPBE-UHFFFAOYSA-N"
3638255,"2-Oxo-2-(4-phenyl-1-piperazinyl)ethyl N-[3-(diethylsulfamoyl)benzoyl]valinate",558.251221,"C28H38N4O6S","CCN(CC)S(=O)(=O)c1cccc(c1)C(=O)NC(C(C)C)C(=O)OCC(=O)N2CCN(CC2)c3ccccc3","InChI=1S/C28H38N4O6S/c1-5-32(6-2)39(36,37)24-14-10-11-22(19-24)27(34)29-26(21(3)4)28(35)38-20-25(33)31-17-15-30(16-18-31)23-12-8-7-9-13-23/h7-14,19,21,26H,5-6,15-18,20H2,1-4H3,(H,29,34)","MLNFLGUNEAVJSQ-UHFFFAOYSA-N"
3708825,"3-(3-Oxo-3-{6-oxo-4-phenyl-2-[(2-phenylethyl)amino]-1-cyclohexen-1-yl}propyl)-6-phenyl-6,7-dihydro-1,2-benzoxazol-4(5H)-one",558.251831,"C36H34N2O4","c1ccc(cc1)CCNC2=C(C(=O)CC(C2)c3ccccc3)C(=O)CCc4c5c(on4)CC(CC5=O)c6ccccc6","InChI=1S/C36H34N2O4/c39-31(17-16-29-36-33(41)22-28(23-34(36)42-38-29)26-14-8-3-9-15-26)35-30(37-19-18-24-10-4-1-5-11-24)20-27(21-32(35)40)25-12-6-2-7-13-25/h1-15,27-28,37H,16-23H2","GXTSAGFRXRCICG-UHFFFAOYSA-N"
3709237,"2-{3-(4-Oxo-6-phenyl-4,5,6,7-tetrahydro-1,2-benzoxazol-3-yl)-1-[(2-phenylethyl)amino]propylidene}-5-phenyl-1,3-cyclohexanedione",558.251831,"C36H34N2O4","c1ccc(cc1)CCNC(=C2C(=O)CC(CC2=O)c3ccccc3)CCc4c5c(on4)CC(CC5=O)c6ccccc6","InChI=1S/C36H34N2O4/c39-31-20-27(25-12-6-2-7-13-25)21-32(40)35(31)29(37-19-18-24-10-4-1-5-11-24)16-17-30-36-33(41)22-28(23-34(36)42-38-30)26-14-8-3-9-15-26/h1-15,27-28,37H,16-23H2","YBWIKULYDOXPJP-UHFFFAOYSA-N"
3783161,"Ethyl 1-{4-[(diphenylmethyl)carbamoyl]benzyl}-2-methyl-6-oxo-4-phenyl-1,4,5,6-tetrahydro-3-pyridinecarboxylate",558.251831,"C36H34N2O4","CCOC(=O)C1=C(N(C(=O)CC1c2ccccc2)Cc3ccc(cc3)C(=O)NC(c4ccccc4)c5ccccc5)C","InChI=1S/C36H34N2O4/c1-3-42-36(41)33-25(2)38(32(39)23-31(33)27-13-7-4-8-14-27)24-26-19-21-30(22-20-26)35(40)37-34(28-15-9-5-10-16-28)29-17-11-6-12-18-29/h4-22,31,34H,3,23-24H2,1-2H3,(H,37,40)","WLPLGXCTHBOQTA-UHFFFAOYSA-N"
3829546,"10-Benzoyl-3-(4-methoxyphenyl)-11-(2-propoxyphenyl)-2,3,4,5,10,11-hexahydro-1H-dibenzo[b,e][1,4]diazepin-1-one",558.251831,"C36H34N2O4","CCCOc1ccccc1C2C3=C(CC(CC3=O)c4ccc(cc4)OC)Nc5ccccc5N2C(=O)c6ccccc6","InChI=1S/C36H34N2O4/c1-3-21-42-33-16-10-7-13-28(33)35-34-30(22-26(23-32(34)39)24-17-19-27(41-2)20-18-24)37-29-14-8-9-15-31(29)38(35)36(40)25-11-5-4-6-12-25/h4-20,26,35,37H,3,21-23H2,1-2H3","MUBHCCUBTAOKDO-UHFFFAOYSA-N"
3844124,"N,N'-(9,10-Dioxo-9,10-dihydroanthracene-1,4-diyl)bis(4-butylbenzamide)",558.251831,"C36H34N2O4","CCCCc1ccc(cc1)C(=O)Nc2ccc(c3c2C(=O)c4ccccc4C3=O)NC(=O)c5ccc(cc5)CCCC","InChI=1S/C36H34N2O4/c1-3-5-9-23-13-17-25(18-14-23)35(41)37-29-21-22-30(38-36(42)26-19-15-24(16-20-26)10-6-4-2)32-31(29)33(39)27-11-7-8-12-28(27)34(32)40/h7-8,11-22H,3-6,9-10H2,1-2H3,(H,37,41)(H,38,42)","RLTRXDOCBPGMRR-UHFFFAOYSA-N"
3878125,"1-[4-(2-{[2-(4-Benzyl-1-piperazinyl)-2-oxoethyl]sulfanyl}-6-chloro-4-pyrimidinyl)-2-methyl-1-piperazinyl]-3,3-dimethyl-1-butanone",558.254395,"C28H39ClN6O2S","CC1CN(CCN1C(=O)CC(C)(C)C)c2cc(nc(n2)SCC(=O)N3CCN(CC3)Cc4ccccc4)Cl","InChI=1S/C28H39ClN6O2S/c1-21-18-34(14-15-35(21)25(36)17-28(2,3)4)24-16-23(29)30-27(31-24)38-20-26(37)33-12-10-32(11-13-33)19-22-8-6-5-7-9-22/h5-9,16,21H,10-15,17-20H2,1-4H3","JOXLIZFUFIWKLR-UHFFFAOYSA-N"
3881005,"N-(2-{[2-(3,4-Dimethoxyphenyl)ethyl][(3-methyl-2-thienyl)methyl]amino}-2-oxoethyl)-N-isobutyl-2-naphthamide",558.255249,"C33H38N2O4S","Cc1ccsc1CN(CCc2ccc(c(c2)OC)OC)C(=O)CN(CC(C)C)C(=O)c3ccc4ccccc4c3","InChI=1S/C33H38N2O4S/c1-23(2)20-35(33(37)28-12-11-26-8-6-7-9-27(26)19-28)22-32(36)34(21-31-24(3)15-17-40-31)16-14-25-10-13-29(38-4)30(18-25)39-5/h6-13,15,17-19,23H,14,16,20-22H2,1-5H3","CGOZRFIZQJUCLZ-UHFFFAOYSA-N"
4268090,"N-(2-Acetamidoethyl)-2-{7-hydroxy-8-(hydroxymethyl)-4a,8-dimethyl-2-[(phenoxyacetyl)amino]-4,4a,5,6,7,8,8a,9-octahydronaphtho[2,3-d][1,3]thiazol-4-yl}acetamide",558.251221,"C28H38N4O6S","CC(=O)NCCNC(=O)CC1c2c(sc(n2)NC(=O)COc3ccccc3)CC4C1(CCC(C4(C)CO)O)C","InChI=1S/C28H38N4O6S/c1-17(34)29-11-12-30-23(36)13-19-25-20(14-21-27(19,2)10-9-22(35)28(21,3)16-33)39-26(32-25)31-24(37)15-38-18-7-5-4-6-8-18/h4-8,19,21-22,33,35H,9-16H2,1-3H3,(H,29,34)(H,30,36)(H,31,32,37)","HAOVJVMLHUZSQK-UHFFFAOYSA-N"
4375256,"4-Butyl-N-(2-{(4-fluorobenzyl)[(4-oxo-4H-chromen-3-yl)methyl]amino}-2-oxoethyl)-N-(2-methoxyethyl)benzamide",558.252991,"C33H35FN2O5","CCCCc1ccc(cc1)C(=O)N(CCOC)CC(=O)N(Cc2ccc(cc2)F)Cc3coc4ccccc4c3=O","InChI=1S/C33H35FN2O5/c1-3-4-7-24-10-14-26(15-11-24)33(39)35(18-19-40-2)22-31(37)36(20-25-12-16-28(34)17-13-25)21-27-23-41-30-9-6-5-8-29(30)32(27)38/h5-6,8-17,23H,3-4,7,18-22H2,1-2H3","AKYBZXRAHKDJSK-UHFFFAOYSA-N"
4419571,"N-[1-(Adamantan-1-yl)ethyl]-3-[benzyl(4-methoxyphenyl)sulfamoyl]benzamide",558.255249,"C33H38N2O4S","CC(C12CC3CC(C1)CC(C3)C2)NC(=O)c4cccc(c4)S(=O)(=O)N(Cc5ccccc5)c6ccc(cc6)OC","InChI=1S/C33H38N2O4S/c1-23(33-19-25-15-26(20-33)17-27(16-25)21-33)34-32(36)28-9-6-10-31(18-28)40(37,38)35(22-24-7-4-3-5-8-24)29-11-13-30(39-2)14-12-29/h3-14,18,23,25-27H,15-17,19-22H2,1-2H3,(H,34,36)","ZQTCLIIADGLPFD-UHFFFAOYSA-N"
5153540,"(3R,4S,4aS,9bS)-4-Hydroxy-N-(2-hydroxyethyl)-8-(hydroxymethyl)-6-methoxy-3-[octanoyl(2,2,2-trifluoroethyl)amino]-3,4,4a,9b-tetrahydrodibenzo[b,d]furan-1-carboxamide",558.25531,"C27H37F3N2O7","CCCCCCCC(=O)N(CC(F)(F)F)[C@@H]1C=C([C@@H]2c3cc(cc(c3O[C@@H]2[C@H]1O)OC)CO)C(=O)NCCO","InChI=1S/C27H37F3N2O7/c1-3-4-5-6-7-8-21(35)32(15-27(28,29)30)19-13-18(26(37)31-9-10-33)22-17-11-16(14-34)12-20(38-2)24(17)39-25(22)23(19)36/h11-13,19,22-23,25,33-34,36H,3-10,14-15H2,1-2H3,(H,31,37)/t19-,22+,23+,25+/m1/s1","BELQRHBMVMDSFU-SXPAWZJZSA-N"
5477862,"N-[(4S,4aR,7R,8R,8aS)-4-{2-[(2-Acetamidoethyl)amino]-2-oxoethyl}-7-hydroxy-8-(hydroxymethyl)-4a,8-dimethyl-4,4a,5,6,7,8,8a,9-octahydronaphtho[2,3-d][1,3]thiazol-2-yl]-4-methoxybenzamide",558.251221,"C28H38N4O6S","O=C(NCCNC(=O)C[C@@H]3c1nc(sc1C[C@@H]2[C@]([C@H](O)CC[C@]23C)(C)CO)NC(=O)c4ccc(OC)cc4)C","InChI=1S/C28H38N4O6S/c1-16(34)29-11-12-30-23(36)13-19-24-20(14-21-27(19,2)10-9-22(35)28(21,3)15-33)39-26(31-24)32-25(37)17-5-7-18(38-4)8-6-17/h5-8,19,21-22,33,35H,9-15H2,1-4H3,(H,29,34)(H,30,36)(H,31,32,37)/t19-,21+,22-,27+,28+/m1/s1","HMWKDBTYRXAABF-JEPPUSMKSA-N"
7837780,"N'-(3,4-Diethoxybenzylidene)-2-({1-[(2Z)-2-(3,4-diethoxybenzylidene)hydrazino]-1-oxo-2-propanyl}sulfanyl)propanehydrazide",558.251221,"C28H38N4O6S","O=C(N/N=C\c1ccc(OCC)c(OCC)c1)C(SC(C(=O)NN=Cc2cc(OCC)c(OCC)cc2)C)C","InChI=1S/C28H38N4O6S/c1-7-35-23-13-11-21(15-25(23)37-9-3)17-29-31-27(33)19(5)39-20(6)28(34)32-30-18-22-12-14-24(36-8-2)26(16-22)38-10-4/h11-20H,7-10H2,1-6H3,(H,31,33)(H,32,34)/b29-17-,30-18?","GEMFHSRFAOSBKD-PDYQYDPISA-N"
7916317,"2,2'-Sulfanediylbis{N'-[(E)-(3,4-diethoxyphenyl)methylene]propanehydrazide}",558.251221,"C28H38N4O6S","O=C(N/N=C/c1ccc(OCC)c(OCC)c1)C(SC(C(=O)N\N=C\c2cc(OCC)c(OCC)cc2)C)C","InChI=1S/C28H38N4O6S/c1-7-35-23-13-11-21(15-25(23)37-9-3)17-29-31-27(33)19(5)39-20(6)28(34)32-30-18-22-12-14-24(36-8-2)26(16-22)38-10-4/h11-20H,7-10H2,1-6H3,(H,31,33)(H,32,34)/b29-17+,30-18+","GEMFHSRFAOSBKD-YAGSLNJISA-N"
8004965,"1-Benzoyl-L-prolyl-N-{4-[(diaminomethylene)amino]-1-(dihydroxyboryl)butyl}-L-phenylalaninamide hydrochloride (1:1)",558.252869,"C26H36BClN6O5","O=C(N[C@H](C(=O)NC(B(O)O)CCC/N=C(\N)N)Cc1ccccc1)[C@H]3N(C(=O)c2ccccc2)CCC3.Cl","InChI=1S/C26H35BN6O5.ClH/c28-26(29)30-15-7-14-22(27(37)38)32-23(34)20(17-18-9-3-1-4-10-18)31-24(35)21-13-8-16-33(21)25(36)19-11-5-2-6-12-19;/h1-6,9-12,20-22,37-38H,7-8,13-17H2,(H,31,35)(H,32,34)(H4,28,29,30);1H/t20-,21-,22?;/m0./s1","UOCWPGQPHSTEMI-WQYTULBISA-N"
8048161,"(2R,3Z,5R)-3-(2-Hydroxyethylidene)-7-oxo-4-oxa-1-azabicyclo[3.2.0]heptane-2-carboxylic acid - 2,2'-oxybis(N,N-dimethylethanamine) (2:1)",558.253723,"C24H38N4O11","O=C2N1[C@H](C(/O[C@@H]1C2)=C/CO)C(=O)O.O=C(O)[C@H]2C(/O[C@H]1N2C(=O)C1)=C/CO.O(CCN(C)C)CCN(C)C","InChI=1S/C8H20N2O.2C8H9NO5/c1-9(2)5-7-11-8-6-10(3)4;2*10-2-1-4-7(8(12)13)9-5(11)3-6(9)14-4/h5-8H2,1-4H3;2*1,6-7,10H,2-3H2,(H,12,13)/b;2*4-1-/t;2*6-,7-/m.11/s1","XRKDFYAIDIMVTR-XDOCAOTKSA-N"
8048166,"2-(Cyclopropylamino)-11-[4-(4-fluorophenyl)-1-piperazinyl]-7-phenyl-7H-benzimidazo[1,2-d][1,4]benzodiazepin-6(13H)-one",558.254333,"C34H31FN6O","Fc8ccc(N7CCN(c1cc6c(cc1)N4/C(=C5/C=C(/NC2CC2)\C=C/C5=N/C(=O)C4c3ccccc3)N6)CC7)cc8","InChI=1S/C34H31FN6O/c35-23-6-11-26(12-7-23)39-16-18-40(19-17-39)27-13-15-31-30(21-27)37-33-28-20-25(36-24-8-9-24)10-14-29(28)38-34(42)32(41(31)33)22-4-2-1-3-5-22/h1-7,10-15,20-21,24,32,36-37H,8-9,16-19H2","RTRBJWMSXRHIIF-UHFFFAOYSA-N"
8048182,"4-(4-Chlorophenyl)-N-[5-({[4-(4-chlorophenyl)-3-piperidinyl]carbonyl}amino)pentyl]-1-methyl-3-piperidinecarboxamide",558.252808,"C30H40Cl2N4O2","Clc1ccc(cc1)C4CCNCC4C(=O)NCCCCCNC(=O)C3CN(C)CCC3c2ccc(Cl)cc2","InChI=1S/C30H40Cl2N4O2/c1-36-18-14-26(22-7-11-24(32)12-8-22)28(20-36)30(38)35-16-4-2-3-15-34-29(37)27-19-33-17-13-25(27)21-5-9-23(31)10-6-21/h5-12,25-28,33H,2-4,13-20H2,1H3,(H,34,37)(H,35,38)","JUEURYNFXGRMJJ-UHFFFAOYSA-N"
8069652,"[3-Hydroxy-9-(4-hydroxyphenyl)-5,6-dihydroindolo[2,1-a]isoquinolin-12-yl]{3-[2-(1-piperidinyl)ethoxy]phenyl}methanone",558.251831,"C36H34N2O4","O=C(c5c2ccc(c1ccc(O)cc1)cc2n4c5c3ccc(O)cc3CC4)c7cc(OCCN6CCCCC6)ccc7","InChI=1S/C36H34N2O4/c39-28-10-7-24(8-11-28)25-9-13-32-33(23-25)38-18-15-26-21-29(40)12-14-31(26)35(38)34(32)36(41)27-5-4-6-30(22-27)42-20-19-37-16-2-1-3-17-37/h4-14,21-23,39-40H,1-3,15-20H2","JSZRZBJMQRUBPK-UHFFFAOYSA-N"
8274828,"(4-Methyl-1,3-thiazol-5-yl)methyl (4R)-4-({[(3S)-1,2-dioxo-1-{[(1R)-1-phenylethyl]amino}-3-heptanyl]carbamoyl}oxy)-3,3-dimethyl-1-pyrrolidinecarboxylate",558.251221,"C28H38N4O6S","O=C(N[C@@H](c1ccccc1)C)C(=O)[C@@H](NC(=O)O[C@H]3CN(C(=O)OCc2scnc2C)CC3(C)C)CCCC","InChI=1S/C28H38N4O6S/c1-6-7-13-21(24(33)25(34)30-18(2)20-11-9-8-10-12-20)31-26(35)38-23-14-32(16-28(23,4)5)27(36)37-15-22-19(3)29-17-39-22/h8-12,17-18,21,23H,6-7,13-16H2,1-5H3,(H,30,34)(H,31,35)/t18-,21+,23+/m1/s1","NXEAELWENPRGOQ-JZWVFAODSA-N"
8341917,"2-Ethoxy-3-(4-{2-[5-(4-fluorophenyl)-2-isopropyl-3-(phenylcarbamoyl)-1H-pyrrol-1-yl]ethoxy}phenyl)propanoic acid",558.252991,"C33H35FN2O5","O=C(O)C(OCC)Cc4ccc(OCCn2c(c(cc2c1ccc(F)cc1)C(=O)Nc3ccccc3)C(C)C)cc4","InChI=1S/C33H35FN2O5/c1-4-40-30(33(38)39)20-23-10-16-27(17-11-23)41-19-18-36-29(24-12-14-25(34)15-13-24)21-28(31(36)22(2)3)32(37)35-26-8-6-5-7-9-26/h5-17,21-22,30H,4,18-20H2,1-3H3,(H,35,37)(H,38,39)","MGUVOXOKEQWNKP-UHFFFAOYSA-N"
8341918,"Benzyl (2-methyl-1-{2-methyl-4-[(1-methyl-2,3-dihydro-1H-indol-2-yl)methoxy]benzoyl}-1H-indol-3-yl)acetate",558.251831,"C36H34N2O4","O=C(OCc1ccccc1)Cc3c2ccccc2n(c3C)C(=O)c6c(cc(OCC5N(c4ccccc4C5)C)cc6)C","InChI=1S/C36H34N2O4/c1-24-19-29(41-23-28-20-27-13-7-9-15-33(27)37(28)3)17-18-30(24)36(40)38-25(2)32(31-14-8-10-16-34(31)38)21-35(39)42-22-26-11-5-4-6-12-26/h4-19,28H,20-23H2,1-3H3","HMUCVCXNGOZDRD-UHFFFAOYSA-N"
8363308,"N-({4-(Benzyloxy)-4'-[(2,4-dioxo-1,3-thiazolidin-5-yl)methyl]-3-biphenylyl}methyl)-N-methyloctanamide",558.255249,"C33H38N2O4S","O=C1NC(=O)SC1Cc4ccc(c3ccc(OCc2ccccc2)c(c3)CN(C(=O)CCCCCCC)C)cc4","InChI=1S/C33H38N2O4S/c1-3-4-5-6-10-13-31(36)35(2)22-28-21-27(18-19-29(28)39-23-25-11-8-7-9-12-25)26-16-14-24(15-17-26)20-30-32(37)34-33(38)40-30/h7-9,11-12,14-19,21,30H,3-6,10,13,20,22-23H2,1-2H3,(H,34,37,38)","IYZLRPJDJQSCHR-UHFFFAOYSA-N"
8385206,"2-Methyl-2-propanyl {[5-(N-{[(1R,2S)-2-(benzoylamino)cyclohexyl]carbonyl}-L-leucyl)-1,3,4-oxadiazol-2-yl]sulfanyl}acetate",558.251221,"C28H38N4O6S","O=C(c1ccccc1)N[C@H]3CCCC[C@H]3C(=O)N[C@H](C(=O)c2nnc(SCC(=O)OC(C)(C)C)o2)CC(C)C","InChI=1S/C28H38N4O6S/c1-17(2)15-21(23(34)26-31-32-27(37-26)39-16-22(33)38-28(3,4)5)30-25(36)19-13-9-10-14-20(19)29-24(35)18-11-7-6-8-12-18/h6-8,11-12,17,19-21H,9-10,13-16H2,1-5H3,(H,29,35)(H,30,36)/t19-,20+,21+/m1/s1","KBQASBMBXXPFMU-HKBOAZHASA-N"
8393909,"2-Methyl-2-propanyl [(2S,3S)-3-hydroxy-5-{5-[hydroxy(phenyl)methyl]-1,3-thiazol-2-yl}-1,6-diphenyl-2-hexanyl]carbamate",558.255249,"C33H38N2O4S","O=C(OC(C)(C)C)N[C@H]([C@@H](O)CC(c1ncc(s1)C(O)c2ccccc2)Cc3ccccc3)Cc4ccccc4","InChI=1S/C33H38N2O4S/c1-33(2,3)39-32(38)35-27(20-24-15-9-5-10-16-24)28(36)21-26(19-23-13-7-4-8-14-23)31-34-22-29(40-31)30(37)25-17-11-6-12-18-25/h4-18,22,26-28,30,36-37H,19-21H2,1-3H3,(H,35,38)/t26?,27-,28-,30?/m0/s1","RUIXGEYDNKLREW-MLYQVHPVSA-N"
8478534,"N-({6-(Benzyloxy)-4'-[(2,4-dioxo-1,3-thiazolidin-5-yl)methyl]-3-biphenylyl}methyl)-N-methyloctanamide",558.255249,"C33H38N2O4S","O=C1NC(=O)SC1Cc4ccc(c3cc(ccc3OCc2ccccc2)CN(C(=O)CCCCCCC)C)cc4","InChI=1S/C33H38N2O4S/c1-3-4-5-6-10-13-31(36)35(2)22-26-16-19-29(39-23-25-11-8-7-9-12-25)28(20-26)27-17-14-24(15-18-27)21-30-32(37)34-33(38)40-30/h7-9,11-12,14-20,30H,3-6,10,13,21-23H2,1-2H3,(H,34,37,38)","RZSWGZBGOFLPMZ-UHFFFAOYSA-N"
8523195,"Benzyl (5E)-N-[(9H-fluoren-9-ylmethoxy)carbonyl]-5-{[2-(trimethylsilyl)ethoxy]imino}-L-norvalinate",558.255005,"C32H38N2O5Si","O=C(OCc1ccccc1)[C@@H](NC(=O)OCC4c2ccccc2c3c4cccc3)CC\C=N\OCC[Si](C)(C)C","InChI=1S/C32H38N2O5Si/c1-40(2,3)21-20-39-33-19-11-18-30(31(35)37-22-24-12-5-4-6-13-24)34-32(36)38-23-29-27-16-9-7-14-25(27)26-15-8-10-17-28(26)29/h4-10,12-17,19,29-30H,11,18,20-23H2,1-3H3,(H,34,36)/b33-19+/t30-/m0/s1","OJRNUBWQSUWEHL-YCMVMKQGSA-N"
8545972,"4-[2-({(2E)-3-[1-(Diphenylmethyl)-1H-indol-5-yl]-2-butenoyl}amino)-5-methylphenoxy]butanoic acid",558.251831,"C36H34N2O4","CC1=CC(=C(C=C1)NC(=O)/C=C(\C)/C2=CC3=C(C=C2)N(C=C3)C(C4=CC=CC=C4)C5=CC=CC=C5)OCCCC(=O)O","InChI=1S/C36H34N2O4/c1-25-15-17-31(33(22-25)42-21-9-14-35(40)41)37-34(39)23-26(2)29-16-18-32-30(24-29)19-20-38(32)36(27-10-5-3-6-11-27)28-12-7-4-8-13-28/h3-8,10-13,15-20,22-24,36H,9,14,21H2,1-2H3,(H,37,39)(H,40,41)/b26-23+","RBHJWANDTDNSSZ-WNAAXNPUSA-N"
8545973,"4-[2-({(2E)-3-[1-(Diphenylmethyl)-1H-indol-5-yl]-2-butenoyl}amino)-4-methylphenoxy]butanoic acid",558.251831,"C36H34N2O4","CC1=CC(=C(C=C1)OCCCC(=O)O)NC(=O)/C=C(\C)/C2=CC3=C(C=C2)N(C=C3)C(C4=CC=CC=C4)C5=CC=CC=C5","InChI=1S/C36H34N2O4/c1-25-15-18-33(42-21-9-14-35(40)41)31(22-25)37-34(39)23-26(2)29-16-17-32-30(24-29)19-20-38(32)36(27-10-5-3-6-11-27)28-12-7-4-8-13-28/h3-8,10-13,15-20,22-24,36H,9,14,21H2,1-2H3,(H,37,39)(H,40,41)/b26-23+","XYPXEWJAMNUATD-WNAAXNPUSA-N"
8545986,"N-[(1-Amino-6-isoquinolinyl)methyl]-1-chloro-8,8-diethyl-4-oxo-3-[(3-phenylpropyl)amino]-4,6,7,8-tetrahydropyrrolo[1,2-a]pyrazine-6-carboxamide",558.250977,"C31H35ClN6O2","O=C(NCc2cc1ccnc(N)c1cc2)C5N3/C(=C(/Cl)\N=C(/C3=O)NCCCc4ccccc4)C(C5)(CC)CC","InChI=1S/C31H35ClN6O2/c1-3-31(4-2)18-24(29(39)36-19-21-12-13-23-22(17-21)14-16-34-27(23)33)38-25(31)26(32)37-28(30(38)40)35-15-8-11-20-9-6-5-7-10-20/h5-7,9-10,12-14,16-17,24H,3-4,8,11,15,18-19H2,1-2H3,(H2,33,34)(H,35,37)(H,36,39)","ZXNJVSLOMKBEFU-UHFFFAOYSA-N"
8590812,"1-{[Pentakis(butylsulfanyl)ethyl]sulfanyl}butane",558.254944,"C26H54S6","S(CCCC)C(SCCCC)(SCCCC)C(SCCCC)(SCCCC)SCCCC","InChI=1S/C26H54S6/c1-7-13-19-27-25(28-20-14-8-2,29-21-15-9-3)26(30-22-16-10-4,31-23-17-11-5)32-24-18-12-6/h7-24H2,1-6H3","FKINITKQKSGFAU-UHFFFAOYSA-N"
8682442,"1-(2-Hydroxy-2,2-diphenylethyl)-3-{3-[hydroxy(diphenyl)methyl]-4-methoxyphenyl}-1-methylurea",558.251831,"C36H34N2O4","O=C(N(CC(O)(c1ccccc1)c2ccccc2)C)Nc3ccc(OC)c(c3)C(O)(c4ccccc4)c5ccccc5","InChI=1S/C36H34N2O4/c1-38(26-35(40,27-15-7-3-8-16-27)28-17-9-4-10-18-28)34(39)37-31-23-24-33(42-2)32(25-31)36(41,29-19-11-5-12-20-29)30-21-13-6-14-22-30/h3-25,40-41H,26H2,1-2H3,(H,37,39)","HQYUHETWVRTAAP-UHFFFAOYSA-N"
8682443,"4-[2-({(2E)-3-[1-(Diphenylmethyl)-1H-indol-5-yl]-2-pentenoyl}amino)phenoxy]butanoic acid",558.251831,"C36H34N2O4","CC/C(=C\C(=O)NC1=CC=CC=C1OCCCC(=O)O)/C2=CC3=C(C=C2)N(C=C3)C(C4=CC=CC=C4)C5=CC=CC=C5","InChI=1S/C36H34N2O4/c1-2-26(25-34(39)37-31-16-9-10-17-33(31)42-23-11-18-35(40)41)29-19-20-32-30(24-29)21-22-38(32)36(27-12-5-3-6-13-27)28-14-7-4-8-15-28/h3-10,12-17,19-22,24-25,36H,2,11,18,23H2,1H3,(H,37,39)(H,40,41)/b26-25+","NEMDNWMQAPMOSM-OCEACIFDSA-N"
8682463,"21-Bromo-19-(dodecyloxy)-3,6,9,12,15-pentaoxabicyclo[15.3.1]henicosa-1(21),17,19-triene",558.255615,"C28H47BrO6","Brc1c2cc(OCCCCCCCCCCCC)cc1COCCOCCOCCOCCOC2","InChI=1S/C28H47BrO6/c1-2-3-4-5-6-7-8-9-10-11-12-35-27-21-25-23-33-19-17-31-15-13-30-14-16-32-18-20-34-24-26(22-27)28(25)29/h21-22H,2-20,23-24H2,1H3","CGXORSHWPLFHRR-UHFFFAOYSA-N"
8682464,"(3R,4S,3'R,4'S)-N,N'-1,4-Butanediylbis[4-(4-chlorophenyl)-1-methyl-3-piperidinecarboxamide]",558.252808,"C30H40Cl2N4O2","CN1CC[C@@H]([C@H](C1)C(=O)NCCCCNC(=O)[C@H]2CN(CC[C@@H]2C3=CC=C(C=C3)Cl)C)C4=CC=C(C=C4)Cl","InChI=1S/C30H40Cl2N4O2/c1-35-17-13-25(21-5-9-23(31)10-6-21)27(19-35)29(37)33-15-3-4-16-34-30(38)28-20-36(2)18-14-26(28)22-7-11-24(32)12-8-22/h5-12,25-28H,3-4,13-20H2,1-2H3,(H,33,37)(H,34,38)/t25-,26-,27+,28+/m1/s1","QJTIBSMGWLVSTE-VIJSPRBVSA-N"
8730248,"26,28-Dihydroxy-25,27-dipropoxypentacyclo[19.3.1.1~3,7~.1~9,13~.1~15,19~]octacosa-1(25),3(28),4,6,9(27),10,12,15(26),16,18,21,23-dodecaene-5,17-dicarbonitrile",558.251831,"C36H34N2O4","N#Cc1cc5c(O)c(c1)Cc2c(OCCC)c(ccc2)Cc3cc(C#N)cc(c3O)Cc4cccc(c4OCCC)C5","InChI=1S/C36H34N2O4/c1-3-11-41-35-25-7-5-8-26(35)18-30-14-24(22-38)16-32(34(30)40)20-28-10-6-9-27(36(28)42-12-4-2)19-31-15-23(21-37)13-29(17-25)33(31)39/h5-10,13-16,39-40H,3-4,11-12,17-20H2,1-2H3","SRZYGCVAGBWHIK-UHFFFAOYSA-N"
8754141,"N-[(4-Methoxyphenyl)carbamoyl]-L-methionyl-L-leucyl-L-phenylalanine",558.251221,"C28H38N4O6S","O=C(O)[C@@H](NC(=O)[C@@H](NC(=O)[C@@H](NC(=O)Nc1ccc(OC)cc1)CCSC)CC(C)C)Cc2ccccc2","InChI=1S/C28H38N4O6S/c1-18(2)16-23(26(34)31-24(27(35)36)17-19-8-6-5-7-9-19)30-25(33)22(14-15-39-4)32-28(37)29-20-10-12-21(38-3)13-11-20/h5-13,18,22-24H,14-17H2,1-4H3,(H,30,33)(H,31,34)(H,35,36)(H2,29,32,37)/t22-,23-,24-/m0/s1","SIWJICQZURLMCZ-HJOGWXRNSA-N"
8754142,"4-Nitrobenzyl (4R,5S,6S)-3-{[(3S,5S)-5-(1-ethyl-4-piperidinyl)-3-pyrrolidinyl]sulfanyl}-6-[(1R)-1-hydroxyethyl]-4-methyl-7-oxo-1-azabicyclo[3.2.0]hept-2-ene-2-carboxylate",558.251221,"C28H38N4O6S","[O-][N+](=O)c1ccc(cc1)COC(=O)C=5N2C(=O)[C@H]([C@H](O)C)[C@H]2[C@H](C=5S[C@H]3C[C@H](NC3)C4CCN(CC)CC4)C","InChI=1S/C28H38N4O6S/c1-4-30-11-9-19(10-12-30)22-13-21(14-29-22)39-26-16(2)24-23(17(3)33)27(34)31(24)25(26)28(35)38-15-18-5-7-20(8-6-18)32(36)37/h5-8,16-17,19,21-24,29,33H,4,9-15H2,1-3H3/t16-,17-,21+,22+,23-,24-/m1/s1","DCXHUNBUUWKTLG-ROIHDKJQSA-N"
8802014,"N-[(1R)-1-(3-Acetamido-2-methoxyphenyl)-2-{[(2-methyl-2-propanyl)(diphenyl)silyl]oxy}ethyl]-N-allyl-2-oxoacetamide",558.255005,"C32H38N2O5Si","O=C(Nc1cccc(c1OC)[C@@H](N(C(=O)C=O)C\C=C)CO[Si](c2ccccc2)(c3ccccc3)C(C)(C)C)C","InChI=1S/C32H38N2O5Si/c1-7-21-34(30(37)22-35)29(27-19-14-20-28(31(27)38-6)33-24(2)36)23-39-40(32(3,4)5,25-15-10-8-11-16-25)26-17-12-9-13-18-26/h7-20,22,29H,1,21,23H2,2-6H3,(H,33,36)/t29-/m0/s1","FMQVBHUCKAEEHA-LJAQVGFWSA-N"
8802015,"N-[(1R,4S)-2-Allyl-4-hydroxy-8-methoxy-1-({[(2-methyl-2-propanyl)(diphenyl)silyl]oxy}methyl)-3-oxo-1,2,3,4-tetrahydro-7-isoquinolinyl]acetamide",558.255005,"C32H38N2O5Si","O=C2N([C@H](c1c(ccc(c1OC)NC(=O)C)[C@@H]2O)CO[Si](c3ccccc3)(c4ccccc4)C(C)(C)C)C\C=C","InChI=1S/C32H38N2O5Si/c1-7-20-34-27(28-25(29(36)31(34)37)18-19-26(30(28)38-6)33-22(2)35)21-39-40(32(3,4)5,23-14-10-8-11-15-23)24-16-12-9-13-17-24/h7-19,27,29,36H,1,20-21H2,2-6H3,(H,33,35)/t27-,29-/m0/s1","DSBQYLWDDMQNGF-YTMVLYRLSA-N"
8991966,"2-Methyl-2-propanyl 3-hydroxy-3-(trifluoromethyl)-2-(triphenylphosphoranylidene)nonanoate",558.251038,"C32H38F3O3P","FC(F)(F)C(O)(C(C(=O)OC(C)(C)C)=P(c1ccccc1)(c2ccccc2)c3ccccc3)CCCCCC","InChI=1S/C32H38F3O3P/c1-5-6-7-17-24-31(37,32(33,34)35)28(29(36)38-30(2,3)4)39(25-18-11-8-12-19-25,26-20-13-9-14-21-26)27-22-15-10-16-23-27/h8-16,18-23,37H,5-7,17,24H2,1-4H3","GOLNQFYVONBUHP-UHFFFAOYSA-N"
9050670,"(2S)-2-(Benzyloxy)-2-[(4R)-2,2-dimethyl-1,3-dioxolan-4-yl]-1-(1-trityl-1H-imidazol-4-yl)ethanone",558.251831,"C36H34N2O4","O=C(c1ncn(c1)C(c2ccccc2)(c3ccccc3)c4ccccc4)[C@@H](OCc5ccccc5)[C@@H]6OC(OC6)(C)C","InChI=1S/C36H34N2O4/c1-35(2)41-25-32(42-35)34(40-24-27-15-7-3-8-16-27)33(39)31-23-38(26-37-31)36(28-17-9-4-10-18-28,29-19-11-5-12-20-29)30-21-13-6-14-22-30/h3-23,26,32,34H,24-25H2,1-2H3/t32-,34+/m1/s1","UABJEDPHAQOMFX-CWTKIQHKSA-N"
9104992,"(2R)-2-(Benzyloxy)-2-[(4S)-2,2-dimethyl-1,3-dioxolan-4-yl]-1-(1-trityl-1H-imidazol-4-yl)ethanone",558.251831,"C36H34N2O4","O=C(c1ncn(c1)C(c2ccccc2)(c3ccccc3)c4ccccc4)[C@H](OCc5ccccc5)[C@H]6OC(OC6)(C)C","InChI=1S/C36H34N2O4/c1-35(2)41-25-32(42-35)34(40-24-27-15-7-3-8-16-27)33(39)31-23-38(26-37-31)36(28-17-9-4-10-18-28,29-19-11-5-12-20-29)30-21-13-6-14-22-30/h3-23,26,32,34H,24-25H2,1-2H3/t32-,34+/m0/s1","UABJEDPHAQOMFX-UZNNEEJFSA-N"
9115925,"2,7-Bis[2-methyl-5-(2-methyl-2-propanyl)phenyl]benzo[lmn][3,8]phenanthroline-1,3,6,8(2H,7H)-tetrone",558.251831,"C36H34N2O4","O=C6c3c2c(ccc1C(=O)N(C(=O)c(c12)cc3)c4cc(ccc4C)C(C)(C)C)C(=O)N6c5cc(ccc5C)C(C)(C)C","InChI=1S/C36H34N2O4/c1-19-9-11-21(35(3,4)5)17-27(19)37-31(39)23-13-15-25-30-26(16-14-24(29(23)30)32(37)40)34(42)38(33(25)41)28-18-22(36(6,7)8)12-10-20(28)2/h9-18H,1-8H3","CLYJCUOHFKXVNH-UHFFFAOYSA-N"
9181406,"Nalpha-[(Benzyloxy)carbonyl]-N-[(2S)-4-(cyclohexylsulfanyl)-3-oxo-1-phenyl-2-butanyl]-L-phenylalaninamide",558.255249,"C33H38N2O4S","C1CCC(CC1)SCC(=O)[C@H](CC2=CC=CC=C2)NC(=O)[C@H](CC3=CC=CC=C3)NC(=O)OCC4=CC=CC=C4","InChI=1S/C33H38N2O4S/c36-31(24-40-28-19-11-4-12-20-28)29(21-25-13-5-1-6-14-25)34-32(37)30(22-26-15-7-2-8-16-26)35-33(38)39-23-27-17-9-3-10-18-27/h1-3,5-10,13-18,28-30H,4,11-12,19-24H2,(H,34,37)(H,35,38)/t29-,30-/m0/s1","ORCIYLQUFZZMIF-KYJUHHDHSA-N"
9214155,"[(2E)-1,4-Bis(benzyloxy)-2-buten-2-yl](tributyl)stannane",558.251953,"C30H46O2Sn","O(C\C=C(/COCc1ccccc1)[Sn](CCCC)(CCCC)CCCC)Cc2ccccc2","InChI=1S/C18H19O2.3C4H9.Sn/c1-3-9-17(10-4-1)15-19-13-7-8-14-20-16-18-11-5-2-6-12-18;3*1-3-4-2;/h1-7,9-12H,13-16H2;3*1,3-4H2,2H3;","ZCOXOPUPEHEYKI-UHFFFAOYSA-N"
9289545,"(20beta)-11-(Benzyloxy)-4,17-cyclocorynan-4-ium 4-methylbenzenesulfonate",558.255249,"C33H38N2O4S","[O-]S(=O)(=O)c1ccc(cc1)C.O(c5cc1c(c4c(n1)[C@H]2[N+]3(C[C@@H]([C@H](C2)CC3)CC)CC4)cc5)Cc6ccccc6","InChI=1S/C26H31N2O.C7H8O3S/c1-2-19-16-28-12-10-20(19)14-25(28)26-23(11-13-28)22-9-8-21(15-24(22)27-26)29-17-18-6-4-3-5-7-18;1-6-2-4-7(5-3-6)11(8,9)10/h3-9,15,19-20,25,27H,2,10-14,16-17H2,1H3;2-5H,1H3,(H,8,9,10)/q+1;/p-1/t19-,20-,25-,28?;/m0./s1","CUYKXOOUTMPEJA-NDESMSFNSA-M"
9332329,"(3R)-7-[3-(4-Fluorophenyl)-1-isopropyl-4-phenyl-5-(phenylcarbamoyl)-1H-pyrrol-2-yl]-3,5-dihydroxyheptanoic acid",558.252991,"C33H35FN2O5","O=C(O)C[C@H](O)CC(O)CCc2c(c(c(C(=O)Nc1ccccc1)n2C(C)C)c3ccccc3)c4ccc(F)cc4","InChI=1S/C33H35FN2O5/c1-21(2)36-28(18-17-26(37)19-27(38)20-29(39)40)30(23-13-15-24(34)16-14-23)31(22-9-5-3-6-10-22)32(36)33(41)35-25-11-7-4-8-12-25/h3-16,21,26-27,37-38H,17-20H2,1-2H3,(H,35,41)(H,39,40)/t26?,27-/m1/s1","PNRWKVJLHGHICL-SSYAZFEXSA-N"
9332331,"3-({4-[4-({Isopropyl[4-(3-pentanyl)phenyl]amino}methyl)phenyl]-1,3-thiazol-2-yl}methoxy)-5-methoxybenzoic acid",558.255249,"C33H38N2O4S","O=C(O)c4cc(OCc1nc(cs1)c2ccc(cc2)CN(c3ccc(cc3)C(CC)CC)C(C)C)cc(OC)c4","InChI=1S/C33H38N2O4S/c1-6-24(7-2)25-12-14-28(15-13-25)35(22(3)4)19-23-8-10-26(11-9-23)31-21-40-32(34-31)20-39-30-17-27(33(36)37)16-29(18-30)38-5/h8-18,21-22,24H,6-7,19-20H2,1-5H3,(H,36,37)","FZVGAWVPNPKZRH-UHFFFAOYSA-N"
9367289,"Benzyl N~5~-{[2-(trimethylsilyl)ethyl]sulfonyl}-L-ornithyl-L-threonyl-L-alaninate",558.254333,"C24H42N4O7SSi","O=S(=O)(NCCC[C@H](N)C(=O)N[C@H](C(=O)N[C@H](C(=O)OCc1ccccc1)C)[C@H](O)C)CC[Si](C)(C)C","InChI=1S/C24H42N4O7SSi/c1-17(24(32)35-16-19-10-7-6-8-11-19)27-23(31)21(18(2)29)28-22(30)20(25)12-9-13-26-36(33,34)14-15-37(3,4)5/h6-8,10-11,17-18,20-21,26,29H,9,12-16,25H2,1-5H3,(H,27,31)(H,28,30)/t17-,18+,20-,21-/m0/s1","DVGXAUPDXNQYCE-YHELAOLJSA-N"
9459368,"Formic acid - 7-ethyl-N-[(2S,3R)-3-hydroxy-4-(isopropylamino)-1-phenyl-2-butanyl]-1-methyl-3,4-dihydro-1H-[1,2,5]thiadiazepino[3,4,5-hi]indole-9-carboxamide 2,2-dioxide (1:1)",558.251221,"C28H38N4O6S","O=CO.O=C(c2cc3c1n(cc(c1c2)CC)CCS(=O)(=O)N3C)N[C@@H](Cc4ccccc4)[C@H](O)CNC(C)C","InChI=1S/C27H36N4O4S.CH2O2/c1-5-20-17-31-11-12-36(34,35)30(4)24-15-21(14-22(20)26(24)31)27(33)29-23(25(32)16-28-18(2)3)13-19-9-7-6-8-10-19;2-1-3/h6-10,14-15,17-18,23,25,28,32H,5,11-13,16H2,1-4H3,(H,29,33);1H,(H,2,3)/t23-,25+;/m0./s1","NNEWTRQHWDVNBQ-LMIIKYDLSA-N"
9482458,"N-Acetyl-L-alpha-aspartyl-L-alpha-glutamyl-N-[(2S)-1-carboxy-3-oxo-2-heptanyl]-L-valinamide",558.253723,"C24H38N4O11","O=C(N[C@H](C(=O)N[C@H](C(=O)N[C@H](C(=O)N[C@H](C(=O)CCCC)CC(=O)O)C(C)C)CCC(=O)O)CC(=O)O)C","InChI=1S/C24H38N4O11/c1-5-6-7-17(30)15(10-19(33)34)27-24(39)21(12(2)3)28-22(37)14(8-9-18(31)32)26-23(38)16(11-20(35)36)25-13(4)29/h12,14-16,21H,5-11H2,1-4H3,(H,25,29)(H,26,38)(H,27,39)(H,28,37)(H,31,32)(H,33,34)(H,35,36)/t14-,15-,16-,21-/m0/s1","CVKXXQLEZSULCE-OSAWLIQMSA-N"
9505362,"(3R,5R)-7-[3-(4-Fluorophenyl)-1-isopropyl-4-phenyl-5-(phenylcarbamoyl)-1H-pyrrol-2-yl]-3,5-dihydroxyheptanoic acid",558.252991,"C33H35FN2O5","CC(C)N1C(=C(C(=C1C(=O)NC2=CC=CC=C2)C3=CC=CC=C3)C4=CC=C(C=C4)F)CC[C@H](C[C@H](CC(=O)O)O)O","InChI=1S/C33H35FN2O5/c1-21(2)36-28(18-17-26(37)19-27(38)20-29(39)40)30(23-13-15-24(34)16-14-23)31(22-9-5-3-6-10-22)32(36)33(41)35-25-11-7-4-8-12-25/h3-16,21,26-27,37-38H,17-20H2,1-2H3,(H,35,41)(H,39,40)/t26-,27-/m1/s1","PNRWKVJLHGHICL-KAYWLYCHSA-N"
9516895,"N-Acetyl-L-alpha-aspartyl-L-alpha-glutamyl-N-[(2S)-1-carboxy-5-methyl-3-oxo-2-hexanyl]-L-valinamide",558.253723,"C24H38N4O11","O=C(N[C@H](C(=O)N[C@H](C(=O)N[C@H](C(=O)N[C@H](C(=O)CC(C)C)CC(=O)O)C(C)C)CCC(=O)O)CC(=O)O)C","InChI=1S/C24H38N4O11/c1-11(2)8-17(30)15(9-19(33)34)27-24(39)21(12(3)4)28-22(37)14(6-7-18(31)32)26-23(38)16(10-20(35)36)25-13(5)29/h11-12,14-16,21H,6-10H2,1-5H3,(H,25,29)(H,26,38)(H,27,39)(H,28,37)(H,31,32)(H,33,34)(H,35,36)/t14-,15-,16-,21-/m0/s1","UDDJVROTFLJARF-OSAWLIQMSA-N"
9516904,"4,4'-{[26,28-Dihydroxypentacyclo[19.3.1.1~3,7~.1~9,13~.1~15,19~]octacosa-1(25),3(28),4,6,9(27),10,12,15(26),16,18,21,23-dodecaene-25,27-diyl]bis(oxy)}dibutanenitrile",558.251831,"C36H34N2O4","N#CCCCOc1c5cccc1Cc2c(O)c(ccc2)Cc3c(OCCCC#N)c(ccc3)Cc4cccc(c4O)C5","InChI=1S/C36H34N2O4/c37-17-1-3-19-41-35-29-13-7-14-30(35)22-26-10-6-12-28(34(26)40)24-32-16-8-15-31(36(32)42-20-4-2-18-38)23-27-11-5-9-25(21-29)33(27)39/h5-16,39-40H,1-4,19-24H2","VPNNMHLVWFAPIY-UHFFFAOYSA-N"
9539922,"(1E)-2-Diazonio-1-ethoxy-5-[(4S,7S)-4-methyl-7-{[(2-methyl-2-propanyl)(diphenyl)silyl]oxy}-4,5,6,7-tetrahydro-2-benzofuran-4-yl]-3-oxo-1-penten-1-olate",558.255005,"C32H38N2O5Si","[O-]/C(OCC)=C(\[N+]#N)C(=O)CC[C@]4(c1c(coc1)[C@@H](O[Si](c2ccccc2)(c3ccccc3)C(C)(C)C)CC4)C","InChI=1S/C32H38N2O5Si/c1-6-38-30(36)29(34-33)27(35)17-19-32(5)20-18-28(25-21-37-22-26(25)32)39-40(31(2,3)4,23-13-9-7-10-14-23)24-15-11-8-12-16-24/h7-16,21-22,28H,6,17-20H2,1-5H3/t28-,32+/m0/s1","UPHXQQPXJHPORP-GMCHKSTQSA-N"
9607806,"{2-[6-(4-{[4-(6-Fluoro-1H-benzimidazol-2-yl)-1-piperidinyl]methyl}phenyl)-5-phenyl-3-pyridinyl]-1H-imidazol-5-yl}methanol",558.254333,"C34H31FN6O","Fc1cc2nc(nc2cc1)C7CCN(Cc6ccc(c5ncc(c3ncc(n3)CO)cc5c4ccccc4)cc6)CC7","InChI=1S/C34H31FN6O/c35-27-10-11-30-31(17-27)40-34(39-30)25-12-14-41(15-13-25)20-22-6-8-24(9-7-22)32-29(23-4-2-1-3-5-23)16-26(18-36-32)33-37-19-28(21-42)38-33/h1-11,16-19,25,42H,12-15,20-21H2,(H,37,38)(H,39,40)","DQQXLNNTZAPVGI-UHFFFAOYSA-N"
9701718,"3-(4-Fluorophenyl)-1-(3-hydroxy-3-methylbutyl)-4-(2-{[4-(2-oxo-1-pyrrolidinyl)cyclohexyl]amino}-4-pyrimidinyl)-1,3-dihydro-2H-imidazol-2-one hydrochloride (1:1)",558.252136,"C28H36ClFN6O3","Cl.O=C1N(CCC1)C5CCC(Nc2nccc(n2)/C4=C/N(C(=O)N4c3ccc(F)cc3)CCC(O)(C)C)CC5","InChI=1S/C28H35FN6O3.ClH/c1-28(2,38)14-17-33-18-24(35(27(33)37)22-9-5-19(29)6-10-22)23-13-15-30-26(32-23)31-20-7-11-21(12-8-20)34-16-3-4-25(34)36;/h5-6,9-10,13,15,18,20-21,38H,3-4,7-8,11-12,14,16-17H2,1-2H3,(H,30,31,32);1H","YJFXFYJZRGYMQZ-UHFFFAOYSA-N"
9708952,"3-(4-Fluorophenyl)-4-(2-{[4-(4-morpholinyl)cyclohexyl]amino}-4-pyrimidinyl)-1-(tetrahydro-2H-pyran-4-yl)-1,3-dihydro-2H-imidazol-2-one hydrochloride (1:1)",558.252136,"C28H36ClFN6O3","Cl.Fc1ccc(cc1)N/2C(=O)N(\C=C\2c3nc(ncc3)NC5CCC(N4CCOCC4)CC5)C6CCOCC6","InChI=1S/C28H35FN6O3.ClH/c29-20-1-5-24(6-2-20)35-26(19-34(28(35)36)23-10-15-37-16-11-23)25-9-12-30-27(32-25)31-21-3-7-22(8-4-21)33-13-17-38-18-14-33;/h1-2,5-6,9,12,19,21-23H,3-4,7-8,10-11,13-18H2,(H,30,31,32);1H","KQZJYIGPNJCQID-UHFFFAOYSA-N"
9781246,"3-[6-({[4-(4-Acetamidophenyl)-6-amino-5-cyano-2-pyrimidinyl]sulfanyl}methyl)-2-pyridinyl]-N-methyl-N-(1-methyl-4-piperidinyl)propanamide",558.252563,"C29H34N8O2S","O=C(Nc1ccc(cc1)c2nc(nc(N)c2C#N)SCc3nc(ccc3)CCC(=O)N(C)C4CCN(C)CC4)C","InChI=1S/C29H34N8O2S/c1-19(38)32-22-9-7-20(8-10-22)27-25(17-30)28(31)35-29(34-27)40-18-23-6-4-5-21(33-23)11-12-26(39)37(3)24-13-15-36(2)16-14-24/h4-10,24H,11-16,18H2,1-3H3,(H,32,38)(H2,31,34,35)","XLLVCYULDYSKDP-UHFFFAOYSA-N"
9810143,"2-Methyl-2-propanyl (2S)-2-({(3R)-1-[2-({2-[(4-azido-2-hydroxybenzoyl)amino]ethyl}amino)-2-oxoethyl]-2-oxo-3-pyrrolidinyl}carbamoyl)-1-pyrrolidinecarboxylate",558.255066,"C25H34N8O7","O=C(NCCNC(=O)c1ccc(/N=[N+]=[N-])cc1O)CN3C(=O)[C@H](NC(=O)[C@H]2N(C(=O)OC(C)(C)C)CCC2)CC3","InChI=1S/C25H34N8O7/c1-25(2,3)40-24(39)33-11-4-5-18(33)22(37)29-17-8-12-32(23(17)38)14-20(35)27-9-10-28-21(36)16-7-6-15(30-31-26)13-19(16)34/h6-7,13,17-18,34H,4-5,8-12,14H2,1-3H3,(H,27,35)(H,28,36)(H,29,37)/t17-,18+/m1/s1","QBHATFVQACXZOH-MSOLQXFVSA-N"
9824500,"(4S,5R)-5-{3-[(Dimethylamino)methyl]phenyl}-3-{[4'-fluoro-5'-isopropyl-2'-methoxy-4-(trifluoromethyl)-2-biphenylyl]methyl}-4-methyl-1,3-oxazolidin-2-one",558.250549,"C31H34F4N2O3","O=C2O[C@H](c1cccc(c1)CN(C)C)[C@@H](N2Cc4c(c3cc(c(F)cc3OC)C(C)C)ccc(c4)C(F)(F)F)C","InChI=1S/C31H34F4N2O3/c1-18(2)25-14-26(28(39-6)15-27(25)32)24-11-10-23(31(33,34)35)13-22(24)17-37-19(3)29(40-30(37)38)21-9-7-8-20(12-21)16-36(4)5/h7-15,18-19,29H,16-17H2,1-6H3/t19-,29-/m0/s1","SBQGFTKLXSNLIA-SLQAJWMNSA-N"
9838799,"(3E,6R,10S,13R,14S,15S)-10,14-Dihydroxy-6-{(1E)-1-[2-(hydroxymethyl)-1,3-oxazol-4-yl]-1-propen-2-yl}-11,11,13,15-tetramethyl-3-(trifluoromethyl)-7-oxa-17-azabicyclo[14.1.0]heptadec-3-ene-8,12-dione",558.25531,"C27H37F3N2O7","FC(F)(F)/C1=C/C[C@@H](OC(=O)C[C@H](O)C(C(=O)[C@@H]([C@@H](O)[C@@H](C)C2NC2C1)C)(C)C)C(=C\c3nc(oc3)CO)\C","InChI=1S/C27H37F3N2O7/c1-13(8-17-12-38-21(11-33)31-17)19-7-6-16(27(28,29)30)9-18-23(32-18)14(2)24(36)15(3)25(37)26(4,5)20(34)10-22(35)39-19/h6,8,12,14-15,18-20,23-24,32-34,36H,7,9-11H2,1-5H3/b13-8+,16-6+/t14-,15+,18?,19+,20-,23?,24-/m0/s1","NJEGKTDABDTTSA-JCIAAGKPSA-N"
10122392,"3-[2-(4-Amino-1-piperidinyl)-8-(2,6-difluorophenyl)-7-oxo-7,8-dihydropyrido[2,3-d]pyrimidin-4-yl]-N-cyclopentyl-4-methylbenzamide",558.255493,"C31H32F2N6O2","Cc1ccc(cc1c2c3ccc(=O)n(c3nc(n2)N4CCC(CC4)N)c5c(cccc5F)F)C(=O)NC6CCCC6","InChI=1S/C31H32F2N6O2/c1-18-9-10-19(30(41)35-21-5-2-3-6-21)17-23(18)27-22-11-12-26(40)39(28-24(32)7-4-8-25(28)33)29(22)37-31(36-27)38-15-13-20(34)14-16-38/h4,7-12,17,20-21H,2-3,5-6,13-16,34H2,1H3,(H,35,41)","APXLLUTZHUFQME-UHFFFAOYSA-N"
10164386,"(2S,2aS,14bS,15S)-2,15-Diphenoxy-19,20-didehydro-2,2a,8,9,15,16,18,21-octahydro-1H,14bH-bisazeto[2,1-g:1',2'-m]dibenzo[e,o][1,4,8,13]dioxadiazacyclohexadecine",558.251831,"C36H34N2O4","c1ccc(cc1)O[C@H]2CN3[C@H]2c4ccccc4OCCOc5ccccc5[C@H]6[C@H](CN6CC#CC3)Oc7ccccc7","InChI=1S/C36H34N2O4/c1-3-13-27(14-4-1)41-33-25-37-21-11-12-22-38-26-34(42-28-15-5-2-6-16-28)36(38)30-18-8-10-20-32(30)40-24-23-39-31-19-9-7-17-29(31)35(33)37/h1-10,13-20,33-36H,21-26H2/t33-,34-,35-,36-/m0/s1","VSNCRXLEJBTIGN-ZYADHFCISA-N"
10165872,"(3R,4S)-N-Cyclopropyl-4-(dibenzo[b,d]thiophen-2-yl)-N-{3-methoxy-5-[(2-methoxyethoxy)methyl]benzyl}-3-piperidinecarboxamide",558.255249,"C33H38N2O4S","COCCOCc1cc(cc(c1)OC)CN(C2CC2)C(=O)[C@H]3CNCC[C@@H]3c4ccc5c(c4)c6ccccc6s5","InChI=1S/C33H38N2O4S/c1-37-13-14-39-21-23-15-22(16-26(17-23)38-2)20-35(25-8-9-25)33(36)30-19-34-12-11-27(30)24-7-10-32-29(18-24)28-5-3-4-6-31(28)40-32/h3-7,10,15-18,25,27,30,34H,8-9,11-14,19-21H2,1-2H3/t27-,30+/m1/s1","IZDNGZGXNZSOJW-OFSOJUDTSA-N"
10169123,"Methyl {2-[3-({[4-(dimethylamino)-3-oxo-3,4-dihydro-2-naphthalenyl]carbonyl}amino)-8-azabicyclo[3.2.1]oct-8-yl]ethyl}(1,1-dioxidotetrahydro-3-thiophenyl)carbamate",558.251221,"C28H38N4O6S","CN(C)C1c2ccccc2C=C(C1=O)C(=O)NC3CC4CCC(C3)N4CCN(C5CCS(=O)(=O)C5)C(=O)OC","InChI=1S/C28H38N4O6S/c1-30(2)25-23-7-5-4-6-18(23)14-24(26(25)33)27(34)29-19-15-20-8-9-21(16-19)31(20)11-12-32(28(35)38-3)22-10-13-39(36,37)17-22/h4-7,14,19-22,25H,8-13,15-17H2,1-3H3,(H,29,34)","UHLKUUGYCRLHFA-UHFFFAOYSA-N"
10169128,"Methyl {2-[3-({[4-(dimethylamino)-3-oxo-3,4-dihydro-2-naphthalenyl]carbonyl}amino)-8-azabicyclo[3.2.1]oct-8-yl]ethyl}[(3S)-1,1-dioxidotetrahydro-3-thiophenyl]carbamate",558.251221,"C28H38N4O6S","CN(C)C1c2ccccc2C=C(C1=O)C(=O)NC3CC4CCC(C3)N4CCN([C@H]5CCS(=O)(=O)C5)C(=O)OC","InChI=1S/C28H38N4O6S/c1-30(2)25-23-7-5-4-6-18(23)14-24(26(25)33)27(34)29-19-15-20-8-9-21(16-19)31(20)11-12-32(28(35)38-3)22-10-13-39(36,37)17-22/h4-7,14,19-22,25H,8-13,15-17H2,1-3H3,(H,29,34)/t19?,20?,21?,22-,25?/m0/s1","UHLKUUGYCRLHFA-UQQXROCHSA-N"
10847929,"2-Oxo-2-(4-phenyl-1-piperazinyl)ethyl N-[3-(diethylsulfamoyl)benzoyl]-L-valinate",558.251221,"C28H38N4O6S","CCN(CC)S(=O)(=O)c1cccc(c1)C(=O)N[C@@H](C(C)C)C(=O)OCC(=O)N2CCN(CC2)c3ccccc3","InChI=1S/C28H38N4O6S/c1-5-32(6-2)39(36,37)24-14-10-11-22(19-24)27(34)29-26(21(3)4)28(35)38-20-25(33)31-17-15-30(16-18-31)23-12-8-7-9-13-23/h7-14,19,21,26H,5-6,15-18,20H2,1-4H3,(H,29,34)/t26-/m0/s1","MLNFLGUNEAVJSQ-SANMLTNESA-N"
10891569,"N-[4-(Adamantan-1-yl)phenyl]-5-[(4-ethoxyphenyl)(methyl)sulfamoyl]-2-methylbenzamide",558.255249,"C33H38N2O4S","CCOc1ccc(cc1)N(C)S(=O)(=O)c2ccc(c(c2)C(=O)Nc3ccc(cc3)C45CC6CC(C4)CC(C6)C5)C","InChI=1S/C33H38N2O4S/c1-4-39-29-12-10-28(11-13-29)35(3)40(37,38)30-14-5-22(2)31(18-30)32(36)34-27-8-6-26(7-9-27)33-19-23-15-24(20-33)17-25(16-23)21-33/h5-14,18,23-25H,4,15-17,19-21H2,1-3H3,(H,34,36)","RRGSYNPKEHFKIZ-UHFFFAOYSA-N"
13109160,"(3E,6R,10S,13R,14R,15R)-10,14-Dihydroxy-6-{1-[2-(hydroxymethyl)-1,3-oxazol-4-yl]-1-propen-2-yl}-11,11,13,15-tetramethyl-3-(trifluoromethyl)-7-oxa-17-azabicyclo[14.1.0]heptadec-3-ene-8,12-dione",558.25531,"C27H37F3N2O7","C[C@H]1[C@H]([C@H](C(=O)C([C@H](CC(=O)O[C@H](C/C=C(\CC2C1N2)/C(F)(F)F)C(=Cc3coc(n3)CO)C)O)(C)C)C)O","InChI=1S/C27H37F3N2O7/c1-13(8-17-12-38-21(11-33)31-17)19-7-6-16(27(28,29)30)9-18-23(32-18)14(2)24(36)15(3)25(37)26(4,5)20(34)10-22(35)39-19/h6,8,12,14-15,18-20,23-24,32-34,36H,7,9-11H2,1-5H3/b13-8?,16-6+/t14-,15-,18?,19-,20+,23?,24-/m1/s1","NJEGKTDABDTTSA-IOHCQWCKSA-N"
13125621,"N-Cyclohexyl-2,3-diethoxy-8-oxo-N-(2-thienylmethyl)-5,8,13,13a-tetrahydro-6H-isoquinolino[3,2-a]isoquinoline-13-carboxamide",558.255249,"C33H38N2O4S","CCOc1cc2c(cc1OCC)C3C(c4ccccc4C(=O)N3CC2)C(=O)N(Cc5cccs5)C6CCCCC6","InChI=1S/C33H38N2O4S/c1-3-38-28-19-22-16-17-34-31(27(22)20-29(28)39-4-2)30(25-14-8-9-15-26(25)32(34)36)33(37)35(21-24-13-10-18-40-24)23-11-6-5-7-12-23/h8-10,13-15,18-20,23,30-31H,3-7,11-12,16-17,21H2,1-2H3","WQVDXQYVKMKCTI-UHFFFAOYSA-N"
13165902,"3-[1-(Ethylsulfonyl)-4-piperidinyl]-5-(3-{[(2-hydroxyethyl)(methyl)amino]methyl}-4,5-dimethoxyphenyl)-1H-indole-7-carboxamide",558.251221,"C28H38N4O6S","CCS(=O)(=O)N1CCC(CC1)c2c[nH]c3c2cc(cc3C(=O)N)c4cc(c(c(c4)OC)OC)CN(C)CCO","InChI=1S/C28H38N4O6S/c1-5-39(35,36)32-8-6-18(7-9-32)24-16-30-26-22(24)13-20(14-23(26)28(29)34)19-12-21(17-31(2)10-11-33)27(38-4)25(15-19)37-3/h12-16,18,30,33H,5-11,17H2,1-4H3,(H2,29,34)","IJVLLZDQAUTSHD-UHFFFAOYSA-N"
13578074,"3-[3-Methoxy-4-(4-morpholinylmethyl)benzyl]-2-{4-[2-(1-pyrrolidinyl)ethoxy]phenyl}-1-benzothiophene-6-ol",558.255249,"C33H38N2O4S","COc1cc(ccc1CN2CCOCC2)Cc3c4ccc(cc4sc3c5ccc(cc5)OCCN6CCCC6)O","InChI=1S/C33H38N2O4S/c1-37-31-21-24(4-5-26(31)23-35-14-17-38-18-15-35)20-30-29-11-8-27(36)22-32(29)40-33(30)25-6-9-28(10-7-25)39-19-16-34-12-2-3-13-34/h4-11,21-22,36H,2-3,12-20,23H2,1H3","VRTXCWRCLYTNCU-UHFFFAOYSA-N"
16626533,"gln-gln-his-phe",558.255066,"C25H34N8O7","c1ccc(cc1)CC(C(=O)O)NC(=O)C(Cc2c[nH]cn2)NC(=O)C(CCC(=O)N)NC(=O)C(CCC(=O)N)N","InChI=1S/C25H34N8O7/c26-16(6-8-20(27)34)22(36)31-17(7-9-21(28)35)23(37)32-18(11-15-12-29-13-30-15)24(38)33-19(25(39)40)10-14-4-2-1-3-5-14/h1-5,12-13,16-19H,6-11,26H2,(H2,27,34)(H2,28,35)(H,29,30)(H,31,36)(H,32,37)(H,33,38)(H,39,40)","XBXGLSCSMVZVMW-UHFFFAOYSA-N"
16626628,"gln-gln-phe-his",558.255066,"C25H34N8O7","c1ccc(cc1)CC(C(=O)NC(Cc2c[nH]cn2)C(=O)O)NC(=O)C(CCC(=O)N)NC(=O)C(CCC(=O)N)N","InChI=1S/C25H34N8O7/c26-16(6-8-20(27)34)22(36)31-17(7-9-21(28)35)23(37)32-18(10-14-4-2-1-3-5-14)24(38)33-19(25(39)40)11-15-12-29-13-30-15/h1-5,12-13,16-19H,6-11,26H2,(H2,27,34)(H2,28,35)(H,29,30)(H,31,36)(H,32,37)(H,33,38)(H,39,40)","ZGRYMIVJQRJKKD-UHFFFAOYSA-N"
16627291,"gln-his-gln-phe",558.255066,"C25H34N8O7","c1ccc(cc1)CC(C(=O)O)NC(=O)C(CCC(=O)N)NC(=O)C(Cc2c[nH]cn2)NC(=O)C(CCC(=O)N)N","InChI=1S/C25H34N8O7/c26-16(6-8-20(27)34)22(36)32-18(11-15-12-29-13-30-15)24(38)31-17(7-9-21(28)35)23(37)33-19(25(39)40)10-14-4-2-1-3-5-14/h1-5,12-13,16-19H,6-11,26H2,(H2,27,34)(H2,28,35)(H,29,30)(H,31,38)(H,32,36)(H,33,37)(H,39,40)","NCUPNZUPEYIAAI-UHFFFAOYSA-N"
16627424,"gln-his-phe-gln",558.255066,"C25H34N8O7","c1ccc(cc1)CC(C(=O)NC(CCC(=O)N)C(=O)O)NC(=O)C(Cc2c[nH]cn2)NC(=O)C(CCC(=O)N)N","InChI=1S/C25H34N8O7/c26-16(6-8-20(27)34)22(36)32-19(11-15-12-29-13-30-15)24(38)33-18(10-14-4-2-1-3-5-14)23(37)31-17(25(39)40)7-9-21(28)35/h1-5,12-13,16-19H,6-11,26H2,(H2,27,34)(H2,28,35)(H,29,30)(H,31,37)(H,32,36)(H,33,38)(H,39,40)","JJACNGGWSCUSSD-UHFFFAOYSA-N"
16629284,"gln-phe-gln-his",558.255066,"C25H34N8O7","c1ccc(cc1)CC(C(=O)NC(CCC(=O)N)C(=O)NC(Cc2c[nH]cn2)C(=O)O)NC(=O)C(CCC(=O)N)N","InChI=1S/C25H34N8O7/c26-16(6-8-20(27)34)22(36)32-18(10-14-4-2-1-3-5-14)24(38)31-17(7-9-21(28)35)23(37)33-19(25(39)40)11-15-12-29-13-30-15/h1-5,12-13,16-19H,6-11,26H2,(H2,27,34)(H2,28,35)(H,29,30)(H,31,38)(H,32,36)(H,33,37)(H,39,40)","LKVSUFHYDBAOMT-UHFFFAOYSA-N"
16629322,"gln-phe-his-gln",558.255066,"C25H34N8O7","c1ccc(cc1)CC(C(=O)NC(Cc2c[nH]cn2)C(=O)NC(CCC(=O)N)C(=O)O)NC(=O)C(CCC(=O)N)N","InChI=1S/C25H34N8O7/c26-16(6-8-20(27)34)22(36)32-18(10-14-4-2-1-3-5-14)23(37)33-19(11-15-12-29-13-30-15)24(38)31-17(25(39)40)7-9-21(28)35/h1-5,12-13,16-19H,6-11,26H2,(H2,27,34)(H2,28,35)(H,29,30)(H,31,38)(H,32,36)(H,33,37)(H,39,40)","HVVRSGVSEOMNMW-UHFFFAOYSA-N"
16642414,"his-gln-gln-phe",558.255066,"C25H34N8O7","c1ccc(cc1)CC(C(=O)O)NC(=O)C(CCC(=O)N)NC(=O)C(CCC(=O)N)NC(=O)C(Cc2c[nH]cn2)N","InChI=1S/C25H34N8O7/c26-16(11-15-12-29-13-30-15)22(36)31-17(6-8-20(27)34)23(37)32-18(7-9-21(28)35)24(38)33-19(25(39)40)10-14-4-2-1-3-5-14/h1-5,12-13,16-19H,6-11,26H2,(H2,27,34)(H2,28,35)(H,29,30)(H,31,36)(H,32,37)(H,33,38)(H,39,40)","CJXWXCULCGAFHM-UHFFFAOYSA-N"
16642547,"his-gln-phe-gln",558.255066,"C25H34N8O7","c1ccc(cc1)CC(C(=O)NC(CCC(=O)N)C(=O)O)NC(=O)C(CCC(=O)N)NC(=O)C(Cc2c[nH]cn2)N","InChI=1S/C25H34N8O7/c26-16(11-15-12-29-13-30-15)22(36)31-17(6-8-20(27)34)23(37)33-19(10-14-4-2-1-3-5-14)24(38)32-18(25(39)40)7-9-21(28)35/h1-5,12-13,16-19H,6-11,26H2,(H2,27,34)(H2,28,35)(H,29,30)(H,31,36)(H,32,38)(H,33,37)(H,39,40)","WHTSGUDBQXYMBM-UHFFFAOYSA-N"
16645203,"his-phe-gln-gln",558.255066,"C25H34N8O7","c1ccc(cc1)CC(C(=O)NC(CCC(=O)N)C(=O)NC(CCC(=O)N)C(=O)O)NC(=O)C(Cc2c[nH]cn2)N","InChI=1S/C25H34N8O7/c26-16(11-15-12-29-13-30-15)22(36)33-19(10-14-4-2-1-3-5-14)24(38)31-17(6-8-20(27)34)23(37)32-18(25(39)40)7-9-21(28)35/h1-5,12-13,16-19H,6-11,26H2,(H2,27,34)(H2,28,35)(H,29,30)(H,31,38)(H,32,37)(H,33,36)(H,39,40)","QEAZBRZTJSNJND-UHFFFAOYSA-N"
16677352,"met-phe-tyr-val",558.251221,"C28H38N4O6S","CC(C)C(C(=O)O)NC(=O)C(Cc1ccc(cc1)O)NC(=O)C(Cc2ccccc2)NC(=O)C(CCSC)N","InChI=1S/C28H38N4O6S/c1-17(2)24(28(37)38)32-27(36)23(16-19-9-11-20(33)12-10-19)31-26(35)22(15-18-7-5-4-6-8-18)30-25(34)21(29)13-14-39-3/h4-12,17,21-24,33H,13-16,29H2,1-3H3,(H,30,34)(H,31,35)(H,32,36)(H,37,38)","KCSCEHXAVNURFP-UHFFFAOYSA-N"
16677371,"met-phe-val-tyr",558.251221,"C28H38N4O6S","CC(C)C(C(=O)NC(Cc1ccc(cc1)O)C(=O)O)NC(=O)C(Cc2ccccc2)NC(=O)C(CCSC)N","InChI=1S/C28H38N4O6S/c1-17(2)24(27(36)31-23(28(37)38)16-19-9-11-20(33)12-10-19)32-26(35)22(15-18-7-5-4-6-8-18)30-25(34)21(29)13-14-39-3/h4-12,17,21-24,33H,13-16,29H2,1-3H3,(H,30,34)(H,31,36)(H,32,35)(H,37,38)","LRRVVXNRWGUXHV-UHFFFAOYSA-N"
16679252,"met-tyr-phe-val",558.251221,"C28H38N4O6S","CC(C)C(C(=O)O)NC(=O)C(Cc1ccccc1)NC(=O)C(Cc2ccc(cc2)O)NC(=O)C(CCSC)N","InChI=1S/C28H38N4O6S/c1-17(2)24(28(37)38)32-27(36)23(15-18-7-5-4-6-8-18)31-26(35)22(16-19-9-11-20(33)12-10-19)30-25(34)21(29)13-14-39-3/h4-12,17,21-24,33H,13-16,29H2,1-3H3,(H,30,34)(H,31,35)(H,32,36)(H,37,38)","ADUSJTBDBVFUDM-UHFFFAOYSA-N"
16679366,"met-tyr-val-phe",558.251221,"C28H38N4O6S","CC(C)C(C(=O)NC(Cc1ccccc1)C(=O)O)NC(=O)C(Cc2ccc(cc2)O)NC(=O)C(CCSC)N","InChI=1S/C28H38N4O6S/c1-17(2)24(27(36)31-23(28(37)38)16-18-7-5-4-6-8-18)32-26(35)22(15-19-9-11-20(33)12-10-19)30-25(34)21(29)13-14-39-3/h4-12,17,21-24,33H,13-16,29H2,1-3H3,(H,30,34)(H,31,36)(H,32,35)(H,37,38)","CXUCPEHXBKURNR-UHFFFAOYSA-N"
16679651,"met-val-phe-tyr",558.251221,"C28H38N4O6S","CC(C)C(C(=O)NC(Cc1ccccc1)C(=O)NC(Cc2ccc(cc2)O)C(=O)O)NC(=O)C(CCSC)N","InChI=1S/C28H38N4O6S/c1-17(2)24(32-25(34)21(29)13-14-39-3)27(36)30-22(15-18-7-5-4-6-8-18)26(35)31-23(28(37)38)16-19-9-11-20(33)12-10-19/h4-12,17,21-24,33H,13-16,29H2,1-3H3,(H,30,36)(H,31,35)(H,32,34)(H,37,38)","QTXQMMXFWYFUQB-UHFFFAOYSA-N"
16679746,"met-val-tyr-phe",558.251221,"C28H38N4O6S","CC(C)C(C(=O)NC(Cc1ccc(cc1)O)C(=O)NC(Cc2ccccc2)C(=O)O)NC(=O)C(CCSC)N","InChI=1S/C28H38N4O6S/c1-17(2)24(32-25(34)21(29)13-14-39-3)27(36)30-22(15-19-9-11-20(33)12-10-19)26(35)31-23(28(37)38)16-18-7-5-4-6-8-18/h4-12,17,21-24,33H,13-16,29H2,1-3H3,(H,30,36)(H,31,35)(H,32,34)(H,37,38)","VMEPLOVZCPCWPZ-UHFFFAOYSA-N"
16682296,"phe-gln-gln-his",558.255066,"C25H34N8O7","c1ccc(cc1)CC(C(=O)NC(CCC(=O)N)C(=O)NC(CCC(=O)N)C(=O)NC(Cc2c[nH]cn2)C(=O)O)N","InChI=1S/C25H34N8O7/c26-16(10-14-4-2-1-3-5-14)22(36)31-17(6-8-20(27)34)23(37)32-18(7-9-21(28)35)24(38)33-19(25(39)40)11-15-12-29-13-30-15/h1-5,12-13,16-19H,6-11,26H2,(H2,27,34)(H2,28,35)(H,29,30)(H,31,36)(H,32,37)(H,33,38)(H,39,40)","PZXNJHGUADQLEV-UHFFFAOYSA-N"
16682333,"phe-gln-his-gln",558.255066,"C25H34N8O7","c1ccc(cc1)CC(C(=O)NC(CCC(=O)N)C(=O)NC(Cc2c[nH]cn2)C(=O)NC(CCC(=O)N)C(=O)O)N","InChI=1S/C25H34N8O7/c26-16(10-14-4-2-1-3-5-14)22(36)31-17(6-8-20(27)34)23(37)33-19(11-15-12-29-13-30-15)24(38)32-18(25(39)40)7-9-21(28)35/h1-5,12-13,16-19H,6-11,26H2,(H2,27,34)(H2,28,35)(H,29,30)(H,31,36)(H,32,38)(H,33,37)(H,39,40)","MRHCOLLSPDUQEH-UHFFFAOYSA-N"
16683087,"phe-his-gln-gln",558.255066,"C25H34N8O7","c1ccc(cc1)CC(C(=O)NC(Cc2c[nH]cn2)C(=O)NC(CCC(=O)N)C(=O)NC(CCC(=O)N)C(=O)O)N","InChI=1S/C25H34N8O7/c26-16(10-14-4-2-1-3-5-14)22(36)33-19(11-15-12-29-13-30-15)24(38)31-17(6-8-20(27)34)23(37)32-18(25(39)40)7-9-21(28)35/h1-5,12-13,16-19H,6-11,26H2,(H2,27,34)(H2,28,35)(H,29,30)(H,31,38)(H,32,37)(H,33,36)(H,39,40)","LIIVCQAFSHMOJD-UHFFFAOYSA-N"
16684931,"phe-met-tyr-val",558.251221,"C28H38N4O6S","CC(C)C(C(=O)O)NC(=O)C(Cc1ccc(cc1)O)NC(=O)C(CCSC)NC(=O)C(Cc2ccccc2)N","InChI=1S/C28H38N4O6S/c1-17(2)24(28(37)38)32-27(36)23(16-19-9-11-20(33)12-10-19)31-26(35)22(13-14-39-3)30-25(34)21(29)15-18-7-5-4-6-8-18/h4-12,17,21-24,33H,13-16,29H2,1-3H3,(H,30,34)(H,31,35)(H,32,36)(H,37,38)","ANRKKQGXKGNKRV-UHFFFAOYSA-N"
16684950,"phe-met-val-tyr",558.251221,"C28H38N4O6S","CC(C)C(C(=O)NC(Cc1ccc(cc1)O)C(=O)O)NC(=O)C(CCSC)NC(=O)C(Cc2ccccc2)N","InChI=1S/C28H38N4O6S/c1-17(2)24(27(36)31-23(28(37)38)16-19-9-11-20(33)12-10-19)32-26(35)22(13-14-39-3)30-25(34)21(29)15-18-7-5-4-6-8-18/h4-12,17,21-24,33H,13-16,29H2,1-3H3,(H,30,34)(H,31,36)(H,32,35)(H,37,38)","IJGOILKSXMSNET-UHFFFAOYSA-N"
16687196,"phe-tyr-met-val",558.251221,"C28H38N4O6S","CC(C)C(C(=O)O)NC(=O)C(CCSC)NC(=O)C(Cc1ccc(cc1)O)NC(=O)C(Cc2ccccc2)N","InChI=1S/C28H38N4O6S/c1-17(2)24(28(37)38)32-26(35)22(13-14-39-3)30-27(36)23(16-19-9-11-20(33)12-10-19)31-25(34)21(29)15-18-7-5-4-6-8-18/h4-12,17,21-24,33H,13-16,29H2,1-3H3,(H,30,36)(H,31,34)(H,32,35)(H,37,38)","ZIPQRADZDGVIQK-UHFFFAOYSA-N"
16687329,"phe-tyr-val-met",558.251221,"C28H38N4O6S","CC(C)C(C(=O)NC(CCSC)C(=O)O)NC(=O)C(Cc1ccc(cc1)O)NC(=O)C(Cc2ccccc2)N","InChI=1S/C28H38N4O6S/c1-17(2)24(27(36)30-22(28(37)38)13-14-39-3)32-26(35)23(16-19-9-11-20(33)12-10-19)31-25(34)21(29)15-18-7-5-4-6-8-18/h4-12,17,21-24,33H,13-16,29H2,1-3H3,(H,30,36)(H,31,34)(H,32,35)(H,37,38)","FOFMMJUUUNBDFF-UHFFFAOYSA-N"
16687594,"phe-val-met-tyr",558.251221,"C28H38N4O6S","CC(C)C(C(=O)NC(CCSC)C(=O)NC(Cc1ccc(cc1)O)C(=O)O)NC(=O)C(Cc2ccccc2)N","InChI=1S/C28H38N4O6S/c1-17(2)24(32-25(34)21(29)15-18-7-5-4-6-8-18)27(36)30-22(13-14-39-3)26(35)31-23(28(37)38)16-19-9-11-20(33)12-10-19/h4-12,17,21-24,33H,13-16,29H2,1-3H3,(H,30,36)(H,31,35)(H,32,34)(H,37,38)","WHKIFHDKSCOWJH-UHFFFAOYSA-N"
16687707,"phe-val-tyr-met",558.251221,"C28H38N4O6S","CC(C)C(C(=O)NC(Cc1ccc(cc1)O)C(=O)NC(CCSC)C(=O)O)NC(=O)C(Cc2ccccc2)N","InChI=1S/C28H38N4O6S/c1-17(2)24(32-25(34)21(29)15-18-7-5-4-6-8-18)27(36)31-23(16-19-9-11-20(33)12-10-19)26(35)30-22(28(37)38)13-14-39-3/h4-12,17,21-24,33H,13-16,29H2,1-3H3,(H,30,35)(H,31,36)(H,32,34)(H,37,38)","VDVMGDKBVZSWQV-UHFFFAOYSA-N"
16724743,"tyr-met-phe-val",558.251221,"C28H38N4O6S","CC(C)C(C(=O)O)NC(=O)C(Cc1ccccc1)NC(=O)C(CCSC)NC(=O)C(Cc2ccc(cc2)O)N","InChI=1S/C28H38N4O6S/c1-17(2)24(28(37)38)32-27(36)23(16-18-7-5-4-6-8-18)31-26(35)22(13-14-39-3)30-25(34)21(29)15-19-9-11-20(33)12-10-19/h4-12,17,21-24,33H,13-16,29H2,1-3H3,(H,30,34)(H,31,35)(H,32,36)(H,37,38)","QWVMIGNLSISFMK-UHFFFAOYSA-N"
16724857,"tyr-met-val-phe",558.251221,"C28H38N4O6S","CC(C)C(C(=O)NC(Cc1ccccc1)C(=O)O)NC(=O)C(CCSC)NC(=O)C(Cc2ccc(cc2)O)N","InChI=1S/C28H38N4O6S/c1-17(2)24(27(36)31-23(28(37)38)16-18-7-5-4-6-8-18)32-26(35)22(13-14-39-3)30-25(34)21(29)15-19-9-11-20(33)12-10-19/h4-12,17,21-24,33H,13-16,29H2,1-3H3,(H,30,34)(H,31,36)(H,32,35)(H,37,38)","KLBZGGVAKPRVJI-UHFFFAOYSA-N"
16725123,"tyr-phe-met-val",558.251221,"C28H38N4O6S","CC(C)C(C(=O)O)NC(=O)C(CCSC)NC(=O)C(Cc1ccccc1)NC(=O)C(Cc2ccc(cc2)O)N","InChI=1S/C28H38N4O6S/c1-17(2)24(28(37)38)32-26(35)22(13-14-39-3)30-27(36)23(16-18-7-5-4-6-8-18)31-25(34)21(29)15-19-9-11-20(33)12-10-19/h4-12,17,21-24,33H,13-16,29H2,1-3H3,(H,30,36)(H,31,34)(H,32,35)(H,37,38)","CKNIPQIGGVNCCN-UHFFFAOYSA-N"
16725256,"tyr-phe-val-met",558.251221,"C28H38N4O6S","CC(C)C(C(=O)NC(CCSC)C(=O)O)NC(=O)C(Cc1ccccc1)NC(=O)C(Cc2ccc(cc2)O)N","InChI=1S/C28H38N4O6S/c1-17(2)24(27(36)30-22(28(37)38)13-14-39-3)32-26(35)23(16-18-7-5-4-6-8-18)31-25(34)21(29)15-19-9-11-20(33)12-10-19/h4-12,17,21-24,33H,13-16,29H2,1-3H3,(H,30,36)(H,31,34)(H,32,35)(H,37,38)","UWRNFIORHHHQHP-UHFFFAOYSA-N"
16727509,"tyr-val-met-phe",558.251221,"C28H38N4O6S","CC(C)C(C(=O)NC(CCSC)C(=O)NC(Cc1ccccc1)C(=O)O)NC(=O)C(Cc2ccc(cc2)O)N","InChI=1S/C28H38N4O6S/c1-17(2)24(32-25(34)21(29)15-19-9-11-20(33)12-10-19)27(36)30-22(13-14-39-3)26(35)31-23(28(37)38)16-18-7-5-4-6-8-18/h4-12,17,21-24,33H,13-16,29H2,1-3H3,(H,30,36)(H,31,35)(H,32,34)(H,37,38)","ZETXYTCPKCZKKO-UHFFFAOYSA-N"
16727528,"tyr-val-phe-met",558.251221,"C28H38N4O6S","CC(C)C(C(=O)NC(Cc1ccccc1)C(=O)NC(CCSC)C(=O)O)NC(=O)C(Cc2ccc(cc2)O)N","InChI=1S/C28H38N4O6S/c1-17(2)24(32-25(34)21(29)15-19-9-11-20(33)12-10-19)27(36)31-23(16-18-7-5-4-6-8-18)26(35)30-22(28(37)38)13-14-39-3/h4-12,17,21-24,33H,13-16,29H2,1-3H3,(H,30,35)(H,31,36)(H,32,34)(H,37,38)","VLVLMJNELXLUHA-UHFFFAOYSA-N"
16732726,"val-met-phe-tyr",558.251221,"C28H38N4O6S","CC(C)C(C(=O)NC(CCSC)C(=O)NC(Cc1ccccc1)C(=O)NC(Cc2ccc(cc2)O)C(=O)O)N","InChI=1S/C28H38N4O6S/c1-17(2)24(29)27(36)30-21(13-14-39-3)25(34)31-22(15-18-7-5-4-6-8-18)26(35)32-23(28(37)38)16-19-9-11-20(33)12-10-19/h4-12,17,21-24,33H,13-16,29H2,1-3H3,(H,30,36)(H,31,34)(H,32,35)(H,37,38)","SSCJYWPUIUMFEL-UHFFFAOYSA-N"
16732821,"val-met-tyr-phe",558.251221,"C28H38N4O6S","CC(C)C(C(=O)NC(CCSC)C(=O)NC(Cc1ccc(cc1)O)C(=O)NC(Cc2ccccc2)C(=O)O)N","InChI=1S/C28H38N4O6S/c1-17(2)24(29)27(36)30-21(13-14-39-3)25(34)31-22(15-19-9-11-20(33)12-10-19)26(35)32-23(28(37)38)16-18-7-5-4-6-8-18/h4-12,17,21-24,33H,13-16,29H2,1-3H3,(H,30,36)(H,31,34)(H,32,35)(H,37,38)","BYUNTABFUQQGSX-UHFFFAOYSA-N"
16733105,"val-phe-met-tyr",558.251221,"C28H38N4O6S","CC(C)C(C(=O)NC(Cc1ccccc1)C(=O)NC(CCSC)C(=O)NC(Cc2ccc(cc2)O)C(=O)O)N","InChI=1S/C28H38N4O6S/c1-17(2)24(29)27(36)31-22(15-18-7-5-4-6-8-18)26(35)30-21(13-14-39-3)25(34)32-23(28(37)38)16-19-9-11-20(33)12-10-19/h4-12,17,21-24,33H,13-16,29H2,1-3H3,(H,30,35)(H,31,36)(H,32,34)(H,37,38)","OFEHCMOHTGJLEQ-UHFFFAOYSA-N"
16733218,"val-phe-tyr-met",558.251221,"C28H38N4O6S","CC(C)C(C(=O)NC(Cc1ccccc1)C(=O)NC(Cc2ccc(cc2)O)C(=O)NC(CCSC)C(=O)O)N","InChI=1S/C28H38N4O6S/c1-17(2)24(29)27(36)32-23(15-18-7-5-4-6-8-18)26(35)31-22(16-19-9-11-20(33)12-10-19)25(34)30-21(28(37)38)13-14-39-3/h4-12,17,21-24,33H,13-16,29H2,1-3H3,(H,30,34)(H,31,35)(H,32,36)(H,37,38)","GRPURFUXPQPEAF-UHFFFAOYSA-N"
16735094,"val-tyr-met-phe",558.251221,"C28H38N4O6S","CC(C)C(C(=O)NC(Cc1ccc(cc1)O)C(=O)NC(CCSC)C(=O)NC(Cc2ccccc2)C(=O)O)N","InChI=1S/C28H38N4O6S/c1-17(2)24(29)27(36)31-22(15-19-9-11-20(33)12-10-19)26(35)30-21(13-14-39-3)25(34)32-23(28(37)38)16-18-7-5-4-6-8-18/h4-12,17,21-24,33H,13-16,29H2,1-3H3,(H,30,35)(H,31,36)(H,32,34)(H,37,38)","WCXAUTLCCBJLDY-UHFFFAOYSA-N"
16735113,"val-tyr-phe-met",558.251221,"C28H38N4O6S","CC(C)C(C(=O)NC(Cc1ccc(cc1)O)C(=O)NC(Cc2ccccc2)C(=O)NC(CCSC)C(=O)O)N","InChI=1S/C28H38N4O6S/c1-17(2)24(29)27(36)32-23(16-19-9-11-20(33)12-10-19)26(35)31-22(15-18-7-5-4-6-8-18)25(34)30-21(28(37)38)13-14-39-3/h4-12,17,21-24,33H,13-16,29H2,1-3H3,(H,30,34)(H,31,35)(H,32,36)(H,37,38)","URXJCEGBVHIYIT-UHFFFAOYSA-N"
17256911,"3',5'-O-[Bis(2-methyl-2-propanyl)silylene]-2'-[(2E)-3-(diethoxyphosphoryl)-2-propen-1-yl]thymidine",558.252625,"C25H43N2O8PSi","CCOP(=O)(/C=C/C[C@@H]1[C@H]2[C@@H](CO[Si](O2)(C(C)(C)C)C(C)(C)C)O[C@H]1n3cc(c(=O)[nH]c3=O)C)OCC","InChI=1S/C25H43N2O8PSi/c1-10-31-36(30,32-11-2)14-12-13-18-20-19(16-33-37(35-20,24(4,5)6)25(7,8)9)34-22(18)27-15-17(3)21(28)26-23(27)29/h12,14-15,18-20,22H,10-11,13,16H2,1-9H3,(H,26,28,29)/b14-12+/t18-,19-,20+,22-/m1/s1","BCFZEHNHGMELKE-BCVKBWDJSA-N"
17274020,"2-Methyl-2-propanyl [(1R,2R)-1,2-diphenyl-2-({[2-(4-phenyl-1,4-cyclohexadien-1-yl)ethyl]sulfonyl}amino)ethyl]carbamate",558.255249,"C33H38N2O4S","CC(C)(C)OC(=O)N[C@H](c1ccccc1)[C@@H](c2ccccc2)NS(=O)(=O)CCC3=CCC(=CC3)c4ccccc4","InChI=1S/C33H38N2O4S/c1-33(2,3)39-32(36)34-30(28-15-9-5-10-16-28)31(29-17-11-6-12-18-29)35-40(37,38)24-23-25-19-21-27(22-20-25)26-13-7-4-8-14-26/h4-19,22,30-31,35H,20-21,23-24H2,1-3H3,(H,34,36)/t30-,31-/m1/s1","LAVJAXZFWSWUFB-FIRIVFDPSA-N"
17620910,"[4,6-bis(2-ethylhexanoyloxy)-1,3,5,2,4,6-trioxatrialuminan-2-yl] 2-ethylhexanoate",558.250977,"C24H45Al3O9","CCCCC(CC)C(=O)O[Al]1O[Al](O[Al](O1)OC(=O)C(CC)CCCC)OC(=O)C(CC)CCCC","InChI=1S/3C8H16O2.3Al.3O/c3*1-3-5-6-7(4-2)8(9)10;;;;;;/h3*7H,3-6H2,1-2H3,(H,9,10);;;;;;/q;;;3*+1;;;/p-3","LADHKTRVVNZHHZ-UHFFFAOYSA-K"
17621962,"(3E,6R,10S,13R,14S,15S)-10,14-Dihydroxy-6-{1-[2-(hydroxymethyl)-1,3-oxazol-4-yl]-1-propen-2-yl}-11,11,13,15-tetramethyl-3-(trifluoromethyl)-7-oxa-17-azabicyclo[14.1.0]heptadec-3-ene-8,12-dione",558.25531,"C27H37F3N2O7","C[C@@H]1[C@@H]([C@H](C(=O)C([C@H](CC(=O)O[C@H](C/C=C(\CC2C1N2)/C(F)(F)F)C(=Cc3coc(n3)CO)C)O)(C)C)C)O","InChI=1S/C27H37F3N2O7/c1-13(8-17-12-38-21(11-33)31-17)19-7-6-16(27(28,29)30)9-18-23(32-18)14(2)24(36)15(3)25(37)26(4,5)20(34)10-22(35)39-19/h6,8,12,14-15,18-20,23-24,32-34,36H,7,9-11H2,1-5H3/b13-8?,16-6+/t14-,15+,18?,19+,20-,23?,24-/m0/s1","NJEGKTDABDTTSA-ZKJOZCOBSA-N"
19778212,"(3R)-7-[2-(4-Fluorophenyl)-5-isopropyl-3-phenyl-4-(phenylcarbamoyl)-1H-pyrrol-1-yl]-3,5-dihydroxyheptanoic acid",558.252991,"C33H35FN2O5","CC(C)c1c(c(c(n1CCC(C[C@H](CC(=O)O)O)O)c2ccc(cc2)F)c3ccccc3)C(=O)Nc4ccccc4","InChI=1S/C33H35FN2O5/c1-21(2)31-30(33(41)35-25-11-7-4-8-12-25)29(22-9-5-3-6-10-22)32(23-13-15-24(34)16-14-23)36(31)18-17-26(37)19-27(38)20-28(39)40/h3-16,21,26-27,37-38H,17-20H2,1-2H3,(H,35,41)(H,39,40)/t26?,27-/m1/s1","XUKUURHRXDUEBC-SSYAZFEXSA-N"
19983793,"N-[5-(Tyrosylamino)pentanoyl]-L-phenylalanyl-L-methionine",558.251221,"C28H38N4O6S","CSCC[C@@H](C(=O)O)NC(=O)[C@H](Cc1ccccc1)NC(=O)CCCCNC(=O)C(Cc2ccc(cc2)O)N","InChI=1S/C28H38N4O6S/c1-39-16-14-23(28(37)38)32-27(36)24(18-19-7-3-2-4-8-19)31-25(34)9-5-6-15-30-26(35)22(29)17-20-10-12-21(33)13-11-20/h2-4,7-8,10-13,22-24,33H,5-6,9,14-18,29H2,1H3,(H,30,35)(H,31,34)(H,32,36)(H,37,38)/t22?,23-,24-/m0/s1","OGHQTJIQXKVEFO-VYCPFJESSA-N"
20570631,"1-[(3S)-4-[Benzoyl(methyl)amino]-3-(3,4-dichlorophenyl)butyl]-N,N-dimethyl-4-(1-pyrrolidinyl)-4-piperidinecarboxamide",558.252808,"C30H40Cl2N4O2","CN(C)C(=O)C1(CCN(CC1)CC[C@H](CN(C)C(=O)c2ccccc2)c3ccc(c(c3)Cl)Cl)N4CCCC4","InChI=1S/C30H40Cl2N4O2/c1-33(2)29(38)30(36-16-7-8-17-36)14-19-35(20-15-30)18-13-25(24-11-12-26(31)27(32)21-24)22-34(3)28(37)23-9-5-4-6-10-23/h4-6,9-12,21,25H,7-8,13-20,22H2,1-3H3/t25-/m1/s1","QZUUMTALCNSNOB-RUZDIDTESA-N"
20579837,"(4'-{[(2S)-1-Methoxy-3-methyl-2-butanyl]carbamoyl}-4-biphenylyl)(triphenyl)phosphonium",558.255615,"C37H37NO2P","CC(C)[C@@H](COC)NC(=O)c1ccc(cc1)c2ccc(cc2)[P+](c3ccccc3)(c4ccccc4)c5ccccc5","InChI=1S/C37H36NO2P/c1-28(2)36(27-40-3)38-37(39)31-21-19-29(20-22-31)30-23-25-35(26-24-30)41(32-13-7-4-8-14-32,33-15-9-5-10-16-33)34-17-11-6-12-18-34/h4-26,28,36H,27H2,1-3H3/p+1/t36-/m1/s1","XJZJAZYVHHEOLY-PSXMRANNSA-O"
21341071,"{11-[4-(Benzyloxy)-3-methoxyphenyl]-1-hydroxy-3,3-dimethyl-2,3,4,11-tetrahydro-10H-dibenzo[b,e][1,4]diazepin-10-yl}(phenyl)methanone",558.251831,"C36H34N2O4","CC1(CC(=C2C(N(c3ccccc3N=C2C1)C(=O)c4ccccc4)c5ccc(c(c5)OC)OCc6ccccc6)O)C","InChI=1S/C36H34N2O4/c1-36(2)21-28-33(30(39)22-36)34(26-18-19-31(32(20-26)41-3)42-23-24-12-6-4-7-13-24)38(29-17-11-10-16-27(29)37-28)35(40)25-14-8-5-9-15-25/h4-20,34,39H,21-23H2,1-3H3","XEGWJZYRWLTEIC-UHFFFAOYSA-N"
21574556,"N-Butyl-N-(2-{[2-(3,4-dimethoxyphenyl)ethyl][(5-methyl-2-thienyl)methyl]amino}-2-oxoethyl)-1-naphthamide",558.255249,"C33H38N2O4S","CCCCN(CC(=O)N(CCc1ccc(c(c1)OC)OC)Cc2ccc(s2)C)C(=O)c3cccc4c3cccc4","InChI=1S/C33H38N2O4S/c1-5-6-19-35(33(37)29-13-9-11-26-10-7-8-12-28(26)29)23-32(36)34(22-27-16-14-24(2)40-27)20-18-25-15-17-30(38-3)31(21-25)39-4/h7-17,21H,5-6,18-20,22-23H2,1-4H3","IZLCBIXASJPVPR-UHFFFAOYSA-N"
21575362,"N-{4-[5-(3,4-Dichlorophenyl)-3-isobutoxy-1H-1,2,4-triazol-1-yl]phenyl}dodecanamide",558.252808,"C30H40Cl2N4O2","CCCCCCCCCCCC(=O)Nc1ccc(cc1)n2c(nc(n2)OCC(C)C)c3ccc(c(c3)Cl)Cl","InChI=1S/C30H40Cl2N4O2/c1-4-5-6-7-8-9-10-11-12-13-28(37)33-24-15-17-25(18-16-24)36-29(23-14-19-26(31)27(32)20-23)34-30(35-36)38-21-22(2)3/h14-20,22H,4-13,21H2,1-3H3,(H,33,37)","YFFIIRVDYIMFSF-UHFFFAOYSA-N"
21579443,"N-(2-{(4-Fluorobenzyl)[(4-oxo-4H-chromen-3-yl)methyl]amino}-2-oxoethyl)-N-(3-methoxypropyl)-2-phenylbutanamide",558.252991,"C33H35FN2O5","CCC(c1ccccc1)C(=O)N(CCCOC)CC(=O)N(Cc2ccc(cc2)F)Cc3coc4ccccc4c3=O","InChI=1S/C33H35FN2O5/c1-3-28(25-10-5-4-6-11-25)33(39)35(18-9-19-40-2)22-31(37)36(20-24-14-16-27(34)17-15-24)21-26-23-41-30-13-8-7-12-29(30)32(26)38/h4-8,10-17,23,28H,3,9,18-22H2,1-2H3","FOJCHAYGJDVJIQ-UHFFFAOYSA-N"
21582380,"N-sec-Butyl-N-(2-{[2-(3,4-dimethoxyphenyl)ethyl][(5-methyl-2-thienyl)methyl]amino}-2-oxoethyl)-1-naphthamide",558.255249,"C33H38N2O4S","CCC(C)N(CC(=O)N(CCc1ccc(c(c1)OC)OC)Cc2ccc(s2)C)C(=O)c3cccc4c3cccc4","InChI=1S/C33H38N2O4S/c1-6-23(2)35(33(37)29-13-9-11-26-10-7-8-12-28(26)29)22-32(36)34(21-27-16-14-24(3)40-27)19-18-25-15-17-30(38-4)31(20-25)39-5/h7-17,20,23H,6,18-19,21-22H2,1-5H3","HNITULDHNNFABB-UHFFFAOYSA-N"
22542631,"Ethyl {1-[(1-{[1-(cyclopentylsulfonyl)-2-piperidinyl]methyl}-1H-indol-2-yl)carbonyl]-5-oxo-2-piperazinyl}acetate",558.251221,"C28H38N4O6S","CCOC(=O)CC1CNC(=O)CN1C(=O)c2cc3ccccc3n2CC4CCCCN4S(=O)(=O)C5CCCC5","InChI=1S/C28H38N4O6S/c1-2-38-27(34)16-22-17-29-26(33)19-30(22)28(35)25-15-20-9-3-6-13-24(20)31(25)18-21-10-7-8-14-32(21)39(36,37)23-11-4-5-12-23/h3,6,9,13,15,21-23H,2,4-5,7-8,10-12,14,16-19H2,1H3,(H,29,33)","AMQZNQWLDDWITO-UHFFFAOYSA-N"
22582299,"4-Butoxy-N-(2-{(4-fluorobenzyl)[(4-oxo-4H-chromen-3-yl)methyl]amino}-2-oxoethyl)-N-propylbenzamide",558.252991,"C33H35FN2O5","CCCCOc1ccc(cc1)C(=O)N(CCC)CC(=O)N(Cc2ccc(cc2)F)Cc3coc4ccccc4c3=O","InChI=1S/C33H35FN2O5/c1-3-5-19-40-28-16-12-25(13-17-28)33(39)35(18-4-2)22-31(37)36(20-24-10-14-27(34)15-11-24)21-26-23-41-30-9-7-6-8-29(30)32(26)38/h6-17,23H,3-5,18-22H2,1-2H3","SIMJCYJMHWQXAG-UHFFFAOYSA-N"
22587981,"N-sec-Butyl-N-(2-{[2-(3,4-dimethoxyphenyl)ethyl][(5-methyl-2-thienyl)methyl]amino}-2-oxoethyl)-2-naphthamide",558.255249,"C33H38N2O4S","CCC(C)N(CC(=O)N(CCc1ccc(c(c1)OC)OC)Cc2ccc(s2)C)C(=O)c3ccc4ccccc4c3","InChI=1S/C33H38N2O4S/c1-6-23(2)35(33(37)28-14-13-26-9-7-8-10-27(26)20-28)22-32(36)34(21-29-15-11-24(3)40-29)18-17-25-12-16-30(38-4)31(19-25)39-5/h7-16,19-20,23H,6,17-18,21-22H2,1-5H3","FBWGTVCQWZWBPC-UHFFFAOYSA-N"
22647905,"2-Methyl-2-propanyl 5-(3,4-dimethoxyphenyl)-7-methyl-3-(2-{[2-(4-morpholinyl)ethyl]amino}-2-oxoethyl)-5H-[1,3]thiazolo[3,2-a]pyrimidine-6-carboxylate",558.251221,"C28H38N4O6S","CC1=C(C(N2C(=CSC2=N1)CC(=O)NCCN3CCOCC3)c4ccc(c(c4)OC)OC)C(=O)OC(C)(C)C","InChI=1S/C28H38N4O6S/c1-18-24(26(34)38-28(2,3)4)25(19-7-8-21(35-5)22(15-19)36-6)32-20(17-39-27(32)30-18)16-23(33)29-9-10-31-11-13-37-14-12-31/h7-8,15,17,25H,9-14,16H2,1-6H3,(H,29,33)","CIGAIHOIWQBFAS-UHFFFAOYSA-N"
22648700,"2-Methyl-2-propanyl 5-(2,3-dimethoxyphenyl)-7-methyl-3-(2-{[2-(4-morpholinyl)ethyl]amino}-2-oxoethyl)-5H-[1,3]thiazolo[3,2-a]pyrimidine-6-carboxylate",558.251221,"C28H38N4O6S","CC1=C(C(N2C(=CSC2=N1)CC(=O)NCCN3CCOCC3)c4cccc(c4OC)OC)C(=O)OC(C)(C)C","InChI=1S/C28H38N4O6S/c1-18-23(26(34)38-28(2,3)4)24(20-8-7-9-21(35-5)25(20)36-6)32-19(17-39-27(32)30-18)16-22(33)29-10-11-31-12-14-37-15-13-31/h7-9,17,24H,10-16H2,1-6H3,(H,29,33)","CGNJHOITTUPUQF-UHFFFAOYSA-N"
22729604,"N-({1-(3,5-Dimethoxybenzyl)-4-[3-(trifluoromethyl)phenyl]-3-pyrrolidinyl}methyl)-4-fluoro-N-isopropylbenzamide",558.250549,"C31H34F4N2O3","CC(C)N(CC1CN(CC1c2cccc(c2)C(F)(F)F)Cc3cc(cc(c3)OC)OC)C(=O)c4ccc(cc4)F","InChI=1S/C31H34F4N2O3/c1-20(2)37(30(38)22-8-10-26(32)11-9-22)18-24-17-36(16-21-12-27(39-3)15-28(13-21)40-4)19-29(24)23-6-5-7-25(14-23)31(33,34)35/h5-15,20,24,29H,16-19H2,1-4H3","PNIKLBBJXAAJED-UHFFFAOYSA-N"
22779002,"N-Benzyl-N~2~-isobutyl-N-[1-(3-nitrobenzoyl)-4-piperidinyl]-N~2~-(propylsulfonyl)glycinamide",558.251221,"C28H38N4O6S","CCCS(=O)(=O)N(CC(C)C)CC(=O)N(Cc1ccccc1)C2CCN(CC2)C(=O)c3cccc(c3)[N+](=O)[O-]","InChI=1S/C28H38N4O6S/c1-4-17-39(37,38)30(19-22(2)3)21-27(33)31(20-23-9-6-5-7-10-23)25-13-15-29(16-14-25)28(34)24-11-8-12-26(18-24)32(35)36/h5-12,18,22,25H,4,13-17,19-21H2,1-3H3","BLVBYPGHQDFHSP-UHFFFAOYSA-N"
22779380,"N-Benzyl-N~2~-isobutyl-N-[1-(4-nitrobenzoyl)-4-piperidinyl]-N~2~-(propylsulfonyl)glycinamide",558.251221,"C28H38N4O6S","CCCS(=O)(=O)N(CC(C)C)CC(=O)N(Cc1ccccc1)C2CCN(CC2)C(=O)c3ccc(cc3)[N+](=O)[O-]","InChI=1S/C28H38N4O6S/c1-4-18-39(37,38)30(19-22(2)3)21-27(33)31(20-23-8-6-5-7-9-23)25-14-16-29(17-15-25)28(34)24-10-12-26(13-11-24)32(35)36/h5-13,22,25H,4,14-21H2,1-3H3","YFVRGCOGMGEVIG-UHFFFAOYSA-N"
22789756,"Ethyl N-[(4-{benzyl[N-(phenylsulfonyl)-N-propylglycyl]amino}-1-piperidinyl)carbonyl]glycinate",558.251221,"C28H38N4O6S","CCCN(CC(=O)N(Cc1ccccc1)C2CCN(CC2)C(=O)NCC(=O)OCC)S(=O)(=O)c3ccccc3","InChI=1S/C28H38N4O6S/c1-3-17-31(39(36,37)25-13-9-6-10-14-25)22-26(33)32(21-23-11-7-5-8-12-23)24-15-18-30(19-16-24)28(35)29-20-27(34)38-4-2/h5-14,24H,3-4,15-22H2,1-2H3,(H,29,35)","HETLONABPPKWMT-UHFFFAOYSA-N"
22794733,"1-(4-[(Cyclopentylcarbonyl)amino]-2-{[2-(3,4-dimethoxyphenyl)ethyl]sulfamoyl}phenyl)-4-piperidinecarboxamide",558.251221,"C28H38N4O6S","COc1ccc(cc1OC)CCNS(=O)(=O)c2cc(ccc2N3CCC(CC3)C(=O)N)NC(=O)C4CCCC4","InChI=1S/C28H38N4O6S/c1-37-24-10-7-19(17-25(24)38-2)11-14-30-39(35,36)26-18-22(31-28(34)21-5-3-4-6-21)8-9-23(26)32-15-12-20(13-16-32)27(29)33/h7-10,17-18,20-21,30H,3-6,11-16H2,1-2H3,(H2,29,33)(H,31,34)","AWLIXOBTIWOEHL-UHFFFAOYSA-N"
23107825,"N-[(4-Methoxyphenyl)carbamoyl]-L-methionyl-L-leucylphenylalanine",558.251221,"C28H38N4O6S","CC(C)C[C@@H](C(=O)NC(Cc1ccccc1)C(=O)O)NC(=O)[C@H](CCSC)NC(=O)Nc2ccc(cc2)OC","InChI=1S/C28H38N4O6S/c1-18(2)16-23(26(34)31-24(27(35)36)17-19-8-6-5-7-9-19)30-25(33)22(14-15-39-4)32-28(37)29-20-10-12-21(38-3)13-11-20/h5-13,18,22-24H,14-17H2,1-4H3,(H,30,33)(H,31,34)(H,35,36)(H2,29,32,37)/t22-,23-,24?/m0/s1","SIWJICQZURLMCZ-NTZARQNWSA-N"
23150766,"(6R)-5-Acetamido-2,6-anhydro-4-carbamimidamido-3,4,5-trideoxy-6-[(1R,2R)-2,3-dihydroxy-1-(octyloxy)propyl]-L-threo-hex-2-enonic acid trifluoroacetate (1:1)",558.251282,"C22H37F3N4O9","CCCCCCCCO[C@@H]([C@H]1[C@@H]([C@H](C=C(O1)C(=O)O)N=C(N)N)NC(=O)C)[C@@H](CO)O.C(=O)(C(F)(F)F)O","InChI=1S/C20H36N4O7.C2HF3O2/c1-3-4-5-6-7-8-9-30-17(14(27)11-25)18-16(23-12(2)26)13(24-20(21)22)10-15(31-18)19(28)29;3-2(4,5)1(6)7/h10,13-14,16-18,25,27H,3-9,11H2,1-2H3,(H,23,26)(H,28,29)(H4,21,22,24);(H,6,7)/t13-,14+,16+,17+,18+;/m0./s1","ZEKAXVVGXVJQGC-QFPQGVIUSA-N"
23163386,"1-[4-(1-{4-[(4-Methoxyphenyl)sulfonyl]phenyl}vinyl)-1,4'-bipiperidin-1'-yl]-2-phenylethanone",558.255249,"C33H38N2O4S","COc1ccc(cc1)S(=O)(=O)c2ccc(cc2)C(=C)C3CCN(CC3)C4CCN(CC4)C(=O)Cc5ccccc5","InChI=1S/C33H38N2O4S/c1-25(27-8-12-31(13-9-27)40(37,38)32-14-10-30(39-2)11-15-32)28-16-20-34(21-17-28)29-18-22-35(23-19-29)33(36)24-26-6-4-3-5-7-26/h3-15,28-29H,1,16-24H2,2H3","YGBFXINLTZYAPY-UHFFFAOYSA-N"
23170374,"N-({[(2S)-2-Amino-3-(4-hydroxyphenyl)propyl]sulfanyl}acetyl)glycyl-L-phenylalanyl-L-leucine",558.251221,"C28H38N4O6S","CC(C)C[C@@H](C(=O)O)NC(=O)[C@H](Cc1ccccc1)NC(=O)CNC(=O)CSC[C@H](Cc2ccc(cc2)O)N","InChI=1S/C28H38N4O6S/c1-18(2)12-24(28(37)38)32-27(36)23(14-19-6-4-3-5-7-19)31-25(34)15-30-26(35)17-39-16-21(29)13-20-8-10-22(33)11-9-20/h3-11,18,21,23-24,33H,12-17,29H2,1-2H3,(H,30,35)(H,31,34)(H,32,36)(H,37,38)/t21-,23-,24-/m0/s1","OFRQDDFMOJSUAT-XWGVYQGASA-N"
23231885,"N-({5-[(E)-2-{4-[Cyclohexyl(hydroxy)methyl]-3-pyridinyl}vinyl]-2'-methyl-2-biphenylyl}carbonyl)-L-methionine",558.255249,"C33H38N2O4S","Cc1ccccc1c2cc(ccc2C(=O)N[C@@H](CCSC)C(=O)O)/C=C/c3cnccc3C(C4CCCCC4)O","InChI=1S/C33H38N2O4S/c1-22-8-6-7-11-26(22)29-20-23(13-15-28(29)32(37)35-30(33(38)39)17-19-40-2)12-14-25-21-34-18-16-27(25)31(36)24-9-4-3-5-10-24/h6-8,11-16,18,20-21,24,30-31,36H,3-5,9-10,17,19H2,1-2H3,(H,35,37)(H,38,39)/b14-12+/t30-,31?/m0/s1","JGIGBEKDNKBDDC-KZGYZUDHSA-N"
23236609,"1-{3-[1-(4-Fluorophenyl)-6,7-dimethoxy-3,4-dihydro-1H-isochromen-1-yl]propyl}-4-[3-(trifluoromethyl)phenyl]piperazine",558.250549,"C31H34F4N2O3","COc1cc2c(cc1OC)C(OCC2)(CCCN3CCN(CC3)c4cccc(c4)C(F)(F)F)c5ccc(cc5)F","InChI=1S/C31H34F4N2O3/c1-38-28-19-22-11-18-40-30(27(22)21-29(28)39-2,23-7-9-25(32)10-8-23)12-4-13-36-14-16-37(17-15-36)26-6-3-5-24(20-26)31(33,34)35/h3,5-10,19-21H,4,11-18H2,1-2H3","FPYIMCLXYPKJRQ-UHFFFAOYSA-N"
23240935,"1-[2-{2-[4-(4-Benzoyl-1-piperidinyl)butoxy]-5-methoxyphenyl}-1,3-benzothiazol-3(2H)-yl]-1-propanone",558.255249,"C33H38N2O4S","CCC(=O)N1c2ccccc2SC1c3cc(ccc3OCCCCN4CCC(CC4)C(=O)c5ccccc5)OC","InChI=1S/C33H38N2O4S/c1-3-31(36)35-28-13-7-8-14-30(28)40-33(35)27-23-26(38-2)15-16-29(27)39-22-10-9-19-34-20-17-25(18-21-34)32(37)24-11-5-4-6-12-24/h4-8,11-16,23,25,33H,3,9-10,17-22H2,1-2H3","MXWBHDROFAXUDI-UHFFFAOYSA-N"
23286845,"Sodium (3R,5R)-7-[7-benzyl-3-(4-fluorophenyl)-1-isopropyl-8-oxo-1,4,5,6,7,8-hexahydropyrrolo[2,3-c]azepin-2-yl]-3,5-dihydroxyheptanoate",558.25061,"C31H36FN2NaO5","CC(C)n1c(c(c2c1C(=O)N(CCC2)Cc3ccccc3)c4ccc(cc4)F)CC[C@H](C[C@H](CC(=O)[O-])O)O.[Na+]","InChI=1S/C31H37FN2O5.Na/c1-20(2)34-27(15-14-24(35)17-25(36)18-28(37)38)29(22-10-12-23(32)13-11-22)26-9-6-16-33(31(39)30(26)34)19-21-7-4-3-5-8-21;/h3-5,7-8,10-13,20,24-25,35-36H,6,9,14-19H2,1-2H3,(H,37,38);/q;+1/p-1/t24-,25-;/m1./s1","ZZQOYYBIXKGNFN-JIMLSGQQSA-M"
23301805,"N-(2-Benzoyl-1-cyclohexen-1-yl)-O-[2-(9H-carbazol-9-yl)ethyl]-L-tyrosine",558.251831,"C36H34N2O4","c1ccc(cc1)C(=O)C2=C(CCCC2)N[C@@H](Cc3ccc(cc3)OCCn4c5ccccc5c6c4cccc6)C(=O)O","InChI=1S/C36H34N2O4/c39-35(26-10-2-1-3-11-26)30-14-4-7-15-31(30)37-32(36(40)41)24-25-18-20-27(21-19-25)42-23-22-38-33-16-8-5-12-28(33)29-13-6-9-17-34(29)38/h1-3,5-6,8-13,16-21,32,37H,4,7,14-15,22-24H2,(H,40,41)/t32-/m0/s1","BVECURMJAWUDOP-YTTGMZPUSA-N"
24579291,"TCMDC-139519",558.252808,"C30H40Cl2N4O2","CC(C)c1ccc(cc1)NC(=O)NCC2CCCN(C2)CCCCCNC(=O)/C=C/c3ccc(c(c3)Cl)Cl","InChI=1S/C30H40Cl2N4O2/c1-22(2)25-10-12-26(13-11-25)35-30(38)34-20-24-7-6-18-36(21-24)17-5-3-4-16-33-29(37)15-9-23-8-14-27(31)28(32)19-23/h8-15,19,22,24H,3-7,16-18,20-21H2,1-2H3,(H,33,37)(H2,34,35,38)/b15-9+","JIGUGHQILNEKMB-OQLLNIDSSA-N"
24630675,"5-Chloro-6-{4-[1-(4-cyanobenzyl)-4-piperidinyl]-1-piperazinyl}-N-(2-phenoxyethyl)nicotinamide",558.250977,"C31H35ClN6O2","c1ccc(cc1)OCCNC(=O)c2cc(c(nc2)N3CCN(CC3)C4CCN(CC4)Cc5ccc(cc5)C#N)Cl","InChI=1S/C31H35ClN6O2/c32-29-20-26(31(39)34-12-19-40-28-4-2-1-3-5-28)22-35-30(29)38-17-15-37(16-18-38)27-10-13-36(14-11-27)23-25-8-6-24(21-33)7-9-25/h1-9,20,22,27H,10-19,23H2,(H,34,39)","GKLLWSLEDQZNPB-UHFFFAOYSA-N"
24643061,"5-Chloro-6-{4-[1-(3-cyanobenzyl)-4-piperidinyl]-1-piperazinyl}-N-(2-phenoxyethyl)nicotinamide",558.250977,"C31H35ClN6O2","c1ccc(cc1)OCCNC(=O)c2cc(c(nc2)N3CCN(CC3)C4CCN(CC4)Cc5cccc(c5)C#N)Cl","InChI=1S/C31H35ClN6O2/c32-29-20-26(31(39)34-11-18-40-28-7-2-1-3-8-28)22-35-30(29)38-16-14-37(15-17-38)27-9-12-36(13-10-27)23-25-6-4-5-24(19-25)21-33/h1-8,19-20,22,27H,9-18,23H2,(H,34,39)","LVVBVRIOZJNFCS-UHFFFAOYSA-N"
24643203,"5-Chloro-6-{4-[1-(2-cyanobenzyl)-4-piperidinyl]-1-piperazinyl}-N-(2-phenoxyethyl)nicotinamide",558.250977,"C31H35ClN6O2","c1ccc(cc1)OCCNC(=O)c2cc(c(nc2)N3CCN(CC3)C4CCN(CC4)Cc5ccccc5C#N)Cl","InChI=1S/C31H35ClN6O2/c32-29-20-26(31(39)34-12-19-40-28-8-2-1-3-9-28)22-35-30(29)38-17-15-37(16-18-38)27-10-13-36(14-11-27)23-25-7-5-4-6-24(25)21-33/h1-9,20,22,27H,10-19,23H2,(H,34,39)","JHSLOUSGRWGTJU-UHFFFAOYSA-N"
24649961,"2-Methyl-2-propanyl 5-oxo-4-{[(6-phenyl-2-pyridinyl)carbonyl]amino}-5-[4-(propylsulfonyl)-1-piperazinyl]pentanoate",558.251221,"C28H38N4O6S","CCCS(=O)(=O)N1CCN(CC1)C(=O)C(CCC(=O)OC(C)(C)C)NC(=O)c2cccc(n2)c3ccccc3","InChI=1S/C28H38N4O6S/c1-5-20-39(36,37)32-18-16-31(17-19-32)27(35)24(14-15-25(33)38-28(2,3)4)30-26(34)23-13-9-12-22(29-23)21-10-7-6-8-11-21/h6-13,24H,5,14-20H2,1-4H3,(H,30,34)","FIZOTIFFXLGOFA-UHFFFAOYSA-N"
24685045,"1-[2-(2-{[5-(4-Benzoyl-1-piperidinyl)pentyl]oxy}-5-methoxyphenyl)-1,3-benzothiazol-3(2H)-yl]ethanone",558.255249,"C33H38N2O4S","CC(=O)N1c2ccccc2SC1c3cc(ccc3OCCCCCN4CCC(CC4)C(=O)c5ccccc5)OC","InChI=1S/C33H38N2O4S/c1-24(36)35-29-13-7-8-14-31(29)40-33(35)28-23-27(38-2)15-16-30(28)39-22-10-4-9-19-34-20-17-26(18-21-34)32(37)25-11-5-3-6-12-25/h3,5-8,11-16,23,26,33H,4,9-10,17-22H2,1-2H3","LWRRCCPIMMTAQR-UHFFFAOYSA-N"
24716180,"N-[(1S)-3-(4-{[(3,4-Dichlorobenzyl)carbamoyl](ethyl)amino}-1-piperidinyl)-1-phenylbutyl]cyclobutanecarboxamide",558.252808,"C30H40Cl2N4O2","CCN(C1CCN(CC1)C(C)C[C@@H](c2ccccc2)NC(=O)C3CCC3)C(=O)NCc4ccc(c(c4)Cl)Cl","InChI=1S/C30H40Cl2N4O2/c1-3-36(30(38)33-20-22-12-13-26(31)27(32)19-22)25-14-16-35(17-15-25)21(2)18-28(23-8-5-4-6-9-23)34-29(37)24-10-7-11-24/h4-6,8-9,12-13,19,21,24-25,28H,3,7,10-11,14-18,20H2,1-2H3,(H,33,38)(H,34,37)/t21?,28-/m0/s1","IOCVTFGTNVAJNQ-QVWGJOIVSA-N"
24835051,"2,2'-(1,4-Piperazinediyl)bis(1,4-diphenyl-1,4-butanedione)",558.251831,"C36H34N2O4","c1ccc(cc1)C(=O)CC(C(=O)c2ccccc2)N3CCN(CC3)C(CC(=O)c4ccccc4)C(=O)c5ccccc5","InChI=1S/C36H34N2O4/c39-33(27-13-5-1-6-14-27)25-31(35(41)29-17-9-3-10-18-29)37-21-23-38(24-22-37)32(36(42)30-19-11-4-12-20-30)26-34(40)28-15-7-2-8-16-28/h1-20,31-32H,21-26H2","USSIPGXULLCCBW-UHFFFAOYSA-N"
24837827,"(3R,5S)-7-[2-(4-Fluorophenyl)-5-isopropyl-3-phenyl-4-(phenylcarbamoyl)-1H-pyrrol-1-yl]-3,5-dihydroxyheptanoic acid",558.252991,"C33H35FN2O5","CC(C)c1c(c(c(n1CC[C@@H](C[C@H](CC(=O)O)O)O)c2ccc(cc2)F)c3ccccc3)C(=O)Nc4ccccc4","InChI=1S/C33H35FN2O5/c1-21(2)31-30(33(41)35-25-11-7-4-8-12-25)29(22-9-5-3-6-10-22)32(23-13-15-24(34)16-14-23)36(31)18-17-26(37)19-27(38)20-28(39)40/h3-16,21,26-27,37-38H,17-20H2,1-2H3,(H,35,41)(H,39,40)/t26-,27+/m0/s1","XUKUURHRXDUEBC-RRPNLBNLSA-N"
24996306,"N-[(2R,3S)-3-(Benzoylamino)-2-hydroxy-3-phenylpropanoyl]-4-(4,4,5,5-tetramethyl-1,3,2-dioxaborolan-2-yl)-D-phenylalanine",558.253723,"C31H35BN2O7","B1(OC(C(O1)(C)C)(C)C)c2ccc(cc2)C[C@H](C(=O)O)NC(=O)[C@@H]([C@H](c3ccccc3)NC(=O)c4ccccc4)O","InChI=1S/C31H35BN2O7/c1-30(2)31(3,4)41-32(40-30)23-17-15-20(16-18-23)19-24(29(38)39)33-28(37)26(35)25(21-11-7-5-8-12-21)34-27(36)22-13-9-6-10-14-22/h5-18,24-26,35H,19H2,1-4H3,(H,33,37)(H,34,36)(H,38,39)/t24-,25+,26-/m1/s1","OUTRVEZMIGVDGP-UODIDJSMSA-N"
24997040,"N-[(2R,3S)-3-(Benzoylamino)-2-hydroxy-3-phenylpropanoyl]-4-(4,4,5,5-tetramethyl-1,3,2-dioxaborolan-2-yl)-L-phenylalanine",558.253723,"C31H35BN2O7","B1(OC(C(O1)(C)C)(C)C)c2ccc(cc2)C[C@@H](C(=O)O)NC(=O)[C@@H]([C@H](c3ccccc3)NC(=O)c4ccccc4)O","InChI=1S/C31H35BN2O7/c1-30(2)31(3,4)41-32(40-30)23-17-15-20(16-18-23)19-24(29(38)39)33-28(37)26(35)25(21-11-7-5-8-12-21)34-27(36)22-13-9-6-10-14-22/h5-18,24-26,35H,19H2,1-4H3,(H,33,37)(H,34,36)(H,38,39)/t24-,25-,26+/m0/s1","OUTRVEZMIGVDGP-KKUQBAQOSA-N"
26380493,"(2E)-N-(4-{4-[2-(2,4-Difluorophenyl)-2-hydroxy-3-(1H-1,2,4-triazol-1-yl)propyl]-1-piperazinyl}phenyl)-3-(4-methylphenyl)acrylamide",558.255493,"C31H32F2N6O2","Cc1ccc(cc1)/C=C/C(=O)Nc2ccc(cc2)N3CCN(CC3)CC(Cn4cncn4)(c5ccc(cc5F)F)O","InChI=1S/C31H32F2N6O2/c1-23-2-4-24(5-3-23)6-13-30(40)36-26-8-10-27(11-9-26)38-16-14-37(15-17-38)19-31(41,20-39-22-34-21-35-39)28-12-7-25(32)18-29(28)33/h2-13,18,21-22,41H,14-17,19-20H2,1H3,(H,36,40)/b13-6+","CAEPFCXVYUBGAO-AWNIVKPZSA-N"
26388741,"(2E)-1-[4-(4-{2-Hydroxy-3-methoxy-5-[(2E)-3-phenyl-2-propenoyl]benzyl}-1-piperazinyl)phenyl]-3-phenyl-2-propen-1-one",558.251831,"C36H34N2O4","COc1cc(cc(c1O)CN2CCN(CC2)c3ccc(cc3)C(=O)/C=C/c4ccccc4)C(=O)/C=C/c5ccccc5","InChI=1S/C36H34N2O4/c1-42-35-25-30(34(40)19-13-28-10-6-3-7-11-28)24-31(36(35)41)26-37-20-22-38(23-21-37)32-16-14-29(15-17-32)33(39)18-12-27-8-4-2-5-9-27/h2-19,24-25,41H,20-23,26H2,1H3/b18-12+,19-13+","GJCGUSDHKGQGHO-KLCVKJMQSA-N"
26586144,"{(2R,3R,4S)-5-Oxo-3,4-bis[(triethylsilyl)oxy]tetrahydro-2-furanyl}methyl 2,4,6-trimethylbenzenesulfonate",558.250305,"C26H46O7SSi2","CC[Si](CC)(CC)O[C@@H]1[C@H](OC(=O)[C@H]1O[Si](CC)(CC)CC)COS(=O)(=O)c2c(cc(cc2C)C)C","InChI=1S/C26H46O7SSi2/c1-10-35(11-2,12-3)32-23-22(31-26(27)24(23)33-36(13-4,14-5)15-6)18-30-34(28,29)25-20(8)16-19(7)17-21(25)9/h16-17,22-24H,10-15,18H2,1-9H3/t22-,23-,24+/m1/s1","CRWIOVLAZXOBHN-SMIHKQSGSA-N"
26612337,"2-(3-Methylbutyl)-3-{[6-(3-methylbutyl)-5-oxo-5,6-dihydrobenzo[a]phenazin-6-yl]oxy}-1,4-naphthoquinone",558.251831,"C36H34N2O4","CC(C)CCC1=C(C(=O)c2ccccc2C1=O)OC3(c4c(nc5ccccc5n4)-c6ccccc6C3=O)CCC(C)C","InChI=1S/C36H34N2O4/c1-21(2)17-18-27-31(39)24-12-6-7-13-25(24)32(40)33(27)42-36(20-19-22(3)4)34-30(23-11-5-8-14-26(23)35(36)41)37-28-15-9-10-16-29(28)38-34/h5-16,21-22H,17-20H2,1-4H3","YWGFYLQOMGIVSQ-UHFFFAOYSA-N"
26630813,"N-[(2S)-3-(4,4-Dimethylcyclohexyl)-1-{[(4S,7R)-7-methyl-3-oxo-1-(2-pyridinylsulfonyl)-4-azepanyl]amino}-1-oxo-2-propanyl]-2-furamide",558.251221,"C28H38N4O6S","C[C@@H]1CC[C@@H](C(=O)CN1S(=O)(=O)c2ccccn2)NC(=O)[C@H](CC3CCC(CC3)(C)C)NC(=O)c4ccco4","InChI=1S/C28H38N4O6S/c1-19-9-10-21(23(33)18-32(19)39(36,37)25-8-4-5-15-29-25)30-26(34)22(31-27(35)24-7-6-16-38-24)17-20-11-13-28(2,3)14-12-20/h4-8,15-16,19-22H,9-14,17-18H2,1-3H3,(H,30,34)(H,31,35)/t19-,21+,22+/m1/s1","BVIAUHFJTQDKSF-HJNYFJLDSA-N"
28532295,"N-({[2-(L-Tyrosylamino)ethyl]sulfanyl}acetyl)-L-phenylalanyl-L-leucine",558.251221,"C28H38N4O6S","CC(C)C[C@@H](C(=O)O)NC(=O)[C@H](Cc1ccccc1)NC(=O)CSCCNC(=O)[C@H](Cc2ccc(cc2)O)N","InChI=1S/C28H38N4O6S/c1-18(2)14-24(28(37)38)32-27(36)23(16-19-6-4-3-5-7-19)31-25(34)17-39-13-12-30-26(35)22(29)15-20-8-10-21(33)11-9-20/h3-11,18,22-24,33H,12-17,29H2,1-2H3,(H,30,35)(H,31,34)(H,32,36)(H,37,38)/t22-,23-,24-/m0/s1","NWZGUWGWACWBGZ-HJOGWXRNSA-N"
29221409,"1-[4-(2-{[2-(4-Benzyl-1-piperazinyl)-2-oxoethyl]sulfanyl}-6-chloro-4-pyrimidinyl)-2-methyl-1-piperazinyl]-1-hexanone",558.254395,"C28H39ClN6O2S","CCCCCC(=O)N1CCN(CC1C)c2cc(nc(n2)SCC(=O)N3CCN(CC3)Cc4ccccc4)Cl","InChI=1S/C28H39ClN6O2S/c1-3-4-6-11-26(36)35-17-16-34(19-22(35)2)25-18-24(29)30-28(31-25)38-21-27(37)33-14-12-32(13-15-33)20-23-9-7-5-8-10-23/h5,7-10,18,22H,3-4,6,11-17,19-21H2,1-2H3","SXIRUDLSFCTHHS-UHFFFAOYSA-N"
29221438,"4-(2-{[2-(4-Benzyl-1-piperidinyl)-2-oxoethyl]sulfanyl}-6-chloro-4-pyrimidinyl)-2-methyl-N-(2-methyl-2-propanyl)-1-piperazinecarboxamide",558.254395,"C28H39ClN6O2S","CC1CN(CCN1C(=O)NC(C)(C)C)c2cc(nc(n2)SCC(=O)N3CCC(CC3)Cc4ccccc4)Cl","InChI=1S/C28H39ClN6O2S/c1-20-18-34(14-15-35(20)27(37)32-28(2,3)4)24-17-23(29)30-26(31-24)38-19-25(36)33-12-10-22(11-13-33)16-21-8-6-5-7-9-21/h5-9,17,20,22H,10-16,18-19H2,1-4H3,(H,32,37)","IMYOGTPGHNJIHV-UHFFFAOYSA-N"
29247630,"N-(2-{[2-(3,4-Dimethoxyphenyl)ethyl][(5-methyl-2-thienyl)methyl]amino}-2-oxoethyl)-N-isobutyl-2-naphthamide",558.255249,"C33H38N2O4S","Cc1ccc(s1)CN(CCc2ccc(c(c2)OC)OC)C(=O)CN(CC(C)C)C(=O)c3ccc4ccccc4c3","InChI=1S/C33H38N2O4S/c1-23(2)20-35(33(37)28-13-12-26-8-6-7-9-27(26)19-28)22-32(36)34(21-29-14-10-24(3)40-29)17-16-25-11-15-30(38-4)31(18-25)39-5/h6-15,18-19,23H,16-17,20-22H2,1-5H3","JQJAREGQKPPEHB-UHFFFAOYSA-N"
29414656,"(3R,6S,13S,18aR)-13-(3-Carbamimidamidopropyl)-1,4,8,11,14-pentaoxo-3-phenyloctadecahydropyrrolo[2,1-f][1,4,7,10,13]pentaazacyclohexadecine-6-carboxylic acid",558.255066,"C25H34N8O7","c1ccc(cc1)[C@@H]2C(=O)N[C@@H](CC(=O)NCC(=O)N[C@H](C(=O)N3CCC[C@@H]3C(=O)N2)CCCNC(=N)N)C(=O)O","InChI=1S/C25H34N8O7/c26-25(27)28-10-4-8-15-23(38)33-11-5-9-17(33)21(36)32-20(14-6-2-1-3-7-14)22(37)31-16(24(39)40)12-18(34)29-13-19(35)30-15/h1-3,6-7,15-17,20H,4-5,8-13H2,(H,29,34)(H,30,35)(H,31,37)(H,32,36)(H,39,40)(H4,26,27,28)/t15-,16-,17+,20+/m0/s1","WXSLOTVKKDWKQR-MIALQEHNSA-N"
29420273,"(3R,6S,13S,18aS)-13-(3-Carbamimidamidopropyl)-1,4,8,11,14-pentaoxo-3-phenyloctadecahydropyrrolo[2,1-f][1,4,7,10,13]pentaazacyclohexadecine-6-carboxylic acid",558.255066,"C25H34N8O7","c1ccc(cc1)[C@@H]2C(=O)N[C@@H](CC(=O)NCC(=O)N[C@H](C(=O)N3CCC[C@H]3C(=O)N2)CCCNC(=N)N)C(=O)O","InChI=1S/C25H34N8O7/c26-25(27)28-10-4-8-15-23(38)33-11-5-9-17(33)21(36)32-20(14-6-2-1-3-7-14)22(37)31-16(24(39)40)12-18(34)29-13-19(35)30-15/h1-3,6-7,15-17,20H,4-5,8-13H2,(H,29,34)(H,30,35)(H,31,37)(H,32,36)(H,39,40)(H4,26,27,28)/t15-,16-,17-,20+/m0/s1","WXSLOTVKKDWKQR-OGNFBWPZSA-N"
30655544,"5H-Dibenzo[a,d][7]annulene-5-carboxamide - 1,4-dioxane (2:1)",558.251831,"C36H34N2O4","c1ccc2c(c1)C=Cc3ccccc3C2C(=O)N.c1ccc2c(c1)C=Cc3ccccc3C2C(=O)N.C1COCCO1","InChI=1S/2C16H13NO.C4H8O2/c2*17-16(18)15-13-7-3-1-5-11(13)9-10-12-6-2-4-8-14(12)15;1-2-6-4-3-5-1/h2*1-10,15H,(H2,17,18);1-4H2","JMXSWCVNLRCKHH-UHFFFAOYSA-N"
30686260,"N,N'-Bis(4-butylphenyl)-9,10-dioxo-9,10-dihydro-1,3-anthracenedicarboxamide",558.251831,"C36H34N2O4","CCCCc1ccc(cc1)NC(=O)c2cc3c(c(c2)C(=O)Nc4ccc(cc4)CCCC)C(=O)c5ccccc5C3=O","InChI=1S/C36H34N2O4/c1-3-5-9-23-13-17-26(18-14-23)37-35(41)25-21-30-32(34(40)29-12-8-7-11-28(29)33(30)39)31(22-25)36(42)38-27-19-15-24(16-20-27)10-6-4-2/h7-8,11-22H,3-6,9-10H2,1-2H3,(H,37,41)(H,38,42)","NGTKXHBAWRERBG-UHFFFAOYSA-N"
30793128,"Methyl 3-[(5-{[(4-aminophenyl)sulfonyl](isobutyl)amino}-6-hydroxyhexyl)carbamoyl]-2(1H)-isoquinolinecarboxylate",558.251221,"C28H38N4O6S","CC(C)C[N@@](C(CCCCNC(=O)C1=Cc2ccccc2CN1C(=O)OC)CO)S(=O)(=O)c3ccc(cc3)N","InChI=1S/C28H38N4O6S/c1-20(2)17-32(39(36,37)25-13-11-23(29)12-14-25)24(19-33)10-6-7-15-30-27(34)26-16-21-8-4-5-9-22(21)18-31(26)28(35)38-3/h4-5,8-9,11-14,16,20,24,33H,6-7,10,15,17-19,29H2,1-3H3,(H,30,34)","KDTCSANVXICYGC-UHFFFAOYSA-N"
30834527,"1-[1-({1-[(2-Amino-4-pyridinyl)methyl]-4-piperidinyl}carbonyl)-4-piperidinyl]-3-(4-chlorobenzyl)-1,3-dihydro-2H-benzimidazol-2-one",558.250977,"C31H35ClN6O2","c1ccc2c(c1)n(c(=O)n2C3CCN(CC3)C(=O)C4CCN(CC4)Cc5ccnc(c5)N)Cc6ccc(cc6)Cl","InChI=1S/C31H35ClN6O2/c32-25-7-5-22(6-8-25)21-37-27-3-1-2-4-28(27)38(31(37)40)26-12-17-36(18-13-26)30(39)24-10-15-35(16-11-24)20-23-9-14-34-29(33)19-23/h1-9,14,19,24,26H,10-13,15-18,20-21H2,(H2,33,34)","ZWVIFSPZUJVHGF-UHFFFAOYSA-N"
31141370,"Benzyl (2S)-2-({(3S)-2-oxo-5-phenyl-1-[(3-phenylpropyl)sulfanyl]-3-pentanyl}carbamoyl)-1-pyrrolidinecarboxylate",558.255249,"C33H38N2O4S","c1ccc(cc1)CCCSCC(=O)[C@H](CCc2ccccc2)NC(=O)[C@@H]3CCCN3C(=O)OCc4ccccc4","InChI=1S/C33H38N2O4S/c36-31(25-40-23-11-18-26-12-4-1-5-13-26)29(21-20-27-14-6-2-7-15-27)34-32(37)30-19-10-22-35(30)33(38)39-24-28-16-8-3-9-17-28/h1-9,12-17,29-30H,10-11,18-25H2,(H,34,37)/t29-,30-/m0/s1","QMEJSSCAGCTRRX-KYJUHHDHSA-N"
32077280,"1,1,1,2,2,3,3,4,4,5,5,6,6-Tridecafluorotricosane",558.253113,"C23H35F13","CCCCCCCCCCCCCCCCCC(C(C(C(C(C(F)(F)F)(F)F)(F)F)(F)F)(F)F)(F)F","InChI=1S/C23H35F13/c1-2-3-4-5-6-7-8-9-10-11-12-13-14-15-16-17-18(24,25)19(26,27)20(28,29)21(30,31)22(32,33)23(34,35)36/h2-17H2,1H3","SUWPKSRVVDLYGW-UHFFFAOYSA-N"
32701391,"(3S,5R)-7-[2-(4-Fluorophenyl)-5-isopropyl-3-phenyl-4-(phenylcarbamoyl)-1H-pyrrol-1-yl]-3,5-dihydroxyheptanoic acid",558.252991,"C33H35FN2O5","CC(C)c1c(c(c(n1CC[C@H](C[C@@H](CC(=O)O)O)O)c2ccc(cc2)F)c3ccccc3)C(=O)Nc4ccccc4","InChI=1S/C33H35FN2O5/c1-21(2)31-30(33(41)35-25-11-7-4-8-12-25)29(22-9-5-3-6-10-22)32(23-13-15-24(34)16-14-23)36(31)18-17-26(37)19-27(38)20-28(39)40/h3-16,21,26-27,37-38H,17-20H2,1-2H3,(H,35,41)(H,39,40)/t26-,27+/m1/s1","XUKUURHRXDUEBC-SXOMAYOGSA-N"
32755187,"2-({1-[(2E)-2-(3,4-Diethoxybenzylidene)hydrazino]-1-oxo-2-propanyl}sulfanyl)-N'-[(Z)-(3,4-diethoxyphenyl)methylene]propanehydrazide",558.251221,"C28H38N4O6S","CCOc1ccc(cc1OCC)/C=N/NC(=O)C(C)SC(C)C(=O)N/N=C\c2ccc(c(c2)OCC)OCC","InChI=1S/C28H38N4O6S/c1-7-35-23-13-11-21(15-25(23)37-9-3)17-29-31-27(33)19(5)39-20(6)28(34)32-30-18-22-12-14-24(36-8-2)26(16-22)38-10-4/h11-20H,7-10H2,1-6H3,(H,31,33)(H,32,34)/b29-17-,30-18+","GEMFHSRFAOSBKD-QCOHSWCKSA-N"
34219808,"(2S)-{4-(3,4-Dihydro-2H-chromen-6-yl)-6-[4-(3,5-dimethyl-1,2-oxazol-4-yl)-2-fluorophenyl]-2,5-dimethyl-3-pyridinyl}[(2-methyl-2-propanyl)oxy]acetic acid",558.252991,"C33H35FN2O5","Cc1c(c(c(nc1c2ccc(cc2F)c3c(noc3C)C)C)[C@@H](C(=O)O)OC(C)(C)C)c4ccc5c(c4)CCCO5","InChI=1S/C33H35FN2O5/c1-17-27(22-11-13-26-21(15-22)9-8-14-39-26)29(31(32(37)38)40-33(5,6)7)18(2)35-30(17)24-12-10-23(16-25(24)34)28-19(3)36-41-20(28)4/h10-13,15-16,31H,8-9,14H2,1-7H3,(H,37,38)/t31-/m0/s1","QGFXVWIUPHWEPN-HKBQPEDESA-N"
34224018,"Ethyl (2Z,4E)-5-(2-{(1S)-2-[4-(benzyloxy)phenyl]-1-[(cyclopentylcarbonyl)amino]ethyl}-1,3-thiazol-4-yl)-2,4-dimethyl-2,4-pentadienoate",558.255249,"C33H38N2O4S","CCOC(=O)/C(=C\C(=C\c1csc(n1)[C@H](Cc2ccc(cc2)OCc3ccccc3)NC(=O)C4CCCC4)\C)/C","InChI=1S/C33H38N2O4S/c1-4-38-33(37)24(3)18-23(2)19-28-22-40-32(34-28)30(35-31(36)27-12-8-9-13-27)20-25-14-16-29(17-15-25)39-21-26-10-6-5-7-11-26/h5-7,10-11,14-19,22,27,30H,4,8-9,12-13,20-21H2,1-3H3,(H,35,36)/b23-19+,24-18-/t30-/m0/s1","CRNWXFIVTNSGHU-HBYIHFSGSA-N"
34233624,"1-({(4R,5R)-8-[3-(Dimethylamino)-1-propyn-1-yl]-2-[(2R)-1-hydroxy-2-propanyl]-4-methyl-1,1-dioxido-2,3,4,5-tetrahydro-6,1,2-benzoxathiazocin-5-yl}methyl)-3-(4-methoxyphenyl)-1-methylurea",558.251221,"C28H38N4O6S","C[C@@H]1CN(S(=O)(=O)c2ccc(cc2O[C@H]1CN(C)C(=O)Nc3ccc(cc3)OC)C#CCN(C)C)[C@H](C)CO","InChI=1S/C28H38N4O6S/c1-20-17-32(21(2)19-33)39(35,36)27-14-9-22(8-7-15-30(3)4)16-25(27)38-26(20)18-31(5)28(34)29-23-10-12-24(37-6)13-11-23/h9-14,16,20-21,26,33H,15,17-19H2,1-6H3,(H,29,34)/t20-,21-,26+/m1/s1","BTAXIRVUQPPFKV-YPCDYVTLSA-N"
34234807,"2-Methyl-2-propanyl [2-(5-{2-(4-fluorophenyl)-2-oxo-1-[4-(2-pyridinyl)-1-piperazinyl]ethyl}-1H-tetrazol-1-yl)phenyl]carbamate",558.250305,"C29H31FN8O3","CC(C)(C)OC(=O)Nc1ccccc1n2c(nnn2)C(C(=O)c3ccc(cc3)F)N4CCN(CC4)c5ccccn5","InChI=1S/C29H31FN8O3/c1-29(2,3)41-28(40)32-22-8-4-5-9-23(22)38-27(33-34-35-38)25(26(39)20-11-13-21(30)14-12-20)37-18-16-36(17-19-37)24-10-6-7-15-31-24/h4-15,25H,16-19H2,1-3H3,(H,32,40)","UYFDAUOQELEUIS-UHFFFAOYSA-N"
34926170,"4-[4-(Benzyloxy)-3-methylbenzoyl]-3-hydroxy-5-(3-methylphenyl)-1-[4-(1-pyrrolidinyl)phenyl]-1,5-dihydro-2H-pyrrol-2-one",558.251831,"C36H34N2O4","Cc1cccc(c1)C2C(=C(C(=O)N2c3ccc(cc3)N4CCCC4)O)C(=O)c5ccc(c(c5)C)OCc6ccccc6","InChI=1S/C36H34N2O4/c1-24-9-8-12-27(21-24)33-32(34(39)28-13-18-31(25(2)22-28)42-23-26-10-4-3-5-11-26)35(40)36(41)38(33)30-16-14-29(15-17-30)37-19-6-7-20-37/h3-5,8-18,21-22,33,40H,6-7,19-20,23H2,1-2H3","UYJOVSALNQKZJV-UHFFFAOYSA-N"
34934084,"4-[4-(Benzyloxy)-3-methylbenzoyl]-3-hydroxy-5-phenyl-1-[4-(1-piperidinyl)phenyl]-1,5-dihydro-2H-pyrrol-2-one",558.251831,"C36H34N2O4","Cc1cc(ccc1OCc2ccccc2)C(=O)C3=C(C(=O)N(C3c4ccccc4)c5ccc(cc5)N6CCCCC6)O","InChI=1S/C36H34N2O4/c1-25-23-28(15-20-31(25)42-24-26-11-5-2-6-12-26)34(39)32-33(27-13-7-3-8-14-27)38(36(41)35(32)40)30-18-16-29(17-19-30)37-21-9-4-10-22-37/h2-3,5-8,11-20,23,33,40H,4,9-10,21-22,24H2,1H3","QDPZRGDBPVQZAG-UHFFFAOYSA-N"
34941817,"4-[4-(Benzyloxy)-3-methylbenzoyl]-3-hydroxy-5-(2-methylphenyl)-1-[4-(1-pyrrolidinyl)phenyl]-1,5-dihydro-2H-pyrrol-2-one",558.251831,"C36H34N2O4","Cc1ccccc1C2C(=C(C(=O)N2c3ccc(cc3)N4CCCC4)O)C(=O)c5ccc(c(c5)C)OCc6ccccc6","InChI=1S/C36H34N2O4/c1-24-10-6-7-13-30(24)33-32(34(39)27-14-19-31(25(2)22-27)42-23-26-11-4-3-5-12-26)35(40)36(41)38(33)29-17-15-28(16-18-29)37-20-8-9-21-37/h3-7,10-19,22,33,40H,8-9,20-21,23H2,1-2H3","QGXKZNZCGQVZCO-UHFFFAOYSA-N"
35793990,"Benzyl {1-[(2-{4-[(cyclohexylcarbamoyl)sulfamoyl]phenyl}ethyl)amino]-3-methyl-1-oxo-2-butanyl}carbamate",558.251221,"C28H38N4O6S","CC(C)C(C(=O)NCCc1ccc(cc1)S(=O)(=O)NC(=O)NC2CCCCC2)NC(=O)OCc3ccccc3","InChI=1S/C28H38N4O6S/c1-20(2)25(31-28(35)38-19-22-9-5-3-6-10-22)26(33)29-18-17-21-13-15-24(16-14-21)39(36,37)32-27(34)30-23-11-7-4-8-12-23/h3,5-6,9-10,13-16,20,23,25H,4,7-8,11-12,17-19H2,1-2H3,(H,29,33)(H,31,35)(H2,30,32,34)","QJNAONFOJWTECB-UHFFFAOYSA-N"
