"Identifier","CompoundName","MonoisotopicMass","MolecularFormula","SMILES","InChI","InChIKey"
2914,"dibenzofuran-4,6-dicarboxylic acid",256.03717,"C14H8O5","c1cc2c3cccc(c3oc2c(c1)C(=O)O)C(=O)O","InChI=1S/C14H8O5/c15-13(16)9-5-1-3-7-8-4-2-6-10(14(17)18)12(8)19-11(7)9/h1-6H,(H,15,16)(H,17,18)","HBBGSNOHAGNQRQ-UHFFFAOYSA-N"
6431,"1,2,4-Trihydroxyanthraquinone",256.03717,"C14H8O5","c1ccc2c(c1)C(=O)c3c(cc(c(c3C2=O)O)O)O","InChI=1S/C14H8O5/c15-8-5-9(16)14(19)11-10(8)12(17)6-3-1-2-4-7(6)13(11)18/h1-5,15-16,19H","BBNQQADTFFCFGB-UHFFFAOYSA-N"
11275,"Anthracene Brown",256.03717,"C14H8O5","c1ccc2c(c1)C(=O)c3cc(c(c(c3C2=O)O)O)O","InChI=1S/C14H8O5/c15-9-5-8-10(14(19)13(9)18)12(17)7-4-2-1-3-6(7)11(8)16/h1-5,15,18-19H","AHKDJQYHVWSRLT-UHFFFAOYSA-N"
59162,"2,7,8-Tha",256.03717,"C14H8O5","c1cc2c(cc1O)C(=O)c3ccc(c(c3C2=O)O)O","InChI=1S/C14H8O5/c15-6-1-2-7-9(5-6)12(17)8-3-4-10(16)14(19)11(8)13(7)18/h1-5,15-16,19H","QWPVOAUJFKGLQA-UHFFFAOYSA-N"
68774,"1,4,8-Trihydroxyanthraquinone",256.03717,"C14H8O5","c1cc2c(c(c1)O)C(=O)c3c(ccc(c3C2=O)O)O","InChI=1S/C14H8O5/c15-7-3-1-2-6-10(7)14(19)12-9(17)5-4-8(16)11(12)13(6)18/h1-5,15-17H","PRKNCOCERFKSLP-UHFFFAOYSA-N"
73994,"1,4,6-Trihydroxy-9,10-anthraquinone",256.03717,"C14H8O5","c1cc2c(cc1O)C(=O)c3c(ccc(c3C2=O)O)O","InChI=1S/C14H8O5/c15-6-1-2-7-8(5-6)14(19)12-10(17)4-3-9(16)11(12)13(7)18/h1-5,15-17H","FDXKFCSGFMVEEG-UHFFFAOYSA-N"
111101,"N~6~-(Dichloroacetyl)-L-lysine",256.038147,"C8H14Cl2N2O3","C(CCNC(=O)C(Cl)Cl)C[C@@H](C(=O)O)N","InChI=1S/C8H14Cl2N2O3/c9-6(10)7(13)12-4-2-1-3-5(11)8(14)15/h5-6H,1-4,11H2,(H,12,13)(H,14,15)/t5-/m0/s1","LKTREGZQOAGANC-YFKPBYRVSA-N"
160623,"5-Methyl-5'-phenyl-2,2'-bithiophene",256.038025,"C15H12S2","Cc1ccc(s1)c2ccc(s2)c3ccccc3","InChI=1S/C15H12S2/c1-11-7-8-14(16-11)15-10-9-13(17-15)12-5-3-2-4-6-12/h2-10H,1H3","MFXXCEADTPYANQ-UHFFFAOYSA-N"
227161,"6-Hydroxy-3-methyl-2H-benzo[g]chromene-2,5,10-trione",256.03717,"C14H8O5","Cc1cc2c(oc1=O)C(=O)c3cccc(c3C2=O)O","InChI=1S/C14H8O5/c1-6-5-8-11(16)10-7(3-2-4-9(10)15)12(17)13(8)19-14(6)18/h2-5,15H,1H3","KMJZTVBJUZDVCN-UHFFFAOYSA-N"
258014,"6-Hydroxy-3-oxo-3H-xanthene-9-carboxylic acid",256.03717,"C14H8O5","c1cc2c(cc1O)oc-3cc(=O)ccc3c2C(=O)O","InChI=1S/C14H8O5/c15-7-1-3-9-11(5-7)19-12-6-8(16)2-4-10(12)13(9)14(17)18/h1-6,15H,(H,17,18)","PTMZIRSRGUUSAA-UHFFFAOYSA-N"
272187,"N~2~-(Dichloroacetyl)lysine",256.038147,"C8H14Cl2N2O3","C(CCN)CC(C(=O)O)NC(=O)C(Cl)Cl","InChI=1S/C8H14Cl2N2O3/c9-6(10)7(13)12-5(8(14)15)3-1-2-4-11/h5-6H,1-4,11H2,(H,12,13)(H,14,15)","CANQPCANNOUJEZ-UHFFFAOYSA-N"
275917,"N-(2-Chloroethyl)tetrahydro-8H-[1,2,4]dioxazino[4,3-c][1,3,2]oxazaphosphinin-6-amine 6-oxide",256.037964,"C7H14ClN2O4P","C1COP(=O)(N2C1OOCC2)NCCCl","InChI=1S/C7H14ClN2O4P/c8-2-3-9-15(11)10-4-6-12-14-7(10)1-5-13-15/h7H,1-6H2,(H,9,11)","ZHKZPDCBWPNYKE-UHFFFAOYSA-N"
290841,"2-[Amino(oxo)acetyl]-N-(4-chlorophenyl)hydrazinecarboxamide",256.036316,"C9H9ClN4O3","c1cc(ccc1NC(=O)NNC(=O)C(=O)N)Cl","InChI=1S/C9H9ClN4O3/c10-5-1-3-6(4-2-5)12-9(17)14-13-8(16)7(11)15/h1-4H,(H2,11,15)(H,13,16)(H2,12,14,17)","HGEIWCMZAMVQPL-UHFFFAOYSA-N"
319322,"(3E)-7-Chloro-3-[(2-hydroxyethyl)imino]-1,2,4-benzotriazin-4(3H)-ol 1-oxide",256.036316,"C9H9ClN4O3","c1cc2c(cc1Cl)[n+](n/c(=N\CCO)/n2O)[O-]","InChI=1S/C9H9ClN4O3/c10-6-1-2-7-8(5-6)14(17)12-9(13(7)16)11-3-4-15/h1-2,5,15-16H,3-4H2/b11-9+","IGFXUPLNBVNQSQ-PKNBQFBNSA-N"
321487,"N''-[(6-Chloro-1,3-benzodioxol-5-yl)methylene]-N-hydroxycarbonohydrazonic diamide",256.036316,"C9H9ClN4O3","c1c(c(cc2c1OCO2)Cl)C=NN=C(N)NO","InChI=1S/C9H9ClN4O3/c10-6-2-8-7(16-4-17-8)1-5(6)3-12-13-9(11)14-15/h1-3,15H,4H2,(H3,11,13,14)","QFZGDSOSZRVIAZ-UHFFFAOYSA-N"
365024,"1,2,8-Trihydroxyanthraquinone",256.03717,"C14H8O5","c1cc2c(c(c1)O)C(=O)c3c(ccc(c3O)O)C2=O","InChI=1S/C14H8O5/c15-8-3-1-2-6-10(8)14(19)11-7(12(6)17)4-5-9(16)13(11)18/h1-5,15-16,18H","BLUGLAWBGJZTRV-UHFFFAOYSA-N"
385928,"1,2,5-Trihydroxyanthraquinone",256.03717,"C14H8O5","c1cc2c(c(c1)O)C(=O)c3ccc(c(c3C2=O)O)O","InChI=1S/C14H8O5/c15-8-3-1-2-6-10(8)12(17)7-4-5-9(16)14(19)11(7)13(6)18/h1-5,15-16,19H","FMRLRBCECZNJNN-UHFFFAOYSA-N"
400629,"[(2R)-4-(6-Chloro-9H-purin-9-yl)-1,3-dioxolan-2-yl]methanol",256.036316,"C9H9ClN4O3","c1nc2c(c(n1)Cl)ncn2C3CO[C@H](O3)CO","InChI=1S/C9H9ClN4O3/c10-8-7-9(12-3-11-8)14(4-13-7)5-2-16-6(1-15)17-5/h3-6,15H,1-2H2/t5?,6-/m1/s1","IMTIRYGJNHZVIL-PRJDIBJQSA-N"
400630,"[(2R,4S)-4-(6-Chloro-9H-purin-9-yl)-1,3-dioxolan-2-yl]methanol",256.036316,"C9H9ClN4O3","c1nc2c(c(n1)Cl)ncn2[C@@H]3CO[C@H](O3)CO","InChI=1S/C9H9ClN4O3/c10-8-7-9(12-3-11-8)14(4-13-7)5-2-16-6(1-15)17-5/h3-6,15H,1-2H2/t5-,6+/m0/s1","IMTIRYGJNHZVIL-NTSWFWBYSA-N"
485851,"2-[(Phenylselanyl)methyl]tetrahydro-2H-pyran",256.036652,"C12H16OSe","c1ccc(cc1)[Se]CC2CCCCO2","InChI=1S/C12H16OSe/c1-2-7-12(8-3-1)14-10-11-6-4-5-9-13-11/h1-3,7-8,11H,4-6,9-10H2","LRAOKELWNHJUIQ-UHFFFAOYSA-N"
485887,"2-Methyl-5-[(phenylselanyl)methyl]tetrahydrofuran",256.036652,"C12H16OSe","CC1CCC(O1)C[Se]c2ccccc2","InChI=1S/C12H16OSe/c1-10-7-8-11(13-10)9-14-12-5-3-2-4-6-12/h2-6,10-11H,7-9H2,1H3","HEZGPNCADCTNQG-UHFFFAOYSA-N"
485888,"2-Methyl-2-[(phenylselanyl)methyl]tetrahydrofuran",256.036652,"C12H16OSe","CC1(CCCO1)C[Se]c2ccccc2","InChI=1S/C12H16OSe/c1-12(8-5-9-13-12)10-14-11-6-3-2-4-7-11/h2-4,6-7H,5,8-10H2,1H3","BQEKUCMKJDYUFD-UHFFFAOYSA-N"
493053,"2-Methyl-3-(phenylselanyl)tetrahydro-2H-pyran",256.036652,"C12H16OSe","CC1C(CCCO1)[Se]c2ccccc2","InChI=1S/C12H16OSe/c1-10-12(8-5-9-13-10)14-11-6-3-2-4-7-11/h2-4,6-7,10,12H,5,8-9H2,1H3","GWBRJAIQTFLNQZ-UHFFFAOYSA-N"
528699,"9-Hydroxy-3-methyl-2H-benzo[g]chromene-2,5,10-trione",256.03717,"C14H8O5","Cc1cc2c(oc1=O)C(=O)c3c(cccc3O)C2=O","InChI=1S/C14H8O5/c1-6-5-8-11(16)7-3-2-4-9(15)10(7)12(17)13(8)19-14(6)18/h2-5,15H,1H3","WOEURUGFOVZZQQ-UHFFFAOYSA-N"
552323,"1-Acetyl-8-hydroxynaphtho[2,3-c]furan-4,9-dione",256.03717,"C14H8O5","CC(=O)c1c2c(co1)C(=O)c3cccc(c3C2=O)O","InChI=1S/C14H8O5/c1-6(15)14-11-8(5-19-14)12(17)7-3-2-4-9(16)10(7)13(11)18/h2-5,16H,1H3","DKTNOXJBGNDAGS-UHFFFAOYSA-N"
575797,"Ethyl 6-chloro-5-methyl-7-oxo-1,7-dihydro[1,2,4]triazolo[1,5-a]pyrimidine-2-carboxylate",256.036316,"C9H9ClN4O3","CCOC(=O)c1[nH]n2c(=O)c(c(nc2n1)C)Cl","InChI=1S/C9H9ClN4O3/c1-3-17-8(16)6-12-9-11-4(2)5(10)7(15)14(9)13-6/h3H2,1-2H3,(H,11,12,13)","ANTDJZXDTYBTGB-UHFFFAOYSA-N"
578452,"2-Oxo-2H-chromen-4-yl 2-furoate",256.03717,"C14H8O5","c1ccc2c(c1)c(cc(=O)o2)OC(=O)c3ccco3","InChI=1S/C14H8O5/c15-13-8-12(9-4-1-2-5-10(9)18-13)19-14(16)11-6-3-7-17-11/h1-8H","NIEDYTWLFPDQGF-UHFFFAOYSA-N"
604136,"2-Methyl-4,9-dioxo-4,9-dihydronaphtho[2,3-b]furan-3-carboxylic acid",256.03717,"C14H8O5","Cc1c(c2c(o1)C(=O)c3ccccc3C2=O)C(=O)O","InChI=1S/C14H8O5/c1-6-9(14(17)18)10-11(15)7-4-2-3-5-8(7)12(16)13(10)19-6/h2-5H,1H3,(H,17,18)","DGUNRTJCCAANGI-UHFFFAOYSA-N"
719052,"7-Amino-6-chloro-1,3-dimethylpyrido[2,3-d]pyrimidine-2,4,5(1H,3H,8H)-trione",256.036316,"C9H9ClN4O3","Cn1c2c(c(=O)c(c([nH]2)N)Cl)c(=O)n(c1=O)C","InChI=1S/C9H9ClN4O3/c1-13-7-3(8(16)14(2)9(13)17)5(15)4(10)6(11)12-7/h1-2H3,(H3,11,12,15)","VYLDHAPTXVFSDI-UHFFFAOYSA-N"
787451,"2-(4-Chloro-2-methyl-7-oxo-6,7-dihydro-8H-pyrimido[5,4-b][1,4]oxazin-8-yl)acetamide",256.036316,"C9H9ClN4O3","Cc1nc2c(c(n1)Cl)OCC(=O)N2CC(=O)N","InChI=1S/C9H9ClN4O3/c1-4-12-8(10)7-9(13-4)14(2-5(11)15)6(16)3-17-7/h2-3H2,1H3,(H2,11,15)","FWCGEIYOWVKEAP-UHFFFAOYSA-N"
792359,"2-Oxo-2H-chromen-7-yl 2-furoate",256.03717,"C14H8O5","c1cc(oc1)C(=O)Oc2ccc3ccc(=O)oc3c2","InChI=1S/C14H8O5/c15-13-6-4-9-3-5-10(8-12(9)19-13)18-14(16)11-2-1-7-17-11/h1-8H","MCGYPIOCZXKALM-UHFFFAOYSA-N"
895270,"2-Hydroxy-7-phenyl-4H,5H-pyrano[4,3-b]pyran-4,5-dione",256.03717,"C14H8O5","c1ccc(cc1)c2cc3c(c(=O)cc(o3)O)c(=O)o2","InChI=1S/C14H8O5/c15-9-6-12(16)18-11-7-10(19-14(17)13(9)11)8-4-2-1-3-5-8/h1-7,16H","VPYVSGZAYRWMHX-UHFFFAOYSA-N"
1826874,"5-{[(Chloroacetyl)amino]methyl}-2-methoxybenzoate",256.038208,"C11H11ClNO4","COc1ccc(cc1C(=O)[O-])CNC(=O)CCl","InChI=1S/C11H12ClNO4/c1-17-9-3-2-7(4-8(9)11(15)16)6-13-10(14)5-12/h2-4H,5-6H2,1H3,(H,13,14)(H,15,16)/p-1","AROKSSWQCSZXKK-UHFFFAOYSA-M"
2023313,"{[4-Fluoro-3-(trifluoromethyl)phenyl]hydrazono}malononitrile",256.037201,"C10H4F4N4","c1cc(c(cc1NN=C(C#N)C#N)C(F)(F)F)F","InChI=1S/C10H4F4N4/c11-9-2-1-6(3-8(9)10(12,13)14)17-18-7(4-15)5-16/h1-3,17H","LJFWHULDXKTFQM-UHFFFAOYSA-N"
2023342,"{[4-Fluoro-2-(trifluoromethyl)phenyl]hydrazono}malononitrile",256.037201,"C10H4F4N4","c1cc(c(cc1F)C(F)(F)F)NN=C(C#N)C#N","InChI=1S/C10H4F4N4/c11-6-1-2-9(8(3-6)10(12,13)14)18-17-7(4-15)5-16/h1-3,18H","NHUPWWXYKRFHIG-UHFFFAOYSA-N"
2284179,"(1,3-Dimethyl-2,6-dioxo-1,2,3,6-tetrahydro-7H-purin-7-yl)acetyl chloride",256.036316,"C9H9ClN4O3","Cn1c2c(c(=O)n(c1=O)C)n(cn2)CC(=O)Cl","InChI=1S/C9H9ClN4O3/c1-12-7-6(8(16)13(2)9(12)17)14(4-11-7)3-5(10)15/h4H,3H2,1-2H3","HBTFYZONVQJJNR-UHFFFAOYSA-N"
2892350,"5-[(5-Chloro-2-hydroxyphenyl)amino]-5-oxopentanoate",256.038208,"C11H11ClNO4","c1cc(c(cc1Cl)NC(=O)CCCC(=O)[O-])O","InChI=1S/C11H12ClNO4/c12-7-4-5-9(14)8(6-7)13-10(15)2-1-3-11(16)17/h4-6,14H,1-3H2,(H,13,15)(H,16,17)/p-1","BIKRHYLYFKBXFD-UHFFFAOYSA-M"
2920098,"2-[Amino(oxo)acetyl]-N-(3-chlorophenyl)hydrazinecarboxamide",256.036316,"C9H9ClN4O3","c1cc(cc(c1)Cl)NC(=O)NNC(=O)C(=O)N","InChI=1S/C9H9ClN4O3/c10-5-2-1-3-6(4-5)12-9(17)14-13-8(16)7(11)15/h1-4H,(H2,11,15)(H,13,16)(H2,12,14,17)","IRCIMCOKVRHWDP-UHFFFAOYSA-N"
3173198,"7-Chloro-N-isopropyl-4-nitro-2,1,3-benzoxadiazol-5-amine",256.036316,"C9H9ClN4O3","CC(C)Nc1cc(c2c(c1[N+](=O)[O-])non2)Cl","InChI=1S/C9H9ClN4O3/c1-4(2)11-6-3-5(10)7-8(13-17-12-7)9(6)14(15)16/h3-4,11H,1-2H3","HKPCEQSSBDEKPB-UHFFFAOYSA-N"
3314095,"3-(5-Chloro-1,3-dioxo-1,3,3a,4,7,7a-hexahydro-2H-isoindol-2-yl)propanoate",256.038208,"C11H11ClNO4","C1C=C(CC2C1C(=O)N(C2=O)CCC(=O)[O-])Cl","InChI=1S/C11H12ClNO4/c12-6-1-2-7-8(5-6)11(17)13(10(7)16)4-3-9(14)15/h1,7-8H,2-5H2,(H,14,15)/p-1","MZEUGDZGVVPJBH-UHFFFAOYSA-M"
3325573,"Thiosulfamic acid, N,N-dimethyl-, S-[(diethylamino)thioxomethyl] ester",256.037384,"C7H16N2O2S3","CCN(CC)C(=S)SS(=O)(=O)N(C)C","InChI=1S/C7H16N2O2S3/c1-5-9(6-2)7(12)13-14(10,11)8(3)4/h5-6H2,1-4H3","LIJTYLIKIAGAMK-UHFFFAOYSA-N"
3465487,"2-[(5-Methyl-1,3,4-oxadiazol-2-yl)sulfanyl]-N-(5-oxo-1,5-dihydro-4H-1,2,4-triazol-4-yl)acetamide",256.037872,"C7H8N6O3S","Cc1nnc(o1)SCC(=O)Nn2cn[nH]c2=O","InChI=1S/C7H8N6O3S/c1-4-9-11-7(16-4)17-2-5(14)12-13-3-8-10-6(13)15/h3H,2H2,1H3,(H,10,15)(H,12,14)","LGUVRSTWSVYLDV-UHFFFAOYSA-N"
3494886,"2-{[(4-Chlorophenoxy)acetyl]amino}propanoate",256.038208,"C11H11ClNO4","CC(C(=O)[O-])NC(=O)COc1ccc(cc1)Cl","InChI=1S/C11H12ClNO4/c1-7(11(15)16)13-10(14)6-17-9-4-2-8(12)3-5-9/h2-5,7H,6H2,1H3,(H,13,14)(H,15,16)/p-1","ZESKQMQDEUTJJN-UHFFFAOYSA-M"
3776265,"4,4'-Oxydibenzoate",256.038269,"C14H8O5","c1cc(ccc1C(=O)[O-])Oc2ccc(cc2)C(=O)[O-]","InChI=1S/C14H10O5/c15-13(16)9-1-5-11(6-2-9)19-12-7-3-10(4-8-12)14(17)18/h1-8H,(H,15,16)(H,17,18)/p-2","WVDRSXGPQWNUBN-UHFFFAOYSA-L"
4369914,"2,2':5',2''-Terfuran-5,5''-dicarbaldehyde",256.03717,"C14H8O5","c1cc(oc1C=O)c2ccc(o2)c3ccc(o3)C=O","InChI=1S/C14H8O5/c15-7-9-1-3-11(17-9)13-5-6-14(19-13)12-4-2-10(8-16)18-12/h1-8H","OXLKPJQVXJLUFL-UHFFFAOYSA-N"
4513690,"Ethyl (7-chloro-2-oxo-2,3-dihydro-1H-imidazo[4,5-b]pyridin-5-yl)carbamate",256.036316,"C9H9ClN4O3","CCOC(=O)Nc1cc(c2c(n1)[nH]c(=O)[nH]2)Cl","InChI=1S/C9H9ClN4O3/c1-2-17-9(16)12-5-3-4(10)6-7(11-5)14-8(15)13-6/h3H,2H2,1H3,(H3,11,12,13,14,15,16)","YCQUGGFNTSZSPT-UHFFFAOYSA-N"
5361661,"{[(4-Chloro-2-methylphenoxy)acetyl]amino}acetate",256.038208,"C11H11ClNO4","Clc1cc(c(OCC(=O)NCC([O-])=O)cc1)C","InChI=1S/C11H12ClNO4/c1-7-4-8(12)2-3-9(7)17-6-10(14)13-5-11(15)16/h2-4H,5-6H2,1H3,(H,13,14)(H,15,16)/p-1","YQULFTNMDLMCOB-UHFFFAOYSA-M"
5647279,"{2-[(3-Chloro-4-methylphenyl)amino]-2-oxoethoxy}acetate",256.038208,"C11H11ClNO4","Clc1cc(NC(=O)COCC([O-])=O)ccc1C","InChI=1S/C11H12ClNO4/c1-7-2-3-8(4-9(7)12)13-10(14)5-17-6-11(15)16/h2-4H,5-6H2,1H3,(H,13,14)(H,15,16)/p-1","VHPRNSCANFPACW-UHFFFAOYSA-M"
5752621,"[(5-Phenyl-2-furyl)methylene]malonate",256.038269,"C14H8O5","O=C([O-])\C(=C\c1oc(cc1)c2ccccc2)C([O-])=O","InChI=1S/C14H10O5/c15-13(16)11(14(17)18)8-10-6-7-12(19-10)9-4-2-1-3-5-9/h1-8H,(H,15,16)(H,17,18)/p-2","JRVAWYYQSZUFOJ-UHFFFAOYSA-L"
5767509,"(2S,3S)-2-[(2-Chlorobenzoyl)amino]-3-hydroxybutanoate",256.038208,"C11H11ClNO4","O=C(c1ccccc1Cl)N[C@H](C([O-])=O)[C@@H](O)C","InChI=1S/C11H12ClNO4/c1-6(14)9(11(16)17)13-10(15)7-4-2-3-5-8(7)12/h2-6,9,14H,1H3,(H,13,15)(H,16,17)/p-1/t6-,9-/m0/s1","RCUHLDWTVRKYER-RCOVLWMOSA-M"
5767510,"(2S,3R)-2-[(2-Chlorobenzoyl)amino]-3-hydroxybutanoate",256.038208,"C11H11ClNO4","O=C(c1ccccc1Cl)N[C@H](C([O-])=O)[C@H](O)C","InChI=1S/C11H12ClNO4/c1-6(14)9(11(16)17)13-10(15)7-4-2-3-5-8(7)12/h2-6,9,14H,1H3,(H,13,15)(H,16,17)/p-1/t6-,9+/m1/s1","RCUHLDWTVRKYER-MUWHJKNJSA-M"
5767511,"(2R,3S)-2-[(2-Chlorobenzoyl)amino]-3-hydroxybutanoate",256.038208,"C11H11ClNO4","O=C(c1ccccc1Cl)N[C@@H](C([O-])=O)[C@@H](O)C","InChI=1S/C11H12ClNO4/c1-6(14)9(11(16)17)13-10(15)7-4-2-3-5-8(7)12/h2-6,9,14H,1H3,(H,13,15)(H,16,17)/p-1/t6-,9+/m0/s1","RCUHLDWTVRKYER-IMTBSYHQSA-M"
5767512,"(2R,3R)-2-[(2-Chlorobenzoyl)amino]-3-hydroxybutanoate",256.038208,"C11H11ClNO4","O=C(c1ccccc1Cl)N[C@@H](C([O-])=O)[C@H](O)C","InChI=1S/C11H12ClNO4/c1-6(14)9(11(16)17)13-10(15)7-4-2-3-5-8(7)12/h2-6,9,14H,1H3,(H,13,15)(H,16,17)/p-1/t6-,9-/m1/s1","RCUHLDWTVRKYER-HZGVNTEJSA-M"
5779829,"3-[(3aR,7aS)-5-Chloro-1,3-dioxo-1,3,3a,4,7,7a-hexahydro-2H-isoindol-2-yl]propanoate",256.038208,"C11H11ClNO4","[O-]C(=O)CCN1C(=O)[C@H]2C\C=C(\Cl)C[C@H]2C1=O","InChI=1S/C11H12ClNO4/c12-6-1-2-7-8(5-6)11(17)13(10(7)16)4-3-9(14)15/h1,7-8H,2-5H2,(H,14,15)/p-1/t7-,8+/m0/s1","MZEUGDZGVVPJBH-JGVFFNPUSA-M"
5779830,"3-[(3aS,7aS)-5-Chloro-1,3-dioxo-1,3,3a,4,7,7a-hexahydro-2H-isoindol-2-yl]propanoate",256.038208,"C11H11ClNO4","[O-]C(=O)CCN1C(=O)[C@H]2C\C=C(\Cl)C[C@@H]2C1=O","InChI=1S/C11H12ClNO4/c12-6-1-2-7-8(5-6)11(17)13(10(7)16)4-3-9(14)15/h1,7-8H,2-5H2,(H,14,15)/p-1/t7-,8-/m0/s1","MZEUGDZGVVPJBH-YUMQZZPRSA-M"
5779832,"3-[(3aR,7aR)-5-Chloro-1,3-dioxo-1,3,3a,4,7,7a-hexahydro-2H-isoindol-2-yl]propanoate",256.038208,"C11H11ClNO4","[O-]C(=O)CCN1C(=O)[C@@H]2C\C=C(\Cl)C[C@H]2C1=O","InChI=1S/C11H12ClNO4/c12-6-1-2-7-8(5-6)11(17)13(10(7)16)4-3-9(14)15/h1,7-8H,2-5H2,(H,14,15)/p-1/t7-,8-/m1/s1","MZEUGDZGVVPJBH-HTQZYQBOSA-M"
5779833,"3-[(3aS,7aR)-5-Chloro-1,3-dioxo-1,3,3a,4,7,7a-hexahydro-2H-isoindol-2-yl]propanoate",256.038208,"C11H11ClNO4","[O-]C(=O)CCN1C(=O)[C@@H]2C\C=C(\Cl)C[C@@H]2C1=O","InChI=1S/C11H12ClNO4/c12-6-1-2-7-8(5-6)11(17)13(10(7)16)4-3-9(14)15/h1,7-8H,2-5H2,(H,14,15)/p-1/t7-,8+/m1/s1","MZEUGDZGVVPJBH-SFYZADRCSA-M"
5907047,"4-[(3-Chloro-4-methoxyphenyl)amino]-4-oxobutanoate",256.038208,"C11H11ClNO4","Clc1cc(ccc1OC)NC(=O)CCC([O-])=O","InChI=1S/C11H12ClNO4/c1-17-9-3-2-7(6-8(9)12)13-10(14)4-5-11(15)16/h2-3,6H,4-5H2,1H3,(H,13,14)(H,15,16)/p-1","SGPXGNCQWSAIEJ-UHFFFAOYSA-M"
5964204,"4-[(5-Chloro-2-methoxyphenyl)amino]-4-oxobutanoate",256.038208,"C11H11ClNO4","Clc1cc(c(OC)cc1)NC(=O)CCC([O-])=O","InChI=1S/C11H12ClNO4/c1-17-9-3-2-7(12)6-8(9)13-10(14)4-5-11(15)16/h2-3,6H,4-5H2,1H3,(H,13,14)(H,15,16)/p-1","NREBQBZRWTXQRG-UHFFFAOYSA-M"
6019833,"(2Z)-2-[1-(4-Chloro-3-nitrophenyl)ethylidene]hydrazinecarboxamide",256.036316,"C9H9ClN4O3","O=[N+]([O-])c1cc(ccc1Cl)/C(=N\NC(=O)N)C","InChI=1S/C9H9ClN4O3/c1-5(12-13-9(11)15)6-2-3-7(10)8(4-6)14(16)17/h2-4H,1H3,(H3,11,13,15)/b12-5-","GFEJVMZTWBMTJA-XGICHPGQSA-N"
6041600,"3-(4-Carboxylatophenoxy)benzoate",256.038269,"C14H8O5","[O-]C(=O)c2ccc(Oc1cc(ccc1)C([O-])=O)cc2","InChI=1S/C14H10O5/c15-13(16)9-4-6-11(7-5-9)19-12-3-1-2-10(8-12)14(17)18/h1-8H,(H,15,16)(H,17,18)/p-2","CULWHZJWAKFHMK-UHFFFAOYSA-L"
7445889,"(2S)-2-{[(2-Chlorophenoxy)acetyl]amino}propanoate",256.038208,"C11H11ClNO4","Clc1ccccc1OCC(=O)N[C@H](C([O-])=O)C","InChI=1S/C11H12ClNO4/c1-7(11(15)16)13-10(14)6-17-9-5-3-2-4-8(9)12/h2-5,7H,6H2,1H3,(H,13,14)(H,15,16)/p-1/t7-/m0/s1","YCRNPEUJOLJBBQ-ZETCQYMHSA-M"
7445893,"(2R)-2-{[(2-Chlorophenoxy)acetyl]amino}propanoate",256.038208,"C11H11ClNO4","Clc1ccccc1OCC(=O)N[C@@H](C([O-])=O)C","InChI=1S/C11H12ClNO4/c1-7(11(15)16)13-10(14)6-17-9-5-3-2-4-8(9)12/h2-5,7H,6H2,1H3,(H,13,14)(H,15,16)/p-1/t7-/m1/s1","YCRNPEUJOLJBBQ-SSDOTTSWSA-M"
7446110,"{[(4-Chloro-3-methylphenoxy)acetyl]amino}acetate",256.038208,"C11H11ClNO4","Clc1ccc(OCC(=O)NCC([O-])=O)cc1C","InChI=1S/C11H12ClNO4/c1-7-4-8(2-3-9(7)12)17-6-10(14)13-5-11(15)16/h2-4H,5-6H2,1H3,(H,13,14)(H,15,16)/p-1","APPAIPCPMHDHGT-UHFFFAOYSA-M"
7459905,"3-{[(2-Chlorophenoxy)acetyl]amino}propanoate",256.038208,"C11H11ClNO4","Clc1ccccc1OCC(=O)NCCC([O-])=O","InChI=1S/C11H12ClNO4/c12-8-3-1-2-4-9(8)17-7-10(14)13-6-5-11(15)16/h1-4H,5-7H2,(H,13,14)(H,15,16)/p-1","UTRAFGDYSCASPP-UHFFFAOYSA-M"
7459917,"3-{[(4-Chlorophenoxy)acetyl]amino}propanoate",256.038208,"C11H11ClNO4","Clc1ccc(OCC(=O)NCCC([O-])=O)cc1","InChI=1S/C11H12ClNO4/c12-8-1-3-9(4-2-8)17-7-10(14)13-6-5-11(15)16/h1-4H,5-7H2,(H,13,14)(H,15,16)/p-1","ISTAGULVXCWPMD-UHFFFAOYSA-M"
7844392,"N''-[(E)-(6-Chloro-1,3-benzodioxol-5-yl)methylene]-N-hydroxycarbonohydrazonic diamide",256.036316,"C9H9ClN4O3","C1OC2=C(O1)C=C(C(=C2)/C=N/N/C(=N/O)/N)Cl","InChI=1S/C9H9ClN4O3/c10-6-2-8-7(16-4-17-8)1-5(6)3-12-13-9(11)14-15/h1-3,15H,4H2,(H3,11,13,14)/b12-3+","QFZGDSOSZRVIAZ-KGVSQERTSA-N"
7989516,"Sulfinyldi-3,1-propanediyl dinitrate",256.03653,"C6H12N2O7S","O=[N+]([O-])OCCCS(=O)CCCO[N+]([O-])=O","InChI=1S/C6H12N2O7S/c9-7(10)14-3-1-5-16(13)6-2-4-15-8(11)12/h1-6H2","YRCGVWYFYORKTA-UHFFFAOYSA-N"
8010632,"(2R,3R,4R)-2-(6-Chloro-9H-purin-9-yl)tetrahydro-3,4-furandiol",256.036316,"C9H9ClN4O3","Clc3ncnc1c3ncn1[C@@H]2OC[C@@H](O)[C@H]2O","InChI=1S/C9H9ClN4O3/c10-7-5-8(12-2-11-7)14(3-13-5)9-6(16)4(15)1-17-9/h2-4,6,9,15-16H,1H2/t4-,6-,9-/m1/s1","ZKBLFJRNMKWTPS-NVMQTXNBSA-N"
8013693,"5-{[Amino(hydroxy)phosphoryl]methyl}imidazo[1,2-a]pyrimidine-2-carboxylic acid",256.036133,"C8H9N4O4P","O=P(O)(N)Cc1ccnc2nc(cn12)C(=O)O","InChI=1S/C8H9N4O4P/c9-17(15,16)4-5-1-2-10-8-11-6(7(13)14)3-12(5)8/h1-3H,4H2,(H,13,14)(H3,9,15,16)","WEMBMCUKDLFXLL-UHFFFAOYSA-N"
8013694,"7-{[Amino(hydroxy)phosphoryl]methyl}imidazo[1,2-a]pyrimidine-2-carboxylic acid",256.036133,"C8H9N4O4P","O=C(O)c1nc2nc(ccn2c1)CP(=O)(O)N","InChI=1S/C8H9N4O4P/c9-17(15,16)4-5-1-2-12-3-6(7(13)14)11-8(12)10-5/h1-3H,4H2,(H,13,14)(H3,9,15,16)","NKKOWVSUDTXETC-UHFFFAOYSA-N"
8057217,"2-Acetyl-8-hydroxynaphtho[2,3-b]furan-4,9-dione",256.03717,"C14H8O5","CC(=O)C1=CC2=C(O1)C(=O)C3=C(C2=O)C=CC=C3O","InChI=1S/C14H8O5/c1-6(15)10-5-8-12(17)7-3-2-4-9(16)11(7)13(18)14(8)19-10/h2-5,16H,1H3","MYDAXHYLQBNETF-UHFFFAOYSA-N"
8168134,"1,3,6-Trihydroxy-9,10-anthraquinone",256.03717,"C14H8O5","O=C2c1cc(O)ccc1C(=O)c3c2cc(O)cc3O","InChI=1S/C14H8O5/c15-6-1-2-8-9(3-6)13(18)10-4-7(16)5-11(17)12(10)14(8)19/h1-5,15-17H","HTGYRSWFBJFKRE-UHFFFAOYSA-N"
8190832,"2-Acetyl-5-hydroxynaphtho[2,3-b]furan-4,9-dione",256.03717,"C14H8O5","CC(=O)C1=CC2=C(O1)C(=O)C3=C(C2=O)C(=CC=C3)O","InChI=1S/C14H8O5/c1-6(15)10-5-8-12(17)11-7(3-2-4-9(11)16)13(18)14(8)19-10/h2-5,16H,1H3","RABXYJBFTPBKKL-UHFFFAOYSA-N"
8213628,"[(2R,4R)-4-(6-Chloro-9H-purin-9-yl)-1,3-dioxolan-2-yl]methanol",256.036316,"C9H9ClN4O3","Clc3ncnc1c3ncn1[C@@H]2O[C@@H](OC2)CO","InChI=1S/C9H9ClN4O3/c10-8-7-9(12-3-11-8)14(4-13-7)5-2-16-6(1-15)17-5/h3-6,15H,1-2H2/t5-,6-/m1/s1","IMTIRYGJNHZVIL-PHDIDXHHSA-N"
8259258,"(1R,4S)-7-(Trifluoromethyl)bicyclo[2.2.1]hept-2-en-7-yl methanesulfonate",256.038086,"C9H11F3O3S","FC(F)(F)C2(OS(=O)(=O)C)[C@@H]1\C=C/[C@H]2CC1","InChI=1S/C9H11F3O3S/c1-16(13,14)15-8(9(10,11)12)6-2-3-7(8)5-4-6/h2-3,6-7H,4-5H2,1H3/t6-,7+,8?","CJIVRZCNXHESPE-DHBOJHSNSA-N"
8282003,"2-(2-Phenylethylidene)-1,3-benzodithiole",256.038025,"C15H12S2","S\1c3ccccc3SC/1=C\Cc2ccccc2","InChI=1S/C15H12S2/c1-2-6-12(7-3-1)10-11-15-16-13-8-4-5-9-14(13)17-15/h1-9,11H,10H2","DASHAUURUHIHTK-UHFFFAOYSA-N"
8374487,"6-{[Amino(hydroxy)phosphoryl]methyl}imidazo[1,2-a]pyrimidine-2-carboxylic acid",256.036133,"C8H9N4O4P","O=C(O)c1nc2ncc(cn2c1)CP(=O)(O)N","InChI=1S/C8H9N4O4P/c9-17(15,16)4-5-1-10-8-11-6(7(13)14)3-12(8)2-5/h1-3H,4H2,(H,13,14)(H3,9,15,16)","JCFUTSLEPSJYEP-UHFFFAOYSA-N"
8439845,"Methyl 4,9-dioxo-4,9-dihydronaphtho[2,3-b]furan-5-carboxylate",256.03717,"C14H8O5","O=C2c3occc3C(=O)c1c(cccc12)C(=O)OC","InChI=1S/C14H8O5/c1-18-14(17)8-4-2-3-7-10(8)11(15)9-5-6-19-13(9)12(7)16/h2-6H,1H3","NJPGCHMTZUYSTB-UHFFFAOYSA-N"
8530528,"[(2S,4R)-4-(6-Chloro-9H-purin-9-yl)-1,3-dioxolan-2-yl]methanol",256.036316,"C9H9ClN4O3","Clc3ncnc1c3ncn1[C@@H]2O[C@H](OC2)CO","InChI=1S/C9H9ClN4O3/c10-8-7-9(12-3-11-8)14(4-13-7)5-2-16-6(1-15)17-5/h3-6,15H,1-2H2/t5-,6+/m1/s1","IMTIRYGJNHZVIL-RITPCOANSA-N"
8620585,"2-Amino-6-carboxy-8-methyl-4-oxo-1,4-dihydropyrido[2,3-d]pyrimidin-8-ium chloride",256.036316,"C9H9ClN4O3","[Cl-].O=C(O)c1c[n+](c2N\C(=N/C(=O)c2c1)N)C","InChI=1S/C9H8N4O3.ClH/c1-13-3-4(8(15)16)2-5-6(13)11-9(10)12-7(5)14;/h2-3H,1H3,(H3,10,12,14,15,16);1H","AGMUVNJXBKGAPP-UHFFFAOYSA-N"
8666658,"5-Methoxy-4,9-dioxo-4,9-dihydronaphtho[2,3-b]furan-8-carbaldehyde",256.03717,"C14H8O5","O=C2c3occc3C(=O)c1c(OC)ccc(C=O)c12","InChI=1S/C14H8O5/c1-18-9-3-2-7(6-15)10-11(9)12(16)8-4-5-19-14(8)13(10)17/h2-6H,1H3","ZEQKYZUXBDCNQQ-UHFFFAOYSA-N"
8762585,"{(1R,4S)-4-[(6-Chloro-5-nitro-4-pyrimidinyl)amino]-2-cyclobuten-1-yl}methanol",256.036316,"C9H9ClN4O3","[O-][N+](=O)c2c(Cl)ncnc2N[C@H]1/C=C\[C@H]1CO","InChI=1S/C9H9ClN4O3/c10-8-7(14(16)17)9(12-4-11-8)13-6-2-1-5(6)3-15/h1-2,4-6,15H,3H2,(H,11,12,13)/t5-,6-/m0/s1","VTYCSQQFGWICKC-WDSKDSINSA-N"
8810104,"2-(Butylselanyl)-1-phenylethanone",256.036652,"C12H16OSe","O=C(c1ccccc1)C[Se]CCCC","InChI=1S/C12H16OSe/c1-2-3-9-14-10-12(13)11-7-5-4-6-8-11/h4-8H,2-3,9-10H2,1H3","XCWZYJCEVMWLRO-UHFFFAOYSA-N"
8857774,"2-(sec-Butylselanyl)-1-phenylethanone",256.036652,"C12H16OSe","O=C(c1ccccc1)C[Se]C(C)CC","InChI=1S/C12H16OSe/c1-3-10(2)14-9-12(13)11-7-5-4-6-8-11/h4-8,10H,3,9H2,1-2H3","WBGFAKFFXNFAAQ-UHFFFAOYSA-N"
8952692,"1-(Phenylselanyl)-5-hexen-2-ol",256.036652,"C12H16OSe","[Se](c1ccccc1)CC(O)CC\C=C","InChI=1S/C12H16OSe/c1-2-3-7-11(13)10-14-12-8-5-4-6-9-12/h2,4-6,8-9,11,13H,1,3,7,10H2","LYKLQCLSUFUMCS-UHFFFAOYSA-N"
9000247,"Tricyclo[3.2.1.0~3,6~]oct-6-yl trifluoromethanesulfonate",256.038086,"C9H11F3O3S","FC(F)(F)S(=O)(=O)OC23C1CC3CC(C1)C2","InChI=1S/C9H11F3O3S/c10-9(11,12)16(13,14)15-8-4-5-1-6(8)3-7(8)2-5/h5-7H,1-4H2","FPMMPFPZFYMOCC-UHFFFAOYSA-N"
9000319,"N,N'-(Oxydi-2,1-ethanediyl)bis(2-chloroacetamide)",256.038147,"C8H14Cl2N2O3","O=C(NCCOCCNC(=O)CCl)CCl","InChI=1S/C8H14Cl2N2O3/c9-5-7(13)11-1-3-15-4-2-12-8(14)6-10/h1-6H2,(H,11,13)(H,12,14)","UATXMXRMJBBJNX-UHFFFAOYSA-N"
9033394,"3-Methyl-3'-phenyl-2,2'-bithiophene",256.038025,"C15H12S2","s1ccc(c1c2sccc2C)c3ccccc3","InChI=1S/C15H12S2/c1-11-7-9-16-14(11)15-13(8-10-17-15)12-5-3-2-4-6-12/h2-10H,1H3","QAPQUAJLLFXTDR-UHFFFAOYSA-N"
9087362,"Se-Phenyl hexaneselenoate",256.036652,"C12H16OSe","O=C([Se]c1ccccc1)CCCCC","InChI=1S/C12H16OSe/c1-2-3-5-10-12(13)14-11-8-6-4-7-9-11/h4,6-9H,2-3,5,10H2,1H3","QGFAMGCLLDWEQJ-UHFFFAOYSA-N"
9087363,"(1R,2R)-2-(Phenylselanyl)cyclohexanol",256.036652,"C12H16OSe","[Se](c1ccccc1)[C@@H]2CCCC[C@H]2O","InChI=1S/C12H16OSe/c13-11-8-4-5-9-12(11)14-10-6-2-1-3-7-10/h1-3,6-7,11-13H,4-5,8-9H2/t11-,12-/m1/s1","XNFLWQDTWVENJE-VXGBXAGGSA-N"
9120226,"2-[1-(Phenylselanyl)ethyl]tetrahydrofuran",256.036652,"C12H16OSe","CC(C1CCCO1)[Se]c2ccccc2","InChI=1S/C12H16OSe/c1-10(12-8-5-9-13-12)14-11-6-3-2-4-7-11/h2-4,6-7,10,12H,5,8-9H2,1H3","PEYIPXRLUVDUIX-UHFFFAOYSA-N"
9153261,"14-Hydroxy-15-oxatetracyclo[8.4.1.0~1,10~.0~3,8~]pentadeca-3,5,7,12-tetraene-2,9,11-trione",256.03717,"C14H8O5","O=C1c4c(C(=O)C32OC12C(O)/C=C\C3=O)cccc4","InChI=1S/C14H8O5/c15-9-5-6-10(16)14-12(18)8-4-2-1-3-7(8)11(17)13(9,14)19-14/h1-6,9,15H","CXIONERJFGNUCN-UHFFFAOYSA-N"
9174824,"3-[(Methylselanyl)methyl]-1-phenyl-3-buten-1-ol",256.036652,"C12H16OSe","C[Se]CC(=C)CC(c1ccccc1)O","InChI=1S/C12H16OSe/c1-10(9-14-2)8-12(13)11-6-4-3-5-7-11/h3-7,12-13H,1,8-9H2,2H3","YFEQOQWWGUYQSO-UHFFFAOYSA-N"
9240177,"2,6-Dimethyl-1,5-cyclohexadien-1-yl trifluoromethanesulfonate",256.038086,"C9H11F3O3S","CC1=C(C(=CCC1)C)OS(=O)(=O)C(F)(F)F","InChI=1S/C9H11F3O3S/c1-6-4-3-5-7(2)8(6)15-16(13,14)9(10,11)12/h4H,3,5H2,1-2H3","CIKZDYDLDQZGQW-UHFFFAOYSA-N"
9240204,"2,2'-(1,6-Heptadiyne-1,7-diyl)dithiophene",256.038025,"C15H12S2","c1cc(sc1)C#CCCCC#Cc2cccs2","InChI=1S/C15H12S2/c1(2-4-8-14-10-6-12-16-14)3-5-9-15-11-7-13-17-15/h6-7,10-13H,1-3H2","WVHSKUGPFHCVRL-UHFFFAOYSA-N"
9272297,"{[(3E)-4-Ethoxy-3-buten-2-yl]selanyl}benzene",256.036652,"C12H16OSe","CCOC=CC(C)[Se]c1ccccc1","InChI=1S/C12H16OSe/c1-3-13-10-9-11(2)14-12-7-5-4-6-8-12/h4-11H,3H2,1-2H3","DNQDZFXSMSTKTG-UHFFFAOYSA-N"
9371209,"2,3,8-Trihydroxyanthraquinone",256.03717,"C14H8O5","C1=CC2=C(C(=C1)O)C(=O)C3=CC(=C(C=C3C2=O)O)O","InChI=1S/C14H8O5/c15-9-3-1-2-6-12(9)14(19)8-5-11(17)10(16)4-7(8)13(6)18/h1-5,15-17H","ZEAAMWNTIXIDRE-UHFFFAOYSA-N"
9382644,"(E)-(3,3-Difluorodihydro-2(3H)-thiophenylidene)methyl benzoate",256.036957,"C12H10F2O2S","FC1(F)C(/SCC1)=C\OC(=O)c2ccccc2","InChI=1S/C12H10F2O2S/c13-12(14)6-7-17-10(12)8-16-11(15)9-4-2-1-3-5-9/h1-5,8H,6-7H2/b10-8+","ZMVLILCZTIYXRV-CSKARUKUSA-N"
9405645,"(2S,4S)-2,6-Diamino-6-oxo-4-(sulfooxy)hexanoic acid",256.03653,"C6H12N2O7S","O=S(=O)(O[C@@H](C[C@H](N)C(=O)O)CC(=O)N)O","InChI=1S/C6H12N2O7S/c7-4(6(10)11)1-3(2-5(8)9)15-16(12,13)14/h3-4H,1-2,7H2,(H2,8,9)(H,10,11)(H,12,13,14)/t3-,4-/m0/s1","LZYLCUSPKVMCTA-IMJSIDKUSA-N"
9440335,"1,3,5-Trihydroxyanthraquinone",256.03717,"C14H8O5","C1=CC2=C(C(=C1)O)C(=O)C3=C(C2=O)C(=CC(=C3)O)O","InChI=1S/C14H8O5/c15-6-4-8-12(10(17)5-6)13(18)7-2-1-3-9(16)11(7)14(8)19/h1-5,15-17H","NAOLWIGVYRIGTP-UHFFFAOYSA-N"
9486366,"2,2,2-Trifluoro-1-[(1S,6R)-6-(methylsulfonyl)-3-cyclohexen-1-yl]ethanone",256.038086,"C9H11F3O3S","O=S(=O)(C)[C@H]1[C@H](C(=O)C(F)(F)F)C/C=C\C1","InChI=1S/C9H11F3O3S/c1-16(14,15)7-5-3-2-4-6(7)8(13)9(10,11)12/h2-3,6-7H,4-5H2,1H3/t6-,7-/m1/s1","MLNNAVKQNASZOY-RNFRBKRXSA-N"
9509280,"(2S,5S)-2,6-Diamino-6-oxo-5-(sulfooxy)hexanoic acid",256.03653,"C6H12N2O7S","O=S(=O)(O[C@H](C(=O)N)CC[C@@H](C(=O)O)N)O","InChI=1S/C6H12N2O7S/c7-3(6(10)11)1-2-4(5(8)9)15-16(12,13)14/h3-4H,1-2,7H2,(H2,8,9)(H,10,11)(H,12,13,14)/t3-,4-/m0/s1","VXRQPDBNAYTENS-IMJSIDKUSA-N"
9520804,"(2S,3R)-2,6-Diamino-6-oxo-3-(sulfooxy)hexanoic acid",256.03653,"C6H12N2O7S","O=S(=O)(O[C@H](CCC(=O)N)[C@@H](C(=O)O)N)O","InChI=1S/C6H12N2O7S/c7-4(9)2-1-3(5(8)6(10)11)15-16(12,13)14/h3,5H,1-2,8H2,(H2,7,9)(H,10,11)(H,12,13,14)/t3-,5+/m1/s1","OWINGVNTDVSYEJ-WUJLRWPWSA-N"
9532198,"3,3-Dimethyl-1-(phenylselanyl)-2-butanone",256.036652,"C12H16OSe","O=C(C[Se]c1ccccc1)C(C)(C)C","InChI=1S/C12H16OSe/c1-12(2,3)11(13)9-14-10-7-5-4-6-8-10/h4-8H,9H2,1-3H3","NGCSNXLPGXYYKL-UHFFFAOYSA-N"
9566101,"2,3,6-Trihydroxy-9,10-anthraquinone",256.03717,"C14H8O5","O=C2c1c(cc(O)cc1)C(=O)c3c2cc(O)c(O)c3","InChI=1S/C14H8O5/c15-6-1-2-7-8(3-6)14(19)10-5-12(17)11(16)4-9(10)13(7)18/h1-5,15-17H","SANJQIDBEPVGPY-UHFFFAOYSA-N"
9611623,"(1S,2S)-2-(Phenylselanyl)cyclohexanol",256.036652,"C12H16OSe","[Se](c1ccccc1)[C@H]2CCCC[C@@H]2O","InChI=1S/C12H16OSe/c13-11-8-4-5-9-12(11)14-10-6-2-1-3-7-10/h1-3,6-7,11-13H,4-5,8-9H2/t11-,12-/m0/s1","XNFLWQDTWVENJE-RYUDHWBXSA-N"
9623079,"6-Hydroxy-2-oxo-2H-benzo[h]chromene-5-carboxylic acid",256.03717,"C14H8O5","O=C(O)c3c\1c(OC(=O)/C=C/1)c2ccccc2c3O","InChI=1S/C14H8O5/c15-10-6-5-9-11(14(17)18)12(16)7-3-1-2-4-8(7)13(9)19-10/h1-6,16H,(H,17,18)","OQCSEHBFDRABRJ-UHFFFAOYSA-N"
9623081,"(2S,5R)-2,6-Diamino-6-oxo-5-(sulfooxy)hexanoic acid",256.03653,"C6H12N2O7S","O=S(=O)(O[C@@H](C(=O)N)CC[C@@H](C(=O)O)N)O","InChI=1S/C6H12N2O7S/c7-3(6(10)11)1-2-4(5(8)9)15-16(12,13)14/h3-4H,1-2,7H2,(H2,8,9)(H,10,11)(H,12,13,14)/t3-,4+/m0/s1","VXRQPDBNAYTENS-IUYQGCFVSA-N"
9623082,"(2S,4R)-2,6-Diamino-6-oxo-4-(sulfooxy)hexanoic acid",256.03653,"C6H12N2O7S","O=S(=O)(O[C@H](C[C@H](N)C(=O)O)CC(=O)N)O","InChI=1S/C6H12N2O7S/c7-4(6(10)11)1-3(2-5(8)9)15-16(12,13)14/h3-4H,1-2,7H2,(H2,8,9)(H,10,11)(H,12,13,14)/t3-,4+/m1/s1","LZYLCUSPKVMCTA-DMTCNVIQSA-N"
9623083,"2-Vinyl-1-cyclohexen-1-yl trifluoromethanesulfonate",256.038086,"C9H11F3O3S","FC(F)(F)S(=O)(=O)O\C1=C(/C=C)CCCC1","InChI=1S/C9H11F3O3S/c1-2-7-5-3-4-6-8(7)15-16(13,14)9(10,11)12/h2H,1,3-6H2","JJYOSOQDRJSPBZ-UHFFFAOYSA-N"
9634377,"2-(4-Methylphenyl)-1,4-benzodithiine",256.038025,"C15H12S2","S\1c3c(S/C=C/1c2ccc(cc2)C)cccc3","InChI=1S/C15H12S2/c1-11-6-8-12(9-7-11)15-10-16-13-4-2-3-5-14(13)17-15/h2-10H,1H3","JXUGXJWMAYSAPV-UHFFFAOYSA-N"
9657076,"(2S,3S)-2,6-Diamino-6-oxo-3-(sulfooxy)hexanoic acid",256.03653,"C6H12N2O7S","O=S(=O)(O[C@@H](CCC(=O)N)[C@@H](C(=O)O)N)O","InChI=1S/C6H12N2O7S/c7-4(9)2-1-3(5(8)6(10)11)15-16(12,13)14/h3,5H,1-2,8H2,(H2,7,9)(H,10,11)(H,12,13,14)/t3-,5-/m0/s1","OWINGVNTDVSYEJ-UCORVYFPSA-N"
9951881,"[(2S,4S)-4-(6-Chloro-9H-purin-9-yl)-1,3-dioxolan-2-yl]methanol",256.036316,"C9H9ClN4O3","Clc3ncnc1c3ncn1[C@H]2O[C@H](OC2)CO","InChI=1S/C9H9ClN4O3/c10-8-7-9(12-3-11-8)14(4-13-7)5-2-16-6(1-15)17-5/h3-6,15H,1-2H2/t5-,6-/m0/s1","IMTIRYGJNHZVIL-WDSKDSINSA-N"
9954769,"O-(2,2-Dimethylpropyl) benzenecarboselenoate",256.036652,"C12H16OSe","[Se]=C(OCC(C)(C)C)c1ccccc1","InChI=1S/C12H16OSe/c1-12(2,3)9-13-11(14)10-7-5-4-6-8-10/h4-8H,9H2,1-3H3","HJBHCIZMQXGWRI-UHFFFAOYSA-N"
9995819,"2-(Phenylselanyl)hexanal",256.036652,"C12H16OSe","CCCCC(C=O)[Se]c1ccccc1","InChI=1S/C12H16OSe/c1-2-3-7-12(10-13)14-11-8-5-4-6-9-11/h4-6,8-10,12H,2-3,7H2,1H3","QZBFDGRBAOKHEJ-UHFFFAOYSA-N"
10006648,"3-(Phenylselanyl)hexanal",256.036652,"C12H16OSe","CCCC(CC=O)[Se]c1ccccc1","InChI=1S/C12H16OSe/c1-2-6-11(9-10-13)14-12-7-4-3-5-8-12/h3-5,7-8,10-11H,2,6,9H2,1H3","YUIJDUDLXHNCJY-UHFFFAOYSA-N"
10080538,"(2S)-2-[(3aS,7aR)-5-Chloro-1,3-dioxo-1,3,3a,4,7,7a-hexahydro-2H-isoindol-2-yl]propanoate",256.038208,"C11H11ClNO4","C[C@@H](C(=O)[O-])N1C(=O)[C@@H]2CC=C(C[C@@H]2C1=O)Cl","InChI=1S/C11H12ClNO4/c1-5(11(16)17)13-9(14)7-3-2-6(12)4-8(7)10(13)15/h2,5,7-8H,3-4H2,1H3,(H,16,17)/p-1/t5-,7+,8-/m0/s1","WKFBUPBTMUZFDS-ARDNSNSESA-M"
10080540,"(2R)-2-[(3aS,7aR)-5-Chloro-1,3-dioxo-1,3,3a,4,7,7a-hexahydro-2H-isoindol-2-yl]propanoate",256.038208,"C11H11ClNO4","C[C@H](C(=O)[O-])N1C(=O)[C@@H]2CC=C(C[C@@H]2C1=O)Cl","InChI=1S/C11H12ClNO4/c1-5(11(16)17)13-9(14)7-3-2-6(12)4-8(7)10(13)15/h2,5,7-8H,3-4H2,1H3,(H,16,17)/p-1/t5-,7-,8+/m1/s1","WKFBUPBTMUZFDS-NJUXHZRNSA-M"
10080541,"(2S)-2-[(3aS,7aS)-5-Chloro-1,3-dioxo-1,3,3a,4,7,7a-hexahydro-2H-isoindol-2-yl]propanoate",256.038208,"C11H11ClNO4","C[C@@H](C(=O)[O-])N1C(=O)[C@H]2CC=C(C[C@@H]2C1=O)Cl","InChI=1S/C11H12ClNO4/c1-5(11(16)17)13-9(14)7-3-2-6(12)4-8(7)10(13)15/h2,5,7-8H,3-4H2,1H3,(H,16,17)/p-1/t5-,7-,8-/m0/s1","WKFBUPBTMUZFDS-GEVIPFJHSA-M"
10080542,"(2R)-2-[(3aS,7aS)-5-Chloro-1,3-dioxo-1,3,3a,4,7,7a-hexahydro-2H-isoindol-2-yl]propanoate",256.038208,"C11H11ClNO4","C[C@H](C(=O)[O-])N1C(=O)[C@H]2CC=C(C[C@@H]2C1=O)Cl","InChI=1S/C11H12ClNO4/c1-5(11(16)17)13-9(14)7-3-2-6(12)4-8(7)10(13)15/h2,5,7-8H,3-4H2,1H3,(H,16,17)/p-1/t5-,7+,8+/m1/s1","WKFBUPBTMUZFDS-DTLFHODZSA-M"
10534966,"4-Oxo-6-phenyl-4H-furo[3,2-c]pyran-3-carboxylic acid",256.03717,"C14H8O5","OC(=O)c1coc2/C=C(\OC(=O)c12)c3ccccc3","InChI=1S/C14H8O5/c15-13(16)9-7-18-11-6-10(19-14(17)12(9)11)8-4-2-1-3-5-8/h1-7H,(H,15,16)","FTHDPMSTZCFVIJ-UHFFFAOYSA-N"
10551135,"(2E)-3-(4-Oxo-4H-furo[2,3-b]chromen-2-yl)acrylic acid",256.03717,"C14H8O5","OC(=O)/C=C/c1cc2C(=O)c3ccccc3Oc2o1","InChI=1S/C14H8O5/c15-12(16)6-5-8-7-10-13(17)9-3-1-2-4-11(9)19-14(10)18-8/h1-7H,(H,15,16)/b6-5+","RKWGPFAYMQZZFH-AATRIKPKSA-N"
10564604,"Ethyl (6-chloro-3-oxo[1,2,4]triazolo[4,3-b]pyridazin-2(3H)-yl)acetate",256.036316,"C9H9ClN4O3","CCOC(=O)CN2/N=C1/C=C\C(\Cl)=N/N1C2=O","InChI=1S/C9H9ClN4O3/c1-2-17-8(15)5-13-9(16)14-7(12-13)4-3-6(10)11-14/h3-4H,2,5H2,1H3","XFDQKQTYWOXISW-UHFFFAOYSA-N"
10581202,"2,2':3',2''-Terfuran-4',5'-dicarbaldehyde",256.03717,"C14H8O5","O=Cc1c(c(oc1C=O)c2ccco2)c3ccco3","InChI=1S/C14H8O5/c15-7-9-12(8-16)19-14(11-4-2-6-18-11)13(9)10-3-1-5-17-10/h1-8H","ATMHKVYJJKNSTG-UHFFFAOYSA-N"
11228198,"Bicyclo[3.2.1]oct-2-en-2-yl trifluoromethanesulfonate",256.038086,"C9H11F3O3S","C1CC2CC1CC=C2OS(=O)(=O)C(F)(F)F","InChI=1S/C9H11F3O3S/c10-9(11,12)16(13,14)15-8-4-2-6-1-3-7(8)5-6/h4,6-7H,1-3,5H2","JGSCTFLEAJQQSV-UHFFFAOYSA-N"
12285531,"3-(Methylsulfanyl)-2-phenyl-1-benzothiophene",256.038025,"C15H12S2","CSc1c2ccccc2sc1c3ccccc3","InChI=1S/C15H12S2/c1-16-15-12-9-5-6-10-13(12)17-14(15)11-7-3-2-4-8-11/h2-10H,1H3","FJKZGCXMJSWJEO-UHFFFAOYSA-N"
14640843,"1-Hydroxy-9-oxo-9H-xanthene-3-carboxylic acid",256.03717,"C14H8O5","c1ccc2c(c1)c(=O)c3c(cc(cc3o2)C(=O)O)O","InChI=1S/C14H8O5/c15-9-5-7(14(17)18)6-11-12(9)13(16)8-3-1-2-4-10(8)19-11/h1-6,15H,(H,17,18)","KIHJVZSJJVZODN-UHFFFAOYSA-N"
17268338,"2-[(E)-2-(4-Methyl-2-thienyl)vinyl]-1-benzothiophene",256.038025,"C15H12S2","Cc1cc(sc1)/C=C/c2cc3ccccc3s2","InChI=1S/C15H12S2/c1-11-8-13(16-10-11)6-7-14-9-12-4-2-3-5-15(12)17-14/h2-10H,1H3/b7-6+","DFXCKZNGWRWSHC-VOTSOKGWSA-N"
17278944,"5-(Allylselanyl)-2-methoxy-1,3-dimethylbenzene",256.036652,"C12H16OSe","Cc1cc(cc(c1OC)C)[Se]CC=C","InChI=1S/C12H16OSe/c1-5-6-14-11-7-9(2)12(13-4)10(3)8-11/h5,7-8H,1,6H2,2-4H3","QZABURJBIMXAHZ-UHFFFAOYSA-N"
17278945,"1-(Allylselanyl)-4-methoxy-2,3-dimethylbenzene",256.036652,"C12H16OSe","Cc1c(c(ccc1OC)[Se]CC=C)C","InChI=1S/C12H16OSe/c1-5-8-14-12-7-6-11(13-4)9(2)10(12)3/h5-7H,1,8H2,2-4H3","DQKXCTDYXGZFGC-UHFFFAOYSA-N"
17278946,"1-(Allylselanyl)-4-methoxy-2,5-dimethylbenzene",256.036652,"C12H16OSe","Cc1cc(c(cc1[Se]CC=C)C)OC","InChI=1S/C12H16OSe/c1-5-6-14-12-8-9(2)11(13-4)7-10(12)3/h5,7-8H,1,6H2,2-4H3","MUCNJWJWMAUHAG-UHFFFAOYSA-N"
17279033,"5-Methoxy-2,4,6-trimethyl-2,3-dihydro-1-benzoselenophene",256.036652,"C12H16OSe","Cc1cc2c(c(c1OC)C)CC([Se]2)C","InChI=1S/C12H16OSe/c1-7-5-11-10(6-8(2)14-11)9(3)12(7)13-4/h5,8H,6H2,1-4H3","QAIQBZAVJUOESD-UHFFFAOYSA-N"
17279034,"5-Methoxy-2,6,7-trimethyl-2,3-dihydro-1-benzoselenophene",256.036652,"C12H16OSe","Cc1c(c2c(cc1OC)CC([Se]2)C)C","InChI=1S/C12H16OSe/c1-7-5-10-6-11(13-4)8(2)9(3)12(10)14-7/h6-7H,5H2,1-4H3","HCBZJGRNJHOQQT-UHFFFAOYSA-N"
17279035,"5-Methoxy-2,4,7-trimethyl-2,3-dihydro-1-benzoselenophene",256.036652,"C12H16OSe","Cc1cc(c(c2c1[Se]C(C2)C)C)OC","InChI=1S/C12H16OSe/c1-7-5-11(13-4)9(3)10-6-8(2)14-12(7)10/h5,8H,6H2,1-4H3","TVHKHJRFSMSOPT-UHFFFAOYSA-N"
17279117,"2,4,6,7-Tetramethyl-2,3-dihydro-1-benzoselenophen-5-ol",256.036652,"C12H16OSe","Cc1c(c2c(c(c1O)C)CC([Se]2)C)C","InChI=1S/C12H16OSe/c1-6-5-10-9(4)11(13)7(2)8(3)12(10)14-6/h6,13H,5H2,1-4H3","GBFWIOMLHADGIQ-UHFFFAOYSA-N"
17576109,"(8-Formyldibenzo[b,d]thiophen-2-yl)boronic acid",256.03656,"C13H9BO3S","B(c1ccc2c(c1)c3cc(ccc3s2)C=O)(O)O","InChI=1S/C13H9BO3S/c15-7-8-1-3-12-10(5-8)11-6-9(14(16)17)2-4-13(11)18-12/h1-7,16-17H","SYRWZCILCLFCPM-UHFFFAOYSA-N"
21242189,"anthrapurpurin",256.03717,"C14H8O5","c1cc2c(cc1O)C(=O)c3c(ccc(c3O)O)C2=O","InChI=1S/C14H8O5/c15-6-1-2-7-9(5-6)13(18)11-8(12(7)17)3-4-10(16)14(11)19/h1-5,15-16,19H","WNHUAWNEKMITEW-UHFFFAOYSA-N"
21266605,"Ethyl 3-[(4-chloro-1H-pyrazol-1-yl)methyl]-1,2,4-oxadiazole-5-carboxylate",256.036316,"C9H9ClN4O3","CCOC(=O)c1nc(no1)Cn2cc(cn2)Cl","InChI=1S/C9H9ClN4O3/c1-2-16-9(15)8-12-7(13-17-8)5-14-4-6(10)3-11-14/h3-4H,2,5H2,1H3","ZQZURJOHYUGTNA-UHFFFAOYSA-N"
21267588,"3-[1-(4-Chloro-1H-pyrazol-1-yl)-2-propanyl]-1,2,4-oxadiazole-5-carboxylic acid",256.036316,"C9H9ClN4O3","CC(Cn1cc(cn1)Cl)c2nc(on2)C(=O)O","InChI=1S/C9H9ClN4O3/c1-5(3-14-4-6(10)2-11-14)7-12-8(9(15)16)17-13-7/h2,4-5H,3H2,1H3,(H,15,16)","HGSJHUVACLOXBA-UHFFFAOYSA-N"
21353298,"Ethyl 6-chloro-7-hydroxy-5-methyl[1,2,4]triazolo[1,5-a]pyrimidine-2-carboxylate",256.036316,"C9H9ClN4O3","CCOC(=O)c1nc2nc(c(c(n2n1)O)Cl)C","InChI=1S/C9H9ClN4O3/c1-3-17-8(16)6-12-9-11-4(2)5(10)7(15)14(9)13-6/h15H,3H2,1-2H3","SNIHXKPVRBHTQC-UHFFFAOYSA-N"
21423743,"3-Methyl-1-(5-nitro-1-oxido-2-pyridinyl)-1H-imidazol-3-ium chloride",256.036316,"C9H9ClN4O3","C[n+]1ccn(c1)c2ccc(c[n+]2[O-])[N+](=O)[O-].[Cl-]","InChI=1S/C9H9N4O3.ClH/c1-10-4-5-11(7-10)9-3-2-8(13(15)16)6-12(9)14;/h2-7H,1H3;1H/q+1;/p-1","GYYZYPAMZRNLCJ-UHFFFAOYSA-M"
21513636,"5-Phenylselanyl-hex-5-en-1-ol",256.036652,"C12H16OSe","C=C(CCCCO)[Se]c1ccccc1","InChI=1S/C12H16OSe/c1-11(7-5-6-10-13)14-12-8-3-2-4-9-12/h2-4,8-9,13H,1,5-7,10H2","QHBSCHOSDDHRLL-UHFFFAOYSA-N"
22920631,"(2E)-2-[1-(4-Chloro-3-nitrophenyl)ethylidene]hydrazinecarboxamide",256.036316,"C9H9ClN4O3","C/C(=N\NC(=O)N)/c1ccc(c(c1)[N+](=O)[O-])Cl","InChI=1S/C9H9ClN4O3/c1-5(12-13-9(11)15)6-2-3-7(10)8(4-6)14(16)17/h2-4H,1H3,(H3,11,13,15)/b12-5+","GFEJVMZTWBMTJA-LFYBBSHMSA-N"
23203829,"[(2R,4R)-4-(6-chloro-7H-purin-7-yl)-1,3-dioxolan-2-yl]methanol",256.036316,"C9H9ClN4O3","c1nc2c(c(n1)Cl)n(cn2)[C@H]3CO[C@H](O3)CO","InChI=1S/C9H9ClN4O3/c10-8-7-9(12-3-11-8)13-4-14(7)5-2-16-6(1-15)17-5/h3-6,15H,1-2H2/t5-,6-/m1/s1","WPLVRNSMXJDUJE-PHDIDXHHSA-N"
23203903,"[(2R,4S)-4-(6-chloro-7H-purin-7-yl)-1,3-dioxolan-2-yl]methanol",256.036316,"C9H9ClN4O3","c1nc2c(c(n1)Cl)n(cn2)[C@@H]3CO[C@H](O3)CO","InChI=1S/C9H9ClN4O3/c10-8-7-9(12-3-11-8)13-4-14(7)5-2-16-6(1-15)17-5/h3-6,15H,1-2H2/t5-,6+/m0/s1","WPLVRNSMXJDUJE-NTSWFWBYSA-N"
24219527,"7-(Chloroacetyl)-1,3-dimethyl-3,7-dihydro-1H-purine-2,6-dione",256.036316,"C9H9ClN4O3","Cn1c2c(c(=O)n(c1=O)C)n(cn2)C(=O)CCl","InChI=1S/C9H9ClN4O3/c1-12-7-6(8(16)13(2)9(12)17)14(4-11-7)5(15)3-10/h4H,3H2,1-2H3","RXKFHQIIZAHEKY-UHFFFAOYSA-N"
24607572,"3-[(3,6-Dioxo-1,4-cyclohexadien-1-yl)methyl]-3,6-cycloheptadiene-1,2,5-trione",256.03717,"C14H8O5","C1=CC(=O)C(=CC1=O)CC2=CC(=O)C=CC(=O)C2=O","InChI=1S/C14H8O5/c15-10-1-3-12(17)8(6-10)5-9-7-11(16)2-4-13(18)14(9)19/h1-4,6-7H,5H2","YLLPXPYEYICKHQ-UHFFFAOYSA-N"
24775916,"4-methoxybenzene sulfonyl azide",256.037872,"C7H8N6O3S","COc1ccccc1.[N-]=[N+]=NS(=O)(=O)N=[N+]=[N-]","InChI=1S/C7H8O.N6O2S/c1-8-7-5-3-2-4-6-7;1-3-5-9(7,8)6-4-2/h2-6H,1H3;","MGQHBQMUTCRLFZ-UHFFFAOYSA-N"
24776410,"1-(4-(Butylselanyl)phenyl)ethanone",256.036652,"C12H16OSe","CCCC[Se]c1ccc(cc1)C(=O)C","InChI=1S/C12H16OSe/c1-3-4-9-14-12-7-5-11(6-8-12)10(2)13/h5-8H,3-4,9H2,1-2H3","USDHFSYEQKZZPP-UHFFFAOYSA-N"
24830817,"2,2'-(3-Methyl-1,2-phenylene)dithiophene",256.038025,"C15H12S2","Cc1cccc(c1c2cccs2)c3cccs3","InChI=1S/C15H12S2/c1-11-5-2-6-12(13-7-3-9-16-13)15(11)14-8-4-10-17-14/h2-10H,1H3","OPPGJVLRMFBMRV-UHFFFAOYSA-N"
24830819,"3-[3-(3-Thienyl)benzyl]thiophene",256.038025,"C15H12S2","c1cc(cc(c1)c2ccsc2)Cc3ccsc3","InChI=1S/C15H12S2/c1-2-12(8-13-4-6-16-10-13)9-14(3-1)15-5-7-17-11-15/h1-7,9-11H,8H2","KJLZJJBJORMTFN-UHFFFAOYSA-N"
24830828,"2-[3-Methyl-2-(3-thienyl)phenyl]thiophene",256.038025,"C15H12S2","Cc1cccc(c1c2ccsc2)c3cccs3","InChI=1S/C15H12S2/c1-11-4-2-5-13(14-6-3-8-17-14)15(11)12-7-9-16-10-12/h2-10H,1H3","BQIPGDPXLGYVHQ-UHFFFAOYSA-N"
26340741,"1-(3,4-Dihydroxyphenyl)-2-(1H-tetrazol-1-yl)ethanone hydrochloride (1:1)",256.036316,"C9H9ClN4O3","c1cc(c(cc1C(=O)Cn2cnnn2)O)O.Cl","InChI=1S/C9H8N4O3.ClH/c14-7-2-1-6(3-8(7)15)9(16)4-13-5-10-11-12-13;/h1-3,5,14-15H,4H2;1H","XEQLVLMCCYYZAW-UHFFFAOYSA-N"
26568630,"4-Methyl-4-(phenylselanyl)-2-pentanone",256.036652,"C12H16OSe","CC(=O)CC(C)(C)[Se]c1ccccc1","InChI=1S/C12H16OSe/c1-10(13)9-12(2,3)14-11-7-5-4-6-8-11/h4-8H,9H2,1-3H3","YHOXVMFJYYUSQV-UHFFFAOYSA-N"
26569219,"(4Z)-6-(Phenylselanyl)-4-hexen-2-ol",256.036652,"C12H16OSe","CC(C/C=C\C[Se]c1ccccc1)O","InChI=1S/C12H16OSe/c1-11(13)7-5-6-10-14-12-8-3-2-4-9-12/h2-6,8-9,11,13H,7,10H2,1H3/b6-5-","OSSKDVIEEPQDEI-WAYWQWQTSA-N"
27454359,"3-(6-Chloro-5-methyl-7-oxo-1,7-dihydro[1,2,4]triazolo[1,5-a]pyrimidin-2-yl)propanoic acid",256.036316,"C9H9ClN4O3","Cc1c(c(=O)n2c([nH]1)nc(n2)CCC(=O)O)Cl","InChI=1S/C9H9ClN4O3/c1-4-7(10)8(17)14-9(11-4)12-5(13-14)2-3-6(15)16/h2-3H2,1H3,(H,15,16)(H,11,12,13)","PCHCIJMZLYCZAZ-UHFFFAOYSA-N"
28292620,"1-Oxo-1,2-dihydro-5,6-acenaphthylenedicarboxylic acid",256.03717,"C14H8O5","c1cc(c2c(ccc3c2c1CC3=O)C(=O)O)C(=O)O","InChI=1S/C14H8O5/c15-10-5-6-1-2-8(13(16)17)12-9(14(18)19)4-3-7(10)11(6)12/h1-4H,5H2,(H,16,17)(H,18,19)","NGXJIONXZDPCCM-UHFFFAOYSA-N"
28586470,"(2E)-4-(Phenylselanyl)-2-hexen-1-ol",256.036652,"C12H16OSe","CCC(/C=C/CO)[Se]c1ccccc1","InChI=1S/C12H16OSe/c1-2-11(9-6-10-13)14-12-7-4-3-5-8-12/h3-9,11,13H,2,10H2,1H3/b9-6+","AERHEUTWMIGHSS-RMKNXTFCSA-N"
28635284,"N-(2-Chloroethyl)-N-methyl-7-nitro-2,1,3-benzoxadiazol-4-amine",256.036316,"C9H9ClN4O3","CN(CCCl)c1ccc(c2c1non2)[N+](=O)[O-]","InChI=1S/C9H9ClN4O3/c1-13(5-4-10)6-2-3-7(14(15)16)9-8(6)11-17-12-9/h2-3H,4-5H2,1H3","IKBYOXJPYRJUMY-UHFFFAOYSA-N"
28641381,"Methyl 4,9-dioxo-4,9-dihydronaphtho[2,3-b]furan-2-carboxylate",256.03717,"C14H8O5","COC(=O)c1cc2c(o1)C(=O)c3ccccc3C2=O","InChI=1S/C14H8O5/c1-18-14(17)10-6-9-11(15)7-4-2-3-5-8(7)12(16)13(9)19-10/h2-6H,1H3","LEYVNYRJADEBDK-UHFFFAOYSA-N"
28675877,"2,2-Dimethyl-3-(phenylselanyl)tetrahydrofuran",256.036652,"C12H16OSe","CC1(C(CCO1)[Se]c2ccccc2)C","InChI=1S/C12H16OSe/c1-12(2)11(8-9-13-12)14-10-6-4-3-5-7-10/h3-7,11H,8-9H2,1-2H3","BJLHCVFOSNQWIV-UHFFFAOYSA-N"
28695830,"2-(3-Furyl)-4-oxo-4H-chromene-3-carboxylic acid",256.03717,"C14H8O5","c1ccc2c(c1)c(=O)c(c(o2)c3ccoc3)C(=O)O","InChI=1S/C14H8O5/c15-12-9-3-1-2-4-10(9)19-13(11(12)14(16)17)8-5-6-18-7-8/h1-7H,(H,16,17)","DCQVSUFAPGPNLB-UHFFFAOYSA-N"
28701322,"2,7-Dihydroxy-9-oxo-9H-fluorene-1-carboxylic acid",256.03717,"C14H8O5","c1cc-2c(cc1O)C(=O)c3c2ccc(c3C(=O)O)O","InChI=1S/C14H8O5/c15-6-1-2-7-8-3-4-10(16)12(14(18)19)11(8)13(17)9(7)5-6/h1-5,15-16H,(H,18,19)","GZUOFWITSXRHIV-UHFFFAOYSA-N"
28701326,"4-Hydroxy-7-phenoxy-2-benzofuran-1,3-dione",256.03717,"C14H8O5","c1ccc(cc1)Oc2ccc(c3c2C(=O)OC3=O)O","InChI=1S/C14H8O5/c15-9-6-7-10(18-8-4-2-1-3-5-8)12-11(9)13(16)19-14(12)17/h1-7,15H","GYKAQDFINYWISV-UHFFFAOYSA-N"
28701328,"2-Hydroxy-9-oxo-9H-xanthene-1-carboxylic acid",256.03717,"C14H8O5","c1ccc2c(c1)c(=O)c3c(o2)ccc(c3C(=O)O)O","InChI=1S/C14H8O5/c15-8-5-6-10-12(11(8)14(17)18)13(16)7-3-1-2-4-9(7)19-10/h1-6,15H,(H,17,18)","VSZWXTYVDHHRMA-UHFFFAOYSA-N"
28703038,"7-Methyl-2-phenyl-1,4-benzodithiine",256.038025,"C15H12S2","Cc1ccc2c(c1)SC(=CS2)c3ccccc3","InChI=1S/C15H12S2/c1-11-7-8-13-14(9-11)17-15(10-16-13)12-5-3-2-4-6-12/h2-10H,1H3","JDFBERNVWZYUPQ-UHFFFAOYSA-N"
28721104,"2,2'-(Phenylmethylene)dithiophene",256.038025,"C15H12S2","c1ccc(cc1)C(c2cccs2)c3cccs3","InChI=1S/C15H12S2/c1-2-6-12(7-3-1)15(13-8-4-10-16-13)14-9-5-11-17-14/h1-11,15H","MAADEIIHUYVYID-UHFFFAOYSA-N"
29331049,"1-(Phenylselanyl)-3-hexanone",256.036652,"C12H16OSe","CCCC(=O)CC[Se]c1ccccc1","InChI=1S/C12H16OSe/c1-2-6-11(13)9-10-14-12-7-4-3-5-8-12/h3-5,7-8H,2,6,9-10H2,1H3","FCJXJZXPSACIGT-UHFFFAOYSA-N"
30785584,"8-Hydroxy-9-oxo-9H-xanthene-1-carboxylic acid",256.03717,"C14H8O5","c1cc(c2c(c1)oc3cccc(c3c2=O)O)C(=O)O","InChI=1S/C14H8O5/c15-8-4-2-6-10-12(8)13(16)11-7(14(17)18)3-1-5-9(11)19-10/h1-6,15H,(H,17,18)","QRODRMXJCCGNJF-UHFFFAOYSA-N"
32378080,"N-{2-[(Dichloroacetyl)amino]ethyl}-3-methoxypropanamide",256.038147,"C8H14Cl2N2O3","COCCC(=O)NCCNC(=O)C(Cl)Cl","InChI=1S/C8H14Cl2N2O3/c1-15-5-2-6(13)11-3-4-12-8(14)7(9)10/h7H,2-5H2,1H3,(H,11,13)(H,12,14)","WSAYJYQXBZKSSP-UHFFFAOYSA-N"
32681441,"Dibenzo[b,d]furan-1,3-dicarboxylic acid",256.03717,"C14H8O5","c1ccc2c(c1)c3c(cc(cc3o2)C(=O)O)C(=O)O","InChI=1S/C14H8O5/c15-13(16)7-5-9(14(17)18)12-8-3-1-2-4-10(8)19-11(12)6-7/h1-6H,(H,15,16)(H,17,18)","QMEIOOOWDDWGEQ-UHFFFAOYSA-N"
32681442,"Dibenzo[b,d]furan-1,4-dicarboxylic acid",256.03717,"C14H8O5","c1ccc2c(c1)c3c(ccc(c3o2)C(=O)O)C(=O)O","InChI=1S/C14H8O5/c15-13(16)8-5-6-9(14(17)18)12-11(8)7-3-1-2-4-10(7)19-12/h1-6H,(H,15,16)(H,17,18)","QDRZJQXOMMTTAL-UHFFFAOYSA-N"
32683166,"Dibenzo[b,d]furan-2,7-dicarboxylic acid",256.03717,"C14H8O5","c1cc2c3cc(ccc3oc2cc1C(=O)O)C(=O)O","InChI=1S/C14H8O5/c15-13(16)7-2-4-11-10(5-7)9-3-1-8(14(17)18)6-12(9)19-11/h1-6H,(H,15,16)(H,17,18)","WAPIBYRALHLDLW-UHFFFAOYSA-N"
32683235,"1,3,8-Trihydroxy-9,10-anthraquinone",256.03717,"C14H8O5","c1cc2c(c(c1)O)C(=O)c3c(cc(cc3O)O)C2=O","InChI=1S/C14H8O5/c15-6-4-8-12(10(17)5-6)14(19)11-7(13(8)18)2-1-3-9(11)16/h1-5,15-17H","VVEKCQAFOLKNKB-UHFFFAOYSA-N"
32683237,"1,3,7-Trihydroxy-9,10-anthraquinone",256.03717,"C14H8O5","c1cc2c(cc1O)C(=O)c3c(cc(cc3O)O)C2=O","InChI=1S/C14H8O5/c15-6-1-2-8-9(3-6)14(19)12-10(13(8)18)4-7(16)5-11(12)17/h1-5,15-17H","WXKSERWQCRFOBL-UHFFFAOYSA-N"
32697830,"Aluminium D-gluconate hydroxide (1:1:2)",256.037506,"C6H13AlO9","C([C@H]([C@H]([C@@H]([C@H](C(=O)[O-])O)O)O)O)O.[OH-].[OH-].[Al+3]","InChI=1S/C6H12O7.Al.2H2O/c7-1-2(8)3(9)4(10)5(11)6(12)13;;;/h2-5,7-11H,1H2,(H,12,13);;2*1H2/q;+3;;/p-3/t2-,3-,4+,5-;;;/m1.../s1","YMILRBLJDGKUDX-CXKLNRRHSA-K"
32778110,"2-[(7-Chloro-1,4-dioxido-1,2,4-benzotriazin-3-yl)amino]ethanol",256.036316,"C9H9ClN4O3","c1cc2c(cc1Cl)[n+](nc([n+]2[O-])NCCO)[O-]","InChI=1S/C9H9ClN4O3/c10-6-1-2-7-8(5-6)14(17)12-9(13(7)16)11-3-4-15/h1-2,5,15H,3-4H2,(H,11,12)","KUHNMPQUKJKKNK-UHFFFAOYSA-N"
33328996,"4-(6-Chloro-3-nitro-2-pyridinyl)-2-piperazinone",256.036316,"C9H9ClN4O3","c1cc(nc(c1[N+](=O)[O-])N2CCNC(=O)C2)Cl","InChI=1S/C9H9ClN4O3/c10-7-2-1-6(14(16)17)9(12-7)13-4-3-11-8(15)5-13/h1-2H,3-5H2,(H,11,15)","KFCUVZRMZCWPLJ-UHFFFAOYSA-N"
34255161,"(2Z)-2-[Cyano(2-thienyl)methylene]hydrazinecarboximidamide nitrate (1:1)",256.037872,"C7H8N6O3S","c1cc(sc1)/C(=N\NC(=N)N)/C#N.[N+](=O)(O)[O-]","InChI=1S/C7H7N5S.HNO3/c8-4-5(11-12-7(9)10)6-2-1-3-13-6;2-1(3)4/h1-3H,(H4,9,10,12);(H,2,3,4)/b11-5-;","ILNKFVJKOLWVTI-JIBDQCPFSA-N"
34660287,"5-(2-Oxo-2H-chromen-3-yl)-2-furoic acid",256.03717,"C14H8O5","c1ccc2c(c1)cc(c(=O)o2)c3ccc(o3)C(=O)O","InChI=1S/C14H8O5/c15-13(16)12-6-5-11(18-12)9-7-8-3-1-2-4-10(8)19-14(9)17/h1-7H,(H,15,16)","VMYGBALKRWGSGL-UHFFFAOYSA-N"
34974543,"2-[(Chloroacetyl)amino]-3-(4-hydroxyphenyl)propanoate",256.038208,"C11H11ClNO4","c1cc(ccc1CC(C(=O)[O-])NC(=O)CCl)O","InChI=1S/C11H12ClNO4/c12-6-10(15)13-9(11(16)17)5-7-1-3-8(14)4-2-7/h1-4,9,14H,5-6H2,(H,13,15)(H,16,17)/p-1","GDOGSOZOUAVIFX-UHFFFAOYSA-M"
35485729,"Methyl 1,3-dioxo-1H,3H-benzo[de]isochromene-6-carboxylate",256.03717,"C14H8O5","COC(=O)c1ccc2c3c1cccc3C(=O)OC2=O","InChI=1S/C14H8O5/c1-18-12(15)8-5-6-10-11-7(8)3-2-4-9(11)13(16)19-14(10)17/h2-6H,1H3","HRAJVAMCWZQMMQ-UHFFFAOYSA-N"
35687056,"[3,5-Difluoro-4-(3-thienylmethoxy)phenyl]methanol",256.036957,"C12H10F2O2S","c1cscc1COc2c(cc(cc2F)CO)F","InChI=1S/C12H10F2O2S/c13-10-3-9(5-15)4-11(14)12(10)16-6-8-1-2-17-7-8/h1-4,7,15H,5-6H2","RMZACOVFOZJBFW-UHFFFAOYSA-N"
35786309,"2-(Phenylselanyl)cyclohexanol",256.036652,"C12H16OSe","c1ccc(cc1)[Se]C2CCCCC2O","InChI=1S/C12H16OSe/c13-11-8-4-5-9-12(11)14-10-6-2-1-3-7-10/h1-3,6-7,11-13H,4-5,8-9H2","XNFLWQDTWVENJE-UHFFFAOYSA-N"
36019562,"1-[(5-Hydrazino-1,3,4-thiadiazol-2-yl)methyl]-3-methyl-2,4,5-imidazolidinetrione",256.037872,"C7H8N6O3S","CN1C(=O)C(=O)N(C1=O)Cc2nnc(s2)NN","InChI=1S/C7H8N6O3S/c1-12-4(14)5(15)13(7(12)16)2-3-10-11-6(9-8)17-3/h2,8H2,1H3,(H,9,11)","VSRJFPOFIQGCIU-UHFFFAOYSA-N"
36372167,"3-[(5-Chloro-6-oxo-1,6-dihydro-4-pyridazinyl)amino]-1-methyl-2,5-pyrrolidinedione",256.036316,"C9H9ClN4O3","CN1C(=O)CC(C1=O)Nc2cn[nH]c(=O)c2Cl","InChI=1S/C9H9ClN4O3/c1-14-6(15)2-4(9(14)17)12-5-3-11-13-8(16)7(5)10/h3-4H,2H2,1H3,(H2,12,13,16)","MXPFUYGTHLGMSJ-UHFFFAOYSA-N"
36372169,"3-[(5-Chloro-6-oxo-1,6-dihydro-4-pyridazinyl)amino]-2,6-piperidinedione",256.036316,"C9H9ClN4O3","c1c(c(c(=O)[nH]n1)Cl)NC2CCC(=O)NC2=O","InChI=1S/C9H9ClN4O3/c10-7-5(3-11-14-9(7)17)12-4-1-2-6(15)13-8(4)16/h3-4H,1-2H2,(H2,12,14,17)(H,13,15,16)","ULBVHXNUCDQMLX-UHFFFAOYSA-N"
36617336,"(2,5-Difluorophenyl)(3-methoxy-2-thienyl)methanol",256.036957,"C12H10F2O2S","COc1ccsc1C(c2cc(ccc2F)F)O","InChI=1S/C12H10F2O2S/c1-16-10-4-5-17-12(10)11(15)8-6-7(13)2-3-9(8)14/h2-6,11,15H,1H3","VQPIKXJYENNRBG-UHFFFAOYSA-N"
36617359,"(2,4-Difluorophenyl)(4-methoxy-2-thienyl)methanol",256.036957,"C12H10F2O2S","COc1cc(sc1)C(c2ccc(cc2F)F)O","InChI=1S/C12H10F2O2S/c1-16-8-5-11(17-6-8)12(15)9-3-2-7(13)4-10(9)14/h2-6,12,15H,1H3","XUOAPZKCFIALHB-UHFFFAOYSA-N"
36617367,"(3,4-Difluorophenyl)(4-methoxy-2-thienyl)methanol",256.036957,"C12H10F2O2S","COc1cc(sc1)C(c2ccc(c(c2)F)F)O","InChI=1S/C12H10F2O2S/c1-16-8-5-11(17-6-8)12(15)7-2-3-9(13)10(14)4-7/h2-6,12,15H,1H3","QYJGVFGUHFMANE-UHFFFAOYSA-N"
36641180,"Ethyl 1-benzothiophen-7-yl(difluoro)acetate",256.036957,"C12H10F2O2S","CCOC(=O)C(c1cccc2c1scc2)(F)F","InChI=1S/C12H10F2O2S/c1-2-16-11(15)12(13,14)9-5-3-4-8-6-7-17-10(8)9/h3-7H,2H2,1H3","HODLEAVCUXTFPF-UHFFFAOYSA-N"
37197131,"N-(2-Methyl-2H-tetrazol-5-yl)-4-oxo-1,4-dihydro-3-pyridinesulfonamide",256.037872,"C7H8N6O3S","Cn1nc(nn1)NS(=O)(=O)c2c[nH]ccc2=O","InChI=1S/C7H8N6O3S/c1-13-10-7(9-12-13)11-17(15,16)6-4-8-3-2-5(6)14/h2-4H,1H3,(H,8,14)(H,10,11)","XMKAGDHVPQAXAB-UHFFFAOYSA-N"
37210154,"4-(6-Chloro-5-methoxy-4-pyrimidinyl)-2,6-piperazinedione",256.036316,"C9H9ClN4O3","COc1c(ncnc1Cl)N2CC(=O)NC(=O)C2","InChI=1S/C9H9ClN4O3/c1-17-7-8(10)11-4-12-9(7)14-2-5(15)13-6(16)3-14/h4H,2-3H2,1H3,(H,13,15,16)","KXJLFVHCHBOAAL-UHFFFAOYSA-N"
37385889,"4-(1-Chloroethyl)-1-[(5-nitro-2-furyl)methyl]-1H-1,2,3-triazole",256.036316,"C9H9ClN4O3","CC(c1cn(nn1)Cc2ccc(o2)[N+](=O)[O-])Cl","InChI=1S/C9H9ClN4O3/c1-6(10)8-5-13(12-11-8)4-7-2-3-9(17-7)14(15)16/h2-3,5-6H,4H2,1H3","FQZKNKWDJIWOIQ-UHFFFAOYSA-N"
37548734,"(1,3-Dimethyl-2,6-dioxo-1,2,3,6-tetrahydro-9H-purin-9-yl)acetyl chloride",256.036316,"C9H9ClN4O3","Cn1c2c(c(=O)n(c1=O)C)ncn2CC(=O)Cl","InChI=1S/C9H9ClN4O3/c1-12-7-6(8(16)13(2)9(12)17)11-4-14(7)3-5(10)15/h4H,3H2,1-2H3","QWXXOTDRPXGWMY-UHFFFAOYSA-N"
37566131,"Ethyl 6,7-difluoro-3-methyl-1-benzothiophene-2-carboxylate",256.036957,"C12H10F2O2S","CCOC(=O)c1c(c2ccc(c(c2s1)F)F)C","InChI=1S/C12H10F2O2S/c1-3-16-12(15)10-6(2)7-4-5-8(13)9(14)11(7)17-10/h4-5H,3H2,1-2H3","TVWMLWUYICXIIW-UHFFFAOYSA-N"
37566135,"Ethyl 5,7-difluoro-3-methyl-1-benzothiophene-2-carboxylate",256.036957,"C12H10F2O2S","CCOC(=O)c1c(c2cc(cc(c2s1)F)F)C","InChI=1S/C12H10F2O2S/c1-3-16-12(15)10-6(2)8-4-7(13)5-9(14)11(8)17-10/h4-5H,3H2,1-2H3","RMAZUAQROAEXBK-UHFFFAOYSA-N"
37771807,"1-[2-Fluoro-6-(trifluoromethyl)phenyl]-1H-1,2,3-triazole-4-carbonitrile",256.037201,"C10H4F4N4","c1cc(c(c(c1)F)n2cc(nn2)C#N)C(F)(F)F","InChI=1S/C10H4F4N4/c11-8-3-1-2-7(10(12,13)14)9(8)18-5-6(4-15)16-17-18/h1-3,5H","VFIPRYYCJYOBDY-UHFFFAOYSA-N"
37771809,"1-[2-Fluoro-5-(trifluoromethyl)phenyl]-1H-1,2,3-triazole-4-carbonitrile",256.037201,"C10H4F4N4","c1cc(c(cc1C(F)(F)F)n2cc(nn2)C#N)F","InChI=1S/C10H4F4N4/c11-8-2-1-6(10(12,13)14)3-9(8)18-5-7(4-15)16-17-18/h1-3,5H","XUWMOZSRKJRHKF-UHFFFAOYSA-N"
38529595,"1-(3-Azidopropoxy)-4-chloro-2-nitrobenzene",256.036316,"C9H9ClN4O3","c1cc(c(cc1Cl)[N+](=O)[O-])OCCCN=[N+]=[N-]","InChI=1S/C9H9ClN4O3/c10-7-2-3-9(8(6-7)14(15)16)17-5-1-4-12-13-11/h2-3,6H,1,4-5H2","VFLNBICGWAOXAD-UHFFFAOYSA-N"
38529619,"1-(3-Azidopropoxy)-2-chloro-4-nitrobenzene",256.036316,"C9H9ClN4O3","c1cc(c(cc1[N+](=O)[O-])Cl)OCCCN=[N+]=[N-]","InChI=1S/C9H9ClN4O3/c10-8-6-7(14(15)16)2-3-9(8)17-5-1-4-12-13-11/h2-3,6H,1,4-5H2","XOKDABVHWGGXGE-UHFFFAOYSA-N"
38941895,"6-Oxo-N-(1H-tetrazol-5-ylmethyl)-1,6-dihydro-3-pyridinesulfonamide",256.037872,"C7H8N6O3S","c1cc(=O)[nH]cc1S(=O)(=O)NCc2[nH]nnn2","InChI=1S/C7H8N6O3S/c14-7-2-1-5(3-8-7)17(15,16)9-4-6-10-12-13-11-6/h1-3,9H,4H2,(H,8,14)(H,10,11,12,13)","HVVGTQFKVBXNRV-UHFFFAOYSA-N"
38942943,"({1-[(3-Methyl-1,2,4-oxadiazol-5-yl)methyl]-1H-tetrazol-5-yl}sulfanyl)acetic acid",256.037872,"C7H8N6O3S","Cc1nc(on1)Cn2c(nnn2)SCC(=O)O","InChI=1S/C7H8N6O3S/c1-4-8-5(16-10-4)2-13-7(9-11-12-13)17-3-6(14)15/h2-3H2,1H3,(H,14,15)","OYJWGKCWIDTCQJ-UHFFFAOYSA-N"
39609413,"4-(3-Azidopropoxy)-2-chloro-1-nitrobenzene",256.036316,"C9H9ClN4O3","c1cc(c(cc1OCCCN=[N+]=[N-])Cl)[N+](=O)[O-]","InChI=1S/C9H9ClN4O3/c10-8-6-7(2-3-9(8)14(15)16)17-5-1-4-12-13-11/h2-3,6H,1,4-5H2","PGHTYDSGGSYOEA-UHFFFAOYSA-N"
39789474,"2-(3-Azidopropoxy)-4-chloro-1-nitrobenzene",256.036316,"C9H9ClN4O3","c1cc(c(cc1Cl)OCCCN=[N+]=[N-])[N+](=O)[O-]","InChI=1S/C9H9ClN4O3/c10-7-2-3-8(14(15)16)9(6-7)17-5-1-4-12-13-11/h2-3,6H,1,4-5H2","CSGGVZAMGDYWGU-UHFFFAOYSA-N"
39924804,"1-[(5-Hydrazino-1,2,3-thiadiazol-4-yl)methyl]-3-methyl-2,4,5-imidazolidinetrione",256.037872,"C7H8N6O3S","CN1C(=O)C(=O)N(C1=O)Cc2c(snn2)NN","InChI=1S/C7H8N6O3S/c1-12-5(14)6(15)13(7(12)16)2-3-4(9-8)17-11-10-3/h9H,2,8H2,1H3","XYBWPONBNFYTNG-UHFFFAOYSA-N"
40429409,"2-Hydrazino-N-(1,2-oxazol-3-yl)-5-pyrimidinesulfonamide",256.037872,"C7H8N6O3S","c1conc1NS(=O)(=O)c2cnc(nc2)NN","InChI=1S/C7H8N6O3S/c8-11-7-9-3-5(4-10-7)17(14,15)13-6-1-2-16-12-6/h1-4H,8H2,(H,12,13)(H,9,10,11)","CYRJCNHEBSCUAZ-UHFFFAOYSA-N"
40429426,"2-Hydrazino-N-(1,2-oxazol-4-yl)-5-pyrimidinesulfonamide",256.037872,"C7H8N6O3S","c1c(cnc(n1)NN)S(=O)(=O)Nc2cnoc2","InChI=1S/C7H8N6O3S/c8-12-7-9-2-6(3-10-7)17(14,15)13-5-1-11-16-4-5/h1-4,13H,8H2,(H,9,10,12)","FBEOAMUBHQSOJZ-UHFFFAOYSA-N"
40638295,"4-(2-Chloroethyl)-1-[(5-nitro-2-furyl)methyl]-1H-1,2,3-triazole",256.036316,"C9H9ClN4O3","c1cc(oc1Cn2cc(nn2)CCCl)[N+](=O)[O-]","InChI=1S/C9H9ClN4O3/c10-4-3-7-5-13(12-11-7)6-8-1-2-9(17-8)14(15)16/h1-2,5H,3-4,6H2","JIHLMOOOXXBQGS-UHFFFAOYSA-N"
41383377,"2-[(4-Chloro-6-methoxy-1,3,5-triazin-2-yl)amino]-4-pentynoic acid",256.036316,"C9H9ClN4O3","COc1nc(nc(n1)Cl)NC(CC#C)C(=O)O","InChI=1S/C9H9ClN4O3/c1-3-4-5(6(15)16)11-8-12-7(10)13-9(14-8)17-2/h1,5H,4H2,2H3,(H,15,16)(H,11,12,13,14)","KKKGUNYWYROBKO-UHFFFAOYSA-N"
41705390,"(3,5-Difluorophenyl)(4-methoxy-2-thienyl)methanol",256.036957,"C12H10F2O2S","COc1cc(sc1)C(c2cc(cc(c2)F)F)O","InChI=1S/C12H10F2O2S/c1-16-10-5-11(17-6-10)12(15)7-2-8(13)4-9(14)3-7/h2-6,12,15H,1H3","SQXASGXPNOJMPQ-UHFFFAOYSA-N"
41705445,"(3,5-Difluorophenyl)(3-methoxy-2-thienyl)methanol",256.036957,"C12H10F2O2S","COc1ccsc1C(c2cc(cc(c2)F)F)O","InChI=1S/C12H10F2O2S/c1-16-10-2-3-17-12(10)11(15)7-4-8(13)6-9(14)5-7/h2-6,11,15H,1H3","KTTHJABWNWANMI-UHFFFAOYSA-N"
41712780,"(2,6-Difluorophenyl)(4-methoxy-2-thienyl)methanol",256.036957,"C12H10F2O2S","COc1cc(sc1)C(c2c(cccc2F)F)O","InChI=1S/C12H10F2O2S/c1-16-7-5-10(17-6-7)12(15)11-8(13)3-2-4-9(11)14/h2-6,12,15H,1H3","OYCHZPQUYLNQQL-UHFFFAOYSA-N"
41712833,"(2,6-Difluorophenyl)(3-methoxy-2-thienyl)methanol",256.036957,"C12H10F2O2S","COc1ccsc1C(c2c(cccc2F)F)O","InChI=1S/C12H10F2O2S/c1-16-9-5-6-17-12(9)11(15)10-7(13)3-2-4-8(10)14/h2-6,11,15H,1H3","LXEGJTUCGPVRCH-UHFFFAOYSA-N"
41713955,"(2,3-Difluorophenyl)(4-methoxy-2-thienyl)methanol",256.036957,"C12H10F2O2S","COc1cc(sc1)C(c2cccc(c2F)F)O","InChI=1S/C12H10F2O2S/c1-16-7-5-10(17-6-7)12(15)8-3-2-4-9(13)11(8)14/h2-6,12,15H,1H3","CYBPBGMZVQNTTC-UHFFFAOYSA-N"
41714002,"(2,3-Difluorophenyl)(3-methoxy-2-thienyl)methanol",256.036957,"C12H10F2O2S","COc1ccsc1C(c2cccc(c2F)F)O","InChI=1S/C12H10F2O2S/c1-16-9-5-6-17-12(9)11(15)7-3-2-4-8(13)10(7)14/h2-6,11,15H,1H3","AGTSFYSNUNZBNM-UHFFFAOYSA-N"
41719699,"[3-(Difluoromethoxy)phenyl](3-thienyl)methanol",256.036957,"C12H10F2O2S","c1cc(cc(c1)OC(F)F)C(c2ccsc2)O","InChI=1S/C12H10F2O2S/c13-12(14)16-10-3-1-2-8(6-10)11(15)9-4-5-17-7-9/h1-7,11-12,15H","XGZYXVOQVCYTRQ-UHFFFAOYSA-N"
42104661,"2-{[4-(Methylsulfanyl)butyl]sulfamoyl}ethanethioamide",256.037384,"C7H16N2O2S3","CSCCCCNS(=O)(=O)CC(=S)N","InChI=1S/C7H16N2O2S3/c1-13-5-3-2-4-9-14(10,11)6-7(8)12/h9H,2-6H2,1H3,(H2,8,12)","XKWIDACJHMIUKO-UHFFFAOYSA-N"
42140621,"2-{[4-(Methylsulfanyl)-2-butanyl]sulfamoyl}ethanethioamide",256.037384,"C7H16N2O2S3","CC(CCSC)NS(=O)(=O)CC(=S)N","InChI=1S/C7H16N2O2S3/c1-6(3-4-13-2)9-14(10,11)5-7(8)12/h6,9H,3-5H2,1-2H3,(H2,8,12)","ILBITVJIUAKKBB-UHFFFAOYSA-N"
42150109,"2-{[2-Methyl-2-(methylsulfanyl)propyl]sulfamoyl}ethanethioamide",256.037384,"C7H16N2O2S3","CC(C)(CNS(=O)(=O)CC(=S)N)SC","InChI=1S/C7H16N2O2S3/c1-7(2,13-3)5-9-14(10,11)4-6(8)12/h9H,4-5H2,1-3H3,(H2,8,12)","NERNFXWELFICRR-UHFFFAOYSA-N"
42214743,"2-Amino-N-(1,4-dithian-2-ylmethyl)ethanesulfonamide",256.037384,"C7H16N2O2S3","C1CSC(CS1)CNS(=O)(=O)CCN","InChI=1S/C7H16N2O2S3/c8-1-4-14(10,11)9-5-7-6-12-2-3-13-7/h7,9H,1-6,8H2","KMJJJLWZLWHOHN-UHFFFAOYSA-N"
42249677,"2-{[3-(Methylsulfanyl)butyl]sulfamoyl}ethanethioamide",256.037384,"C7H16N2O2S3","CC(CCNS(=O)(=O)CC(=S)N)SC","InChI=1S/C7H16N2O2S3/c1-6(13-2)3-4-9-14(10,11)5-7(8)12/h6,9H,3-5H2,1-2H3,(H2,8,12)","NUUPSRSHWTYORP-UHFFFAOYSA-N"
42253958,"2-{[1-(Methylsulfanyl)-2-butanyl]sulfamoyl}ethanethioamide",256.037384,"C7H16N2O2S3","CCC(CSC)NS(=O)(=O)CC(=S)N","InChI=1S/C7H16N2O2S3/c1-3-6(4-13-2)9-14(10,11)5-7(8)12/h6,9H,3-5H2,1-2H3,(H2,8,12)","DDEZCDIDUHLGLF-UHFFFAOYSA-N"
42287580,"2-{[1-(Ethylsulfanyl)-2-propanyl]sulfamoyl}ethanethioamide",256.037384,"C7H16N2O2S3","CCSCC(C)NS(=O)(=O)CC(=S)N","InChI=1S/C7H16N2O2S3/c1-3-13-4-6(2)9-14(10,11)5-7(8)12/h6,9H,3-5H2,1-2H3,(H2,8,12)","NFBJWGLKIFLBGJ-UHFFFAOYSA-N"
42392288,"Ethyl 3-{4-[(difluoromethyl)sulfanyl]phenyl}-2-propynoate",256.036957,"C12H10F2O2S","CCOC(=O)C#Cc1ccc(cc1)SC(F)F","InChI=1S/C12H10F2O2S/c1-2-16-11(15)8-5-9-3-6-10(7-4-9)17-12(13)14/h3-4,6-7,12H,2H2,1H3","TURCBIQWYFARLX-UHFFFAOYSA-N"
42425798,"2-{[2-(Methylsulfanyl)propyl]sulfamoyl}propanethioamide",256.037384,"C7H16N2O2S3","CC(CNS(=O)(=O)C(C)C(=S)N)SC","InChI=1S/C7H16N2O2S3/c1-5(13-3)4-9-14(10,11)6(2)7(8)12/h5-6,9H,4H2,1-3H3,(H2,8,12)","VXTLYEOZMPTRJE-UHFFFAOYSA-N"
42479779,"2-{[1-(Methylsulfanyl)-2-propanyl]sulfamoyl}propanethioamide",256.037384,"C7H16N2O2S3","CC(CSC)NS(=O)(=O)C(C)C(=S)N","InChI=1S/C7H16N2O2S3/c1-5(4-13-3)9-14(10,11)6(2)7(8)12/h5-6,9H,4H2,1-3H3,(H2,8,12)","AQMSVZIMPBFLLY-UHFFFAOYSA-N"
42857427,"N-[(Methoxycarbonyl)sulfamoyl]threonine",256.03653,"C6H12N2O7S","CC(C(C(=O)O)NS(=O)(=O)NC(=O)OC)O","InChI=1S/C6H12N2O7S/c1-3(9)4(5(10)11)7-16(13,14)8-6(12)15-2/h3-4,7,9H,1-2H3,(H,8,12)(H,10,11)","HKQXPANKFPAALM-UHFFFAOYSA-N"
42857499,"N-[(Ethoxycarbonyl)sulfamoyl]serine",256.03653,"C6H12N2O7S","CCOC(=O)NS(=O)(=O)NC(CO)C(=O)O","InChI=1S/C6H12N2O7S/c1-2-15-6(12)8-16(13,14)7-4(3-9)5(10)11/h4,7,9H,2-3H2,1H3,(H,8,12)(H,10,11)","AMAHENODWMEMQN-UHFFFAOYSA-N"
42857902,"N-[(Methoxycarbonyl)sulfamoyl]homoserine",256.03653,"C6H12N2O7S","COC(=O)NS(=O)(=O)NC(CCO)C(=O)O","InChI=1S/C6H12N2O7S/c1-15-6(12)8-16(13,14)7-4(2-3-9)5(10)11/h4,7,9H,2-3H2,1H3,(H,8,12)(H,10,11)","KQACCMSQGRJNIM-UHFFFAOYSA-N"
42858226,"({[(Isopropoxycarbonyl)sulfamoyl]amino}oxy)acetic acid",256.03653,"C6H12N2O7S","CC(C)OC(=O)NS(=O)(=O)NOCC(=O)O","InChI=1S/C6H12N2O7S/c1-4(2)15-6(11)7-16(12,13)8-14-3-5(9)10/h4,8H,3H2,1-2H3,(H,7,11)(H,9,10)","WCVVJMWXQQTZLT-UHFFFAOYSA-N"
42858335,"3-{[(Ethoxycarbonyl)sulfamoyl]amino}-2-hydroxypropanoic acid",256.03653,"C6H12N2O7S","CCOC(=O)NS(=O)(=O)NCC(C(=O)O)O","InChI=1S/C6H12N2O7S/c1-2-15-6(12)8-16(13,14)7-3-4(9)5(10)11/h4,7,9H,2-3H2,1H3,(H,8,12)(H,10,11)","LULCRJGIQQCZIR-UHFFFAOYSA-N"
42858340,"2-Hydroxy-3-{[(methoxycarbonyl)sulfamoyl]amino}-2-methylpropanoic acid",256.03653,"C6H12N2O7S","CC(CNS(=O)(=O)NC(=O)OC)(C(=O)O)O","InChI=1S/C6H12N2O7S/c1-6(12,4(9)10)3-7-16(13,14)8-5(11)15-2/h7,12H,3H2,1-2H3,(H,8,11)(H,9,10)","ZCKSXJZAGBJUCW-UHFFFAOYSA-N"
42858388,"(2-{[(Methoxycarbonyl)sulfamoyl]amino}ethoxy)acetic acid",256.03653,"C6H12N2O7S","COC(=O)NS(=O)(=O)NCCOCC(=O)O","InChI=1S/C6H12N2O7S/c1-14-6(11)8-16(12,13)7-2-3-15-4-5(9)10/h7H,2-4H2,1H3,(H,8,11)(H,9,10)","WIRKVRVTLZNNPD-UHFFFAOYSA-N"
42858435,"N-[(Methoxycarbonyl)sulfamoyl]-O-methylserine",256.03653,"C6H12N2O7S","COCC(C(=O)O)NS(=O)(=O)NC(=O)OC","InChI=1S/C6H12N2O7S/c1-14-3-4(5(9)10)7-16(12,13)8-6(11)15-2/h4,7H,3H2,1-2H3,(H,8,11)(H,9,10)","CEAUQRHGOAUDKD-UHFFFAOYSA-N"
42860938,"Methyl N-[(methoxycarbonyl)sulfamoyl]serinate",256.03653,"C6H12N2O7S","COC(=O)C(CO)NS(=O)(=O)NC(=O)OC","InChI=1S/C6H12N2O7S/c1-14-5(10)4(3-9)7-16(12,13)8-6(11)15-2/h4,7,9H,3H2,1-2H3,(H,8,11)","DYGDWBPCCODHDX-UHFFFAOYSA-N"
42981833,"5,6-Difluoro-3-propyl-1-benzothiophene-2-carboxylic acid",256.036957,"C12H10F2O2S","CCCc1c2cc(c(cc2sc1C(=O)O)F)F","InChI=1S/C12H10F2O2S/c1-2-3-6-7-4-8(13)9(14)5-10(7)17-11(6)12(15)16/h4-5H,2-3H2,1H3,(H,15,16)","UYNHJZHIQPFQFZ-UHFFFAOYSA-N"
42981834,"5,6-Difluoro-3-isopropyl-1-benzothiophene-2-carboxylic acid",256.036957,"C12H10F2O2S","CC(C)c1c2cc(c(cc2sc1C(=O)O)F)F","InChI=1S/C12H10F2O2S/c1-5(2)10-6-3-7(13)8(14)4-9(6)17-11(10)12(15)16/h3-5H,1-2H3,(H,15,16)","VOZZYTWAYORZEP-UHFFFAOYSA-N"
42981851,"5,7-Difluoro-3-propyl-1-benzothiophene-2-carboxylic acid",256.036957,"C12H10F2O2S","CCCc1c2cc(cc(c2sc1C(=O)O)F)F","InChI=1S/C12H10F2O2S/c1-2-3-7-8-4-6(13)5-9(14)10(8)17-11(7)12(15)16/h4-5H,2-3H2,1H3,(H,15,16)","STTFFMOJCUCFTL-UHFFFAOYSA-N"
42981852,"5,7-Difluoro-3-isopropyl-1-benzothiophene-2-carboxylic acid",256.036957,"C12H10F2O2S","CC(C)c1c2cc(cc(c2sc1C(=O)O)F)F","InChI=1S/C12H10F2O2S/c1-5(2)9-7-3-6(13)4-8(14)10(7)17-11(9)12(15)16/h3-5H,1-2H3,(H,15,16)","RTCKHEHDTQAVNH-UHFFFAOYSA-N"
42981856,"4,7-Difluoro-3-propyl-1-benzothiophene-2-carboxylic acid",256.036957,"C12H10F2O2S","CCCc1c2c(ccc(c2sc1C(=O)O)F)F","InChI=1S/C12H10F2O2S/c1-2-3-6-9-7(13)4-5-8(14)11(9)17-10(6)12(15)16/h4-5H,2-3H2,1H3,(H,15,16)","VVCSPCFDAIMIMR-UHFFFAOYSA-N"
42981857,"4,7-Difluoro-3-isopropyl-1-benzothiophene-2-carboxylic acid",256.036957,"C12H10F2O2S","CC(C)c1c2c(ccc(c2sc1C(=O)O)F)F","InChI=1S/C12H10F2O2S/c1-5(2)8-9-6(13)3-4-7(14)10(9)17-11(8)12(15)16/h3-5H,1-2H3,(H,15,16)","KRWMPXQHPQRMMU-UHFFFAOYSA-N"
43009789,"2-[(1,4-Dithian-2-ylmethyl)amino]ethanesulfonamide",256.037384,"C7H16N2O2S3","C1CSC(CS1)CNCCS(=O)(=O)N","InChI=1S/C7H16N2O2S3/c8-14(10,11)4-1-9-5-7-6-12-2-3-13-7/h7,9H,1-6H2,(H2,8,10,11)","UIEILRLBLUQXRS-UHFFFAOYSA-N"
