"Identifier","CompoundName","MonoisotopicMass","MolecularFormula","SMILES","InChI","InChIKey"
6935,"MCPA",200.024017,"C9H9ClO3","Cc1cc(ccc1OCC(=O)O)Cl","InChI=1S/C9H9ClO3/c1-6-4-7(10)2-3-8(6)13-5-9(11)12/h2-4H,5H2,1H3,(H,11,12)","WHKUVVPPKQRRBV-UHFFFAOYSA-N"
7261,"Cloprop",200.024017,"C9H9ClO3","CC(C(=O)O)Oc1cccc(c1)Cl","InChI=1S/C9H9ClO3/c1-6(9(11)12)13-8-4-2-3-7(10)5-8/h2-6H,1H3,(H,11,12)","YNTJKQDWYXUTLZ-UHFFFAOYSA-N"
17662,"4-CPP",200.024017,"C9H9ClO3","CC(C(=O)O)Oc1ccc(cc1)Cl","InChI=1S/C9H9ClO3/c1-6(9(11)12)13-8-4-2-7(10)3-5-8/h2-6H,1H3,(H,11,12)","DKHJWWRYTONYHB-UHFFFAOYSA-N"
37215,"5-Chloro-3-ethyl-2-hydroxybenzoic acid",200.024017,"C9H9ClO3","CCc1cc(cc(c1O)C(=O)O)Cl","InChI=1S/C9H9ClO3/c1-2-5-3-6(10)4-7(8(5)11)9(12)13/h3-4,11H,2H2,1H3,(H,12,13)","AWOQTWNNQUVGAG-UHFFFAOYSA-N"
65694,"2-(2-Chlorophenoxy)propanoic acid",200.024017,"C9H9ClO3","CC(C(=O)O)Oc1ccccc1Cl","InChI=1S/C9H9ClO3/c1-6(9(11)12)13-8-5-3-2-4-7(8)10/h2-6H,1H3,(H,11,12)","ZGWNXHRVUJVMCP-UHFFFAOYSA-N"
67377,"2,6-Dimethoxybenzoyl Chloride",200.024017,"C9H9ClO3","COc1cccc(c1C(=O)Cl)OC","InChI=1S/C9H9ClO3/c1-12-6-4-3-5-7(13-2)8(6)9(10)11/h3-5H,1-2H3","NDXRPDJVAUCBOH-UHFFFAOYSA-N"
69236,"3-(4-Chlorophenoxy)propanoic acid",200.024017,"C9H9ClO3","c1cc(ccc1OCCC(=O)O)Cl","InChI=1S/C9H9ClO3/c10-7-1-3-8(4-2-7)13-6-5-9(11)12/h1-4H,5-6H2,(H,11,12)","OWHJDUCBLVMRBJ-UHFFFAOYSA-N"
69516,"veratroyl chloride",200.024017,"C9H9ClO3","COc1ccc(cc1OC)C(=O)Cl","InChI=1S/C9H9ClO3/c1-12-7-4-3-6(9(10)11)5-8(7)13-2/h3-5H,1-2H3","VIOBGCWEHLRBEP-UHFFFAOYSA-N"
71762,"2-Chloro-3,4-dimethoxybenzaldehyde",200.024017,"C9H9ClO3","COc1ccc(c(c1OC)Cl)C=O","InChI=1S/C9H9ClO3/c1-12-7-4-3-6(5-11)8(10)9(7)13-2/h3-5H,1-2H3","SAWHDJTZESXNMM-UHFFFAOYSA-N"
73628,"3-(2-Chlorophenoxy)propanoic acid",200.024017,"C9H9ClO3","c1ccc(c(c1)OCCC(=O)O)Cl","InChI=1S/C9H9ClO3/c10-7-3-1-2-4-8(7)13-6-5-9(11)12/h1-4H,5-6H2,(H,11,12)","UZFYWLRSVDZCSF-UHFFFAOYSA-N"
73629,"3-(3-Chlorophenoxy)propanoic acid",200.024017,"C9H9ClO3","c1cc(cc(c1)Cl)OCCC(=O)O","InChI=1S/C9H9ClO3/c10-7-2-1-3-8(6-7)13-5-4-9(11)12/h1-3,6H,4-5H2,(H,11,12)","QSGKVNYPPAQLDO-UHFFFAOYSA-N"
78478,"3,5-Dimethoxybenzoyl chloride",200.024017,"C9H9ClO3","COc1cc(cc(c1)OC)C(=O)Cl","InChI=1S/C9H9ClO3/c1-12-7-3-6(9(10)11)4-8(5-7)13-2/h3-5H,1-2H3","FTHPLWDYWAKYCY-UHFFFAOYSA-N"
78808,"2,5-DIMETHOXYBENZOYL CHLORIDE",200.024017,"C9H9ClO3","COc1ccc(c(c1)C(=O)Cl)OC","InChI=1S/C9H9ClO3/c1-12-6-3-4-8(13-2)7(5-6)9(10)11/h3-5H,1-2H3","YARKPRSRXZGKNI-UHFFFAOYSA-N"
79329,"(2-Chloro-6-methylphenoxy)acetic acid",200.024017,"C9H9ClO3","Cc1cccc(c1OCC(=O)O)Cl","InChI=1S/C9H9ClO3/c1-6-3-2-4-7(10)9(6)13-5-8(11)12/h2-4H,5H2,1H3,(H,11,12)","WHLKFTSLSDHFMU-UHFFFAOYSA-N"
83617,"Methyl (3-chloro-4-hydroxyphenyl)acetate",200.024017,"C9H9ClO3","COC(=O)Cc1ccc(c(c1)Cl)O","InChI=1S/C9H9ClO3/c1-13-9(12)5-6-2-3-8(11)7(10)4-6/h2-4,11H,5H2,1H3","ACBFEXJHCINJDS-UHFFFAOYSA-N"
86385,"(4-Chloro-3-methylphenoxy)acetic acid",200.024017,"C9H9ClO3","Cc1cc(ccc1Cl)OCC(=O)O","InChI=1S/C9H9ClO3/c1-6-4-7(2-3-8(6)10)13-5-9(11)12/h2-4H,5H2,1H3,(H,11,12)","FBGYNJKXMKWETB-UHFFFAOYSA-N"
86909,"Methyl (4-chlorophenoxy)acetate",200.024017,"C9H9ClO3","COC(=O)COc1ccc(cc1)Cl","InChI=1S/C9H9ClO3/c1-12-9(11)6-13-8-4-2-7(10)3-5-8/h2-5H,6H2,1H3","OSGZHKYFZSNKRI-UHFFFAOYSA-N"
105975,"Methyl 5-chloro-2-methoxybenzoate",200.024017,"C9H9ClO3","COc1ccc(cc1C(=O)OC)Cl","InChI=1S/C9H9ClO3/c1-12-8-4-3-6(10)5-7(8)9(11)13-2/h3-5H,1-2H3","HPTHYBXMNNGQEF-UHFFFAOYSA-N"
106645,"2-Methoxy-4H-1,3,2-benzodioxaphosphinine 2-oxide",200.023849,"C8H9O4P","COP1(=O)OCc2ccccc2O1","InChI=1S/C8H9O4P/c1-10-13(9)11-6-7-4-2-3-5-8(7)12-13/h2-5H,6H2,1H3","OIULAULHYHSZIN-UHFFFAOYSA-N"
110065,"Methyl3-chloro-4-methoxybenzoate",200.024017,"C9H9ClO3","COc1ccc(cc1Cl)C(=O)OC","InChI=1S/C9H9ClO3/c1-12-8-4-3-6(5-7(8)10)9(11)13-2/h3-5H,1-2H3","PINQDVFQCCFACD-UHFFFAOYSA-N"
123609,"Fluorodinitrophenylmethane",200.023331,"C7H5FN2O4","c1ccc(cc1)C([N+](=O)[O-])([N+](=O)[O-])F","InChI=1S/C7H5FN2O4/c8-7(9(11)12,10(13)14)6-4-2-1-3-5-6/h1-5H","NPRRCIKUIFRPTB-UHFFFAOYSA-N"
136775,"1-(2-Chloro-4-hydroxy-5-methoxyphenyl)ethanone",200.024017,"C9H9ClO3","CC(=O)c1cc(c(cc1Cl)O)OC","InChI=1S/C9H9ClO3/c1-5(11)6-3-9(13-2)8(12)4-7(6)10/h3-4,12H,1-2H3","GETMWOHVBMTRAM-UHFFFAOYSA-N"
154887,"1-(2-Chloro-4-hydroxy-3-methoxyphenyl)ethanone",200.024017,"C9H9ClO3","CC(=O)c1ccc(c(c1Cl)OC)O","InChI=1S/C9H9ClO3/c1-5(11)6-3-4-7(12)9(13-2)8(6)10/h3-4,12H,1-2H3","SIDFBARFEDLRPV-UHFFFAOYSA-N"
164547,"1-(3-Chloro-4-hydroxy-5-methoxyphenyl)ethanone",200.024017,"C9H9ClO3","CC(=O)c1cc(c(c(c1)Cl)O)OC","InChI=1S/C9H9ClO3/c1-5(11)6-3-7(10)9(12)8(4-6)13-2/h3-4,12H,1-2H3","UWYLEXOXSSAQDU-UHFFFAOYSA-N"
204026,"(7-Chloro-2,3-dihydro-1,4-benzodioxin-2-yl)methanol",200.024017,"C9H9ClO3","c1cc2c(cc1Cl)OC(CO2)CO","InChI=1S/C9H9ClO3/c10-6-1-2-8-9(3-6)13-7(4-11)5-12-8/h1-3,7,11H,4-5H2","UAPKPWQRKCZUEU-UHFFFAOYSA-N"
204027,"(6-Chloro-2,3-dihydro-1,4-benzodioxin-2-yl)methanol",200.024017,"C9H9ClO3","c1cc2c(cc1Cl)OCC(O2)CO","InChI=1S/C9H9ClO3/c10-6-1-2-8-9(3-6)12-5-7(4-11)13-8/h1-3,7,11H,4-5H2","LJINDSYFYHYUEU-UHFFFAOYSA-N"
209710,"3-Chloro-4,5-dimethoxybenzaldehyde",200.024017,"C9H9ClO3","COc1cc(cc(c1OC)Cl)C=O","InChI=1S/C9H9ClO3/c1-12-8-4-6(5-11)3-7(10)9(8)13-2/h3-5H,1-2H3","AMZCHEDPEAQEMC-UHFFFAOYSA-N"
211704,"2-Chloro-1-(4-hydroxy-3-methoxyphenyl)ethanone",200.024017,"C9H9ClO3","COc1cc(ccc1O)C(=O)CCl","InChI=1S/C9H9ClO3/c1-13-9-4-6(8(12)5-10)2-3-7(9)11/h2-4,11H,5H2,1H3","ZYISHMORGJQMEO-UHFFFAOYSA-N"
211710,"Chloromethyl 4-methoxybenzoate",200.024017,"C9H9ClO3","COc1ccc(cc1)C(=O)OCCl","InChI=1S/C9H9ClO3/c1-12-8-4-2-7(3-5-8)9(11)13-6-10/h2-5H,6H2,1H3","QMOBAVCASHSTEK-UHFFFAOYSA-N"
214584,"1-(3-Chloro-2-hydroxy-4-methoxyphenyl)ethanone",200.024017,"C9H9ClO3","CC(=O)c1ccc(c(c1O)Cl)OC","InChI=1S/C9H9ClO3/c1-5(11)6-3-4-7(13-2)8(10)9(6)12/h3-4,12H,1-2H3","OEMBNCDQWQVSPG-UHFFFAOYSA-N"
217440,"(2-Chloro-4-methylphenoxy)acetic acid",200.024017,"C9H9ClO3","Cc1ccc(c(c1)Cl)OCC(=O)O","InChI=1S/C9H9ClO3/c1-6-2-3-8(7(10)4-6)13-5-9(11)12/h2-4H,5H2,1H3,(H,11,12)","PNTSMIMYOILILJ-UHFFFAOYSA-N"
217441,"Methyl (2-chlorophenoxy)acetate",200.024017,"C9H9ClO3","COC(=O)COc1ccccc1Cl","InChI=1S/C9H9ClO3/c1-12-9(11)6-13-8-5-3-2-4-7(8)10/h2-5H,6H2,1H3","YYIVSMALRQWADH-UHFFFAOYSA-N"
220103,"(2-chlorophenyl) ethyl carbonate",200.024017,"C9H9ClO3","CCOC(=O)Oc1ccccc1Cl","InChI=1S/C9H9ClO3/c1-2-12-9(11)13-8-6-4-3-5-7(8)10/h3-6H,2H2,1H3","QRZPLIREDJPIHE-UHFFFAOYSA-N"
245797,"4-acetylphenylphosphonic acid",200.023849,"C8H9O4P","CC(=O)c1ccc(cc1)P(=O)(O)O","InChI=1S/C8H9O4P/c1-6(9)7-2-4-8(5-3-7)13(10,11)12/h2-5H,1H3,(H2,10,11,12)","MPKCXSCJGCSUQD-UHFFFAOYSA-N"
245957,"2-Chloro-4,5-dimethoxybenzaldehyde",200.024017,"C9H9ClO3","COc1cc(c(cc1OC)Cl)C=O","InChI=1S/C9H9ClO3/c1-12-8-3-6(5-11)7(10)4-9(8)13-2/h3-5H,1-2H3","KTLBJNXLHDMIRZ-UHFFFAOYSA-N"
248954,"5-(Chloromethyl)-2-methoxybenzoic acid",200.024017,"C9H9ClO3","COc1ccc(cc1C(=O)O)CCl","InChI=1S/C9H9ClO3/c1-13-8-3-2-6(5-10)4-7(8)9(11)12/h2-4H,5H2,1H3,(H,11,12)","LXSPNZGYCRQFSD-UHFFFAOYSA-N"
257348,"2-Chloro-1-(2,4-dihydroxy-3-methylphenyl)ethanone",200.024017,"C9H9ClO3","Cc1c(ccc(c1O)C(=O)CCl)O","InChI=1S/C9H9ClO3/c1-5-7(11)3-2-6(9(5)13)8(12)4-10/h2-3,11,13H,4H2,1H3","ZRZLXGQTJQSYLM-UHFFFAOYSA-N"
263244,"2-Methoxyphenyl chloroacetate",200.024017,"C9H9ClO3","COc1ccccc1OC(=O)CCl","InChI=1S/C9H9ClO3/c1-12-7-4-2-3-5-8(7)13-9(11)6-10/h2-5H,6H2,1H3","YDXLYDCERZODMZ-UHFFFAOYSA-N"
270567,"Ethyl 5-chlorosalicylate",200.024017,"C9H9ClO3","CCOC(=O)c1cc(ccc1O)Cl","InChI=1S/C9H9ClO3/c1-2-13-9(12)7-5-6(10)3-4-8(7)11/h3-5,11H,2H2,1H3","ATMSMRINTOGATK-UHFFFAOYSA-N"
289650,"Methyl 4-chloro-2-methoxybenzoate",200.024017,"C9H9ClO3","COc1cc(ccc1C(=O)OC)Cl","InChI=1S/C9H9ClO3/c1-12-8-5-6(10)3-4-7(8)9(11)13-2/h3-5H,1-2H3","UTEXPQWKBMXWJD-UHFFFAOYSA-N"
310345,"4-Chlorophenyl ethyl carbonate",200.024017,"C9H9ClO3","CCOC(=O)Oc1ccc(cc1)Cl","InChI=1S/C9H9ClO3/c1-2-12-9(11)13-8-5-3-7(10)4-6-8/h3-6H,2H2,1H3","YVZRSAKDPDOUPK-UHFFFAOYSA-N"
312554,"[(4-Chlorobenzyl)oxy]acetic acid",200.024017,"C9H9ClO3","c1cc(ccc1COCC(=O)O)Cl","InChI=1S/C9H9ClO3/c10-8-3-1-7(2-4-8)5-13-6-9(11)12/h1-4H,5-6H2,(H,11,12)","FOMOXGLITYUIRE-UHFFFAOYSA-N"
369107,"(3-Chlorophenyl)(methoxy)acetic acid",200.024017,"C9H9ClO3","COC(c1cccc(c1)Cl)C(=O)O","InChI=1S/C9H9ClO3/c1-13-8(9(11)12)6-3-2-4-7(10)5-6/h2-5,8H,1H3,(H,11,12)","MBAJSMKLHBYGHS-UHFFFAOYSA-N"
377462,"(4-Chlorophenyl)(methoxy)acetic acid",200.024017,"C9H9ClO3","COC(c1ccc(cc1)Cl)C(=O)O","InChI=1S/C9H9ClO3/c1-13-8(9(11)12)6-2-4-7(10)5-3-6/h2-5,8H,1H3,(H,11,12)","OFASTQPKCTUSPZ-UHFFFAOYSA-N"
448585,"[Hydroxy(phenyl)phosphoryl]acetic acid",200.023849,"C8H9O4P","c1ccc(cc1)P(=O)(CC(=O)O)O","InChI=1S/C8H9O4P/c9-8(10)6-13(11,12)7-4-2-1-3-5-7/h1-5H,6H2,(H,9,10)(H,11,12)","FGALVVBOIVDPLP-UHFFFAOYSA-N"
454189,"Toluene, 3-fluoro-4,6-dinitro-",200.023331,"C7H5FN2O4","Cc1cc(c(cc1[N+](=O)[O-])[N+](=O)[O-])F","InChI=1S/C7H5FN2O4/c1-4-2-5(8)7(10(13)14)3-6(4)9(11)12/h2-3H,1H3","CMIMRMOSIVTUAA-UHFFFAOYSA-N"
463834,"4-Methoxyphenyl chloroacetate",200.024017,"C9H9ClO3","COc1ccc(cc1)OC(=O)CCl","InChI=1S/C9H9ClO3/c1-12-7-2-4-8(5-3-7)13-9(11)6-10/h2-5H,6H2,1H3","CWZUOZZTNYZVSQ-UHFFFAOYSA-N"
472112,"2-Chlorophenyl methoxyacetate",200.024017,"C9H9ClO3","COCC(=O)Oc1ccccc1Cl","InChI=1S/C9H9ClO3/c1-12-6-9(11)13-8-5-3-2-4-7(8)10/h2-5H,6H2,1H3","NCQADCTZBYXIEX-UHFFFAOYSA-N"
497363,"Chloromethyl 4-methylphenyl carbonate",200.024017,"C9H9ClO3","Cc1ccc(cc1)OC(=O)OCCl","InChI=1S/C9H9ClO3/c1-7-2-4-8(5-3-7)13-9(11)12-6-10/h2-5H,6H2,1H3","JIJGAYFHLLWZJM-UHFFFAOYSA-N"
502680,"2-(2-Chloroethoxy)-1,3-benzodioxole",200.024017,"C9H9ClO3","c1ccc2c(c1)OC(O2)OCCCl","InChI=1S/C9H9ClO3/c10-5-6-11-9-12-7-3-1-2-4-8(7)13-9/h1-4,9H,5-6H2","BJWDMGOYSCRLOL-UHFFFAOYSA-N"
629370,"3-Chloro-4-ethoxybenzoic acid",200.024017,"C9H9ClO3","CCOc1ccc(cc1Cl)C(=O)O","InChI=1S/C9H9ClO3/c1-2-13-8-4-3-6(9(11)12)5-7(8)10/h3-5H,2H2,1H3,(H,11,12)","VGMJYTDQPWANJQ-UHFFFAOYSA-N"
643200,"(2S)-2-(2-Chlorophenoxy)propanoic acid",200.024017,"C9H9ClO3","C[C@@H](C(=O)O)Oc1ccccc1Cl","InChI=1S/C9H9ClO3/c1-6(9(11)12)13-8-5-3-2-4-7(8)10/h2-6H,1H3,(H,11,12)/t6-/m0/s1","ZGWNXHRVUJVMCP-LURJTMIESA-N"
643201,"(2R)-2-(2-Chlorophenoxy)propanoic acid",200.024017,"C9H9ClO3","C[C@H](C(=O)O)Oc1ccccc1Cl","InChI=1S/C9H9ClO3/c1-6(9(11)12)13-8-5-3-2-4-7(8)10/h2-6H,1H3,(H,11,12)/t6-/m1/s1","ZGWNXHRVUJVMCP-ZCFIWIBFSA-N"
643202,"(2S)-2-(3-Chlorophenoxy)propanoic acid",200.024017,"C9H9ClO3","C[C@@H](C(=O)O)Oc1cccc(c1)Cl","InChI=1S/C9H9ClO3/c1-6(9(11)12)13-8-4-2-3-7(10)5-8/h2-6H,1H3,(H,11,12)/t6-/m0/s1","YNTJKQDWYXUTLZ-LURJTMIESA-N"
643203,"(2R)-2-(3-Chlorophenoxy)propanoic acid",200.024017,"C9H9ClO3","C[C@H](C(=O)O)Oc1cccc(c1)Cl","InChI=1S/C9H9ClO3/c1-6(9(11)12)13-8-4-2-3-7(10)5-8/h2-6H,1H3,(H,11,12)/t6-/m1/s1","YNTJKQDWYXUTLZ-ZCFIWIBFSA-N"
643211,"(2R)-2-(4-Chlorophenoxy)propanoic acid",200.024017,"C9H9ClO3","C[C@H](C(=O)O)Oc1ccc(cc1)Cl","InChI=1S/C9H9ClO3/c1-6(9(11)12)13-8-4-2-7(10)3-5-8/h2-6H,1H3,(H,11,12)/t6-/m1/s1","DKHJWWRYTONYHB-ZCFIWIBFSA-N"
643212,"(2S)-2-(4-Chlorophenoxy)propanoic acid",200.024017,"C9H9ClO3","C[C@@H](C(=O)O)Oc1ccc(cc1)Cl","InChI=1S/C9H9ClO3/c1-6(9(11)12)13-8-4-2-7(10)3-5-8/h2-6H,1H3,(H,11,12)/t6-/m0/s1","DKHJWWRYTONYHB-LURJTMIESA-N"
652905,"3,4-Dihydro-2H-1,5,3-benzodioxaphosphepin-3-ol 3-oxide",200.023849,"C8H9O4P","c1ccc2c(c1)OCP(=O)(CO2)O","InChI=1S/C8H9O4P/c9-13(10)5-11-7-3-1-2-4-8(7)12-6-13/h1-4H,5-6H2,(H,9,10)","TUTPVENANPCZMJ-UHFFFAOYSA-N"
715169,"3-Chloromethoxy-4-methoxy-benzaldehyde",200.024017,"C9H9ClO3","COc1ccc(cc1OCCl)C=O","InChI=1S/C9H9ClO3/c1-12-8-3-2-7(5-11)4-9(8)13-6-10/h2-5H,6H2,1H3","AAUACJYYCWDBKV-UHFFFAOYSA-N"
742078,"4-Chlorophenyl methoxyacetate",200.024017,"C9H9ClO3","COCC(=O)Oc1ccc(cc1)Cl","InChI=1S/C9H9ClO3/c1-12-6-9(11)13-8-4-2-7(10)3-5-8/h2-5H,6H2,1H3","KTBCUWBTDASOFS-UHFFFAOYSA-N"
769195,"5-Chloro-2-hydroxybenzyl acetate",200.024017,"C9H9ClO3","CC(=O)OCc1cc(ccc1O)Cl","InChI=1S/C9H9ClO3/c1-6(11)13-5-7-4-8(10)2-3-9(7)12/h2-4,12H,5H2,1H3","ZOLRKJXYXXJISC-UHFFFAOYSA-N"
778539,"2-Chloro-5-ethoxy-4-hydroxybenzaldehyde",200.024017,"C9H9ClO3","CCOc1cc(c(cc1O)Cl)C=O","InChI=1S/C9H9ClO3/c1-2-13-9-3-6(5-11)7(10)4-8(9)12/h3-5,12H,2H2,1H3","NAPMZRRXHMAKEP-UHFFFAOYSA-N"
963467,"3-Methoxyphenyl chloroacetate",200.024017,"C9H9ClO3","COc1cccc(c1)OC(=O)CCl","InChI=1S/C9H9ClO3/c1-12-7-3-2-4-8(5-7)13-9(11)6-10/h2-5H,6H2,1H3","RNFSHCWBBKNFNR-UHFFFAOYSA-N"
1238290,"(5-Chloro-2-methoxyphenyl)acetic acid",200.024017,"C9H9ClO3","COc1ccc(cc1CC(=O)O)Cl","InChI=1S/C9H9ClO3/c1-13-8-3-2-7(10)4-6(8)5-9(11)12/h2-4H,5H2,1H3,(H,11,12)","KEUMRDNHQQLLKV-UHFFFAOYSA-N"
1553107,"(2-Chloro-5-methylphenoxy)acetic acid",200.024017,"C9H9ClO3","Cc1ccc(c(c1)OCC(=O)O)Cl","InChI=1S/C9H9ClO3/c1-6-2-3-7(10)8(4-6)13-5-9(11)12/h2-4H,5H2,1H3,(H,11,12)","JEJIBWJTYHKGFO-UHFFFAOYSA-N"
1554503,"3-Chloro-5-ethoxy-4-hydroxybenzaldehyde",200.024017,"C9H9ClO3","CCOc1cc(cc(c1O)Cl)C=O","InChI=1S/C9H9ClO3/c1-2-13-8-4-6(5-11)3-7(10)9(8)12/h3-5,12H,2H2,1H3","HXWPHQVLVFUYLR-UHFFFAOYSA-N"
2016463,"2,4-DIMETHOXYBENZOYL CHLORIDE",200.024017,"C9H9ClO3","COc1ccc(c(c1)OC)C(=O)Cl","InChI=1S/C9H9ClO3/c1-12-6-3-4-7(9(10)11)8(5-6)13-2/h3-5H,1-2H3","KVIUXRJCBBXEGJ-UHFFFAOYSA-N"
2039151,"2,3-Dimethoxybenzoyl chloride",200.024017,"C9H9ClO3","COc1cccc(c1OC)C(=O)Cl","InChI=1S/C9H9ClO3/c1-12-7-5-3-4-6(9(10)11)8(7)13-2/h3-5H,1-2H3","JQNBCSPQVSUBSR-UHFFFAOYSA-N"
2049913,"3-(Chloromethyl)-4-hydroxy-5-methoxybenzaldehyde",200.024017,"C9H9ClO3","COc1cc(cc(c1O)CCl)C=O","InChI=1S/C9H9ClO3/c1-13-8-3-6(5-11)2-7(4-10)9(8)12/h2-3,5,12H,4H2,1H3","LNACAWAKOKCCKX-UHFFFAOYSA-N"
2096417,"(3-Chloro-4-methylphenoxy)acetic acid",200.024017,"C9H9ClO3","Cc1ccc(cc1Cl)OCC(=O)O","InChI=1S/C9H9ClO3/c1-6-2-3-7(4-8(6)10)13-5-9(11)12/h2-4H,5H2,1H3,(H,11,12)","SJYYKYLTOMNRHA-UHFFFAOYSA-N"
2283792,"2-Phenoxyethyl carbonochloridate",200.024017,"C9H9ClO3","c1ccc(cc1)OCCOC(=O)Cl","InChI=1S/C9H9ClO3/c10-9(11)13-7-6-12-8-4-2-1-3-5-8/h1-5H,6-7H2","GQGPDDREGSRIRX-UHFFFAOYSA-N"
2286149,"1-Phenylvinyl dihydrogen phosphate",200.023849,"C8H9O4P","C=C(c1ccccc1)OP(=O)(O)O","InChI=1S/C8H9O4P/c1-7(12-13(9,10)11)8-5-3-2-4-6-8/h2-6H,1H2,(H2,9,10,11)","AAGAISPOTYWQIV-UHFFFAOYSA-N"
2380321,"(2-Methoxyphenoxy)acetyl chloride",200.024017,"C9H9ClO3","COc1ccccc1OCC(=O)Cl","InChI=1S/C9H9ClO3/c1-12-7-4-2-3-5-8(7)13-6-9(10)11/h2-5H,6H2,1H3","VWVRTVRGLRSWEQ-UHFFFAOYSA-N"
2380322,"(4-Methoxyphenoxy)acetyl chloride",200.024017,"C9H9ClO3","COc1ccc(cc1)OCC(=O)Cl","InChI=1S/C9H9ClO3/c1-12-7-2-4-8(5-3-7)13-6-9(10)11/h2-5H,6H2,1H3","JVXJGLIGBHCEDP-UHFFFAOYSA-N"
2832303,"1-(5-Chloro-2,4-dihydroxyphenyl)-1-propanone",200.024017,"C9H9ClO3","CCC(=O)c1cc(c(cc1O)O)Cl","InChI=1S/C9H9ClO3/c1-2-7(11)5-3-6(10)9(13)4-8(5)12/h3-4,12-13H,2H2,1H3","IWXKCDOEEOKRSN-UHFFFAOYSA-N"
2928028,"(2-Oxo-2-phenylethyl)phosphonic acid",200.023849,"C8H9O4P","c1ccc(cc1)C(=O)CP(=O)(O)O","InChI=1S/C8H9O4P/c9-8(6-13(10,11)12)7-4-2-1-3-5-7/h1-5H,6H2,(H2,10,11,12)","OTJLUSCKEQAWFT-UHFFFAOYSA-N"
3090008,"2-Chloro-4,6-dimehoxybenzaldehyde",200.024017,"C9H9ClO3","COc1cc(c(c(c1)Cl)C=O)OC","InChI=1S/C9H9ClO3/c1-12-6-3-8(10)7(5-11)9(4-6)13-2/h3-5H,1-2H3","WNIGZICIZZIUER-UHFFFAOYSA-N"
3383666,"5-Chloro-2,3-dimethoxybenzaldehyde",200.024017,"C9H9ClO3","COc1cc(cc(c1OC)C=O)Cl","InChI=1S/C9H9ClO3/c1-12-8-4-7(10)3-6(5-11)9(8)13-2/h3-5H,1-2H3","FIRVUYUWCDJOMJ-UHFFFAOYSA-N"
3418986,"2-Chloro-4-methoxyphenylacetic acid",200.024017,"C9H9ClO3","COc1ccc(c(c1)Cl)CC(=O)O","InChI=1S/C9H9ClO3/c1-13-7-3-2-6(4-9(11)12)8(10)5-7/h2-3,5H,4H2,1H3,(H,11,12)","KINVBFAPQYQPTG-UHFFFAOYSA-N"
3637428,"3-Chloro-2-methoxy-5-methylbenzoic acid",200.024017,"C9H9ClO3","Cc1cc(c(c(c1)Cl)OC)C(=O)O","InChI=1S/C9H9ClO3/c1-5-3-6(9(11)12)8(13-2)7(10)4-5/h3-4H,1-2H3,(H,11,12)","OANBHFLWAQZFBC-UHFFFAOYSA-N"
3740389,"1-[5-Chloro-2-hydroxy-3-(hydroxymethyl)phenyl]ethanone",200.024017,"C9H9ClO3","CC(=O)c1cc(cc(c1O)CO)Cl","InChI=1S/C9H9ClO3/c1-5(12)8-3-7(10)2-6(4-11)9(8)13/h2-3,11,13H,4H2,1H3","AYFUZZLPRZWMPM-UHFFFAOYSA-N"
3841557,"2-Chloro-1-(2-hydroxy-4-methoxyphenyl)ethanone",200.024017,"C9H9ClO3","COc1ccc(c(c1)O)C(=O)CCl","InChI=1S/C9H9ClO3/c1-13-6-2-3-7(8(11)4-6)9(12)5-10/h2-4,11H,5H2,1H3","BTWDXOZPMSQGQE-UHFFFAOYSA-N"
3869791,"(3-Chloro-4-methoxyphenyl)acetic acid",200.024017,"C9H9ClO3","COc1ccc(cc1Cl)CC(=O)O","InChI=1S/C9H9ClO3/c1-13-8-3-2-6(4-7(8)10)5-9(11)12/h2-4H,5H2,1H3,(H,11,12)","OARWXDXELDVNOC-UHFFFAOYSA-N"
4143417,"(8-Chloro-2,3-dihydro-1,4-benzodioxin-6-yl)methanol",200.024017,"C9H9ClO3","c1c(cc(c2c1OCCO2)Cl)CO","InChI=1S/C9H9ClO3/c10-7-3-6(5-11)4-8-9(7)13-2-1-12-8/h3-4,11H,1-2,5H2","NZTJZGZSCQLALN-UHFFFAOYSA-N"
4274220,"5-Chloro-2-ethoxybenzoic acid",200.024017,"C9H9ClO3","CCOc1ccc(cc1C(=O)O)Cl","InChI=1S/C9H9ClO3/c1-2-13-8-4-3-6(10)5-7(8)9(11)12/h3-5H,2H2,1H3,(H,11,12)","IVXINMFQXFEZGO-UHFFFAOYSA-N"
4324087,"5-Chloro-3-ethoxy-2-hydroxybenzaldehyde",200.024017,"C9H9ClO3","CCOc1cc(cc(c1O)C=O)Cl","InChI=1S/C9H9ClO3/c1-2-13-8-4-7(10)3-6(5-11)9(8)12/h3-5,12H,2H2,1H3","NMRAFMVJEYGQEM-UHFFFAOYSA-N"
4417648,"Methyl 6-chloro-7-oxobicyclo[3.2.0]hept-3-ene-6-carboxylate",200.024017,"C9H9ClO3","COC(=O)C1(C2C=CCC2C1=O)Cl","InChI=1S/C9H9ClO3/c1-13-8(12)9(10)6-4-2-3-5(6)7(9)11/h2,4-6H,3H2,1H3","AMCJSEJDPRSNFI-UHFFFAOYSA-N"
4896194,"3,5-Dimethylphenyl phosphate",200.024948,"C8H9O4P","Cc1cc(cc(c1)OP(=O)([O-])[O-])C","InChI=1S/C8H11O4P/c1-6-3-7(2)5-8(4-6)12-13(9,10)11/h3-5H,1-2H3,(H2,9,10,11)/p-2","AFQJYYPIAZDTHT-UHFFFAOYSA-L"
5369402,"(4-Ethoxyphenyl)phosphonate",200.024948,"C8H9O4P","[O-]P([O-])(=O)c1ccc(OCC)cc1","InChI=1S/C8H11O4P/c1-2-12-7-3-5-8(6-4-7)13(9,10)11/h3-6H,2H2,1H3,(H2,9,10,11)/p-2","ORUZLAKPEKBACC-UHFFFAOYSA-L"
5384255,"(4-Methoxybenzyl)phosphonate",200.024948,"C8H9O4P","[O-]P([O-])(=O)Cc1ccc(OC)cc1","InChI=1S/C8H11O4P/c1-12-8-4-2-7(3-5-8)6-13(9,10)11/h2-5H,6H2,1H3,(H2,9,10,11)/p-2","XUAVFSMXCWTYNM-UHFFFAOYSA-L"
5401717,"[(2-Chloro-6-methyl-4-pyrimidinyl)amino]acetate",200.023224,"C7H7ClN3O2","Clc1nc(cc(n1)NCC([O-])=O)C","InChI=1S/C7H8ClN3O2/c1-4-2-5(9-3-6(12)13)11-7(8)10-4/h2H,3H2,1H3,(H,12,13)(H,9,10,11)/p-1","PSFJOEGZCTYCGD-UHFFFAOYSA-M"
8012797,"Benzoyl hydrogen methylphosphonate",200.023849,"C8H9O4P","O=C(OP(=O)(O)C)c1ccccc1","InChI=1S/C8H9O4P/c1-13(10,11)12-8(9)7-5-3-2-4-6-7/h2-6H,1H3,(H,10,11)","ARAUKJVOBLTAEW-UHFFFAOYSA-N"
8013123,"(Phenylacetyl)phosphonic acid",200.023849,"C8H9O4P","O=P(O)(O)C(=O)Cc1ccccc1","InChI=1S/C8H9O4P/c9-8(13(10,11)12)6-7-4-2-1-3-5-7/h1-5H,6H2,(H2,10,11,12)","HKSPESBFWPBYLK-UHFFFAOYSA-N"
8188617,"2-(4-Chlorophenyl)-2-hydroxypropanoic acid",200.024017,"C9H9ClO3","CC(C1=CC=C(C=C1)Cl)(C(=O)O)O","InChI=1S/C9H9ClO3/c1-9(13,8(11)12)6-2-4-7(10)5-3-6/h2-5,13H,1H3,(H,11,12)","CUDDZZCNPJYPBF-UHFFFAOYSA-N"
8352078,"(1S)-1-(1,3-Benzodioxol-5-yl)-2-chloroethanol",200.024017,"C9H9ClO3","ClC[C@@H](O)c1ccc2OCOc2c1","InChI=1S/C9H9ClO3/c10-4-7(11)6-1-2-8-9(3-6)13-5-12-8/h1-3,7,11H,4-5H2/t7-/m1/s1","YWPJZZBYTIRESV-SSDOTTSWSA-N"
8417397,"Methyl 3-chloro-5-hydroxy-4-methylbenzoate",200.024017,"C9H9ClO3","Clc1cc(cc(O)c1C)C(=O)OC","InChI=1S/C9H9ClO3/c1-5-7(10)3-6(4-8(5)11)9(12)13-2/h3-4,11H,1-2H3","NWFZDTNXHPBQNP-UHFFFAOYSA-N"
8437687,"Methyl 2-chloro-3-methoxybenzoate",200.024017,"C9H9ClO3","Clc1c(cccc1OC)C(=O)OC","InChI=1S/C9H9ClO3/c1-12-7-5-3-4-6(8(7)10)9(11)13-2/h3-5H,1-2H3","ALVQTYWDDKJEBE-UHFFFAOYSA-N"
8687650,"(2S)-2-(4-Chlorophenyl)-3-hydroxypropanoic acid",200.024017,"C9H9ClO3","Clc1ccc(cc1)[C@H](C(=O)O)CO","InChI=1S/C9H9ClO3/c10-7-3-1-6(2-4-7)8(5-11)9(12)13/h1-4,8,11H,5H2,(H,12,13)/t8-/m1/s1","CKIPXLZSJUHFDD-MRVPVSSYSA-N"
8807253,"(2R)-2-(4-Chlorophenyl)-3-hydroxypropanoic acid",200.024017,"C9H9ClO3","Clc1ccc(cc1)[C@@H](C(=O)O)CO","InChI=1S/C9H9ClO3/c10-7-3-1-6(2-4-7)8(5-11)9(12)13/h1-4,8,11H,5H2,(H,12,13)/t8-/m0/s1","CKIPXLZSJUHFDD-QMMMGPOBSA-N"
8902065,"4-Chloro-2-(methoxymethoxy)benzaldehyde",200.024017,"C9H9ClO3","O=Cc1c(OCOC)cc(Cl)cc1","InChI=1S/C9H9ClO3/c1-12-6-13-9-4-8(10)3-2-7(9)5-11/h2-5H,6H2,1H3","CTNYXHKYDFUEKY-UHFFFAOYSA-N"
8925892,"[(2R)-7-Chloro-2,3-dihydro-1,4-benzodioxin-2-yl]methanol",200.024017,"C9H9ClO3","Clc1ccc2OC[C@H](Oc2c1)CO","InChI=1S/C9H9ClO3/c10-6-1-2-8-9(3-6)13-7(4-11)5-12-8/h1-3,7,11H,4-5H2/t7-/m1/s1","UAPKPWQRKCZUEU-SSDOTTSWSA-N"
8973450,"Phosphorus(1+), hydroxy(4-hydroxy-4-piperidiniumyl)oxo-, chloride (1:1)",200.023788,"C5H12ClNO3P","[Cl-].O=[PH2+](O)C1(O)CC[NH2+]CC1","InChI=1S/C5H13NO3P.ClH/c7-5(10(8)9)1-3-6-4-2-5;/h6-7H,1-4,10H2,(H,8,9);1H/q+1;","HYOWPGLUCLPJRG-UHFFFAOYSA-N"
9053460,"Ethyl 3-chlorobenzenecarboperoxoate",200.024017,"C9H9ClO3","O=C(OOCC)c1cc(Cl)ccc1","InChI=1S/C9H9ClO3/c1-2-12-13-9(11)7-4-3-5-8(10)6-7/h3-6H,2H2,1H3","SEAKBEFTAVQEBH-UHFFFAOYSA-N"
9184145,"4-Chloro-2,5-dimethoxybenzaldehyde",200.024017,"C9H9ClO3","COC1=CC(=C(C=C1C=O)OC)Cl","InChI=1S/C9H9ClO3/c1-12-8-4-7(10)9(13-2)3-6(8)5-11/h3-5H,1-2H3","VWSPFJJLIGAHLK-UHFFFAOYSA-N"
9216951,"2-Hydroxyethyl 4-chlorobenzoate",200.024017,"C9H9ClO3","O=C(OCCO)c1ccc(Cl)cc1","InChI=1S/C9H9ClO3/c10-8-3-1-7(2-4-8)9(12)13-6-5-11/h1-4,11H,5-6H2","YLZFCJQZPPPBSZ-UHFFFAOYSA-N"
9216952,"(5-Chloro-2-methylphenyl)(hydroxy)acetic acid",200.024017,"C9H9ClO3","Clc1cc(c(cc1)C)C(O)C(=O)O","InChI=1S/C9H9ClO3/c1-5-2-3-6(10)4-7(5)8(11)9(12)13/h2-4,8,11H,1H3,(H,12,13)","GXHPUMNNTNLWPI-UHFFFAOYSA-N"
9302425,"3-Chloro-2,5-dimethoxybenzaldehyde",200.024017,"C9H9ClO3","Clc1cc(OC)cc(c1OC)C=O","InChI=1S/C9H9ClO3/c1-12-7-3-6(5-11)9(13-2)8(10)4-7/h3-5H,1-2H3","FLYNYGVIQIKEJX-UHFFFAOYSA-N"
9346743,"Methyl (2Z)-2-(chloromethyl)-3-(2-furyl)acrylate",200.024017,"C9H9ClO3","O=C(OC)\C(=C\c1occc1)CCl","InChI=1S/C9H9ClO3/c1-12-9(11)7(6-10)5-8-3-2-4-13-8/h2-5H,6H2,1H3/b7-5+","SJGCPAVIMFALGJ-FNORWQNLSA-N"
9358329,"1-Fluoro-2-methyl-3,4-dinitrobenzene",200.023331,"C7H5FN2O4","CC1=C(C=CC(=C1[N+](=O)[O-])[N+](=O)[O-])F","InChI=1S/C7H5FN2O4/c1-4-5(8)2-3-6(9(11)12)7(4)10(13)14/h2-3H,1H3","RIZQVBDXSQYWAE-UHFFFAOYSA-N"
9358342,"(2S)-3-(4-Chlorophenyl)-2-hydroxypropanoic acid",200.024017,"C9H9ClO3","C1=CC(=CC=C1C[C@@H](C(=O)O)O)Cl","InChI=1S/C9H9ClO3/c10-7-3-1-6(2-4-7)5-8(11)9(12)13/h1-4,8,11H,5H2,(H,12,13)/t8-/m0/s1","HWVHXAYPEXNZSZ-QMMMGPOBSA-N"
9358343,"Methyl (2S)-(2-chlorophenyl)(hydroxy)acetate",200.024017,"C9H9ClO3","Clc1ccccc1[C@H](O)C(=O)OC","InChI=1S/C9H9ClO3/c1-13-9(12)8(11)6-4-2-3-5-7(6)10/h2-5,8,11H,1H3/t8-/m0/s1","ZMPGBVQQIQSQED-QMMMGPOBSA-N"
9358344,"1-(5-Chloro-2-methoxyphenyl)-2-hydroxyethanone",200.024017,"C9H9ClO3","Clc1cc(c(OC)cc1)C(=O)CO","InChI=1S/C9H9ClO3/c1-13-9-3-2-6(10)4-7(9)8(12)5-11/h2-4,11H,5H2,1H3","QVFVBNGJADXHDN-UHFFFAOYSA-N"
9381492,"5,6-Dimethyl-1,3,2-benzodioxaphosphol-2-ol 2-oxide",200.023849,"C8H9O4P","O=P1(Oc2cc(c(cc2O1)C)C)O","InChI=1S/C8H9O4P/c1-5-3-7-8(4-6(5)2)12-13(9,10)11-7/h3-4H,1-2H3,(H,9,10)","ZLGDLFYAIUJDJZ-UHFFFAOYSA-N"
9439132,"1-(3-Chloro-2-hydroxy-5-methoxyphenyl)ethanone",200.024017,"C9H9ClO3","Clc1cc(OC)cc(C(=O)C)c1O","InChI=1S/C9H9ClO3/c1-5(11)7-3-6(13-2)4-8(10)9(7)12/h3-4,12H,1-2H3","BCPZFNZWDMYMJN-UHFFFAOYSA-N"
9462491,"2-Chloro-3-phenoxypropanoic acid",200.024017,"C9H9ClO3","O=C(O)C(Cl)COc1ccccc1","InChI=1S/C9H9ClO3/c10-8(9(11)12)6-13-7-4-2-1-3-5-7/h1-5,8H,6H2,(H,11,12)","AXRYZFBFJQXCSR-UHFFFAOYSA-N"
9473568,"4-Chlorobenzyl methyl carbonate",200.024017,"C9H9ClO3","Clc1ccc(cc1)COC(=O)OC","InChI=1S/C9H9ClO3/c1-12-9(11)13-6-7-2-4-8(10)5-3-7/h2-5H,6H2,1H3","JLEUPPZOMCVVAG-UHFFFAOYSA-N"
9496555,"methyl 2-chloromandelate",200.024017,"C9H9ClO3","COC(=O)C(C1=CC=CC=C1Cl)O","InChI=1S/C9H9ClO3/c1-13-9(12)8(11)6-4-2-3-5-7(6)10/h2-5,8,11H,1H3","ZMPGBVQQIQSQED-UHFFFAOYSA-N"
9508061,"Dimethyl (2-furylethynyl)phosphonate",200.023849,"C8H9O4P","COP(=O)(C#CC1=CC=CO1)OC","InChI=1S/C8H9O4P/c1-10-13(9,11-2)7-5-8-4-3-6-12-8/h3-4,6H,1-2H3","AUVVXEPOHGVMGI-UHFFFAOYSA-N"
9564939,"3-(4-Chlorophenyl)-3-hydroxypropanoic acid",200.024017,"C9H9ClO3","Clc1ccc(cc1)C(O)CC(=O)O","InChI=1S/C9H9ClO3/c10-7-3-1-6(2-4-7)8(11)5-9(12)13/h1-4,8,11H,5H2,(H,12,13)","NRRQHJBZRHOVAO-UHFFFAOYSA-N"
9633156,"2-Chloro-4-methoxy-3-methylbenzoic acid",200.024017,"C9H9ClO3","Clc1c(ccc(OC)c1C)C(=O)O","InChI=1S/C9H9ClO3/c1-5-7(13-2)4-3-6(8(5)10)9(11)12/h3-4H,1-2H3,(H,11,12)","YWGWQHLSYJBRCB-UHFFFAOYSA-N"
9633157,"(2S,3R)-2-Chloro-3-hydroxy-3-phenylpropanoic acid",200.024017,"C9H9ClO3","O=C(O)[C@@H](Cl)[C@H](O)c1ccccc1","InChI=1S/C9H9ClO3/c10-7(9(12)13)8(11)6-4-2-1-3-5-6/h1-5,7-8,11H,(H,12,13)/t7-,8+/m0/s1","LRZMPDAFNQPNPR-JGVFFNPUSA-N"
9644553,"2-(Chloromethyl)-1,4-dioxaspiro[4.5]deca-6,9-dien-8-one",200.024017,"C9H9ClO3","O=C\2\C=C/C1(OCC(O1)CCl)/C=C/2","InChI=1S/C9H9ClO3/c10-5-8-6-12-9(13-8)3-1-7(11)2-4-9/h1-4,8H,5-6H2","CCUVRBUXBDATLG-UHFFFAOYSA-N"
9655904,"(3aS,7aS)-1-Oxo-1,4,7,7a-tetrahydro-2-benzofuran-3a(3H)-carbonyl chloride",200.024017,"C9H9ClO3","ClC(=O)[C@@]21C/C=C\C[C@@H]2C(=O)OC1","InChI=1S/C9H9ClO3/c10-8(12)9-4-2-1-3-6(9)7(11)13-5-9/h1-2,6H,3-5H2/t6-,9-/m1/s1","IYIHTWKKIOMKGT-HZGVNTEJSA-N"
9666934,"(3R)-3-(4-Chlorophenyl)-3-hydroxypropanoic acid",200.024017,"C9H9ClO3","Clc1ccc(cc1)[C@H](O)CC(=O)O","InChI=1S/C9H9ClO3/c10-7-3-1-6(2-4-7)8(11)5-9(12)13/h1-4,8,11H,5H2,(H,12,13)/t8-/m1/s1","NRRQHJBZRHOVAO-MRVPVSSYSA-N"
9732257,"(3R)-3-(3-Chlorophenyl)-3-hydroxypropanoic acid",200.024017,"C9H9ClO3","Clc1cc(ccc1)[C@H](O)CC(=O)O","InChI=1S/C9H9ClO3/c10-7-3-1-2-6(4-7)8(11)5-9(12)13/h1-4,8,11H,5H2,(H,12,13)/t8-/m1/s1","SUGIWOQOKKWXRH-MRVPVSSYSA-N"
9790121,"(3R)-3-(2-Chlorophenyl)-3-hydroxypropanoic acid",200.024017,"C9H9ClO3","Clc1ccccc1[C@H](O)CC(=O)O","InChI=1S/C9H9ClO3/c10-7-4-2-1-3-6(7)8(11)5-9(12)13/h1-4,8,11H,5H2,(H,12,13)/t8-/m1/s1","XDILSCIPACPCMZ-MRVPVSSYSA-N"
9797272,"2-(Chloromethyl)-2,3-dihydro-1,4-benzodioxin-2-ol",200.024017,"C9H9ClO3","ClCC1(O)Oc2ccccc2OC1","InChI=1S/C9H9ClO3/c10-5-9(11)6-12-7-3-1-2-4-8(7)13-9/h1-4,11H,5-6H2","WWXYYHGCTHSNEL-UHFFFAOYSA-N"
9964906,"Methyl (2R)-(2-chlorophenyl)(hydroxy)acetate",200.024017,"C9H9ClO3","COC(=O)[C@@H](C1=CC=CC=C1Cl)O","InChI=1S/C9H9ClO3/c1-13-9(12)8(11)6-4-2-3-5-7(6)10/h2-5,8,11H,1H3/t8-/m1/s1","ZMPGBVQQIQSQED-MRVPVSSYSA-N"
9980407,"3-Chloro-1-(2,4-dihydroxyphenyl)-1-propanone",200.024017,"C9H9ClO3","c1cc(c(cc1O)O)C(=O)CCCl","InChI=1S/C9H9ClO3/c10-4-3-8(12)7-2-1-6(11)5-9(7)13/h1-2,5,11,13H,3-4H2","XGKGPMSVQJJUEQ-UHFFFAOYSA-N"
9994741,"2-Ethoxy-1,3,2-benzodioxaphosphole 2-oxide",200.023849,"C8H9O4P","CCOP1(=O)Oc2ccccc2O1","InChI=1S/C8H9O4P/c1-2-10-13(9)11-7-5-3-4-6-8(7)12-13/h3-6H,2H2,1H3","FBJABOYDMBHVMO-UHFFFAOYSA-N"
9994777,"Methyl 2-chloro-4-hydroxy-3-methylbenzoate",200.024017,"C9H9ClO3","Cc1c(ccc(c1Cl)C(=O)OC)O","InChI=1S/C9H9ClO3/c1-5-7(11)4-3-6(8(5)10)9(12)13-2/h3-4,11H,1-2H3","OMGAVVGZUHDYAK-UHFFFAOYSA-N"
10148851,"(3S)-3-(2-Chlorophenyl)-3-hydroxypropanoic acid",200.024017,"C9H9ClO3","c1ccc(c(c1)[C@H](CC(=O)O)O)Cl","InChI=1S/C9H9ClO3/c10-7-4-2-1-3-6(7)8(11)5-9(12)13/h1-4,8,11H,5H2,(H,12,13)/t8-/m0/s1","XDILSCIPACPCMZ-QMMMGPOBSA-N"
10178994,"Ethyl 3-chloro-2-hydroxybenzoate",200.024017,"C9H9ClO3","CCOC(=O)c1cccc(c1O)Cl","InChI=1S/C9H9ClO3/c1-2-13-9(12)6-4-3-5-7(10)8(6)11/h3-5,11H,2H2,1H3","ODGDGWPLWHOHEP-UHFFFAOYSA-N"
10325960,"1,2,3,4-Tetrafluoronaphthalene",200.024918,"C10H4F4","c1ccc2c(c1)c(c(c(c2F)F)F)F","InChI=1S/C10H4F4/c11-7-5-3-1-2-4-6(5)8(12)10(14)9(7)13/h1-4H","CGGXKLYWOWJNIV-UHFFFAOYSA-N"
10328202,"1-Fluoro-2-methyl-3,5-dinitrobenzene",200.023331,"C7H5FN2O4","Cc1c(cc(cc1F)[N+](=O)[O-])[N+](=O)[O-]","InChI=1S/C7H5FN2O4/c1-4-6(8)2-5(9(11)12)3-7(4)10(13)14/h2-3H,1H3","JZFYAALVLGWFKH-UHFFFAOYSA-N"
10468840,"Ethyl 3-chloro-4-hydroxybenzoate",200.024017,"C9H9ClO3","Oc1ccc(cc1Cl)C(=O)OCC","InChI=1S/C9H9ClO3/c1-2-13-9(12)6-3-4-8(11)7(10)5-6/h3-5,11H,2H2,1H3","QBOWIPYEPOVPGR-UHFFFAOYSA-N"
10529417,"2-Methoxy-4-methylphenyl carbonochloridate",200.024017,"C9H9ClO3","COc1cc(C)ccc1OC(Cl)=O","InChI=1S/C9H9ClO3/c1-6-3-4-7(13-9(10)11)8(5-6)12-2/h3-5H,1-2H3","PKYAKNTYAMTBNX-UHFFFAOYSA-N"
10536308,"(3-Methoxyphenoxy)acetyl chloride",200.024017,"C9H9ClO3","COC1=CC(=CC=C1)OCC(=O)Cl","InChI=1S/C9H9ClO3/c1-12-7-3-2-4-8(5-7)13-6-9(10)11/h2-5H,6H2,1H3","TVVBVERHHKVWFG-UHFFFAOYSA-N"
10541697,"1-Fluoro-3-methyl-2,4-dinitrobenzene",200.023331,"C7H5FN2O4","O=[N+]([O-])c1c(C)c(ccc1F)[N+]([O-])=O","InChI=1S/C7H5FN2O4/c1-4-6(9(11)12)3-2-5(8)7(4)10(13)14/h2-3H,1H3","IOHLNVVIFNALMI-UHFFFAOYSA-N"
10547471,"1-(5-Chloro-2-hydroxyphenoxy)acetone",200.024017,"C9H9ClO3","Oc1ccc(Cl)cc1OCC(C)=O","InChI=1S/C9H9ClO3/c1-6(11)5-13-9-4-7(10)2-3-8(9)12/h2-4,12H,5H2,1H3","CRSAMCMNKDRTJU-UHFFFAOYSA-N"
10553689,"6-Chloro-2-methyl-2,3-dihydro-1,4-benzodioxin-2-ol",200.024017,"C9H9ClO3","Clc1ccc2OC(C)(O)COc2c1","InChI=1S/C9H9ClO3/c1-9(11)5-12-8-4-6(10)2-3-7(8)13-9/h2-4,11H,5H2,1H3","LDYOTOMVUPZTGT-UHFFFAOYSA-N"
10600373,"3-Chloro-4-hydroxy-6-methoxy-2-methylbenzaldehyde",200.024017,"C9H9ClO3","Oc1cc(OC)c(C=O)c(C)c1Cl","InChI=1S/C9H9ClO3/c1-5-6(4-11)8(13-2)3-7(12)9(5)10/h3-4,12H,1-2H3","BRWLUVRRAPRIJQ-UHFFFAOYSA-N"
10600388,"3-Chloro-2-hydroxy-6-methoxy-4-methylbenzaldehyde",200.024017,"C9H9ClO3","Oc1c(C=O)c(cc(C)c1Cl)OC","InChI=1S/C9H9ClO3/c1-5-3-7(13-2)6(4-11)9(12)8(5)10/h3-4,12H,1-2H3","UJTDSQALEQBALB-UHFFFAOYSA-N"
10656122,"[(2-Chlorobenzyl)oxy]acetic acid",200.024017,"C9H9ClO3","Clc1ccccc1COCC(O)=O","InChI=1S/C9H9ClO3/c10-8-4-2-1-3-7(8)5-13-6-9(11)12/h1-4H,5-6H2,(H,11,12)","ZWGATQDJKOQNJS-UHFFFAOYSA-N"
10700713,"3-Chloro-2,4-dimethoxybenzaldehyde",200.024017,"C9H9ClO3","COC1=C(C(=C(C=C1)C=O)OC)Cl","InChI=1S/C9H9ClO3/c1-12-7-4-3-6(5-11)9(13-2)8(7)10/h3-5H,1-2H3","XBWCSKPPTSIOOA-UHFFFAOYSA-N"
10782179,"5-Chloro-2-(2-hydroxyethoxy)benzaldehyde",200.024017,"C9H9ClO3","c1cc(c(cc1Cl)C=O)OCCO","InChI=1S/C9H9ClO3/c10-8-1-2-9(13-4-3-11)7(5-8)6-12/h1-2,5-6,11H,3-4H2","RYVCCFVUEACJLH-UHFFFAOYSA-N"
10825467,"1-(3-Chloro-4-methoxyphenyl)-2-hydroxyethanone",200.024017,"C9H9ClO3","COc1ccc(cc1Cl)C(=O)CO","InChI=1S/C9H9ClO3/c1-13-9-3-2-6(4-7(9)10)8(12)5-11/h2-4,11H,5H2,1H3","OEGWXGIQCWTOPY-UHFFFAOYSA-N"
11188012,"Ethyl 2-chloro-6-hydroxybenzoate",200.024017,"C9H9ClO3","CCOC(=O)c1c(cccc1Cl)O","InChI=1S/C9H9ClO3/c1-2-13-9(12)8-6(10)4-3-5-7(8)11/h3-5,11H,2H2,1H3","ZTTKKVNUDLGBCI-UHFFFAOYSA-N"
11340124,"4-Methoxybenzyl carbonochloridate",200.024017,"C9H9ClO3","COc1ccc(cc1)COC(=O)Cl","InChI=1S/C9H9ClO3/c1-12-8-4-2-7(3-5-8)6-13-9(10)11/h2-5H,6H2,1H3","BOVISBAPSYSQPI-UHFFFAOYSA-N"
11346630,"(4-Chloro-2-methoxyphenyl)acetic acid",200.024017,"C9H9ClO3","COc1cc(ccc1CC(=O)O)Cl","InChI=1S/C9H9ClO3/c1-13-8-5-7(10)3-2-6(8)4-9(11)12/h2-3,5H,4H2,1H3,(H,11,12)","UXJIWCMQVOEXTG-UHFFFAOYSA-N"
11430251,"4-Chloro-2-ethoxybenzoic acid",200.024017,"C9H9ClO3","CCOc1cc(ccc1C(=O)O)Cl","InChI=1S/C9H9ClO3/c1-2-13-8-5-6(10)3-4-7(8)9(11)12/h3-5H,2H2,1H3,(H,11,12)","JYELDIDGIRZNPI-UHFFFAOYSA-N"
11430289,"2-Chloro-4-ethoxybenzoic acid",200.024017,"C9H9ClO3","CCOc1ccc(c(c1)Cl)C(=O)O","InChI=1S/C9H9ClO3/c1-2-13-6-3-4-7(9(11)12)8(10)5-6/h3-5H,2H2,1H3,(H,11,12)","TVVYWGVVTSRIDM-UHFFFAOYSA-N"
11515387,"3-(2-Chlorophenyl)-2-hydroxypropanoic acid",200.024017,"C9H9ClO3","c1ccc(c(c1)CC(C(=O)O)O)Cl","InChI=1S/C9H9ClO3/c10-7-4-2-1-3-6(7)5-8(11)9(12)13/h1-4,8,11H,5H2,(H,12,13)","VKBJHUQUYGMTJL-UHFFFAOYSA-N"
11572793,"4-(2-Chloroethoxy)benzoic acid",200.024017,"C9H9ClO3","c1cc(ccc1C(=O)O)OCCCl","InChI=1S/C9H9ClO3/c10-5-6-13-8-3-1-7(2-4-8)9(11)12/h1-4H,5-6H2,(H,11,12)","YKBCUDCQUOHPPT-UHFFFAOYSA-N"
11608569,"2,6-Dimethylphenyl phosphate",200.024948,"C8H9O4P","Cc1cccc(c1OP(=O)([O-])[O-])C","InChI=1S/C8H11O4P/c1-6-4-3-5-7(2)8(6)12-13(9,10)11/h3-5H,1-2H3,(H2,9,10,11)/p-2","MFFNRVNPBJQZFO-UHFFFAOYSA-L"
11641748,"2-(2-Chloroethoxy)benzoic acid",200.024017,"C9H9ClO3","c1ccc(c(c1)C(=O)O)OCCCl","InChI=1S/C9H9ClO3/c10-5-6-13-8-4-2-1-3-7(8)9(11)12/h1-4H,5-6H2,(H,11,12)","KYTGNFGTZWJTLB-UHFFFAOYSA-N"
11662555,"[2-(Chloromethyl)phenoxy]acetic acid",200.024017,"C9H9ClO3","c1ccc(c(c1)CCl)OCC(=O)O","InChI=1S/C9H9ClO3/c10-5-7-3-1-2-4-8(7)13-6-9(11)12/h1-4H,5-6H2,(H,11,12)","DVXMFGSPSUWVOP-UHFFFAOYSA-N"
11680392,"(5-Chloro-2-methylphenoxy)acetic acid",200.024017,"C9H9ClO3","Cc1ccc(cc1OCC(=O)O)Cl","InChI=1S/C9H9ClO3/c1-6-2-3-7(10)4-8(6)13-5-9(11)12/h2-4H,5H2,1H3,(H,11,12)","AXHCGXRBOHBEQA-UHFFFAOYSA-N"
11855043,"(6-Chloro-4H-1,3-benzodioxin-8-yl)methanol",200.024017,"C9H9ClO3","c1c(cc(c2c1COCO2)CO)Cl","InChI=1S/C9H9ClO3/c10-8-1-6(3-11)9-7(2-8)4-12-5-13-9/h1-2,11H,3-5H2","AUQHUFGUFBVONH-UHFFFAOYSA-N"
12153968,"Potassium (2E)-3-(4-methylphenyl)acrylate",200.023956,"C10H9KO2","Cc1ccc(cc1)/C=C/C(=O)O[K]","InChI=1S/C10H10O2.K/c1-8-2-4-9(5-3-8)6-7-10(11)12;/h2-7H,1H3,(H,11,12);/q;+1/p-1/b7-6+;","CFCDWIJEGXUFLS-UHDJGPCESA-M"
13081787,"Methyl (2R)-(3-chlorophenyl)(hydroxy)acetate",200.024017,"C9H9ClO3","COC(=O)[C@@H](c1cccc(c1)Cl)O","InChI=1S/C9H9ClO3/c1-13-9(12)8(11)6-3-2-4-7(10)5-6/h2-5,8,11H,1H3/t8-/m1/s1","CPEZVACFWJSZNE-MRVPVSSYSA-N"
13089265,"(3S)-3-(4-Chlorophenyl)-3-hydroxypropanoic acid",200.024017,"C9H9ClO3","c1cc(ccc1[C@H](CC(=O)O)O)Cl","InChI=1S/C9H9ClO3/c10-7-3-1-6(2-4-7)8(11)5-9(12)13/h1-4,8,11H,5H2,(H,12,13)/t8-/m0/s1","NRRQHJBZRHOVAO-QMMMGPOBSA-N"
13279949,"2-Amino-5-fluoro-4-nitrobenzoic acid",200.023331,"C7H5FN2O4","c1c(c(cc(c1F)[N+](=O)[O-])N)C(=O)O","InChI=1S/C7H5FN2O4/c8-4-1-3(7(11)12)5(9)2-6(4)10(13)14/h1-2H,9H2,(H,11,12)","WVJVJQGXIAONSG-UHFFFAOYSA-N"
13295341,"2-Amino-5-fluoro-3-nitrobenzoic acid",200.023331,"C7H5FN2O4","c1c(cc(c(c1C(=O)O)N)[N+](=O)[O-])F","InChI=1S/C7H5FN2O4/c8-3-1-4(7(11)12)6(9)5(2-3)10(13)14/h1-2H,9H2,(H,11,12)","PJWWMVQRAZJKGT-UHFFFAOYSA-N"
13435419,"5-Fluoro-2-methyl-1,3-dinitrobenzene",200.023331,"C7H5FN2O4","Cc1c(cc(cc1[N+](=O)[O-])F)[N+](=O)[O-]","InChI=1S/C7H5FN2O4/c1-4-6(9(11)12)2-5(8)3-7(4)10(13)14/h2-3H,1H3","GLIDVOGSKCTART-UHFFFAOYSA-N"
13460886,"4-Chloro-3,5-dimethoxybenzaldehyde",200.024017,"C9H9ClO3","COc1cc(cc(c1Cl)OC)C=O","InChI=1S/C9H9ClO3/c1-12-7-3-6(5-11)4-8(13-2)9(7)10/h3-5H,1-2H3","GTEZQOCVTNORJP-UHFFFAOYSA-N"
13549680,"2-(2-Chlorophenyl)-2-hydroxypropanoic acid",200.024017,"C9H9ClO3","CC(c1ccccc1Cl)(C(=O)O)O","InChI=1S/C9H9ClO3/c1-9(13,8(11)12)6-4-2-3-5-7(6)10/h2-5,13H,1H3,(H,11,12)","ZEXPENITPLXFLY-UHFFFAOYSA-N"
14114668,"Methyl (4-chlorophenyl)(hydroxy)acetate",200.024017,"C9H9ClO3","COC(=O)C(c1ccc(cc1)Cl)O","InChI=1S/C9H9ClO3/c1-13-9(12)8(11)6-2-4-7(10)5-3-6/h2-5,8,11H,1H3","GISNRFMQCNBYDG-UHFFFAOYSA-N"
14130871,"1-Chloroethyl phenyl carbonate",200.024017,"C9H9ClO3","CC(OC(=O)Oc1ccccc1)Cl","InChI=1S/C9H9ClO3/c1-7(10)12-9(11)13-8-5-3-2-4-6-8/h2-7H,1H3","RLCSVIMOWLKELL-UHFFFAOYSA-N"
14274884,"2-Amino-6-fluoro-3-nitrobenzoic acid",200.023331,"C7H5FN2O4","c1cc(c(c(c1N(=O)=O)N)C(=O)O)F","InChI=1S/C7H5FN2O4/c8-3-1-2-4(10(13)14)6(9)5(3)7(11)12/h1-2H,9H2,(H,11,12)","YXZBECCLWLWBKE-UHFFFAOYSA-N"
14503472,"Ethyl 2-chloro-4-hydroxybenzoate",200.024017,"C9H9ClO3","CCOC(=O)c1ccc(cc1Cl)O","InChI=1S/C9H9ClO3/c1-2-13-9(12)7-4-3-6(11)5-8(7)10/h3-5,11H,2H2,1H3","SXPALFRWFJQPFQ-UHFFFAOYSA-N"
14572483,"Methyl 5-chloro-2-hydroxy-3-methylbenzoate",200.024017,"C9H9ClO3","Cc1cc(cc(c1O)C(=O)OC)Cl","InChI=1S/C9H9ClO3/c1-5-3-6(10)4-7(8(5)11)9(12)13-2/h3-4,11H,1-2H3","XOIILCUKKVXHCJ-UHFFFAOYSA-N"
14775193,"3-(5-Chloro-2-hydroxyphenyl)propanoic acid",200.024017,"C9H9ClO3","c1cc(c(cc1Cl)CCC(=O)O)O","InChI=1S/C9H9ClO3/c10-7-2-3-8(11)6(5-7)1-4-9(12)13/h2-3,5,11H,1,4H2,(H,12,13)","ONNIBDHZMCXKPP-UHFFFAOYSA-N"
14780397,"2-Chloroethyl phenyl carbonate",200.024017,"C9H9ClO3","c1ccc(cc1)OC(=O)OCCCl","InChI=1S/C9H9ClO3/c10-6-7-12-9(11)13-8-4-2-1-3-5-8/h1-5H,6-7H2","WJEJDRWBQAGQIY-UHFFFAOYSA-N"
14795209,"Methyl 5-(chloromethyl)-2-hydroxybenzoate",200.024017,"C9H9ClO3","COC(=O)c1cc(ccc1O)CCl","InChI=1S/C9H9ClO3/c1-13-9(12)7-4-6(5-10)2-3-8(7)11/h2-4,11H,5H2,1H3","HBADOEPLAWDIOZ-UHFFFAOYSA-N"
14870927,"Propanoic acid - 5-chloro-7-oxabicyclo[2.2.1]hepta-1,3,5-triene (1:1)",200.024017,"C9H9ClO3","CCC(=O)O.c1cc2c(cc1o2)Cl","InChI=1S/C6H3ClO.C3H6O2/c7-5-3-4-1-2-6(5)8-4;1-2-3(4)5/h1-3H;2H2,1H3,(H,4,5)","CLAADVSSAMUGAY-UHFFFAOYSA-N"
14874315,"(2-Chlorophenyl)(methoxy)acetic acid",200.024017,"C9H9ClO3","COC(c1ccccc1Cl)C(=O)O","InChI=1S/C9H9ClO3/c1-13-8(9(11)12)6-4-2-3-5-7(6)10/h2-5,8H,1H3,(H,11,12)","GRSXDEKBULWVIL-UHFFFAOYSA-N"
15097895,"(4-Chloro-3-methoxyphenyl)acetic acid",200.024017,"C9H9ClO3","COc1cc(ccc1Cl)CC(=O)O","InChI=1S/C9H9ClO3/c1-13-8-4-6(5-9(11)12)2-3-7(8)10/h2-4H,5H2,1H3,(H,11,12)","HYHHKCKVSWCDHJ-UHFFFAOYSA-N"
15128487,"3-Chloro-5-ethyl-2-hydroxybenzoic acid",200.024017,"C9H9ClO3","CCc1cc(c(c(c1)Cl)O)C(=O)O","InChI=1S/C9H9ClO3/c1-2-5-3-6(9(12)13)8(11)7(10)4-5/h3-4,11H,2H2,1H3,(H,12,13)","ANGCHPNKVVOHEZ-UHFFFAOYSA-N"
15537157,"(3-Chloro-2-methylphenoxy)acetic acid",200.024017,"C9H9ClO3","Cc1c(cccc1Cl)OCC(=O)O","InChI=1S/C9H9ClO3/c1-6-7(10)3-2-4-8(6)13-5-9(11)12/h2-4H,5H2,1H3,(H,11,12)","GLSHQWWBXCWJDK-UHFFFAOYSA-N"
15875101,"Methyl (3-chlorophenyl)(hydroxy)acetate",200.024017,"C9H9ClO3","COC(=O)C(c1cccc(c1)Cl)O","InChI=1S/C9H9ClO3/c1-13-9(12)8(11)6-3-2-4-7(10)5-6/h2-5,8,11H,1H3","CPEZVACFWJSZNE-UHFFFAOYSA-N"
16493314,"2-Chloro-3,5-dimethoxybenzaldehyde",200.024017,"C9H9ClO3","COc1cc(c(c(c1)OC)Cl)C=O","InChI=1S/C9H9ClO3/c1-12-7-3-6(5-11)9(10)8(4-7)13-2/h3-5H,1-2H3","JPJIOMGWCSACCJ-UHFFFAOYSA-N"
16757044,"5-Chloro-2,4-dimethoxybenzaldehyde",200.024017,"C9H9ClO3","COc1cc(c(cc1C=O)Cl)OC","InChI=1S/C9H9ClO3/c1-12-8-4-9(13-2)7(10)3-6(8)5-11/h3-5H,1-2H3","GIVDGPVKJDAWMO-UHFFFAOYSA-N"
16782638,"3-Chloro-4-(2-hydroxyethoxy)benzaldehyde",200.024017,"C9H9ClO3","c1cc(c(cc1C=O)Cl)OCCO","InChI=1S/C9H9ClO3/c10-8-5-7(6-12)1-2-9(8)13-4-3-11/h1-2,5-6,11H,3-4H2","SMHSKQQYGQYRAG-UHFFFAOYSA-N"
17219316,"(2-Phenyl-2-oxiranyl)phosphonic acid",200.023849,"C8H9O4P","c1ccc(cc1)C2(CO2)P(=O)(O)O","InChI=1S/C8H9O4P/c9-13(10,11)8(6-12-8)7-4-2-1-3-5-7/h1-5H,6H2,(H2,9,10,11)","CNKSYKGLWUJLCX-UHFFFAOYSA-N"
17266905,"4-(2-Chloroethoxy)-1,3-benzodioxole",200.024017,"C9H9ClO3","c1cc2c(c(c1)OCCCl)OCO2","InChI=1S/C9H9ClO3/c10-4-5-11-7-2-1-3-8-9(7)13-6-12-8/h1-3H,4-6H2","CFDRONOOVUFLHD-UHFFFAOYSA-N"
18776685,"Methyl (2R)-(4-chlorophenyl)(hydroxy)acetate",200.024017,"C9H9ClO3","COC(=O)[C@@H](c1ccc(cc1)Cl)O","InChI=1S/C9H9ClO3/c1-13-9(12)8(11)6-2-4-7(10)5-3-6/h2-5,8,11H,1H3/t8-/m1/s1","GISNRFMQCNBYDG-MRVPVSSYSA-N"
19952716,"Methylchlorophenoxyacetic acid",200.024017,"C9H9ClO3","CC(C(=O)O)(Oc1ccccc1)Cl","InChI=1S/C9H9ClO3/c1-9(10,8(11)12)13-7-5-3-2-4-6-7/h2-6H,1H3,(H,11,12)","RORFIYBSDKQWBH-UHFFFAOYSA-N"
20171776,"2,3-Dimethylphenyl phosphate",200.024948,"C8H9O4P","Cc1cccc(c1C)OP(=O)([O-])[O-]","InChI=1S/C8H11O4P/c1-6-4-3-5-8(7(6)2)12-13(9,10)11/h3-5H,1-2H3,(H2,9,10,11)/p-2","CFZAEHZKTCVBOQ-UHFFFAOYSA-L"
21168758,"Ethyl 2-chloro-5-hydroxybenzoate",200.024017,"C9H9ClO3","CCOC(=O)c1cc(ccc1Cl)O","InChI=1S/C9H9ClO3/c1-2-13-9(12)7-5-6(11)3-4-8(7)10/h3-5,11H,2H2,1H3","NWGGURBVGOTSEH-UHFFFAOYSA-N"
21522560,"1-(5-Chloro-2-hydroxy-4-methoxyphenyl)ethanone",200.024017,"C9H9ClO3","CC(=O)c1cc(c(cc1O)OC)Cl","InChI=1S/C9H9ClO3/c1-5(11)6-3-7(10)9(13-2)4-8(6)12/h3-4,12H,1-2H3","NFGYJIJDICKJJL-UHFFFAOYSA-N"
22178026,"Methyl 2-chloro-5-methoxybenzoate",200.024017,"C9H9ClO3","COc1ccc(c(c1)C(=O)OC)Cl","InChI=1S/C9H9ClO3/c1-12-6-3-4-8(10)7(5-6)9(11)13-2/h3-5H,1-2H3","OXUBUSSEVOLEPD-UHFFFAOYSA-N"
22179092,"Chloromethyl 2-methylphenyl carbonate",200.024017,"C9H9ClO3","Cc1ccccc1OC(=O)OCCl","InChI=1S/C9H9ClO3/c1-7-4-2-3-5-8(7)13-9(11)12-6-10/h2-5H,6H2,1H3","BLQXCGMKFGJYJK-UHFFFAOYSA-N"
22179093,"Chloromethyl 3-methylphenyl carbonate",200.024017,"C9H9ClO3","Cc1cccc(c1)OC(=O)OCCl","InChI=1S/C9H9ClO3/c1-7-3-2-4-8(5-7)13-9(11)12-6-10/h2-5H,6H2,1H3","RBHFOCXHTMWMDZ-UHFFFAOYSA-N"
23351309,"Ethyl 4-chloro-2-hydroxybenzoate",200.024017,"C9H9ClO3","CCOC(=O)c1ccc(cc1O)Cl","InChI=1S/C9H9ClO3/c1-2-13-9(12)7-4-3-6(10)5-8(7)11/h3-5,11H,2H2,1H3","FTBFROUATIILHB-UHFFFAOYSA-N"
23353415,"4-Chloro-2-methoxyphenyl acetate",200.024017,"C9H9ClO3","CC(=O)Oc1ccc(cc1OC)Cl","InChI=1S/C9H9ClO3/c1-6(11)13-8-4-3-7(10)5-9(8)12-2/h3-5H,1-2H3","QGTPWFVCCNXPON-UHFFFAOYSA-N"
23717638,"Methyl 4-chloro-3-methoxybenzoate",200.024017,"C9H9ClO3","COc1cc(ccc1Cl)C(=O)OC","InChI=1S/C9H9ClO3/c1-12-8-5-6(9(11)13-2)3-4-7(8)10/h3-5H,1-2H3","XOSUADSADIJLGO-UHFFFAOYSA-N"
24063627,"2-Chloro-6-ethoxybenzoic acid",200.024017,"C9H9ClO3","CCOc1cccc(c1C(=O)O)Cl","InChI=1S/C9H9ClO3/c1-2-13-7-5-3-4-6(10)8(7)9(11)12/h3-5H,2H2,1H3,(H,11,12)","NQYCWKVXKAVSAC-UHFFFAOYSA-N"
24197770,"2-Amino-3-fluoro-5-nitrobenzoic acid",200.023331,"C7H5FN2O4","c1c(cc(c(c1C(=O)O)N)F)[N+](=O)[O-]","InChI=1S/C7H5FN2O4/c8-5-2-3(10(13)14)1-4(6(5)9)7(11)12/h1-2H,9H2,(H,11,12)","QULHRHFQIGGDKQ-UHFFFAOYSA-N"
24215843,"4-Amino-3-fluoro-5-nitrobenzoic acid",200.023331,"C7H5FN2O4","c1c(cc(c(c1[N+](=O)[O-])N)F)C(=O)O","InChI=1S/C7H5FN2O4/c8-4-1-3(7(11)12)2-5(6(4)9)10(13)14/h1-2H,9H2,(H,11,12)","SSQRDFPDLHOGSO-UHFFFAOYSA-N"
24283421,"Methyl (3-chlorophenoxy)acetate",200.024017,"C9H9ClO3","COC(=O)COc1cccc(c1)Cl","InChI=1S/C9H9ClO3/c1-12-9(11)6-13-8-4-2-3-7(10)5-8/h2-5H,6H2,1H3","GBWOUXQPEMHMRZ-UHFFFAOYSA-N"
24303523,"3-Amino-3-thioxo-N-(2,2,2-trifluoroethyl)propanamide",200.023117,"C5H7F3N2OS","C(C(=S)N)C(=O)NCC(F)(F)F","InChI=1S/C5H7F3N2OS/c6-5(7,8)2-10-4(11)1-3(9)12/h1-2H2,(H2,9,12)(H,10,11)","VJOKCKDHHXCYPT-UHFFFAOYSA-N"
24591252,"2-Fluoro-5-methyl-1,3-dinitrobenzene",200.023331,"C7H5FN2O4","Cc1cc(c(c(c1)[N+](=O)[O-])F)[N+](=O)[O-]","InChI=1S/C7H5FN2O4/c1-4-2-5(9(11)12)7(8)6(3-4)10(13)14/h2-3H,1H3","FSENBBQEQGIEII-UHFFFAOYSA-N"
24748565,"2-(Chloromethyl)-5-methoxybenzoic acid",200.024017,"C9H9ClO3","COc1ccc(c(c1)C(=O)O)CCl","InChI=1S/C9H9ClO3/c1-13-7-3-2-6(5-10)8(4-7)9(11)12/h2-4H,5H2,1H3,(H,11,12)","FAKZMXRROHTGOM-UHFFFAOYSA-N"
24786305,"5-Chloro-2-hydroxy-3,4-dimethylbenzoic acid",200.024017,"C9H9ClO3","Cc1c(c(c(cc1Cl)C(=O)O)O)C","InChI=1S/C9H9ClO3/c1-4-5(2)8(11)6(9(12)13)3-7(4)10/h3,11H,1-2H3,(H,12,13)","UEHNCEGCNMCFCE-UHFFFAOYSA-N"
24786312,"3-Chloro-6-hydroxy-2,5-dimethylbenzoic acid",200.024017,"C9H9ClO3","Cc1cc(c(c(c1O)C(=O)O)C)Cl","InChI=1S/C9H9ClO3/c1-4-3-6(10)5(2)7(8(4)11)9(12)13/h3,11H,1-2H3,(H,12,13)","RKDLNTCKQZNOPF-UHFFFAOYSA-N"
24786364,"3-Chloro-6-hydroxy-2,4-dimethylbenzoic acid",200.024017,"C9H9ClO3","Cc1cc(c(c(c1Cl)C)C(=O)O)O","InChI=1S/C9H9ClO3/c1-4-3-6(11)7(9(12)13)5(2)8(4)10/h3,11H,1-2H3,(H,12,13)","DZXMXDWGXXSFSR-UHFFFAOYSA-N"
24786463,"3-Chloro-2-hydroxy-4,5-dimethylbenzoic acid",200.024017,"C9H9ClO3","Cc1cc(c(c(c1C)Cl)O)C(=O)O","InChI=1S/C9H9ClO3/c1-4-3-6(9(12)13)8(11)7(10)5(4)2/h3,11H,1-2H3,(H,12,13)","KJGMRKGIKOWWCL-UHFFFAOYSA-N"
24794336,"5-Chloro-2-methoxy-3-methylbenzoic acid",200.024017,"C9H9ClO3","Cc1cc(cc(c1OC)C(=O)O)Cl","InChI=1S/C9H9ClO3/c1-5-3-6(10)4-7(9(11)12)8(5)13-2/h3-4H,1-2H3,(H,11,12)","HJDWCCOAKNMCDF-UHFFFAOYSA-N"
25070110,"Methyl 3-chloro-5-methoxybenzoate",200.024017,"C9H9ClO3","COc1cc(cc(c1)Cl)C(=O)OC","InChI=1S/C9H9ClO3/c1-12-8-4-6(9(11)13-2)3-7(10)5-8/h3-5H,1-2H3","CDPLBAAUZDLTES-UHFFFAOYSA-N"
25468324,"3-(3-Chlorophenyl)-2-hydroxypropanoic acid",200.024,"C9H9ClO3","c1cc(cc(c1)Cl)CC(C(=O)O)O","InChI=1S/C9H9ClO3/c10-7-3-1-2-6(4-7)5-8(11)9(12)13/h1-4,8,11H,5H2,(H,12,13)","LTPLLXQULCUYHJ-UHFFFAOYSA-N"
25529598,"(2-Chloro-5-methoxyphenyl)acetic acid",200.024017,"C9H9ClO3","COc1ccc(c(c1)CC(=O)O)Cl","InChI=1S/C9H9ClO3/c1-13-7-2-3-8(10)6(4-7)5-9(11)12/h2-4H,5H2,1H3,(H,11,12)","NLBOKHCTHYDHRG-UHFFFAOYSA-N"
25910983,"3-(3-Chloro-4-hydroxyphenyl)propanoic acid",200.024017,"C9H9ClO3","c1cc(c(cc1CCC(=O)O)Cl)O","InChI=1S/C9H9ClO3/c10-7-5-6(1-3-8(7)11)2-4-9(12)13/h1,3,5,11H,2,4H2,(H,12,13)","WCFMGDDKGCCBRK-UHFFFAOYSA-N"
26265170,"4-Chloro-2-(1,3-dioxolan-2-yl)phenol",200.024017,"C9H9ClO3","c1cc(c(cc1Cl)C2OCCO2)O","InChI=1S/C9H9ClO3/c10-6-1-2-8(11)7(5-6)9-12-3-4-13-9/h1-2,5,9,11H,3-4H2","CBPQFRQWTYLXGZ-UHFFFAOYSA-N"
26265246,"2-Chloro-4-(1,3-dioxolan-2-yl)phenol",200.024017,"C9H9ClO3","c1cc(c(cc1C2OCCO2)Cl)O","InChI=1S/C9H9ClO3/c10-7-5-6(1-2-8(7)11)9-12-3-4-13-9/h1-2,5,9,11H,3-4H2","OCMKCFZIMYMNSU-UHFFFAOYSA-N"
26265610,"3-Chloro-4-(1,3-dioxolan-2-yl)phenol",200.024017,"C9H9ClO3","c1cc(c(cc1O)Cl)C2OCCO2","InChI=1S/C9H9ClO3/c10-8-5-6(11)1-2-7(8)9-12-3-4-13-9/h1-2,5,9,11H,3-4H2","USOHAPHZMTWYNK-UHFFFAOYSA-N"
26282393,"Methyl 5-chloro-2-hydroxy-4-methylbenzoate",200.024017,"C9H9ClO3","Cc1cc(c(cc1Cl)C(=O)OC)O","InChI=1S/C9H9ClO3/c1-5-3-8(11)6(4-7(5)10)9(12)13-2/h3-4,11H,1-2H3","RWTNNJDBVMWJAP-UHFFFAOYSA-N"
26465533,"2-Amino-4-fluoro-6-nitrobenzoic acid",200.023331,"C7H5FN2O4","c1c(cc(c(c1N)C(=O)O)[N+](=O)[O-])F","InChI=1S/C7H5FN2O4/c8-3-1-4(9)6(7(11)12)5(2-3)10(13)14/h1-2H,9H2,(H,11,12)","QXRCKMMTAQYOLP-UHFFFAOYSA-N"
26465573,"2-Fluoro-1-methyl-3,4-dinitrobenzene",200.023331,"C7H5FN2O4","Cc1ccc(c(c1F)[N+](=O)[O-])[N+](=O)[O-]","InChI=1S/C7H5FN2O4/c1-4-2-3-5(9(11)12)7(6(4)8)10(13)14/h2-3H,1H3","UWOBPHMHCZNDMT-UHFFFAOYSA-N"
26535240,"Methyl 2-chloro-4-methoxybenzoate",200.024017,"C9H9ClO3","COc1ccc(c(c1)Cl)C(=O)OC","InChI=1S/C9H9ClO3/c1-12-6-3-4-7(8(10)5-6)9(11)13-2/h3-5H,1-2H3","VXORHTLUPYQIFE-UHFFFAOYSA-N"
26536131,"4-Chloro-3-ethoxybenzoic acid",200.024017,"C9H9ClO3","CCOc1cc(ccc1Cl)C(=O)O","InChI=1S/C9H9ClO3/c1-2-13-8-5-6(9(11)12)3-4-7(8)10/h3-5H,2H2,1H3,(H,11,12)","DVZTYMNTUWPGIO-UHFFFAOYSA-N"
26547375,"4-Chloro-2-methoxy-5-methylbenzoic acid",200.024017,"C9H9ClO3","Cc1cc(c(cc1Cl)OC)C(=O)OCC1=CC(=C(C=C1Cl)OC)C(=O)O","InChI=1S/C18H16Cl2O6/c1-9-4-12(16(25-3)6-13(9)19)18(23)26-8-10-5-11(17(21)22)15(24-2)7-14(10)20/h4-7H,8H2,1-3H3,(H,21,22)","AMUWFIWXJZULKN-UHFFFAOYSA-N"
26551627,"Ethyl 2-chloro-3-hydroxybenzoate",200.024017,"C9H9ClO3","CCOC(=O)c1cccc(c1Cl)OCCOC(=O)C1=C(C(=CC=C1)O)Cl","InChI=1S/C18H16Cl2O6/c1-2-24-17(22)12-6-4-8-14(16(12)20)25-9-10-26-18(23)11-5-3-7-13(21)15(11)19/h3-8,21H,2,9-10H2,1H3","MPQCYUHMLJUZJG-UHFFFAOYSA-N"
26551736,"Methyl 3-chloro-4-(hydroxymethyl)benzoate",200.024017,"C9H9ClO3","COC(=O)c1ccc(c(c1)Cl)COCOC(=O)C1=CC(=C(C=C1)CO)Cl","InChI=1S/C18H16Cl2O6/c1-24-17(22)11-3-5-14(16(20)6-11)9-25-10-26-18(23)12-2-4-13(8-21)15(19)7-12/h2-7,21H,8-10H2,1H3","ISXHJESMYGCTIL-UHFFFAOYSA-N"
26570690,"Methyl 4-(1-chlorocyclopropyl)-3-furoate",200.024017,"C9H9ClO3","COC(=O)c1cocc1C2(CC2)Cl","InChI=1S/C9H9ClO3/c1-12-8(11)6-4-13-5-7(6)9(10)2-3-9/h4-5H,2-3H2,1H3","OSJQNEMXIQSDCV-UHFFFAOYSA-N"
26575129,"Methyl 3-(chloromethyl)-4-hydroxybenzoate",200.024017,"C9H9ClO3","COC(=O)c1ccc(c(c1)CCl)O","InChI=1S/C9H9ClO3/c1-13-9(12)6-2-3-8(11)7(4-6)5-10/h2-4,11H,5H2,1H3","VLYOURUSDXTOCB-UHFFFAOYSA-N"
26593945,"Methyl 4-(3-chloro-1-propen-2-yl)-3-furoate",200.024017,"C9H9ClO3","COC(=O)c1cocc1C(=C)CCl","InChI=1S/C9H9ClO3/c1-6(3-10)7-4-13-5-8(7)9(11)12-2/h4-5H,1,3H2,2H3","FEOTUXLNBXOPOR-UHFFFAOYSA-N"
26604027,"Methyl 4-[(1Z)-1-chloro-1-propen-1-yl]-3-furoate",200.024017,"C9H9ClO3","C/C=C(/c1cocc1C(=O)OC)\Cl","InChI=1S/C9H9ClO3/c1-3-8(10)6-4-13-5-7(6)9(11)12-2/h3-5H,1-2H3/b8-3-","PSOWCIQCDSVTNT-BAQGIRSFSA-N"
26683058,"2-Chloro-1-(2-hydroxy-5-methoxyphenyl)ethanone",200.024017,"C9H9ClO3","COc1ccc(c(c1)C(=O)CCl)O","InChI=1S/C9H9ClO3/c1-13-6-2-3-8(11)7(4-6)9(12)5-10/h2-4,11H,5H2,1H3","XDJYHQZFRFJSSV-UHFFFAOYSA-N"
26685567,"3-(2-Chloro-4-hydroxyphenyl)propanoic acid",200.024017,"C9H9ClO3","c1cc(c(cc1O)Cl)CCC(=O)O","InChI=1S/C9H9ClO3/c10-8-5-7(11)3-1-6(8)2-4-9(12)13/h1,3,5,11H,2,4H2,(H,12,13)","LOJJVRRZPPSJAH-UHFFFAOYSA-N"
26703608,"5-Chloro-4-methoxy-2-methylbenzoic acid",200.024017,"C9H9ClO3","Cc1cc(c(cc1C(=O)O)Cl)OC","InChI=1S/C9H9ClO3/c1-5-3-8(13-2)7(10)4-6(5)9(11)12/h3-4H,1-2H3,(H,11,12)","AHFTWOUIHLEZHE-UHFFFAOYSA-N"
27286059,"1-[3-Chloro-2-hydroxy-5-(hydroxymethyl)phenyl]ethanone",200.024017,"C9H9ClO3","CC(=O)c1cc(cc(c1O)Cl)CO","InChI=1S/C9H9ClO3/c1-5(12)7-2-6(4-11)3-8(10)9(7)13/h2-3,11,13H,4H2,1H3","IOOBXJVHQSXLGH-UHFFFAOYSA-N"
27421669,"[(2S)-6-Chloro-2,3-dihydro-1,4-benzodioxin-2-yl]methanol",200.024017,"C9H9ClO3","c1cc2c(cc1Cl)OC[C@@H](O2)CO","InChI=1S/C9H9ClO3/c10-6-1-2-8-9(3-6)12-5-7(4-11)13-8/h1-3,7,11H,4-5H2/t7-/m0/s1","LJINDSYFYHYUEU-ZETCQYMHSA-N"
28543720,"2-Amino-4-fluoro-5-nitrobenzoic acid",200.023331,"C7H5FN2O4","c1c(c(cc(c1[N+](=O)[O-])F)N)C(=O)O","InChI=1S/C7H5FN2O4/c8-4-2-5(9)3(7(11)12)1-6(4)10(13)14/h1-2H,9H2,(H,11,12)","NVZBXVCRFGPOAJ-UHFFFAOYSA-N"
28553317,"Methyl 3-chloro-6-hydroxy-2-methylbenzoate",200.024017,"C9H9ClO3","Cc1c(ccc(c1C(=O)OC)O)Cl","InChI=1S/C9H9ClO3/c1-5-6(10)3-4-7(11)8(5)9(12)13-2/h3-4,11H,1-2H3","HLBZSWLSLNDDET-UHFFFAOYSA-N"
28554315,"1-(3-Chloro-5-hydroxy-2-methoxyphenyl)ethanone",200.024017,"C9H9ClO3","CC(=O)c1cc(cc(c1OC)Cl)O","InChI=1S/C9H9ClO3/c1-5(11)7-3-6(12)4-8(10)9(7)13-2/h3-4,12H,1-2H3","RWLJZKPFFQACAG-UHFFFAOYSA-N"
28599800,"Methyl (2S)-(3-chlorophenyl)(hydroxy)acetate",200.024017,"C9H9ClO3","COC(=O)[C@H](c1cccc(c1)Cl)O","InChI=1S/C9H9ClO3/c1-13-9(12)8(11)6-3-2-4-7(10)5-6/h2-5,8,11H,1H3/t8-/m0/s1","CPEZVACFWJSZNE-QMMMGPOBSA-N"
28604955,"4-Amino-2-fluoro-5-nitrobenzoic acid",200.023331,"C7H5FN2O4","c1c(c(cc(c1[N+](=O)[O-])N)F)C(=O)O","InChI=1S/C7H5FN2O4/c8-4-2-5(9)6(10(13)14)1-3(4)7(11)12/h1-2H,9H2,(H,11,12)","LUOJJGUZYDDOBW-UHFFFAOYSA-N"
28677476,"Methyl 2-chloro-4-hydroxy-6-methylbenzoate",200.024017,"C9H9ClO3","Cc1cc(cc(c1C(=O)OC)Cl)O","InChI=1S/C9H9ClO3/c1-5-3-6(11)4-7(10)8(5)9(12)13-2/h3-4,11H,1-2H3","YHXFLPHJEPQJSH-UHFFFAOYSA-N"
28943818,"3-(chloromethyl)-4-methoxy-benzoic acid",200.024017,"C9H9ClO3","COc1ccc(cc1CCl)C(=O)O","InChI=1S/C9H9ClO3/c1-13-8-3-2-6(9(11)12)4-7(8)5-10/h2-4H,5H2,1H3,(H,11,12)","UTHHEPHRPIIYCH-UHFFFAOYSA-N"
29314198,"Ethyl 4-chloro-3-hydroxybenzoate",200.024017,"C9H9ClO3","CCOC(=O)c1ccc(c(c1)O)Cl","InChI=1S/C9H9ClO3/c1-2-13-9(12)6-3-4-7(10)8(11)5-6/h3-5,11H,2H2,1H3","PFISJNBRAOSYPV-UHFFFAOYSA-N"
29763435,"(2R)-3-(4-Chlorophenyl)-2-hydroxypropanoic acid",200.024017,"C9H9ClO3","c1cc(ccc1C[C@H](C(=O)O)O)Cl","InChI=1S/C9H9ClO3/c10-7-3-1-6(2-4-7)5-8(11)9(12)13/h1-4,8,11H,5H2,(H,12,13)/t8-/m1/s1","HWVHXAYPEXNZSZ-MRVPVSSYSA-N"
29785982,"Methyl 3-chloro-5-(hydroxymethyl)benzoate",200.024017,"C9H9ClO3","COC(=O)c1cc(cc(c1)Cl)CO","InChI=1S/C9H9ClO3/c1-13-9(12)7-2-6(5-11)3-8(10)4-7/h2-4,11H,5H2,1H3","CBNLMDHBNUIUHS-UHFFFAOYSA-N"
30297274,"5-(2-Aminoethyl)-1,3,4-oxadiazol-2-amine dihydrochloride",200.023163,"C4H10Cl2N4O","C(CN)c1nnc(o1)N.Cl.Cl","InChI=1S/C4H8N4O.2ClH/c5-2-1-3-7-8-4(6)9-3;;/h1-2,5H2,(H2,6,8);2*1H","GGMOSMOWWWJTKL-UHFFFAOYSA-N"
30648682,"Methyl 3-chloro-2-methoxybenzoate",200.024017,"C9H9ClO3","COc1c(cccc1Cl)C(=O)OC","InChI=1S/C9H9ClO3/c1-12-8-6(9(11)13-2)4-3-5-7(8)10/h3-5H,1-2H3","UCLGISQRTPNLEX-UHFFFAOYSA-N"
32678295,"2-Hydroxyethyl 2-chlorobenzoate",200.024017,"C9H9ClO3","c1ccc(c(c1)C(=O)OCCO)Cl","InChI=1S/C9H9ClO3/c10-8-4-2-1-3-7(8)9(12)13-6-5-11/h1-4,11H,5-6H2","WYCXVGCNWREDFC-UHFFFAOYSA-N"
32678296,"2-Hydroxyethyl 3-chlorobenzoate",200.024017,"C9H9ClO3","c1cc(cc(c1)Cl)C(=O)OCCO","InChI=1S/C9H9ClO3/c10-8-3-1-2-7(6-8)9(12)13-5-4-11/h1-3,6,11H,4-5H2","WRUZSOBIWRZLRI-UHFFFAOYSA-N"
34969165,"3-Chloro-5-ethoxy-2-hydroxybenzaldehyde",200.024017,"C9H9ClO3","CCOc1cc(c(c(c1)Cl)O)C=O","InChI=1S/C9H9ClO3/c1-2-13-7-3-6(5-11)9(12)8(10)4-7/h3-5,12H,2H2,1H3","WSNCMURWUSTFBS-UHFFFAOYSA-N"
35480043,"5-Chloro-4-ethoxy-2-hydroxybenzaldehyde",200.024017,"C9H9ClO3","CCOc1cc(c(cc1Cl)C=O)O","InChI=1S/C9H9ClO3/c1-2-13-9-4-8(12)6(5-11)3-7(9)10/h3-5,12H,2H2,1H3","VKFGNGYLZNNQST-UHFFFAOYSA-N"
35489608,"3-Chloro-5-methoxy-4-methylbenzoic acid",200.024017,"C9H9ClO3","Cc1c(cc(cc1Cl)C(=O)O)OC","InChI=1S/C9H9ClO3/c1-5-7(10)3-6(9(11)12)4-8(5)13-2/h3-4H,1-2H3,(H,11,12)","GYAGZIXPQTWFBP-UHFFFAOYSA-N"
26998047,"Chloro(methoxy)methyl benzoate",200.024017,"C9H9ClO3","COC(OC(=O)c1ccccc1)Cl","InChI=1S/C9H9ClO3/c1-12-9(10)13-8(11)7-5-3-2-4-6-7/h2-6,9H,1H3","YCRDZHJMKBPGBJ-UHFFFAOYSA-N"
28697091,"5-Chloro-2,2-dimethyl-1,3-benzodioxol-4-ol",200.024017,"C9H9ClO3","CC1(Oc2ccc(c(c2O1)O)Cl)C","InChI=1S/C9H9ClO3/c1-9(2)12-6-4-3-5(10)7(11)8(6)13-9/h3-4,11H,1-2H3","FDPULJWKOJZUIN-UHFFFAOYSA-N"
28706674,"5-[(Difluoromethyl)silyl]pentanoyl chloride",200.023575,"C6H11ClF2OSi","C(CC[SiH2]C(F)F)CC(=O)Cl","InChI=1S/C6H11ClF2OSi/c7-5(10)3-1-2-4-11-6(8)9/h6H,1-4,11H2","SNYVPNBELVFXKD-UHFFFAOYSA-N"
29316757,"[(E)-2-(Pentafluorophenyl)vinyl]lithium",200.023666,"C8H2F5Li","[Li]/C=C/c1c(c(c(c(c1F)F)F)F)F","InChI=1S/C8H2F5.Li/c1-2-3-4(9)6(11)8(13)7(12)5(3)10;/h1-2H;","FIPASEHFNXKFFQ-UHFFFAOYSA-N"
29320803,"5-Chloro-2-methoxyphenyl acetate",200.024017,"C9H9ClO3","CC(=O)Oc1cc(ccc1OC)Cl","InChI=1S/C9H9ClO3/c1-6(11)13-9-5-7(10)3-4-8(9)12-2/h3-5H,1-2H3","GXDSCZFYWIDHSK-UHFFFAOYSA-N"
29326993,"1-(4-Chlorophenyl)-1,3-dihydroxyacetone",200.024017,"C9H9ClO3","c1cc(ccc1C(C(=O)CO)O)Cl","InChI=1S/C9H9ClO3/c10-7-3-1-6(2-4-7)9(13)8(12)5-11/h1-4,9,11,13H,5H2","OYLKQMGJKATGEQ-UHFFFAOYSA-N"
29545677,"5-(2-Chloroethoxy)-3H-1,2-benzodioxole",200.024017,"C9H9ClO3","c1cc2c(cc1OCCCl)COO2","InChI=1S/C9H9ClO3/c10-3-4-11-8-1-2-9-7(5-8)6-12-13-9/h1-2,5H,3-4,6H2","UBLJMQSRJNHIJX-UHFFFAOYSA-N"
29742194,"3-Chlorophenyl ethyl carbonate",200.024017,"C9H9ClO3","CCOC(=O)Oc1cccc(c1)Cl","InChI=1S/C9H9ClO3/c1-2-12-9(11)13-8-5-3-4-7(10)6-8/h3-6H,2H2,1H3","IXAWMVKFSMKEDW-UHFFFAOYSA-N"
29745984,"4-Chloro-2-methoxybenzyl formate",200.024017,"C9H9ClO3","COc1cc(ccc1COC=O)Cl","InChI=1S/C9H9ClO3/c1-12-9-4-8(10)3-2-7(9)5-13-6-11/h2-4,6H,5H2,1H3","KZQCTTJBDTWLDC-UHFFFAOYSA-N"
29746203,"2-Chloro-4-methoxyphenyl acetate",200.024017,"C9H9ClO3","CC(=O)Oc1ccc(cc1Cl)OC","InChI=1S/C9H9ClO3/c1-6(11)13-9-4-3-7(12-2)5-8(9)10/h3-5H,1-2H3","OZFXOOSAUSDUCK-UHFFFAOYSA-N"
29759709,"2-Hydroxyphenyl 3-chloropropanoate",200.024017,"C9H9ClO3","c1ccc(c(c1)O)OC(=O)CCCl","InChI=1S/C9H9ClO3/c10-6-5-9(12)13-8-4-2-1-3-7(8)11/h1-4,11H,5-6H2","DWDWZRCYWKGDJI-UHFFFAOYSA-N"
32678259,"6-(Chloromethyl)-4-methoxy-1,3-benzodioxole",200.024017,"C9H9ClO3","COc1cc(cc2c1OCO2)CCl","InChI=1S/C9H9ClO3/c1-11-7-2-6(4-10)3-8-9(7)13-5-12-8/h2-3H,4-5H2,1H3","ZAQHXEGRPZFNON-UHFFFAOYSA-N"
34209065,"Methyl 2-chloro-6-methoxybenzoate",200.024017,"C9H9ClO3","COc1cccc(c1C(=O)OC)Cl","InChI=1S/C9H9ClO3/c1-12-7-5-3-4-6(10)8(7)9(11)13-2/h3-5H,1-2H3","INRWQPILORAWOB-UHFFFAOYSA-N"
35523219,"5-Amino-2-fluoro-4-nitrobenzoic acid",200.023331,"C7H5FN2O4","c1c(c(cc(c1N)[N+](=O)[O-])F)C(=O)O","InChI=1S/C7H5FN2O4/c8-4-2-6(10(13)14)5(9)1-3(4)7(11)12/h1-2H,9H2,(H,11,12)","HRPXUDHQMQEJFH-UHFFFAOYSA-N"
35766019,"Magnesium chloride 1-naphthylmethanide (1:1:1)",200.024323,"C11H9ClMg","[CH2-]c1cccc2c1cccc2.[Mg+2].[Cl-]","InChI=1S/C11H9.ClH.Mg/c1-9-5-4-7-10-6-2-3-8-11(9)10;;/h2-8H,1H2;1H;/q-1;;+2/p-1","FJJYNNQYOHCIQH-UHFFFAOYSA-M"
35771185,"1,4,5,8-Tetrafluoronaphthalene",200.024918,"C10H4F4","c1cc(c2c(ccc(c2c1F)F)F)F","InChI=1S/C10H4F4/c11-5-1-2-6(12)10-8(14)4-3-7(13)9(5)10/h1-4H","QXSLBLMJUUQZDJ-UHFFFAOYSA-N"
35771394,"(E)-2-Chloroethenol - benzoic acid (1:1)",200.024017,"C9H9ClO3","c1ccc(cc1)C(=O)O.C(=C/Cl)\O","InChI=1S/C7H6O2.C2H3ClO/c8-7(9)6-4-2-1-3-5-6;3-1-2-4/h1-5H,(H,8,9);1-2,4H/b;2-1+","SRXYYGGIFPIMDR-WLHGVMLRSA-N"
35777761,"3-Chloro-4-methoxy-5-methylbenzoic acid",200.024017,"C9H9ClO3","Cc1cc(cc(c1OC)Cl)C(=O)O","InChI=1S/C9H9ClO3/c1-5-3-6(9(11)12)4-7(10)8(5)13-2/h3-4H,1-2H3,(H,11,12)","KJSJNKWUQVKXKC-UHFFFAOYSA-N"
35783360,"[(E)-2-Phenoxyvinyl]phosphonic acid",200.023849,"C8H9O4P","c1ccc(cc1)O/C=C/P(=O)(O)O","InChI=1S/C8H9O4P/c9-13(10,11)7-6-12-8-4-2-1-3-5-8/h1-7H,(H2,9,10,11)/b7-6+","COMJKNNBQKDPAJ-VOTSOKGWSA-N"
35789912,"1-Fluoro-2-methyl-4,5-dinitrobenzene",200.023331,"C7H5FN2O4","Cc1cc(c(cc1F)[N+](=O)[O-])[N+](=O)[O-]","InChI=1S/C7H5FN2O4/c1-4-2-6(9(11)12)7(10(13)14)3-5(4)8/h2-3H,1H3","DKIGICFLNPXDBT-UHFFFAOYSA-N"
35802212,"(1R)-1-Chloro-2-hydroxyethyl benzoate",200.024017,"C9H9ClO3","c1ccc(cc1)C(=O)O[C@@H](CO)Cl","InChI=1S/C9H9ClO3/c10-8(6-11)13-9(12)7-4-2-1-3-5-7/h1-5,8,11H,6H2/t8-/m0/s1","XSZZILABEZISFP-QMMMGPOBSA-N"
36063871,"(4-Chloro-3-methoxyphenyl)(hydroxy)acetaldehyde",200.024017,"C9H9ClO3","COc1cc(ccc1Cl)C(C=O)O","InChI=1S/C9H9ClO3/c1-13-9-4-6(8(12)5-11)2-3-7(9)10/h2-5,8,12H,1H3","WQLDZZZBUNQBBZ-UHFFFAOYSA-N"
37019871,"(2Z)-3-Chloro-3-(2,5-dimethyl-3-furyl)acrylic acid",200.024017,"C9H9ClO3","Cc1cc(c(o1)C)/C(=C/C(=O)O)/Cl","InChI=1S/C9H9ClO3/c1-5-3-7(6(2)13-5)8(10)4-9(11)12/h3-4H,1-2H3,(H,11,12)/b8-4-","IGRRRTPESMSANC-YWEYNIOJSA-N"
37054211,"2-Ethoxyphenyl carbonochloridate",200.024017,"C9H9ClO3","CCOc1ccccc1OC(=O)Cl","InChI=1S/C9H9ClO3/c1-2-12-7-5-3-4-6-8(7)13-9(10)11/h3-6H,2H2,1H3","USCBMXSSTSVMRI-UHFFFAOYSA-N"
37054289,"3-Ethoxyphenyl carbonochloridate",200.024017,"C9H9ClO3","CCOc1cccc(c1)OC(=O)Cl","InChI=1S/C9H9ClO3/c1-2-12-7-4-3-5-8(6-7)13-9(10)11/h3-6H,2H2,1H3","FZHFXKRTEZJGHB-UHFFFAOYSA-N"
37054306,"3-(Methoxymethyl)phenyl carbonochloridate",200.024017,"C9H9ClO3","COCc1cccc(c1)OC(=O)Cl","InChI=1S/C9H9ClO3/c1-12-6-7-3-2-4-8(5-7)13-9(10)11/h2-5H,6H2,1H3","JDDHIZIXEOHWJE-UHFFFAOYSA-N"
37166349,"3-Fluoro-N-hydroxy-5-nitrobenzamide",200.023331,"C7H5FN2O4","c1c(cc(cc1[N+](=O)[O-])F)C(=O)NO","InChI=1S/C7H5FN2O4/c8-5-1-4(7(11)9-12)2-6(3-5)10(13)14/h1-3,12H,(H,9,11)","IBLMGLWCLPTUFT-UHFFFAOYSA-N"
37381533,"3-Chloro-5-(methoxymethyl)benzoic acid",200.024017,"C9H9ClO3","COCc1cc(cc(c1)Cl)C(=O)O","InChI=1S/C9H9ClO3/c1-13-5-6-2-7(9(11)12)4-8(10)3-6/h2-4H,5H2,1H3,(H,11,12)","MNKBBBHVNNHHBV-UHFFFAOYSA-N"
37513151,"3-Chloro-2-methoxy-4-methylbenzoic acid",200.024017,"C9H9ClO3","Cc1ccc(c(c1Cl)OC)C(=O)O","InChI=1S/C9H9ClO3/c1-5-3-4-6(9(11)12)8(13-2)7(5)10/h3-4H,1-2H3,(H,11,12)","QKJFMZQPAMLQMA-UHFFFAOYSA-N"
37513152,"2-(2-Chloro-4-hydroxyphenyl)propanoic acid",200.024017,"C9H9ClO3","CC(c1ccc(cc1Cl)O)C(=O)O","InChI=1S/C9H9ClO3/c1-5(9(12)13)7-3-2-6(11)4-8(7)10/h2-5,11H,1H3,(H,12,13)","UFMULNVBCMGPQZ-UHFFFAOYSA-N"
37513153,"2-(4-Chloro-2-hydroxyphenyl)propanoic acid",200.024017,"C9H9ClO3","CC(c1ccc(cc1O)Cl)C(=O)O","InChI=1S/C9H9ClO3/c1-5(9(12)13)7-3-2-6(10)4-8(7)11/h2-5,11H,1H3,(H,12,13)","BBFMRFZJHYFUIJ-UHFFFAOYSA-N"
37513154,"3-(3-Chloro-2-hydroxyphenyl)propanoic acid",200.024017,"C9H9ClO3","c1cc(c(c(c1)Cl)O)CCC(=O)O","InChI=1S/C9H9ClO3/c10-7-3-1-2-6(9(7)13)4-5-8(11)12/h1-3,13H,4-5H2,(H,11,12)","VXOZFDUZVLUEGN-UHFFFAOYSA-N"
37555680,"4-Chloro-3-(1-hydroxyethyl)benzoic acid",200.024017,"C9H9ClO3","CC(c1cc(ccc1Cl)C(=O)O)O","InChI=1S/C9H9ClO3/c1-5(11)7-4-6(9(12)13)2-3-8(7)10/h2-5,11H,1H3,(H,12,13)","XYURXTJNKPIXSZ-UHFFFAOYSA-N"
37558610,"4-Chloro-3-(2-hydroxyethyl)benzoic acid",200.024017,"C9H9ClO3","c1cc(c(cc1C(=O)O)CCO)Cl","InChI=1S/C9H9ClO3/c10-8-2-1-7(9(12)13)5-6(8)3-4-11/h1-2,5,11H,3-4H2,(H,12,13)","JCEIRQPRVINKKF-UHFFFAOYSA-N"
37651239,"2-Chloro-5,5-dimethyl-5,6-dihydro-7H-furo[3,2-b]pyran-7-one",200.024017,"C9H9ClO3","CC1(CC(=O)c2c(cc(o2)Cl)O1)C","InChI=1S/C9H9ClO3/c1-9(2)4-5(11)8-6(13-9)3-7(10)12-8/h3H,4H2,1-2H3","FEBRVFQFSSLFLD-UHFFFAOYSA-N"
37676608,"[1-(5-Chloro-2-furyl)cyclopropyl]acetic acid",200.024017,"C9H9ClO3","c1cc(oc1C2(CC2)CC(=O)O)Cl","InChI=1S/C9H9ClO3/c10-7-2-1-6(13-7)9(3-4-9)5-8(11)12/h1-2H,3-5H2,(H,11,12)","CXLGVMIIFHHGKV-UHFFFAOYSA-N"
37694696,"(2-Chloro-3-methoxyphenyl)acetic acid",200.024017,"C9H9ClO3","COc1cccc(c1Cl)CC(=O)O","InChI=1S/C9H9ClO3/c1-13-7-4-2-3-6(9(7)10)5-8(11)12/h2-4H,5H2,1H3,(H,11,12)","OOIUAGQNFAVELA-UHFFFAOYSA-N"
37694697,"3-(2-Chloro-3-hydroxyphenyl)propanoic acid",200.024017,"C9H9ClO3","c1cc(c(c(c1)O)Cl)CCC(=O)O","InChI=1S/C9H9ClO3/c10-9-6(4-5-8(12)13)2-1-3-7(9)11/h1-3,11H,4-5H2,(H,12,13)","VXNJQVOGZKNULZ-UHFFFAOYSA-N"
37694698,"3-(4-Chloro-3-hydroxyphenyl)propanoic acid",200.024017,"C9H9ClO3","c1cc(c(cc1CCC(=O)O)O)Cl","InChI=1S/C9H9ClO3/c10-7-3-1-6(5-8(7)11)2-4-9(12)13/h1,3,5,11H,2,4H2,(H,12,13)","ZAZSRZKGHBEJPU-UHFFFAOYSA-N"
37694699,"3-(3-Chloro-5-hydroxyphenyl)propanoic acid",200.024017,"C9H9ClO3","c1c(cc(cc1O)Cl)CCC(=O)O","InChI=1S/C9H9ClO3/c10-7-3-6(1-2-9(12)13)4-8(11)5-7/h3-5,11H,1-2H2,(H,12,13)","AEWLGOJBKRCCAZ-UHFFFAOYSA-N"
37694700,"3-(2-Chloro-5-hydroxyphenyl)propanoic acid",200.024017,"C9H9ClO3","c1cc(c(cc1O)CCC(=O)O)Cl","InChI=1S/C9H9ClO3/c10-8-3-2-7(11)5-6(8)1-4-9(12)13/h2-3,5,11H,1,4H2,(H,12,13)","OZDYQYXJGUDTDA-UHFFFAOYSA-N"
37694701,"2-(2-Chloro-3-hydroxyphenyl)propanoic acid",200.024017,"C9H9ClO3","CC(c1cccc(c1Cl)O)C(=O)O","InChI=1S/C9H9ClO3/c1-5(9(12)13)6-3-2-4-7(11)8(6)10/h2-5,11H,1H3,(H,12,13)","WYKCENPUTNTTFY-UHFFFAOYSA-N"
37694702,"2-(4-Chloro-3-hydroxyphenyl)propanoic acid",200.024017,"C9H9ClO3","CC(c1ccc(c(c1)O)Cl)C(=O)O","InChI=1S/C9H9ClO3/c1-5(9(12)13)6-2-3-7(10)8(11)4-6/h2-5,11H,1H3,(H,12,13)","BDUSSJJFYJFXTP-UHFFFAOYSA-N"
37694703,"2-(3-Chloro-5-hydroxyphenyl)propanoic acid",200.024017,"C9H9ClO3","CC(c1cc(cc(c1)Cl)O)C(=O)O","InChI=1S/C9H9ClO3/c1-5(9(12)13)6-2-7(10)4-8(11)3-6/h2-5,11H,1H3,(H,12,13)","LIPSYTHMJOQMIE-UHFFFAOYSA-N"
37694704,"2-(2-Chloro-5-hydroxyphenyl)propanoic acid",200.024017,"C9H9ClO3","CC(c1cc(ccc1Cl)O)C(=O)O","InChI=1S/C9H9ClO3/c1-5(9(12)13)7-4-6(11)2-3-8(7)10/h2-5,11H,1H3,(H,12,13)","ZGTJHZMOCHHJJS-UHFFFAOYSA-N"
37858515,"Ethyl (2E)-3-(5-chloro-2-furyl)acrylate",200.024017,"C9H9ClO3","CCOC(=O)/C=C/c1ccc(o1)Cl","InChI=1S/C9H9ClO3/c1-2-12-9(11)6-4-7-3-5-8(10)13-7/h3-6H,2H2,1H3/b6-4+","UDEHWHJUDUJBNI-GQCTYLIASA-N"
37858516,"Ethyl (2E)-3-(4-chloro-2-furyl)acrylate",200.024017,"C9H9ClO3","CCOC(=O)/C=C/c1cc(co1)Cl","InChI=1S/C9H9ClO3/c1-2-12-9(11)4-3-8-5-7(10)6-13-8/h3-6H,2H2,1H3/b4-3+","RBKXMTSXNHJYIH-ONEGZZNKSA-N"
37858517,"Ethyl (2E)-3-(3-chloro-2-furyl)acrylate",200.024017,"C9H9ClO3","CCOC(=O)/C=C/c1c(cco1)Cl","InChI=1S/C9H9ClO3/c1-2-12-9(11)4-3-8-7(10)5-6-13-8/h3-6H,2H2,1H3/b4-3+","XTSWTNNEKLWIGJ-ONEGZZNKSA-N"
37858520,"Ethyl (2E)-3-(5-chloro-3-furyl)acrylate",200.024017,"C9H9ClO3","CCOC(=O)/C=C/c1cc(oc1)Cl","InChI=1S/C9H9ClO3/c1-2-12-9(11)4-3-7-5-8(10)13-6-7/h3-6H,2H2,1H3/b4-3+","CYJIWNCEKBKLJZ-ONEGZZNKSA-N"
37995226,"4-Chloro-2,6-dimethoxybenzaldehyde",200.024017,"C9H9ClO3","COc1cc(cc(c1C=O)OC)Cl","InChI=1S/C9H9ClO3/c1-12-8-3-6(10)4-9(13-2)7(8)5-11/h3-5H,1-2H3","LENPUWVBWPAVKQ-UHFFFAOYSA-N"
38002034,"(3-Chloro-2-methoxyphenyl)acetic acid",200.024017,"C9H9ClO3","COc1c(cccc1Cl)CC(=O)O","InChI=1S/C9H9ClO3/c1-13-9-6(5-8(11)12)3-2-4-7(9)10/h2-4H,5H2,1H3,(H,11,12)","NYURPCOPWHJZOC-UHFFFAOYSA-N"
38004003,"(2-Chloro-3-methylphenoxy)acetic acid",200.024017,"C9H9ClO3","Cc1cccc(c1Cl)OCC(=O)O","InChI=1S/C9H9ClO3/c1-6-3-2-4-7(9(6)10)13-5-8(11)12/h2-4H,5H2,1H3,(H,11,12)","QVJBBPPQWPNEEA-UHFFFAOYSA-N"
38237777,"[(2R)-6-Chloro-2,3-dihydro-1,4-benzodioxin-2-yl]methanol",200.024017,"C9H9ClO3","c1cc2c(cc1Cl)OC[C@H](O2)CO","InChI=1S/C9H9ClO3/c10-6-1-2-8-9(3-6)12-5-7(4-11)13-8/h1-3,7,11H,4-5H2/t7-/m1/s1","LJINDSYFYHYUEU-SSDOTTSWSA-N"
38325417,"2-Fluoro-N-hydroxy-5-nitrobenzamide",200.023331,"C7H5FN2O4","c1cc(c(cc1[N+](=O)[O-])C(=O)NO)F","InChI=1S/C7H5FN2O4/c8-6-2-1-4(10(13)14)3-5(6)7(11)9-12/h1-3,12H,(H,9,11)","VPXYBGJPMRSERJ-UHFFFAOYSA-N"
38410112,"5-Fluoro-N-hydroxy-2-nitrobenzamide",200.023331,"C7H5FN2O4","c1cc(c(cc1F)C(=O)NO)[N+](=O)[O-]","InChI=1S/C7H5FN2O4/c8-4-1-2-6(10(13)14)5(3-4)7(11)9-12/h1-3,12H,(H,9,11)","MTOPQTDDBIMYIQ-UHFFFAOYSA-N"
38759033,"2-Fluoro-N-hydroxy-4-nitrobenzamide",200.023331,"C7H5FN2O4","c1cc(c(cc1[N+](=O)[O-])F)C(=O)NO","InChI=1S/C7H5FN2O4/c8-6-3-4(10(13)14)1-2-5(6)7(11)9-12/h1-3,12H,(H,9,11)","OMOUTNIHCWNDPR-UHFFFAOYSA-N"
41922019,"(1R)-1-(1,3-Benzodioxol-5-yl)-2-chloroethanol",200.024017,"C9H9ClO3","c1cc2c(cc1[C@H](CCl)O)OCO2","InChI=1S/C9H9ClO3/c10-4-7(11)6-1-2-8-9(3-6)13-5-12-8/h1-3,7,11H,4-5H2/t7-/m0/s1","YWPJZZBYTIRESV-ZETCQYMHSA-N"
42767626,"Sodium (Z)-(5-fluoro-1-oxo-1,3-dihydro-2H-inden-2-ylidene)methanolate",200.024948,"C10H6FNaO2","c1cc2c(cc1F)C/C(=C/[O-])/C2=O.[Na+]","InChI=1S/C10H7FO2.Na/c11-8-1-2-9-6(4-8)3-7(5-12)10(9)13;/h1-2,4-5,12H,3H2;/q;+1/p-1/b7-5-;","RZYJFCLDOXGLFW-YJOCEBFMSA-M"
43055250,"(2R)-2-(2-Chlorophenyl)-2-hydroxypropanoic acid",200.024017,"C9H9ClO3","C[C@@](c1ccccc1Cl)(C(=O)O)O","InChI=1S/C9H9ClO3/c1-9(13,8(11)12)6-4-2-3-5-7(6)10/h2-5,13H,1H3,(H,11,12)/t9-/m1/s1","ZEXPENITPLXFLY-SECBINFHSA-N"
43055251,"(2S)-2-(2-Chlorophenyl)-2-hydroxypropanoic acid",200.024017,"C9H9ClO3","C[C@](c1ccccc1Cl)(C(=O)O)O","InChI=1S/C9H9ClO3/c1-9(13,8(11)12)6-4-2-3-5-7(6)10/h2-5,13H,1H3,(H,11,12)/t9-/m0/s1","ZEXPENITPLXFLY-VIFPVBQESA-N"
