"Identifier","CompoundName","MonoisotopicMass","MolecularFormula","SMILES","InChI","InChIKey"
6539,"3-METHYLBENZO(F)QUINOLINE",193.089142,"C14H11N","Cc1ccc2c3ccccc3ccc2n1","InChI=1S/C14H11N/c1-10-6-8-13-12-5-3-2-4-11(12)7-9-14(13)15-10/h2-9H,1H3","SUHRSZJZYUCLOD-UHFFFAOYSA-N"
6576,"Benzhydryl cyanide",193.089142,"C14H11N","c1ccc(cc1)C(C#N)c2ccccc2","InChI=1S/C14H11N/c15-11-14(12-7-3-1-4-8-12)13-9-5-2-6-10-13/h1-10,14H","NEBPTMCRLHKPOB-UHFFFAOYSA-N"
8857,"Iminostilbene",193.089142,"C14H11N","c1ccc2c(c1)C=Cc3ccccc3N2","InChI=1S/C14H11N/c1-3-7-13-11(5-1)9-10-12-6-2-4-8-14(12)15-13/h1-10,15H","LCGTWRLJTMHIQZ-UHFFFAOYSA-N"
11392,"Anthracenamine",193.089142,"C14H11N","c1ccc2cc3c(cccc3N)cc2c1","InChI=1S/C14H11N/c15-14-7-3-6-12-8-10-4-1-2-5-11(10)9-13(12)14/h1-9H,15H2","YUENFNPLGJCNRB-UHFFFAOYSA-N"
11393,"4-Methylacridine",193.089142,"C14H11N","Cc1cccc2c1nc3ccccc3c2","InChI=1S/C14H11N/c1-10-5-4-7-12-9-11-6-2-3-8-13(11)15-14(10)12/h2-9H,1H3","SKLZCRNUJKGGRW-UHFFFAOYSA-N"
11419,"9-Methylacridine",193.089142,"C14H11N","Cc1c2ccccc2nc3c1cccc3","InChI=1S/C14H11N/c1-10-11-6-2-4-8-13(11)15-14-9-5-3-7-12(10)14/h2-9H,1H3","FLDRLXJNISEWNZ-UHFFFAOYSA-N"
11443,"2-Anthracenamine",193.089142,"C14H11N","c1ccc2cc3cc(ccc3cc2c1)N","InChI=1S/C14H11N/c15-14-6-5-12-7-10-3-1-2-4-11(10)8-13(12)9-14/h1-9H,15H2","YCSBALJAGZKWFF-UHFFFAOYSA-N"
11444,"2-Methylacridine",193.089142,"C14H11N","Cc1ccc2c(c1)cc3ccccc3n2","InChI=1S/C14H11N/c1-10-6-7-14-12(8-10)9-11-4-2-3-5-13(11)15-14/h2-9H,1H3","HVZWBVZEZZJOKQ-UHFFFAOYSA-N"
12525,"9-Anthracenamine",193.089142,"C14H11N","c1ccc2c(c1)cc3ccccc3c2N","InChI=1S/C14H11N/c15-14-12-7-3-1-5-10(12)9-11-6-2-4-8-13(11)14/h1-9H,15H2","LHNICELDCMPPDE-UHFFFAOYSA-N"
13102,"9-Phenanthrenamine",193.089142,"C14H11N","c1ccc2c(c1)cc(c3c2cccc3)N","InChI=1S/C14H11N/c15-14-9-10-5-1-2-6-11(10)12-7-3-4-8-13(12)14/h1-9H,15H2","KIHQWOBUUIPWAN-UHFFFAOYSA-N"
13105,"2-Phenylindole",193.089142,"C14H11N","c1ccc(cc1)c2cc3ccccc3[nH]2","InChI=1S/C14H11N/c1-2-6-11(7-3-1)14-10-12-8-4-5-9-13(12)15-14/h1-10,15H","KLLLJCACIRKBDT-UHFFFAOYSA-N"
14414,"n-vinylcarbazole",193.089142,"C14H11N","C=Cn1c2ccccc2c3c1cccc3","InChI=1S/C14H11N/c1-2-15-13-9-5-3-7-11(13)12-8-4-6-10-14(12)15/h2-10H,1H2","KKFHAJHLJHVUDM-UHFFFAOYSA-N"
32982,"4-CYANOMETHYLBIPHENYL",193.089142,"C14H11N","c1ccc(cc1)c2ccc(cc2)CC#N","InChI=1S/C14H11N/c15-11-10-12-6-8-14(9-7-12)13-4-2-1-3-5-13/h1-9H,10H2","HSZCNGTZJWZAMF-UHFFFAOYSA-N"
62287,"2-methylbenzo(h)quinoline",193.089142,"C14H11N","Cc1ccc2ccc3ccccc3c2n1","InChI=1S/C14H11N/c1-10-6-7-12-9-8-11-4-2-3-5-13(11)14(12)15-10/h2-9H,1H3","NFXIDKHEPSPXNF-UHFFFAOYSA-N"
67264,"3-Phenanthrenamine",193.089142,"C14H11N","c1ccc2c(c1)ccc3c2cc(cc3)N","InChI=1S/C14H11N/c15-12-8-7-11-6-5-10-3-1-2-4-13(10)14(11)9-12/h1-9H,15H2","HUWRJSZODLRHMY-UHFFFAOYSA-N"
69344,"2-Phenanthrenamine",193.089142,"C14H11N","c1ccc2c(c1)ccc3c2ccc(c3)N","InChI=1S/C14H11N/c15-12-7-8-14-11(9-12)6-5-10-3-1-2-4-13(10)14/h1-9H,15H2","ZEAWSFHWVLOENK-UHFFFAOYSA-N"
70233,"1-Phenanthrenamine",193.089142,"C14H11N","c1ccc2c(c1)ccc3c2cccc3N","InChI=1S/C14H11N/c15-14-7-3-6-12-11-5-2-1-4-10(11)8-9-13(12)14/h1-9H,15H2","CXZOCEZMGWOOFD-UHFFFAOYSA-N"
81220,"methylacridine",193.089142,"C14H11N","Cc1cccc2c1cc3ccccc3n2","InChI=1S/C14H11N/c1-10-5-4-8-14-12(10)9-11-6-2-3-7-13(11)15-14/h2-9H,1H3","VXGOQVMIGNMUGC-UHFFFAOYSA-N"
86772,"2-Phenylindolizine",193.089142,"C14H11N","c1ccc(cc1)c2cc3ccccn3c2","InChI=1S/C14H11N/c1-2-6-12(7-3-1)13-10-14-8-4-5-9-15(14)11-13/h1-11H","JMCYJDYOEWQZDE-UHFFFAOYSA-N"
87119,"3-Phenyl-1H-indole",193.089142,"C14H11N","c1ccc(cc1)c2c[nH]c3c2cccc3","InChI=1S/C14H11N/c1-2-6-11(7-3-1)13-10-15-14-9-5-4-8-12(13)14/h1-10,15H","XZNGTBLWFCRXKR-UHFFFAOYSA-N"
87790,"4-Methylbenzo[h]quinoline",193.089142,"C14H11N","Cc1ccnc2c1ccc3c2cccc3","InChI=1S/C14H11N/c1-10-8-9-15-14-12(10)7-6-11-4-2-3-5-13(11)14/h2-9H,1H3","RYLSMBLMTHOIEW-UHFFFAOYSA-N"
87791,"1-Methylbenzo[f]quinoline",193.089142,"C14H11N","Cc1ccnc2c1c3ccccc3cc2","InChI=1S/C14H11N/c1-10-8-9-15-13-7-6-11-4-2-3-5-12(11)14(10)13/h2-9H,1H3","DRYQGJXUTJRTGU-UHFFFAOYSA-N"
111770,"1a,9b-Dihydro-1H-phenanthro[9,10-b]azirene",193.089142,"C14H11N","c1ccc2c(c1)-c3ccccc3C4C2N4","InChI=1S/C14H11N/c1-3-7-11-9(5-1)10-6-2-4-8-12(10)14-13(11)15-14/h1-8,13-15H","INLXKCRNWNDSBY-UHFFFAOYSA-N"
123542,"2,3-Diphenyl-2H-azirene",193.089142,"C14H11N","c1ccc(cc1)C2C(=N2)c3ccccc3","InChI=1S/C14H11N/c1-3-7-11(8-4-1)13-14(15-13)12-9-5-2-6-10-12/h1-10,13H","GSIWSQWJNJISAA-UHFFFAOYSA-N"
124402,"4-Benzylbenzonitrile",193.089142,"C14H11N","c1ccc(cc1)Cc2ccc(cc2)C#N","InChI=1S/C14H11N/c15-11-14-8-6-13(7-9-14)10-12-4-2-1-3-5-12/h1-9H,10H2","CPRFNWUIJASATH-UHFFFAOYSA-N"
125043,"7-Phenylbicyclo[4.1.0]hepta-2,4-diene-7-carbonitrile",193.089142,"C14H11N","c1ccc(cc1)C2(C3C2C=CC=C3)C#N","InChI=1S/C14H11N/c15-10-14(11-6-2-1-3-7-11)12-8-4-5-9-13(12)14/h1-9,12-13H","ZUEHDKCSXWCSAX-UHFFFAOYSA-N"
128357,"4'-Methyl-2-biphenylcarbonitrile",193.089142,"C14H11N","Cc1ccc(cc1)c2ccccc2C#N","InChI=1S/C14H11N/c1-11-6-8-12(9-7-11)14-5-3-2-4-13(14)10-15/h2-9H,1H3","ZGQVZLSNEBEHFN-UHFFFAOYSA-N"
140519,"4-Phenanthrenamine",193.089142,"C14H11N","c1ccc2c(c1)ccc3c2c(ccc3)N","InChI=1S/C14H11N/c15-13-7-3-5-11-9-8-10-4-1-2-6-12(10)14(11)13/h1-9H,15H2","AFPNTTFBCMSLLO-UHFFFAOYSA-N"
148795,"2-Methylbenzo(f)quinoline",193.089142,"C14H11N","Cc1cc2c3ccccc3ccc2nc1","InChI=1S/C14H11N/c1-10-8-13-12-5-3-2-4-11(12)6-7-14(13)15-9-10/h2-9H,1H3","GDYIXQSZWGQBMB-UHFFFAOYSA-N"
149404,"4'-Methyl-4-biphenylcarbonitrile",193.089142,"C14H11N","Cc1ccc(cc1)c2ccc(cc2)C#N","InChI=1S/C14H11N/c1-11-2-6-13(7-3-11)14-8-4-12(10-15)5-9-14/h2-9H,1H3","QIBWMVSMTSYUSK-UHFFFAOYSA-N"
158326,"phenylindole",193.089142,"C14H11N","c1ccc(cc1)n2ccc3c2cccc3","InChI=1S/C14H11N/c1-2-7-13(8-3-1)15-11-10-12-6-4-5-9-14(12)15/h1-11H","YBFCBQMICVOSRW-UHFFFAOYSA-N"
281450,"6-Methylphenanthridine",193.089142,"C14H11N","Cc1c2ccccc2c3ccccc3n1","InChI=1S/C14H11N/c1-10-11-6-2-3-7-12(11)13-8-4-5-9-14(13)15-10/h2-9H,1H3","IFMDPNYROKZRER-UHFFFAOYSA-N"
296057,"2-Biphenylylacetonitrile",193.089142,"C14H11N","c1ccc(cc1)c2ccccc2CC#N","InChI=1S/C14H11N/c15-11-10-13-8-4-5-9-14(13)12-6-2-1-3-7-12/h1-9H,10H2","WVYPDPJNPRIPPW-UHFFFAOYSA-N"
321566,"15-Azatetracyclo[6.6.1.0~2,7~.0~9,14~]pentadeca-2,4,6,9,11,13-hexaene",193.089142,"C14H11N","c1ccc2c(c1)C3c4ccccc4C2N3","InChI=1S/C14H11N/c1-2-6-10-9(5-1)13-11-7-3-4-8-12(11)14(10)15-13/h1-8,13-15H","QDQCGPNKFXBFNN-UHFFFAOYSA-N"
383622,"5-(3-Fluorophenyl)-2,4-dimethyl-2H-tetrazol-4-ium",193.088394,"C9H10FN4","Cn1nc([n+](n1)C)c2cccc(c2)F","InChI=1S/C9H10FN4/c1-13-9(11-14(2)12-13)7-4-3-5-8(10)6-7/h3-6H,1-2H3/q+1","DSROMECBKJFTFA-UHFFFAOYSA-N"
527052,"3-Methylbenzo[g]isoquinoline",193.089142,"C14H11N","Cc1cc2cc3ccccc3cc2cn1","InChI=1S/C14H11N/c1-10-6-13-7-11-4-2-3-5-12(11)8-14(13)9-15-10/h2-9H,1H3","VNYFIMAAUQDNKJ-UHFFFAOYSA-N"
527094,"3-Methylacridine",193.089142,"C14H11N","Cc1ccc2cc3ccccc3nc2c1","InChI=1S/C14H11N/c1-10-6-7-12-9-11-4-2-3-5-13(11)15-14(12)8-10/h2-9H,1H3","JHPMXDKTYFNDMT-UHFFFAOYSA-N"
933802,"N,N-Dimethylpiperazin-1-sulfonamid",193.088501,"C6H15N3O2S","CN(C)S(=O)(=O)N1CCNCC1","InChI=1S/C6H15N3O2S/c1-8(2)12(10,11)9-5-3-7-4-6-9/h7H,3-6H2,1-2H3","NQZDGTYTTVHKPE-UHFFFAOYSA-N"
1020510,"2-(Phenylethynyl)aniline",193.089142,"C14H11N","c1ccc(cc1)C#Cc2ccccc2N","InChI=1S/C14H11N/c15-14-9-5-4-8-13(14)11-10-12-6-2-1-3-7-12/h1-9H,15H2","BZDTZZOSIAUOBS-UHFFFAOYSA-N"
1162838,"2'-Methyl-3-biphenylcarbonitrile",193.089142,"C14H11N","Cc1ccccc1c2cccc(c2)C#N","InChI=1S/C14H11N/c1-11-5-2-3-8-14(11)13-7-4-6-12(9-13)10-15/h2-9H,1H3","YWZPKVVVOMUEIE-UHFFFAOYSA-N"
1162928,"3'-Methyl-4-biphenylcarbonitrile",193.089142,"C14H11N","Cc1cccc(c1)c2ccc(cc2)C#N","InChI=1S/C14H11N/c1-11-3-2-4-14(9-11)13-7-5-12(10-15)6-8-13/h2-9H,1H3","KVEFDPQLIFYIIK-UHFFFAOYSA-N"
1162938,"2'-Methyl-4-biphenylcarbonitrile",193.089142,"C14H11N","Cc1ccccc1c2ccc(cc2)C#N","InChI=1S/C14H11N/c1-11-4-2-3-5-14(11)13-8-6-12(10-15)7-9-13/h2-9H,1H3","NTJHRYFSZWZHPG-UHFFFAOYSA-N"
1163276,"4'-Methyl-3-biphenylcarbonitrile",193.089142,"C14H11N","Cc1ccc(cc1)c2cccc(c2)C#N","InChI=1S/C14H11N/c1-11-5-7-13(8-6-11)14-4-2-3-12(9-14)10-15/h2-9H,1H3","IDJXCGMHZMGQRV-UHFFFAOYSA-N"
1163285,"3'-Methyl-3-biphenylcarbonitrile",193.089142,"C14H11N","Cc1cccc(c1)c2cccc(c2)C#N","InChI=1S/C14H11N/c1-11-4-2-6-13(8-11)14-7-3-5-12(9-14)10-15/h2-9H,1H3","ZBWBEYDSNCBLBZ-UHFFFAOYSA-N"
1163400,"3'-Methyl-2-biphenylcarbonitrile",193.089142,"C14H11N","Cc1cccc(c1)c2ccccc2C#N","InChI=1S/C14H11N/c1-11-5-4-7-12(9-11)14-8-3-2-6-13(14)10-15/h2-9H,1H3","BITRDALNSYHNBR-UHFFFAOYSA-N"
2016527,"benzhydryl isocyanide",193.089142,"C14H11N","[C-]#[N+]C(c1ccccc1)c2ccccc2","InChI=1S/C14H11N/c1-15-14(12-8-4-2-5-9-12)13-10-6-3-7-11-13/h2-11,14H","REKQCRSUOJRCDV-UHFFFAOYSA-N"
2291589,"2-Methyl-6-(phenylethynyl)pyridine",193.089142,"C14H11N","Cc1cccc(n1)C#Cc2ccccc2","InChI=1S/C14H11N/c1-12-6-5-9-14(15-12)11-10-13-7-3-2-4-8-13/h2-9H,1H3","NEWKHUASLBMWRE-UHFFFAOYSA-N"
3191179,"1-(2-Naphthyl)-1H-pyrrole",193.089142,"C14H11N","c1ccc2cc(ccc2c1)n3cccc3","InChI=1S/C14H11N/c1-2-6-13-11-14(8-7-12(13)5-1)15-9-3-4-10-15/h1-11H","RZOKCPPMEHWLQH-UHFFFAOYSA-N"
3401932,"N-(4-Methyl-1-piperazinyl)methanesulfonamide",193.088501,"C6H15N3O2S","CN1CCN(CC1)NS(=O)(=O)C","InChI=1S/C6H15N3O2S/c1-8-3-5-9(6-4-8)7-12(2,10)11/h7H,3-6H2,1-2H3","GDZNYCNGGWZCTC-UHFFFAOYSA-N"
3748508,"2-(1-Naphthyl)-1H-pyrrole",193.089142,"C14H11N","c1ccc2c(c1)cccc2c3ccc[nH]3","InChI=1S/C14H11N/c1-2-7-12-11(5-1)6-3-8-13(12)14-9-4-10-15-14/h1-10,15H","AYSZVAJFMOEQSQ-UHFFFAOYSA-N"
3808258,"4-(Phenylethynyl)aniline",193.089142,"C14H11N","c1ccc(cc1)C#Cc2ccc(cc2)N","InChI=1S/C14H11N/c15-14-10-8-13(9-11-14)7-6-12-4-2-1-3-5-12/h1-5,8-11H,15H2","ODFQRHOQXHVJTQ-UHFFFAOYSA-N"
3926587,"4-Amino-1-(2-fluorobenzyl)-1H-1,2,4-triazol-4-ium",193.088394,"C9H10FN4","c1ccc(c(c1)Cn2c[n+](cn2)N)F","InChI=1S/C9H10FN4/c10-9-4-2-1-3-8(9)5-14-7-13(11)6-12-14/h1-4,6-7H,5,11H2/q+1","QKUBGYFVXONHDN-UHFFFAOYSA-N"
3958615,"1-(1-Naphthyl)-1H-pyrrole",193.089142,"C14H11N","c1ccc2c(c1)cccc2n3cccc3","InChI=1S/C14H11N/c1-2-8-13-12(6-1)7-5-9-14(13)15-10-3-4-11-15/h1-11H","KTDPOCUIJQPZNJ-UHFFFAOYSA-N"
4276450,"2-[(4-Methylphenyl)ethynyl]pyridine",193.089142,"C14H11N","Cc1ccc(cc1)C#Cc2ccccn2","InChI=1S/C14H11N/c1-12-5-7-13(8-6-12)9-10-14-4-2-3-11-15-14/h2-8,11H,1H3","VYZANAILUXHNIL-UHFFFAOYSA-N"
4325339,"4-[(4-Methylphenyl)ethynyl]pyridine",193.089142,"C14H11N","Cc1ccc(cc1)C#Cc2ccncc2","InChI=1S/C14H11N/c1-12-2-4-13(5-3-12)6-7-14-8-10-15-11-9-14/h2-5,8-11H,1H3","KQURJNNHHQTUIX-UHFFFAOYSA-N"
4953984,"5H-Dibenz(c,e)azepine",193.089142,"C14H11N","c1ccc-2c(c1)CN=Cc3c2cccc3","InChI=1S/C14H11N/c1-3-7-13-11(5-1)9-15-10-12-6-2-4-8-14(12)13/h1-9H,10H2","XCFNJQFEOFKMOS-UHFFFAOYSA-N"
5022446,"3-(1H-Inden-2-yl)pyridine",193.089142,"C14H11N","c1ccc2c(c1)CC(=C2)c3cccnc3","InChI=1S/C14H11N/c1-2-5-12-9-14(8-11(12)4-1)13-6-3-7-15-10-13/h1-8,10H,9H2","NNEAKBWZBQOQDH-UHFFFAOYSA-N"
5362694,"(2S)-2,3-Diphenyl-2H-azirene",193.089142,"C14H11N","N\2=C(/c1ccccc1)[C@@H]/2c3ccccc3","InChI=1S/C14H11N/c1-3-7-11(8-4-1)13-14(15-13)12-9-5-2-6-10-12/h1-10,13H/t13-/m0/s1","GSIWSQWJNJISAA-ZDUSSCGKSA-N"
5791884,"(2R)-2,3-Diphenyl-2H-azirene",193.089142,"C14H11N","N\2=C(/c1ccccc1)[C@H]/2c3ccccc3","InChI=1S/C14H11N/c1-3-7-11(8-4-1)13-14(15-13)12-9-5-2-6-10-12/h1-10,13H/t13-/m1/s1","GSIWSQWJNJISAA-CYBMUJFWSA-N"
8009918,"3-methyl-4-phenyl-benzonitrile",193.089142,"C14H11N","N#Cc2cc(c(c1ccccc1)cc2)C","InChI=1S/C14H11N/c1-11-9-12(10-15)7-8-14(11)13-5-3-2-4-6-13/h2-9H,1H3","HNMVDGFMLKHLPJ-UHFFFAOYSA-N"
8165769,"2-Methylazuleno[2,1-b]pyridine",193.089142,"C14H11N","n2c1cc3c(c1ccc2C)ccccc3","InChI=1S/C14H11N/c1-10-7-8-13-12-6-4-2-3-5-11(12)9-14(13)15-10/h2-9H,1H3","CSGOITAZVBTTQA-UHFFFAOYSA-N"
8191994,"2H-Dicyclohepta[b,d]pyrrole",193.089142,"C14H11N","N=2\C1=C\C=C/C\C=C1C=3C=2/C=C\C=C/C=3","InChI=1S/C14H11N/c1-3-7-11-12-8-4-2-6-10-14(12)15-13(11)9-5-1/h1-3,5-10H,4H2","XXXQDNRWCPNLII-UHFFFAOYSA-N"
8256847,"4-Methylene-4,4a-dihydrobenzo[h]isoquinoline",193.089142,"C14H11N","N=2\C=C1\c3c(\C=C/C1C(/C=2)=C)cccc3","InChI=1S/C14H11N/c1-10-8-15-9-14-12(10)7-6-11-4-2-3-5-13(11)14/h2-9,12H,1H2","PCSZGTWTXQMIIQ-UHFFFAOYSA-N"
8417185,"(E)-1-(1-Naphthyl)-N-propadienylmethanimine",193.089142,"C14H11N","C(=C)=C\N=C\c2cccc1ccccc12","InChI=1S/C14H11N/c1-2-10-15-11-13-8-5-7-12-6-3-4-9-14(12)13/h3-11H,1H2/b15-11+","REXOXKKFMFJZSI-RVDMUPIBSA-N"
8437503,"4-Methylazuleno[2,1-b]pyridine",193.089142,"C14H11N","n2c1cc3c(c1c(cc2)C)ccccc3","InChI=1S/C14H11N/c1-10-7-8-15-13-9-11-5-3-2-4-6-12(11)14(10)13/h2-9H,1H3","SQMHXYWVMZDDIX-UHFFFAOYSA-N"
8488965,"N,2-Diphenylethenimine",193.089142,"C14H11N","C(=N/c1ccccc1)=C/c2ccccc2","InChI=1S/C14H11N/c1-3-7-13(8-4-1)11-12-15-14-9-5-2-6-10-14/h1-11H","QZXPDQHDYPMYRZ-UHFFFAOYSA-N"
8505697,"1H-Dicyclohepta[b,d]pyrrole",193.089142,"C14H11N","N=2C=1/C=C\C=C/CC=1C=3C=2/C=C\C=C/C=3","InChI=1S/C14H11N/c1-3-7-11-12-8-4-2-6-10-14(12)15-13(11)9-5-1/h1-7,9-10H,8H2","LWTJULMHUWZYAY-UHFFFAOYSA-N"
8640614,"6H-Cyclohepta[b]quinoline",193.089142,"C14H11N","n1c3c(cc2c1cccc2)\C=C/C=C\C3","InChI=1S/C14H11N/c1-2-6-11-10-12-7-4-5-9-14(12)15-13(11)8-3-1/h1-7,9-10H,8H2","BXEDXYRIZZAABD-UHFFFAOYSA-N"
8685266,"methyl-bis(trimethylsilyl)sulfonium",193.089706,"C7H21SSi2","[S+](C)([Si](C)(C)C)[Si](C)(C)C","InChI=1S/C7H21SSi2/c1-8(9(2,3)4)10(5,6)7/h1-7H3/q+1","OWCBBWOERYWZLV-UHFFFAOYSA-N"
8735027,"(1Z)-3-(Benzyloxy)-2-hydroxy(2,3-~13~C_2_)-1-propene-1-diazonium",193.088211,"C8[13C]2H11N2O2","c1ccc(cc1)COCC(=C[N+]#N)O","InChI=1S/C10H10N2O2/c11-12-6-10(13)8-14-7-9-4-2-1-3-5-9/h1-6H,7-8H2/p+1","LRPOKAWLIYGWPP-UHFFFAOYSA-O"
8806997,"3-(2-Naphthyl)-1H-pyrrole",193.089142,"C14H11N","c23ccc(c1ccnc1)cc2cccc3","InChI=1S/C14H11N/c1-2-4-12-9-13(6-5-11(12)3-1)14-7-8-15-10-14/h1-10,15H","SITPOWDVCZEVOP-UHFFFAOYSA-N"
8949468,"10-Methylbenzo[g]isoquinoline",193.089142,"C14H11N","n3ccc2cc1ccccc1c(c2c3)C","InChI=1S/C14H11N/c1-10-13-5-3-2-4-11(13)8-12-6-7-15-9-14(10)12/h2-9H,1H3","ROYNSUPNOKNKAJ-UHFFFAOYSA-N"
8996912,"1,2-Dihydro-1-acenaphthylenylacetonitrile",193.089142,"C14H11N","N#CCC3c1c2c(ccc1)cccc2C3","InChI=1S/C14H11N/c15-8-7-11-9-12-5-1-3-10-4-2-6-13(11)14(10)12/h1-6,11H,7,9H2","WOQCJIUGLUOXHC-UHFFFAOYSA-N"
9020755,"2,3-Dihydro-1H-phenalene-1-carbonitrile",193.089142,"C14H11N","N#CC3c1c2c(ccc1)cccc2CC3","InChI=1S/C14H11N/c15-9-12-8-7-11-4-1-3-10-5-2-6-13(12)14(10)11/h1-6,12H,7-8H2","SHCBRWWMPWLGDM-UHFFFAOYSA-N"
9031633,"2-Benzylbenzonitrile",193.089142,"C14H11N","C1=CC=C(C=C1)CC2=CC=CC=C2C#N","InChI=1S/C14H11N/c15-11-14-9-5-4-8-13(14)10-12-6-2-1-3-7-12/h1-9H,10H2","YCSOWXPYKGFJBX-UHFFFAOYSA-N"
9053285,"11H-Dibenzo[b,e]azepine",193.089142,"C14H11N","C1C2=CC=CC=C2C=NC3=CC=CC=C31","InChI=1S/C14H11N/c1-2-7-13-10-15-14-8-4-3-6-12(14)9-11(13)5-1/h1-8,10H,9H2","IDWNSAXOQLJYOF-UHFFFAOYSA-N"
9074756,"N-Ethynyl-N-phenylaniline",193.089142,"C14H11N","C#CN(c1ccccc1)c2ccccc2","InChI=1S/C14H11N/c1-2-15(13-9-5-3-6-10-13)14-11-7-4-8-12-14/h1,3-12H","FIBSTLLRJVXRAD-UHFFFAOYSA-N"
9162319,"4-[(3-Ethynylbicyclo[1.1.1]pent-1-yl)ethynyl]pyridine",193.089142,"C14H11N","C#CC12CC(C1)(C2)C#Cc3ccncc3","InChI=1S/C14H11N/c1-2-13-9-14(10-13,11-13)6-3-12-4-7-15-8-5-12/h1,4-5,7-8H,9-11H2","HVUBGKXCWGKCIY-UHFFFAOYSA-N"
9162320,"9-Methylphenanthridine",193.089142,"C14H11N","Cc1ccc2cnc3ccccc3c2c1","InChI=1S/C14H11N/c1-10-6-7-11-9-15-14-5-3-2-4-12(14)13(11)8-10/h2-9H,1H3","DWWFVBWGMXKEMS-UHFFFAOYSA-N"
9216793,"2-(3-Phenyl-1-propyn-1-yl)pyridine",193.089142,"C14H11N","C(#Cc1ncccc1)Cc2ccccc2","InChI=1S/C14H11N/c1-2-7-13(8-3-1)9-6-11-14-10-4-5-12-15-14/h1-5,7-8,10,12H,9H2","RWWYMSNHFDEFRH-UHFFFAOYSA-N"
9249415,"(1R,8S,9S,11R)-Tetracyclo[6.3.2.0~2,7~.0~9,11~]trideca-2,4,6,12-tetraene-10-carbonitrile",193.089142,"C14H11N","c1ccc2c(c1)C3C=CC2C4C3C4C#N","InChI=1S/C14H11N/c15-7-12-13-10-5-6-11(14(12)13)9-4-2-1-3-8(9)10/h1-6,10-14H","WBXGOMVEVXRCEK-UHFFFAOYSA-N"
9292030,"N-(2,2-Dimethoxyethyl)-1-methylhydrazinecarbothioamide",193.088501,"C6H15N3O2S","S=C(NCC(OC)OC)N(N)C","InChI=1S/C6H15N3O2S/c1-9(7)6(12)8-4-5(10-2)11-3/h5H,4,7H2,1-3H3,(H,8,12)","UPEUGQRRMLVZJL-UHFFFAOYSA-N"
9346629,"4-Methyl-3-biphenylcarbonitrile",193.089142,"C14H11N","N#Cc1cc(ccc1C)c2ccccc2","InChI=1S/C14H11N/c1-11-7-8-13(9-14(11)10-15)12-5-3-2-4-6-12/h2-9H,1H3","SIFRUYJBEKQBLL-UHFFFAOYSA-N"
9369947,"8-(1,3-Cyclopentadien-1-yl)quinoline",193.089142,"C14H11N","n2cccc3cccc(\C1=C\C=C/C1)c23","InChI=1S/C14H11N/c1-2-6-11(5-1)13-9-3-7-12-8-4-10-15-14(12)13/h1-5,7-10H,6H2","LIDYMKKGFSWRSS-UHFFFAOYSA-N"
9392829,"2'-Methyl-2-biphenylcarbonitrile",193.089142,"C14H11N","CC1=CC=CC=C1C2=CC=CC=C2C#N","InChI=1S/C14H11N/c1-11-6-2-4-8-13(11)14-9-5-3-7-12(14)10-15/h2-9H,1H3","CKDXMVPILZEZSP-UHFFFAOYSA-N"
9419057,"8-(2,4-Cyclopentadien-1-yl)quinoline",193.089142,"C14H11N","n1cccc2cccc(c12)C/3/C=C\C=C\3","InChI=1S/C14H11N/c1-2-6-11(5-1)13-9-3-7-12-8-4-10-15-14(12)13/h1-11H","DAVCBFBJIOXYJH-UHFFFAOYSA-N"
9427560,"3-[(4-Methylphenyl)ethynyl]pyridine",193.089142,"C14H11N","C(#Cc1cccnc1)c2ccc(cc2)C","InChI=1S/C14H11N/c1-12-4-6-13(7-5-12)8-9-14-3-2-10-15-11-14/h2-7,10-11H,1H3","CKDROIPOXMERQX-UHFFFAOYSA-N"
9576189,"3-[(2-Methylphenyl)ethynyl]pyridine",193.089142,"C14H11N","C(#Cc1cccnc1)c2ccccc2C","InChI=1S/C14H11N/c1-12-5-2-3-7-14(12)9-8-13-6-4-10-15-11-13/h2-7,10-11H,1H3","YKENKRKOFRFTQU-UHFFFAOYSA-N"
9633051,"5-Phenyl-1H-indole",193.089142,"C14H11N","C1=CC=C(C=C1)C2=CC3=C(C=C2)NC=C3","InChI=1S/C14H11N/c1-2-4-11(5-3-1)12-6-7-14-13(10-12)8-9-15-14/h1-10,15H","LPYXADUZSWBHCT-UHFFFAOYSA-N"
9710512,"5-Methylbenzo[f]isoquinoline",193.089142,"C14H11N","n3cc2c(c1ccccc1cc2C)cc3","InChI=1S/C14H11N/c1-10-8-11-4-2-3-5-12(11)13-6-7-15-9-14(10)13/h2-9H,1H3","FLASMQPWENMXSI-UHFFFAOYSA-N"
9782836,"2-Methylbenzo[f]isoquinoline",193.089142,"C14H11N","n3cc2c(c1ccccc1cc2)cc3C","InChI=1S/C14H11N/c1-10-8-14-12(9-15-10)7-6-11-4-2-3-5-13(11)14/h2-9H,1H3","HJFWWJAQXDMQCG-UHFFFAOYSA-N"
9964730,"8-Phenylindolizine",193.089142,"C14H11N","c1ccc2c(cccn12)c3ccccc3","InChI=1S/C14H11N/c1-2-6-12(7-3-1)13-8-4-10-15-11-5-9-14(13)15/h1-11H","WEQCJPZWTBFXEO-UHFFFAOYSA-N"
9994582,"6-(2-Ethynylphenyl)-5-hexynenitrile",193.089142,"C14H11N","C#Cc1ccccc1C#CCCCC#N","InChI=1S/C14H11N/c1-2-13-9-6-7-11-14(13)10-5-3-4-8-12-15/h1,6-7,9,11H,3-4,8H2","ZNRRWQFPBBMUOI-UHFFFAOYSA-N"
10004942,"N-Methyl-N'-4-piperidinylsulfuric diamide",193.088501,"C6H15N3O2S","CNS(=O)(=O)NC1CCNCC1","InChI=1S/C6H15N3O2S/c1-7-12(10,11)9-6-2-4-8-5-3-6/h6-9H,2-5H2,1H3","GUBGYOJJXHDHGX-UHFFFAOYSA-N"
10158177,"4-[2-(2,4-Cyclopentadien-1-yl)vinyl]benzonitrile",193.089142,"C14H11N","c1cc(ccc1C=CC2C=CC=C2)C#N","InChI=1S/C14H11N/c15-11-14-9-7-13(8-10-14)6-5-12-3-1-2-4-12/h1-10,12H","IIIBAYFKWYJTII-UHFFFAOYSA-N"
10224223,"VINYLCARBAZOLE",193.089142,"C14H11N","C=Cc1cccc2c1[nH]c3c2cccc3","InChI=1S/C14H11N/c1-2-10-6-5-8-12-11-7-3-4-9-13(11)15-14(10)12/h2-9,15H,1H2","APQXWKHOGQFGTB-UHFFFAOYSA-N"
10384531,"1-Phenyl-2H-isoindole",193.089142,"C14H11N","c1ccc(cc1)c2c3ccccc3c[nH]2","InChI=1S/C14H11N/c1-2-6-11(7-3-1)14-13-9-5-4-8-12(13)10-15-14/h1-10,15H","YCFOLQSTUQNCAS-UHFFFAOYSA-N"
10422816,"2-Methylbenzo[g]quinoline",193.089142,"C14H11N","Cc1ccc2cc3ccccc3cc2n1","InChI=1S/C14H11N/c1-10-6-7-13-8-11-4-2-3-5-12(11)9-14(13)15-10/h2-9H,1H3","OVJRUEOEEZLVGO-UHFFFAOYSA-N"
10422817,"8-Methylbenzo[g]isoquinoline",193.089142,"C14H11N","Cc1ccc2cc3ccncc3cc2c1","InChI=1S/C14H11N/c1-10-2-3-11-7-12-4-5-15-9-14(12)8-13(11)6-10/h2-9H,1H3","LHTBVRBWTAZASA-UHFFFAOYSA-N"
10496698,"(1aR,9bS)-1a,9b-Dihydro-1H-phenanthro[9,10-b]azirene",193.089142,"C14H11N","c1cc3c(cc1)c2ccccc2[C@@H]4N[C@H]34","InChI=1S/C14H11N/c1-3-7-11-9(5-1)10-6-2-4-8-12(10)14-13(11)15-14/h1-8,13-15H/t13-,14+","INLXKCRNWNDSBY-OKILXGFUSA-N"
10499008,"(Z)-1-(1-Naphthyl)-N-(2-propyn-1-yl)methanimine",193.089142,"C14H11N","C#CC\N=C/c2cccc1ccccc12","InChI=1S/C14H11N/c1-2-10-15-11-13-8-5-7-12-6-3-4-9-14(12)13/h1,3-9,11H,10H2/b15-11-","RFRWWFJNNXPBLJ-PTNGSMBKSA-N"
10499009,"4-Methylbenzo[h]isoquinoline",193.089142,"C14H11N","Cc3cncc2c3ccc1ccccc12","InChI=1S/C14H11N/c1-10-8-15-9-14-12(10)7-6-11-4-2-3-5-13(11)14/h2-9H,1H3","HHSSOVJTIDJKJJ-UHFFFAOYSA-N"
10506956,"9-Methylbenzo[g]quinoline",193.089142,"C14H11N","Cc2cccc1cc3cccnc3cc12","InChI=1S/C14H11N/c1-10-4-2-5-11-8-12-6-3-7-15-14(12)9-13(10)11/h2-9H,1H3","NKHOUSKLEUCGNP-UHFFFAOYSA-N"
10506957,"7-Methylbenzo[g]quinoline",193.089142,"C14H11N","Cc1cc2cc3cccnc3cc2cc1","InChI=1S/C14H11N/c1-10-4-5-11-9-14-12(3-2-6-15-14)8-13(11)7-10/h2-9H,1H3","CMIUVCOVNYDOTI-UHFFFAOYSA-N"
10506959,"5-Methylbenzo[g]quinoline",193.089142,"C14H11N","Cc1c3ccccc3cc2ncccc12","InChI=1S/C14H11N/c1-10-12-6-3-2-5-11(12)9-14-13(10)7-4-8-15-14/h2-9H,1H3","IARZHDOGIBJIRL-UHFFFAOYSA-N"
10563234,"",193.089142,"C14H11N","Cc3nccc2c3ccc1ccccc12","InChI=1S/C14H11N/c1-10-12-7-6-11-4-2-3-5-13(11)14(12)8-9-15-10/h2-9H,1H3","POBLGRWDFWYIER-UHFFFAOYSA-N"
10702498,"5H-Dibenzo[b,d]azepine",193.089142,"C14H11N","c1cc2N\C=C/c3ccccc3c2cc1","InChI=1S/C14H11N/c1-2-6-12-11(5-1)9-10-15-14-8-4-3-7-13(12)14/h1-10,15H","VIQDTRXYTKXIMM-UHFFFAOYSA-N"
10711865,"6-Phenyl-1H-indole",193.089142,"C14H11N","c1cc(cc2nccc12)c3ccccc3","InChI=1S/C14H11N/c1-2-4-11(5-3-1)13-7-6-12-8-9-15-14(12)10-13/h1-10,15H","KVVBMAQSZVYTCW-UHFFFAOYSA-N"
10776038,"N-(Phenylethynyl)aniline",193.089142,"C14H11N","C1=CC=C(C=C1)C#CNC2=CC=CC=C2","InChI=1S/C14H11N/c1-3-7-13(8-4-1)11-12-15-14-9-5-2-6-10-14/h1-10,15H","RBYAGNRAPXMZGZ-UHFFFAOYSA-N"
10821489,"7-phenylindole",193.089142,"C14H11N","c1ccc(cc1)c2cccc3c2[nH]cc3","InChI=1S/C14H11N/c1-2-5-11(6-3-1)13-8-4-7-12-9-10-15-14(12)13/h1-10,15H","PIEDFMITVNDHRR-UHFFFAOYSA-N"
10825550,"3-(Phenylethynyl)aniline",193.089142,"C14H11N","c1ccc(cc1)C#Cc2cccc(c2)N","InChI=1S/C14H11N/c15-14-8-4-7-13(11-14)10-9-12-5-2-1-3-6-12/h1-8,11H,15H2","BOKCJGOOHNNDCL-UHFFFAOYSA-N"
11273006,"5H-Dibenzo[b,e]azepine",193.089142,"C14H11N","c1ccc2=CNc3ccccc3C=c2c1","InChI=1S/C14H11N/c1-2-7-13-10-15-14-8-4-3-6-12(14)9-11(13)5-1/h1-10,15H","FAJGWBHDKADUHW-UHFFFAOYSA-N"
11311608,"4-Methyl-2-biphenylcarbonitrile",193.089142,"C14H11N","Cc1ccc(c(c1)C#N)c2ccccc2","InChI=1S/C14H11N/c1-11-7-8-14(13(9-11)10-15)12-5-3-2-4-6-12/h2-9H,1H3","QMSDNBJQBPHACW-UHFFFAOYSA-N"
11458720,"4-Phenyl-1H-indole",193.089142,"C14H11N","c1ccc(cc1)c2cccc3c2cc[nH]3","InChI=1S/C14H11N/c1-2-5-11(6-3-1)12-7-4-8-14-13(12)9-10-15-14/h1-10,15H","LCTDIQQSJICLJM-UHFFFAOYSA-N"
13077570,"2,2-Diphenylethenimine",193.089142,"C14H11N","c1ccc(cc1)C(=C=N)c2ccccc2","InChI=1S/C14H11N/c15-11-14(12-7-3-1-4-8-12)13-9-5-2-6-10-13/h1-10,15H","WTSHEUXTBHRUOJ-UHFFFAOYSA-N"
13105266,"1-[4'-Methylene-1,1'-bi(cyclohexane)-1(1'),2',3,5,5'-pentaen-2-ylidene]methanimine",193.089142,"C14H11N","C=c1ccc(=c2ccccc2=C=N)cc1","InChI=1S/C14H11N/c1-11-6-8-12(9-7-11)14-5-3-2-4-13(14)10-15/h2-9,15H,1H2","CSGUCKFAKKJBTH-UHFFFAOYSA-N"
13482760,"2,3-Diphenyl-1H-azirene",193.089142,"C14H11N","c1ccc(cc1)C2=C(N2)c3ccccc3","InChI=1S/C14H11N/c1-3-7-11(8-4-1)13-14(15-13)12-9-5-2-6-10-12/h1-10,15H","HWWJZXPXOQYABR-UHFFFAOYSA-N"
13532466,"2-(2-Naphthyl)-1H-pyrrole",193.089142,"C14H11N","c1ccc2cc(ccc2c1)c3ccc[nH]3","InChI=1S/C14H11N/c1-2-5-12-10-13(8-7-11(12)4-1)14-6-3-9-15-14/h1-10,15H","FEXRHTOOBJYHHD-UHFFFAOYSA-N"
13567772,"3-Benzylbenzonitrile",193.089142,"C14H11N","c1ccc(cc1)Cc2cccc(c2)C#N","InChI=1S/C14H11N/c15-11-14-8-4-7-13(10-14)9-12-5-2-1-3-6-12/h1-8,10H,9H2","GOFIMQVJGKCLGF-UHFFFAOYSA-N"
14159356,"1-(1-Naphthyl)cyclopropanecarbonitrile",193.089142,"C14H11N","c1ccc2c(c1)cccc2C3(CC3)C#N","InChI=1S/C14H11N/c15-10-14(8-9-14)13-7-3-5-11-4-1-2-6-12(11)13/h1-7H,8-9H2","KZFLDUJYFFFLRT-UHFFFAOYSA-N"
14222870,"2-Vinyl-9H-carbazole",193.089142,"C14H11N","C=Cc1ccc2c3ccccc3[nH]c2c1","InChI=1S/C14H11N/c1-2-10-7-8-12-11-5-3-4-6-13(11)15-14(12)9-10/h2-9,15H,1H2","JJEJACZBVVTDIH-UHFFFAOYSA-N"
14258083,"3-Methyl-2-biphenylcarbonitrile",193.089142,"C14H11N","Cc1cccc(c1C#N)c2ccccc2","InChI=1S/C14H11N/c1-11-6-5-9-13(14(11)10-15)12-7-3-2-4-8-12/h2-9H,1H3","CTTUUXGJIWMJHV-UHFFFAOYSA-N"
14599730,"2-Phenyl-2H-isoindole",193.089142,"C14H11N","c1ccc(cc1)n2cc3ccccc3c2","InChI=1S/C14H11N/c1-2-8-14(9-3-1)15-10-12-6-4-5-7-13(12)11-15/h1-11H","AXIBRYDJCDIVBD-UHFFFAOYSA-N"
14676106,"1-(2-Naphthyl)cyclopropanecarbonitrile",193.089142,"C14H11N","c1ccc2cc(ccc2c1)C3(CC3)C#N","InChI=1S/C14H11N/c15-10-14(7-8-14)13-6-5-11-3-1-2-4-12(11)9-13/h1-6,9H,7-8H2","VFVKQIXJEARXQP-UHFFFAOYSA-N"
14722377,"1-Phenylindolizine",193.089142,"C14H11N","c1ccc(cc1)c2ccn3c2cccc3","InChI=1S/C14H11N/c1-2-6-12(7-3-1)13-9-11-15-10-5-4-8-14(13)15/h1-11H","YKPZOZVYGSIRDW-UHFFFAOYSA-N"
15231745,"3'-Ethynyl-3-biphenylamine",193.089142,"C14H11N","C#Cc1cccc(c1)c2cccc(c2)N","InChI=1S/C14H11N/c1-2-11-5-3-6-12(9-11)13-7-4-8-14(15)10-13/h1,3-10H,15H2","RSDJSMFPOYAEAA-UHFFFAOYSA-N"
15809272,"3-Biphenylylacetonitrile",193.089142,"C14H11N","c1ccc(cc1)c2cccc(c2)CC#N","InChI=1S/C14H11N/c15-10-9-12-5-4-8-14(11-12)13-6-2-1-3-7-13/h1-8,11H,9H2","UECHORLHEMXWAU-UHFFFAOYSA-N"
19620327,"4-(Methylamino)-1-piperidinesulfonamide",193.088501,"C6H15N3O2S","CNC1CCN(CC1)S(=O)(=O)N","InChI=1S/C6H15N3O2S/c1-8-6-2-4-9(5-3-6)12(7,10)11/h6,8H,2-5H2,1H3,(H2,7,10,11)","YITZOBRCOJXXJO-UHFFFAOYSA-N"
19756239,"6-Methylbenzo[h]quinoline",193.089142,"C14H11N","Cc1cc2cccnc2c3c1cccc3","InChI=1S/C14H11N/c1-10-9-11-5-4-8-15-14(11)13-7-3-2-6-12(10)13/h2-9H,1H3","ODFBIVRQPJHBPH-UHFFFAOYSA-N"
21377679,"3-methyl-6-(phenylethynyl)pyridine",193.089142,"C14H11N","Cc1ccc(nc1)C#Cc2ccccc2","InChI=1S/C14H11N/c1-12-7-9-14(15-11-12)10-8-13-5-3-2-4-6-13/h2-7,9,11H,1H3","HESJPHOOGDBABM-UHFFFAOYSA-N"
21414568,"4-Allyl-1-naphthonitrile",193.089142,"C14H11N","C=CCc1ccc(c2c1cccc2)C#N","InChI=1S/C14H11N/c1-2-5-11-8-9-12(10-15)14-7-4-3-6-13(11)14/h2-4,6-9H,1,5H2","FRDQAZSHJWHOGG-UHFFFAOYSA-N"
21475683,"2-(1-Piperazinylsulfonyl)ethanamine",193.088501,"C6H15N3O2S","C1CN(CCN1)S(=O)(=O)CCN","InChI=1S/C6H15N3O2S/c7-1-6-12(10,11)9-4-2-8-3-5-9/h8H,1-7H2","OJIVLWDRYFSBGU-UHFFFAOYSA-N"
21505903,"2-Methyl-5,6-dihydroindeno[6,7,1-cde]indole",193.089142,"C14H11N","CC1=Nc2ccc3c4c2c1ccc4CC3","InChI=1S/C14H11N/c1-8-11-6-4-9-2-3-10-5-7-12(15-8)14(11)13(9)10/h4-7H,2-3H2,1H3","AZRSXSMBOXUEST-UHFFFAOYSA-N"
21763862,"N-(2-Piperidinylmethyl)sulfuric diamide",193.088501,"C6H15N3O2S","C1CCNC(C1)CNS(=O)(=O)N","InChI=1S/C6H15N3O2S/c7-12(10,11)9-5-6-3-1-2-4-8-6/h6,8-9H,1-5H2,(H2,7,10,11)","YFDNSOTZYQZYQP-UHFFFAOYSA-N"
22764010,"N-(3-Piperidinylmethyl)sulfuric diamide",193.088501,"C6H15N3O2S","C1CC(CNC1)CNS(=O)(=O)N","InChI=1S/C6H15N3O2S/c7-12(10,11)9-5-6-2-1-3-8-4-6/h6,8-9H,1-5H2,(H2,7,10,11)","SSEIPSQLNISNJP-UHFFFAOYSA-N"
23359387,"3-Methyl-4-biphenylcarbonitrile",193.089142,"C14H11N","Cc1cc(ccc1C#N)c2ccccc2","InChI=1S/C14H11N/c1-11-9-13(7-8-14(11)10-15)12-5-3-2-4-6-12/h2-9H,1H3","LTFGNYGUKXREBK-UHFFFAOYSA-N"
24186049,"4-Ethyl-1-piperazinesulfonamide",193.088501,"C6H15N3O2S","CCN1CCN(CC1)S(=O)(=O)N","InChI=1S/C6H15N3O2S/c1-2-8-3-5-9(6-4-8)12(7,10)11/h2-6H2,1H3,(H2,7,10,11)","BAVMVXJZYYDDHT-UHFFFAOYSA-N"
24214054,"2,3-Dihydro-1H-cyclopenta[a]naphthalene-8-carbonitrile",193.089142,"C14H11N","c1cc(cc2c1ccc3c2CCC3)C#N","InChI=1S/C14H11N/c15-9-10-4-5-12-7-6-11-2-1-3-13(11)14(12)8-10/h4-8H,1-3H2","VRQLLRWQMMOYIP-UHFFFAOYSA-N"
24958371,"10-Methylbenzo[h]quinoline",193.089142,"C14H11N","Cc1cccc2c1c3c(cccn3)cc2","InChI=1S/C14H11N/c1-10-4-2-5-11-7-8-12-6-3-9-15-14(12)13(10)11/h2-9H,1H3","VONPSEORNTVXQW-UHFFFAOYSA-N"
25414923,"1-Fluoro-4-(3-isocyanatopropyl)-2-methylbenzene",193.09,"C11H12FNO","Cc1cc(ccc1F)CCCN=C=O","InChI=1S/C11H12FNO/c1-9-7-10(4-5-11(9)12)3-2-6-13-8-14/h4-5,7H,2-3,6H2,1H3","HWBHXMFSQMZLSJ-UHFFFAOYSA-N"
25435300,"1-Fluoro-4-(1-isocyanato-2-propanyl)-2-methylbenzene",193.09,"C11H12FNO","Cc1cc(ccc1F)C(C)CN=C=O","InChI=1S/C11H12FNO/c1-8-5-10(3-4-11(8)12)9(2)6-13-7-14/h3-5,9H,6H2,1-2H3","SCHQXONVBOXSPP-UHFFFAOYSA-N"
25621858,"1-(2-Fluorophenyl)-2-piperidinone",193.09,"C11H12FNO","c1ccc(c(c1)N2CCCCC2=O)F","InChI=1S/C11H12FNO/c12-9-5-1-2-6-10(9)13-8-4-3-7-11(13)14/h1-2,5-6H,3-4,7-8H2","JJPVZWWHEKECBS-UHFFFAOYSA-N"
25621859,"1-(3-Fluorophenyl)-2-piperidinone",193.09,"C11H12FNO","c1cc(cc(c1)F)N2CCCCC2=O","InChI=1S/C11H12FNO/c12-9-4-3-5-10(8-9)13-7-2-1-6-11(13)14/h3-5,8H,1-2,6-7H2","RFIVOVWIOZSEBI-UHFFFAOYSA-N"
25938813,"indenylpyridine",193.089142,"C14H11N","c1ccc2c(c1)C=CC2c3ccccn3","InChI=1S/C14H11N/c1-2-6-12-11(5-1)8-9-13(12)14-7-3-4-10-15-14/h1-10,13H","DSPUFJHFTBATQV-UHFFFAOYSA-N"
26232930,"3-(Aminomethyl)-1-piperidinesulfonamide",193.088501,"C6H15N3O2S","C1CC(CN(C1)S(=O)(=O)N)CN","InChI=1S/C6H15N3O2S/c7-4-6-2-1-3-9(5-6)12(8,10)11/h6H,1-5,7H2,(H2,8,10,11)","UXWIFRKWOKCTND-UHFFFAOYSA-N"
26471314,"1,2-Dihydro-5-acenaphthylenylacetonitrile",193.089142,"C14H11N","c1cc2c3c(ccc(c3c1)CC#N)CC2","InChI=1S/C14H11N/c15-9-8-10-4-5-12-7-6-11-2-1-3-13(10)14(11)12/h1-5H,6-8H2","OQNXERQPUTZSOG-UHFFFAOYSA-N"
26574175,"3-Ethynyl-4-biphenylamine",193.089142,"C14H11N","C#Cc1cc(ccc1N)c2ccccc2","InChI=1S/C14H11N/c1-2-11-10-13(8-9-14(11)15)12-6-4-3-5-7-12/h1,3-10H,15H2","XXPIMKJRDPOABS-UHFFFAOYSA-N"
28167370,"2-(1-Piperazinyl)ethanesulfonamide",193.088501,"C6H15N3O2S","C1CN(CCN1)CCS(=O)(=O)N","InChI=1S/C6H15N3O2S/c7-12(10,11)6-5-9-3-1-8-2-4-9/h8H,1-6H2,(H2,7,10,11)","FCTYJVALVSCHEV-UHFFFAOYSA-N"
28428579,"2-[(2-Methylphenyl)ethynyl]pyridine",193.089142,"C14H11N","Cc1ccccc1C#Cc2ccccn2","InChI=1S/C14H11N/c1-12-6-2-3-7-13(12)9-10-14-8-4-5-11-15-14/h2-8,11H,1H3","PUDXEETWGICZTG-UHFFFAOYSA-N"
28428585,"2-[(3-Methylphenyl)ethynyl]pyridine",193.089142,"C14H11N","Cc1cccc(c1)C#Cc2ccccn2","InChI=1S/C14H11N/c1-12-5-4-6-13(11-12)8-9-14-7-2-3-10-15-14/h2-7,10-11H,1H3","MVGHDXASGFRLIJ-UHFFFAOYSA-N"
28560509,"4'-Ethynyl-4-biphenylamine",193.089142,"C14H11N","C#Cc1ccc(cc1)c2ccc(cc2)N","InChI=1S/C14H11N/c1-2-11-3-5-12(6-4-11)13-7-9-14(15)10-8-13/h1,3-10H,15H2","JYNBLIVLAVFGEH-UHFFFAOYSA-N"
28679932,"3-(4-Biphenylyl)-2H-azirene",193.089142,"C14H11N","c1ccc(cc1)c2ccc(cc2)C3=NC3","InChI=1S/C14H11N/c1-2-4-11(5-3-1)12-6-8-13(9-7-12)14-10-15-14/h1-9H,10H2","FXBQUUONVRXFJN-UHFFFAOYSA-N"
29779385,"(3R,5S)-3,5-Dimethyl-1-piperazinesulfonamide",193.088501,"C6H15N3O2S","C[C@@H]1CN(C[C@@H](N1)C)S(=O)(=O)N","InChI=1S/C6H15N3O2S/c1-5-3-9(12(7,10)11)4-6(2)8-5/h5-6,8H,3-4H2,1-2H3,(H2,7,10,11)/t5-,6+","FKABEPPDGQSNTK-OLQVQODUSA-N"
32058289,"4'-Ethynyl-2-biphenylamine",193.089142,"C14H11N","C#Cc1ccc(cc1)c2ccccc2N","InChI=1S/C14H11N/c1-2-11-7-9-12(10-8-11)13-5-3-4-6-14(13)15/h1,3-10H,15H2","MMRSOBKBJLVCIM-UHFFFAOYSA-N"
32683318,"6-Methylbenzo[f]quinoline",193.089142,"C14H11N","Cc1cc2c(cccn2)c3c1cccc3","InChI=1S/C14H11N/c1-10-9-14-13(7-4-8-15-14)12-6-3-2-5-11(10)12/h2-9H,1H3","HRPZLVUHZXGEMM-UHFFFAOYSA-N"
32683434,"5-Methylbenzo[f]quinoline",193.089142,"C14H11N","Cc1cc2ccccc2c3c1nccc3","InChI=1S/C14H11N/c1-10-9-11-5-2-3-6-12(11)13-7-4-8-15-14(10)13/h2-9H,1H3","DAHXQSVVQAIMLW-UHFFFAOYSA-N"
32867780,"2,3-Dihydro-1H-cyclopenta[b]naphthalene-1-carbonitrile",193.089142,"C14H11N","c1ccc2cc3c(cc2c1)CCC3C#N","InChI=1S/C14H11N/c15-9-13-6-5-12-7-10-3-1-2-4-11(10)8-14(12)13/h1-4,7-8,13H,5-6H2","YDBDSZLWDHJAOY-UHFFFAOYSA-N"
32987808,"5-Methylbenzo[h]quinoline",193.089142,"C14H11N","Cc1cc2ccccc2c3c1cccn3","InChI=1S/C14H11N/c1-10-9-11-5-2-3-6-13(11)14-12(10)7-4-8-15-14/h2-9H,1H3","CDVTXNMBXSNKAI-UHFFFAOYSA-N"
32987880,"9-Methylbenzo[h]quinoline",193.089142,"C14H11N","Cc1ccc2ccc3cccnc3c2c1","InChI=1S/C14H11N/c1-10-4-5-11-6-7-12-3-2-8-15-14(12)13(11)9-10/h2-9H,1H3","OGEFNEFEYCQLFY-UHFFFAOYSA-N"
34997050,"4-Methyl-2-(phenylethynyl)pyridine",193.089142,"C14H11N","Cc1ccnc(c1)C#Cc2ccccc2","InChI=1S/C14H11N/c1-12-9-10-15-14(11-12)8-7-13-5-3-2-4-6-13/h2-6,9-11H,1H3","KYNCWWUJOAPSAP-UHFFFAOYSA-N"
35686262,"2-{Methyl[2-(methylsulfonyl)ethyl]amino}ethanimidamide",193.088501,"C6H15N3O2S","CN(CCS(=O)(=O)C)CC(=N)N","InChI=1S/C6H15N3O2S/c1-9(5-6(7)8)3-4-12(2,10)11/h3-5H2,1-2H3,(H3,7,8)","LVBRAIGMCVNBOO-UHFFFAOYSA-N"
35718391,"1,3-Dimethyl-1-[2-(methylsulfonyl)ethyl]guanidine",193.088501,"C6H15N3O2S","CNC(=N)N(C)CCS(=O)(=O)C","InChI=1S/C6H15N3O2S/c1-8-6(7)9(2)4-5-12(3,10)11/h4-5H2,1-3H3,(H2,7,8)","OBQIHALNCXULCM-UHFFFAOYSA-N"
35792719,"2-(1-Naphthyl)cyclopropanecarbonitrile",193.089142,"C14H11N","c1ccc2c(c1)cccc2C3CC3C#N","InChI=1S/C14H11N/c15-9-11-8-14(11)13-7-3-5-10-4-1-2-6-12(10)13/h1-7,11,14H,8H2","CRVJETWKFPSKDA-UHFFFAOYSA-N"
35971182,"2-[(3-Aminocyclobutyl)amino]ethanesulfonamide",193.088501,"C6H15N3O2S","C1C(CC1NCCS(=O)(=O)N)N","InChI=1S/C6H15N3O2S/c7-5-3-6(4-5)9-1-2-12(8,10)11/h5-6,9H,1-4,7H2,(H2,8,10,11)","DDNRPMLFRXBHAG-UHFFFAOYSA-N"
36091492,"2-(3-Pyrrolidinylamino)ethanesulfonamide",193.088501,"C6H15N3O2S","C1CNCC1NCCS(=O)(=O)N","InChI=1S/C6H15N3O2S/c7-12(10,11)4-3-9-6-1-2-8-5-6/h6,8-9H,1-5H2,(H2,7,10,11)","YECUFCRAWGJEGB-UHFFFAOYSA-N"
36284037,"N,N-Dimethyl-N'-[(3R)-3-pyrrolidinyl]sulfuric diamide",193.088501,"C6H15N3O2S","CN(C)S(=O)(=O)N[C@@H]1CCNC1","InChI=1S/C6H15N3O2S/c1-9(2)12(10,11)8-6-3-4-7-5-6/h6-8H,3-5H2,1-2H3/t6-/m1/s1","VXGXTFHZJCNFPS-ZCFIWIBFSA-N"
36284287,"N,N-Dimethyl-N'-[(3S)-3-pyrrolidinyl]sulfuric diamide",193.088501,"C6H15N3O2S","CN(C)S(=O)(=O)N[C@H]1CCNC1","InChI=1S/C6H15N3O2S/c1-9(2)12(10,11)8-6-3-4-7-5-6/h6-8H,3-5H2,1-2H3/t6-/m0/s1","VXGXTFHZJCNFPS-LURJTMIESA-N"
37703123,"2-(5-Ethyl-1,1-dioxido-1,2,5-thiadiazolidin-2-yl)ethanamine",193.088501,"C6H15N3O2S","CCN1CCN(S1(=O)=O)CCN","InChI=1S/C6H15N3O2S/c1-2-8-5-6-9(4-3-7)12(8,10)11/h2-7H2,1H3","WZTYZNPRCNWLDT-UHFFFAOYSA-N"
37703124,"2-(6-Methyl-1,1-dioxido-1,2,6-thiadiazinan-2-yl)ethanamine",193.088501,"C6H15N3O2S","CN1CCCN(S1(=O)=O)CCN","InChI=1S/C6H15N3O2S/c1-8-4-2-5-9(6-3-7)12(8,10)11/h2-7H2,1H3","CZHFTSNSQPRERB-UHFFFAOYSA-N"
38000340,"4-Amino-N-methyl-1-piperidinesulfonamide",193.088501,"C6H15N3O2S","CNS(=O)(=O)N1CCC(CC1)N","InChI=1S/C6H15N3O2S/c1-8-12(10,11)9-4-2-6(7)3-5-9/h6,8H,2-5,7H2,1H3","ZCABIBBFGSONGQ-UHFFFAOYSA-N"
38043255,"4-Methyl-1-piperidinesulfonohydrazide",193.088501,"C6H15N3O2S","CC1CCN(CC1)S(=O)(=O)NN","InChI=1S/C6H15N3O2S/c1-6-2-4-9(5-3-6)12(10,11)8-7/h6,8H,2-5,7H2,1H3","GIACDBUVPMDLQZ-UHFFFAOYSA-N"
38043256,"1-Azepanesulfonohydrazide",193.088501,"C6H15N3O2S","C1CCCN(CC1)S(=O)(=O)NN","InChI=1S/C6H15N3O2S/c7-8-12(10,11)9-5-3-1-2-4-6-9/h8H,1-7H2","SBEITTMSBAWYGS-UHFFFAOYSA-N"
38043922,"2-Methyl-1-piperidinesulfonohydrazide",193.088501,"C6H15N3O2S","CC1CCCCN1S(=O)(=O)NN","InChI=1S/C6H15N3O2S/c1-6-4-2-3-5-9(6)12(10,11)8-7/h6,8H,2-5,7H2,1H3","ZURWWKPFDPFJJZ-UHFFFAOYSA-N"
38043923,"3-Methyl-1-piperidinesulfonohydrazide",193.088501,"C6H15N3O2S","CC1CCCN(C1)S(=O)(=O)NN","InChI=1S/C6H15N3O2S/c1-6-3-2-4-9(5-6)12(10,11)8-7/h6,8H,2-5,7H2,1H3","GZIOVPGBBKHQHP-UHFFFAOYSA-N"
38782859,"(2Z)-3-(1-Naphthyl)-2-butenenitrile",193.089142,"C14H11N","C/C(=C/C#N)/c1cccc2c1cccc2","InChI=1S/C14H11N/c1-11(9-10-15)13-8-4-6-12-5-2-3-7-14(12)13/h2-9H,1H3/b11-9-","SXNQTSQCGAGNBC-LUAWRHEFSA-N"
38782870,"(2Z)-3-(2-Naphthyl)-2-butenenitrile",193.089142,"C14H11N","C/C(=C/C#N)/c1ccc2ccccc2c1","InChI=1S/C14H11N/c1-11(8-9-15)13-7-6-12-4-2-3-5-14(12)10-13/h2-8,10H,1H3/b11-8-","CUGCOOMMXDWMGC-FLIBITNWSA-N"
38902891,"N-[2-(2-Methoxyethoxy)ethyl]hydrazinecarbothioamide",193.088501,"C6H15N3O2S","COCCOCCNC(=S)NN","InChI=1S/C6H15N3O2S/c1-10-4-5-11-3-2-8-6(12)9-7/h2-5,7H2,1H3,(H2,8,9,12)","IJEOKXHWXHARNB-UHFFFAOYSA-N"
39844470,"1-Methyl-3-[3-(methylsulfonyl)propyl]guanidine",193.088501,"C6H15N3O2S","CNC(=N)NCCCS(=O)(=O)C","InChI=1S/C6H15N3O2S/c1-8-6(7)9-4-3-5-12(2,10)11/h3-5H2,1-2H3,(H3,7,8,9)","CLSFFAVAVCRRCJ-UHFFFAOYSA-N"
39845759,"1-Ethyl-3-[2-(methylsulfonyl)ethyl]guanidine",193.088501,"C6H15N3O2S","CCNC(=N)NCCS(=O)(=O)C","InChI=1S/C6H15N3O2S/c1-3-8-6(7)9-4-5-12(2,10)11/h3-5H2,1-2H3,(H3,7,8,9)","RCNPSCANZTWGTL-UHFFFAOYSA-N"
40272896,"N-{2-[(Methylsulfonyl)amino]ethyl}propanimidamide",193.088501,"C6H15N3O2S","CCC(=N)NCCNS(=O)(=O)C","InChI=1S/C6H15N3O2S/c1-3-6(7)8-4-5-9-12(2,10)11/h9H,3-5H2,1-2H3,(H2,7,8)","ZHGCKIPFAXPBDR-UHFFFAOYSA-N"
40272905,"N-(2-Sulfamoylethyl)butanimidamide",193.088501,"C6H15N3O2S","CCCC(=N)NCCS(=O)(=O)N","InChI=1S/C6H15N3O2S/c1-2-3-6(7)9-4-5-12(8,10)11/h2-5H2,1H3,(H2,7,9)(H2,8,10,11)","QUGSIGHGQLWWRO-UHFFFAOYSA-N"
40272906,"2-Methyl-N-(2-sulfamoylethyl)propanimidamide",193.088501,"C6H15N3O2S","CC(C)C(=N)NCCS(=O)(=O)N","InChI=1S/C6H15N3O2S/c1-5(2)6(7)9-3-4-12(8,10)11/h5H,3-4H2,1-2H3,(H2,7,9)(H2,8,10,11)","YPBBJTXOXIHXDP-UHFFFAOYSA-N"
40273824,"N-(3-Sulfamoylpropyl)propanimidamide",193.088501,"C6H15N3O2S","CCC(=N)NCCCS(=O)(=O)N","InChI=1S/C6H15N3O2S/c1-2-6(7)9-4-3-5-12(8,10)11/h2-5H2,1H3,(H2,7,9)(H2,8,10,11)","HLAYDCMGHXMJCF-UHFFFAOYSA-N"
41094077,"(3R)-3-Amino-N,N-dimethyl-1-pyrrolidinesulfonamide",193.088501,"C6H15N3O2S","CN(C)S(=O)(=O)N1CC[C@H](C1)N","InChI=1S/C6H15N3O2S/c1-8(2)12(10,11)9-4-3-6(7)5-9/h6H,3-5,7H2,1-2H3/t6-/m1/s1","OTSQMKGXEUWRQN-ZCFIWIBFSA-N"
41094946,"(3S)-3-Amino-N,N-dimethyl-1-pyrrolidinesulfonamide",193.088501,"C6H15N3O2S","CN(C)S(=O)(=O)N1CC[C@@H](C1)N","InChI=1S/C6H15N3O2S/c1-8(2)12(10,11)9-4-3-6(7)5-9/h6H,3-5,7H2,1-2H3/t6-/m0/s1","OTSQMKGXEUWRQN-LURJTMIESA-N"
41659220,"N-Ethyl-N'-3-pyrrolidinylsulfuric diamide",193.088501,"C6H15N3O2S","CCNS(=O)(=O)NC1CCNC1","InChI=1S/C6H15N3O2S/c1-2-8-12(10,11)9-6-3-4-7-5-6/h6-9H,2-5H2,1H3","PZBITZZSNHUNRV-UHFFFAOYSA-N"
41659288,"3-Amino-N-ethyl-1-pyrrolidinesulfonamide",193.088501,"C6H15N3O2S","CCNS(=O)(=O)N1CCC(C1)N","InChI=1S/C6H15N3O2S/c1-2-8-12(10,11)9-4-3-6(7)5-9/h6,8H,2-5,7H2,1H3","ONMFLYJMJPWRKC-UHFFFAOYSA-N"
41947452,"4-Methyl-1,4-diazepane-1-sulfonamide",193.088501,"C6H15N3O2S","CN1CCCN(CC1)S(=O)(=O)N","InChI=1S/C6H15N3O2S/c1-8-3-2-4-9(6-5-8)12(7,10)11/h2-6H2,1H3,(H2,7,10,11)","TWTMFQRVKAXAOB-UHFFFAOYSA-N"
41948564,"N-(3-Aminopropyl)-N-cyclopropylsulfuric diamide",193.088501,"C6H15N3O2S","C1CC1N(CCCN)S(=O)(=O)N","InChI=1S/C6H15N3O2S/c7-4-1-5-9(6-2-3-6)12(8,10)11/h6H,1-5,7H2,(H2,8,10,11)","YVXNONFPUHOCBH-UHFFFAOYSA-N"
42225382,"N-[3-(Methylsulfinyl)butyl]hydrazinecarboxamide",193.088501,"C6H15N3O2S","CC(CCNC(=O)NN)S(=O)C","InChI=1S/C6H15N3O2S/c1-5(12(2)11)3-4-8-6(10)9-7/h5H,3-4,7H2,1-2H3,(H2,8,9,10)","BWWAGUCFFNFVOH-UHFFFAOYSA-N"
42247264,"N-[4-(Methylsulfinyl)-2-butanyl]hydrazinecarboxamide",193.088501,"C6H15N3O2S","CC(CCS(=O)C)NC(=O)NN","InChI=1S/C6H15N3O2S/c1-5(3-4-12(2)11)8-6(10)9-7/h5H,3-4,7H2,1-2H3,(H2,8,9,10)","FVQQNVQVDSEGGX-UHFFFAOYSA-N"
42585042,"N'-[1-(Aminomethyl)cyclopropyl]-N,N-dimethylsulfuric diamide",193.088501,"C6H15N3O2S","CN(C)S(=O)(=O)NC1(CC1)CN","InChI=1S/C6H15N3O2S/c1-9(2)12(10,11)8-6(5-7)3-4-6/h8H,3-5,7H2,1-2H3","HIYCTGJULNAPMN-UHFFFAOYSA-N"
42598882,"2,2-Dimethyl-3-[(methylsulfonyl)amino]propanimidamide",193.088501,"C6H15N3O2S","CC(C)(CNS(=O)(=O)C)C(=N)N","InChI=1S/C6H15N3O2S/c1-6(2,5(7)8)4-9-12(3,10)11/h9H,4H2,1-3H3,(H3,7,8)","CXOVPTRLMZQSHI-UHFFFAOYSA-N"
43010026,"2-(3-Amino-1-pyrrolidinyl)ethanesulfonamide",193.088501,"C6H15N3O2S","C1CN(CC1N)CCS(=O)(=O)N","InChI=1S/C6H15N3O2S/c7-6-1-2-9(5-6)3-4-12(8,10)11/h6H,1-5,7H2,(H2,8,10,11)","UJEBVPIABGLIFG-UHFFFAOYSA-N"
43010071,"2-[3-Azetidinyl(methyl)amino]ethanesulfonamide",193.088501,"C6H15N3O2S","CN(CCS(=O)(=O)N)C1CNC1","InChI=1S/C6H15N3O2S/c1-9(6-4-8-5-6)2-3-12(7,10)11/h6,8H,2-5H2,1H3,(H2,7,10,11)","KFHUTWBCKRXSBX-UHFFFAOYSA-N"
