"Identifier","CompoundName","MonoisotopicMass","MolecularFormula","SMILES","InChI","InChIKey"
3987,"Parathion-methyl",263.00174,"C8H10NO5PS","COP(=S)(OC)Oc1ccc(cc1)[N+](=O)[O-]","InChI=1S/C8H10NO5PS/c1-12-15(16,13-2)14-8-5-3-7(4-6-8)9(10)11/h3-6H,1-2H3","RLBIQVVOMOPOHC-UHFFFAOYSA-N"
24546,"Ethyl [(4-chlorophenyl)sulfonyl]carbamate",263.001892,"C9H10ClNO4S","CCOC(=O)NS(=O)(=O)c1ccc(cc1)Cl","InChI=1S/C9H10ClNO4S/c1-2-15-9(12)11-16(13,14)8-5-3-7(10)4-6-8/h3-6H,2H2,1H3,(H,11,12)","FACGRORYCNHVPV-UHFFFAOYSA-N"
47382,"4-Chloro-N-(ethoxycarbonyl)benzenesulfonimidic acid",263.001892,"C9H10ClNO4S","CCOC(=O)N=S(=O)(c1ccc(cc1)Cl)O","InChI=1S/C9H10ClNO4S/c1-2-15-9(12)11-16(13,14)8-5-3-7(10)4-6-8/h3-6H,2H2,1H3,(H,11,12,13,14)","CKQDWCNUOOACLY-UHFFFAOYSA-N"
62234,"O,S-Dimethyl O-(4-nitrophenyl) phosphorothioate",263.00174,"C8H10NO5PS","COP(=O)(Oc1ccc(cc1)[N+](=O)[O-])SC","InChI=1S/C8H10NO5PS/c1-13-15(12,16-2)14-8-5-3-7(4-6-8)9(10)11/h3-6H,1-2H3","IVNMMKOOGWCFRS-UHFFFAOYSA-N"
69768,"3-Acetamido-4-methoxybenzenesulfonyl chloride",263.001892,"C9H10ClNO4S","CC(=O)Nc1cc(ccc1OC)S(=O)(=O)Cl","InChI=1S/C9H10ClNO4S/c1-6(12)11-8-5-7(16(10,13)14)3-4-9(8)15-2/h3-5H,1-2H3,(H,11,12)","KRKMAUKQDRAOFI-UHFFFAOYSA-N"
69848,"DIMETHYL P-NITROPHENYL THIOPHOSPHATE",263.00174,"C8H10NO5PS","COP(=O)(OC)Sc1ccc(cc1)[N+](=O)[O-]","InChI=1S/C8H10NO5PS/c1-13-15(12,14-2)16-8-5-3-7(4-6-8)9(10)11/h3-6H,1-2H3","DHPZHUPSZPYWMB-UHFFFAOYSA-N"
72157,"5-Acetamido-2-methoxybenzenesulfonyl chloride",263.001892,"C9H10ClNO4S","CC(=O)Nc1ccc(c(c1)S(=O)(=O)Cl)OC","InChI=1S/C9H10ClNO4S/c1-6(12)11-7-3-4-8(15-2)9(5-7)16(10,13)14/h3-5H,1-2H3,(H,11,12)","VWKRNDWDKNOMAD-UHFFFAOYSA-N"
91980,"O,O-Dimethyl O-(3-nitrophenyl) phosphorothioate",263.00174,"C8H10NO5PS","COP(=S)(OC)Oc1cccc(c1)[N+](=O)[O-]","InChI=1S/C8H10NO5PS/c1-12-15(16,13-2)14-8-5-3-4-7(6-8)9(10)11/h3-6H,1-2H3","DTOLRVVEYZNDCL-UHFFFAOYSA-N"
104607,"Ethyl [3-(chlorosulfonyl)phenyl]carbamate",263.001892,"C9H10ClNO4S","CCOC(=O)Nc1cccc(c1)S(=O)(=O)Cl","InChI=1S/C9H10ClNO4S/c1-2-15-9(12)11-7-4-3-5-8(6-7)16(10,13)14/h3-6H,2H2,1H3,(H,11,12)","LYBBKZMFGDIPHZ-UHFFFAOYSA-N"
144836,"O-Methyl O-(3-methyl-4-nitrophenyl) hydrogen phosphorothioate",263.00174,"C8H10NO5PS","Cc1cc(ccc1[N+](=O)[O-])OP(=S)(O)OC","InChI=1S/C8H10NO5PS/c1-6-5-7(14-15(12,16)13-2)3-4-8(6)9(10)11/h3-5H,1-2H3,(H,12,16)","LNGYYGXBMGRUKZ-UHFFFAOYSA-N"
166608,"S-[(4-Formyl-5-hydroxy-6-methyl-3-pyridinyl)methyl] dihydrogen phosphorothioate",263.00174,"C8H10NO5PS","Cc1c(c(c(cn1)CSP(=O)(O)O)C=O)O","InChI=1S/C8H10NO5PS/c1-5-8(11)7(3-10)6(2-9-5)4-16-15(12,13)14/h2-3,11H,4H2,1H3,(H2,12,13,14)","PWZWEYHZSGMECA-UHFFFAOYSA-N"
224765,"Ethyl [4-(chlorosulfonyl)phenyl]carbamate",263.001892,"C9H10ClNO4S","CCOC(=O)Nc1ccc(cc1)S(=O)(=O)Cl","InChI=1S/C9H10ClNO4S/c1-2-15-9(12)11-7-3-5-8(6-4-7)16(10,13)14/h3-6H,2H2,1H3,(H,11,12)","QIJQSTNYYPTNBF-UHFFFAOYSA-N"
249599,"3-(2,2,2-Trinitroethyl)dihydro-2,5-furandione",263.002594,"C6H5N3O9","C1C(C(=O)OC1=O)CC([N+](=O)[O-])([N+](=O)[O-])[N+](=O)[O-]","InChI=1S/C6H5N3O9/c10-4-1-3(5(11)18-4)2-6(7(12)13,8(14)15)9(16)17/h3H,1-2H2","VHPPSOMJSYXHSN-UHFFFAOYSA-N"
268750,"3-(3,4-Dichlorophenyl)imidazo[1,5-a]pyrazine",263.001709,"C12H7Cl2N3","c1cc(c(cc1c2ncc3n2ccnc3)Cl)Cl","InChI=1S/C12H7Cl2N3/c13-10-2-1-8(5-11(10)14)12-16-7-9-6-15-3-4-17(9)12/h1-7H","PKTBPBDAUJJDPU-UHFFFAOYSA-N"
291532,"4-Chloro-1-(isopropylsulfonyl)-2-nitrobenzene",263.001892,"C9H10ClNO4S","CC(C)S(=O)(=O)c1ccc(cc1[N+](=O)[O-])Cl","InChI=1S/C9H10ClNO4S/c1-6(2)16(14,15)9-4-3-7(10)5-8(9)11(12)13/h3-6H,1-2H3","VPQVEGOHNVZNLW-UHFFFAOYSA-N"
321986,"N-[(4-Chlorophenyl)sulfonyl]-N-methylglycine",263.001892,"C9H10ClNO4S","CN(CC(=O)O)S(=O)(=O)c1ccc(cc1)Cl","InChI=1S/C9H10ClNO4S/c1-11(6-9(12)13)16(14,15)8-4-2-7(10)3-5-8/h2-5H,6H2,1H3,(H,12,13)","BTJPZWSENGXSGK-UHFFFAOYSA-N"
321991,"N-[(4-Chlorophenyl)sulfonyl]alanine",263.001892,"C9H10ClNO4S","CC(C(=O)O)NS(=O)(=O)c1ccc(cc1)Cl","InChI=1S/C9H10ClNO4S/c1-6(9(12)13)11-16(14,15)8-4-2-7(10)3-5-8/h2-6,11H,1H3,(H,12,13)","SGHZTBDKKOKWDI-UHFFFAOYSA-N"
325104,"2-[Dichloro(2-pyrazinyl)methyl]benzonitrile",263.001709,"C12H7Cl2N3","c1ccc(c(c1)C#N)C(c2cnccn2)(Cl)Cl","InChI=1S/C12H7Cl2N3/c13-12(14,11-8-16-5-6-17-11)10-4-2-1-3-9(10)7-15/h1-6,8H","JAQHQMKDUWBYMI-UHFFFAOYSA-N"
466774,"5-[(4-Chlorophenyl)sulfonyl]-1,3,5-dioxazinane ",263.001892,"C9H10ClNO4S","c1cc(ccc1S(=O)(=O)N2COCOC2)Cl","InChI=1S/C9H10ClNO4S/c10-8-1-3-9(4-2-8)16(12,13)11-5-14-7-15-6-11/h1-4H,5-7H2","CIGFBYGLBRXAGW-UHFFFAOYSA-N"
528675,"5-Chloro-1-(4-chlorophenyl)-1H-benzotriazole",263.001709,"C12H7Cl2N3","c1cc(ccc1n2c3ccc(cc3nn2)Cl)Cl","InChI=1S/C12H7Cl2N3/c13-8-1-4-10(5-2-8)17-12-6-3-9(14)7-11(12)15-16-17/h1-7H","VCFIYRIZGWKKED-UHFFFAOYSA-N"
540315,"5-Chloro-3-(2-chlorophenyl)[1,2,4]triazolo[4,3-a]pyridine",263.001709,"C12H7Cl2N3","c1ccc(c(c1)c2nnc3n2c(ccc3)Cl)Cl","InChI=1S/C12H7Cl2N3/c13-9-5-2-1-4-8(9)12-16-15-11-7-3-6-10(14)17(11)12/h1-7H","NXCKYHALRYIAFN-UHFFFAOYSA-N"
598561,"Methyl N-[(4-chlorophenyl)sulfonyl]glycinate",263.001892,"C9H10ClNO4S","COC(=O)CNS(=O)(=O)c1ccc(cc1)Cl","InChI=1S/C9H10ClNO4S/c1-15-9(12)6-11-16(13,14)8-4-2-7(10)3-5-8/h2-5,11H,6H2,1H3","SYOQNYMPQNXLCA-UHFFFAOYSA-N"
615273,"5-Chloro-3-(4-chlorophenyl)[1,2,4]triazolo[4,3-a]pyridine",263.001709,"C12H7Cl2N3","c1cc2nnc(n2c(c1)Cl)c3ccc(cc3)Cl","InChI=1S/C12H7Cl2N3/c13-9-6-4-8(5-7-9)12-16-15-11-3-1-2-10(14)17(11)12/h1-7H","SETIHJVOUJAFPO-UHFFFAOYSA-N"
616031,"2-(3,4-Dichlorophenyl)imidazo[1,2-a]pyrimidine",263.001709,"C12H7Cl2N3","c1cnc2nc(cn2c1)c3ccc(c(c3)Cl)Cl","InChI=1S/C12H7Cl2N3/c13-9-3-2-8(6-10(9)14)11-7-17-5-1-4-15-12(17)16-11/h1-7H","WOBQGTFLIRGWOE-UHFFFAOYSA-N"
625207,"N-[(4-Chlorophenyl)sulfonyl]-L-alanine",263.001892,"C9H10ClNO4S","C[C@@H](C(=O)O)NS(=O)(=O)c1ccc(cc1)Cl","InChI=1S/C9H10ClNO4S/c1-6(9(12)13)11-16(14,15)8-4-2-7(10)3-5-8/h2-6,11H,1H3,(H,12,13)/t6-/m0/s1","SGHZTBDKKOKWDI-LURJTMIESA-N"
625209,"N-[(4-Chlorophenyl)sulfonyl]-D-alanine",263.001892,"C9H10ClNO4S","C[C@H](C(=O)O)NS(=O)(=O)c1ccc(cc1)Cl","InChI=1S/C9H10ClNO4S/c1-6(9(12)13)11-16(14,15)8-4-2-7(10)3-5-8/h2-6,11H,1H3,(H,12,13)/t6-/m1/s1","SGHZTBDKKOKWDI-ZCFIWIBFSA-N"
662533,"N-[(4-Chloro-3-methylphenyl)sulfonyl]glycine",263.001892,"C9H10ClNO4S","Cc1cc(ccc1Cl)S(=O)(=O)NCC(=O)O","InChI=1S/C9H10ClNO4S/c1-6-4-7(2-3-8(6)10)16(14,15)11-5-9(12)13/h2-4,11H,5H2,1H3,(H,12,13)","ZIKGRYCSIUIETK-UHFFFAOYSA-N"
667203,"(2S)-N-[(4-Chlorophenyl)sulfonyl]-2-hydroxypropanamide",263.001892,"C9H10ClNO4S","C[C@@H](C(=O)NS(=O)(=O)c1ccc(cc1)Cl)O","InChI=1S/C9H10ClNO4S/c1-6(12)9(13)11-16(14,15)8-4-2-7(10)3-5-8/h2-6,12H,1H3,(H,11,13)/t6-/m0/s1","YHRUVVJCYRHQGX-LURJTMIESA-N"
667204,"(2R)-N-[(4-Chlorophenyl)sulfonyl]-2-hydroxypropanamide",263.001892,"C9H10ClNO4S","C[C@H](C(=O)NS(=O)(=O)c1ccc(cc1)Cl)O","InChI=1S/C9H10ClNO4S/c1-6(12)9(13)11-16(14,15)8-4-2-7(10)3-5-8/h2-6,12H,1H3,(H,11,13)/t6-/m1/s1","YHRUVVJCYRHQGX-ZCFIWIBFSA-N"
692378,"2-Chloro-4-[(4-chlorophenyl)amino]nicotinonitrile",263.001709,"C12H7Cl2N3","c1cc(ccc1Nc2ccnc(c2C#N)Cl)Cl","InChI=1S/C12H7Cl2N3/c13-8-1-3-9(4-2-8)17-11-5-6-16-12(14)10(11)7-15/h1-6H,(H,16,17)","DOPUMCLNEFITCR-UHFFFAOYSA-N"
718936,"N-[(4-Chlorophenyl)sulfonyl]-beta-alanine",263.001892,"C9H10ClNO4S","c1cc(ccc1S(=O)(=O)NCCC(=O)O)Cl","InChI=1S/C9H10ClNO4S/c10-7-1-3-8(4-2-7)16(14,15)11-6-5-9(12)13/h1-4,11H,5-6H2,(H,12,13)","LLOGDSQFNVFUAW-UHFFFAOYSA-N"
739624,"N-(2-Chlorophenyl)-N-(methylsulfonyl)glycine",263.001892,"C9H10ClNO4S","CS(=O)(=O)N(CC(=O)O)c1ccccc1Cl","InChI=1S/C9H10ClNO4S/c1-16(14,15)11(6-9(12)13)8-5-3-2-4-7(8)10/h2-5H,6H2,1H3,(H,12,13)","VDHGIEIMAGBLCP-UHFFFAOYSA-N"
739725,"N-(4-Chlorophenyl)-N-(methylsulfonyl)glycine",263.001892,"C9H10ClNO4S","CS(=O)(=O)N(CC(=O)O)c1ccc(cc1)Cl","InChI=1S/C9H10ClNO4S/c1-16(14,15)11(6-9(12)13)8-4-2-7(10)3-5-8/h2-5H,6H2,1H3,(H,12,13)","SIKVXDUHKCTFMJ-UHFFFAOYSA-N"
745510,"4-Chloro-3-(dimethylsulfamoyl)benzoic acid",263.001892,"C9H10ClNO4S","CN(C)S(=O)(=O)c1cc(ccc1Cl)C(=O)O","InChI=1S/C9H10ClNO4S/c1-11(2)16(14,15)8-5-6(9(12)13)3-4-7(8)10/h3-5H,1-2H3,(H,12,13)","YMPQIPORTHDIJK-UHFFFAOYSA-N"
764826,"N-(3-Chlorophenyl)-N-(methylsulfonyl)glycine",263.001892,"C9H10ClNO4S","CS(=O)(=O)N(CC(=O)O)c1cccc(c1)Cl","InChI=1S/C9H10ClNO4S/c1-16(14,15)11(6-9(12)13)8-4-2-3-7(10)5-8/h2-5H,6H2,1H3,(H,12,13)","XBNWUTUHUALYHM-UHFFFAOYSA-N"
830534,"Methyl 2-chloro-5-[(methylsulfonyl)amino]benzoate",263.001892,"C9H10ClNO4S","COC(=O)c1cc(ccc1Cl)NS(=O)(=O)C","InChI=1S/C9H10ClNO4S/c1-15-9(12)7-5-6(3-4-8(7)10)11-16(2,13)14/h3-5,11H,1-2H3","VSAAJWABLOVDFB-UHFFFAOYSA-N"
841134,"Methyl 4-chloro-3-[(methylsulfonyl)amino]benzoate",263.001892,"C9H10ClNO4S","COC(=O)c1ccc(c(c1)NS(=O)(=O)C)Cl","InChI=1S/C9H10ClNO4S/c1-15-9(12)6-3-4-7(10)8(5-6)11-16(2,13)14/h3-5,11H,1-2H3","GMLBTLFCNDMZDA-UHFFFAOYSA-N"
842991,"N-[(3-Chlorophenyl)sulfonyl]-beta-alanine",263.001892,"C9H10ClNO4S","c1cc(cc(c1)Cl)S(=O)(=O)NCCC(=O)O","InChI=1S/C9H10ClNO4S/c10-7-2-1-3-8(6-7)16(14,15)11-5-4-9(12)13/h1-3,6,11H,4-5H2,(H,12,13)","JBXVVIWGDKGSGK-UHFFFAOYSA-N"
1214157,"6-Chloro-2-(6-chloro-3-pyridinyl)-1H-benzimidazole",263.001709,"C12H7Cl2N3","c1cc2c(cc1Cl)[nH]c(n2)c3ccc(nc3)Cl","InChI=1S/C12H7Cl2N3/c13-8-2-3-9-10(5-8)17-12(16-9)7-1-4-11(14)15-6-7/h1-6H,(H,16,17)","SIIKHDKPKYMOGJ-UHFFFAOYSA-N"
1249693,"4-Chloro-2-nitrophenyl propyl sulfone",263.001892,"C9H10ClNO4S","CCCS(=O)(=O)c1ccc(cc1[N+](=O)[O-])Cl","InChI=1S/C9H10ClNO4S/c1-2-5-16(14,15)9-4-3-7(10)6-8(9)11(12)13/h3-4,6H,2,5H2,1H3","DQXLCPDWAPIHTC-UHFFFAOYSA-N"
1569621,"N-[(2-Chlorophenyl)sulfonyl]-beta-alanine",263.001892,"C9H10ClNO4S","c1ccc(c(c1)S(=O)(=O)NCCC(=O)O)Cl","InChI=1S/C9H10ClNO4S/c10-7-3-1-2-4-8(7)16(14,15)11-6-5-9(12)13/h1-4,11H,5-6H2,(H,12,13)","HJRPPGPCPXRMFK-UHFFFAOYSA-N"
1737057,"2-Chloro-5-(dimethylsulfamoyl)benzoic acid",263.001892,"C9H10ClNO4S","CN(C)S(=O)(=O)c1ccc(c(c1)C(=O)O)Cl","InChI=1S/C9H10ClNO4S/c1-11(2)16(14,15)6-3-4-8(10)7(5-6)9(12)13/h3-5H,1-2H3,(H,12,13)","GHZFXVLKFOAKRO-UHFFFAOYSA-N"
1768530,"N-[(3-Chlorophenyl)sulfonyl]-D-alanine",263.001892,"C9H10ClNO4S","C[C@H](C(=O)O)NS(=O)(=O)c1cccc(c1)Cl","InChI=1S/C9H10ClNO4S/c1-6(9(12)13)11-16(14,15)8-4-2-3-7(10)5-8/h2-6,11H,1H3,(H,12,13)/t6-/m1/s1","LKWSJYWATSRWQH-ZCFIWIBFSA-N"
1768533,"N-[(3-Chlorophenyl)sulfonyl]-L-alanine",263.001892,"C9H10ClNO4S","C[C@@H](C(=O)O)NS(=O)(=O)c1cccc(c1)Cl","InChI=1S/C9H10ClNO4S/c1-6(9(12)13)11-16(14,15)8-4-2-3-7(10)5-8/h2-6,11H,1H3,(H,12,13)/t6-/m0/s1","LKWSJYWATSRWQH-LURJTMIESA-N"
2045702,"N-[(2-Chlorophenyl)sulfonyl]alanine",263.001892,"C9H10ClNO4S","CC(C(=O)O)NS(=O)(=O)c1ccccc1Cl","InChI=1S/C9H10ClNO4S/c1-6(9(12)13)11-16(14,15)8-5-3-2-4-7(8)10/h2-6,11H,1H3,(H,12,13)","KLBAFJQIONZMRJ-UHFFFAOYSA-N"
2058436,"Methyl 3-{[(2-chloroethoxy)carbonyl]amino}-2-thiophenecarboxylate",263.001892,"C9H10ClNO4S","COC(=O)c1c(ccs1)NC(=O)OCCCl","InChI=1S/C9H10ClNO4S/c1-14-8(12)7-6(2-5-16-7)11-9(13)15-4-3-10/h2,5H,3-4H2,1H3,(H,11,13)","PIXYZJOSPTUMMB-UHFFFAOYSA-N"
2078556,"Methyl 4-chloro-2-[(methylsulfonyl)amino]benzoate",263.001892,"C9H10ClNO4S","COC(=O)c1ccc(cc1NS(=O)(=O)C)Cl","InChI=1S/C9H10ClNO4S/c1-15-9(12)7-4-3-6(10)5-8(7)11-16(2,13)14/h3-5,11H,1-2H3","SMGVGBSTHNWJQO-UHFFFAOYSA-N"
2097642,"Ethyl [(2-chlorophenyl)sulfonyl]carbamate",263.001892,"C9H10ClNO4S","CCOC(=O)NS(=O)(=O)c1ccccc1Cl","InChI=1S/C9H10ClNO4S/c1-2-15-9(12)11-16(13,14)8-6-4-3-5-7(8)10/h3-6H,2H2,1H3,(H,11,12)","IZTGISMEDBVWTQ-UHFFFAOYSA-N"
2720403,"6-Chloro-2-(4-chlorophenyl)-1H-imidazo[4,5-b]pyridine",263.001709,"C12H7Cl2N3","c1cc(ccc1c2[nH]c3cc(cnc3n2)Cl)Cl","InChI=1S/C12H7Cl2N3/c13-8-3-1-7(2-4-8)11-16-10-5-9(14)6-15-12(10)17-11/h1-6H,(H,15,16,17)","MVXOGSOENOBYEH-UHFFFAOYSA-N"
2752993,"Methyl (3-chlorophenyl)(methylsulfonyl)carbamate",263.001892,"C9H10ClNO4S","COC(=O)N(c1cccc(c1)Cl)S(=O)(=O)C","InChI=1S/C9H10ClNO4S/c1-15-9(12)11(16(2,13)14)8-5-3-4-7(10)6-8/h3-6H,1-2H3","XYPABBZGSBOCMA-UHFFFAOYSA-N"
2832075,"2-[(4-Chlorobenzoyl)amino]ethanesulfonic acid",263.001892,"C9H10ClNO4S","c1cc(ccc1C(=O)NCCS(=O)(=O)O)Cl","InChI=1S/C9H10ClNO4S/c10-8-3-1-7(2-4-8)9(12)11-5-6-16(13,14)15/h1-4H,5-6H2,(H,11,12)(H,13,14,15)","TXMKOSRVXTVQRU-UHFFFAOYSA-N"
3043090,"3-[(4-Chlorophenyl)sulfonyl]alanine",263.001892,"C9H10ClNO4S","c1cc(ccc1S(=O)(=O)CC(C(=O)O)N)Cl","InChI=1S/C9H10ClNO4S/c10-6-1-3-7(4-2-6)16(14,15)5-8(11)9(12)13/h1-4,8H,5,11H2,(H,12,13)","AWAQUVZKSIXTRR-UHFFFAOYSA-N"
3050008,"N-[(4-Chlorophenyl)sulfonyl]-2-hydroxypropanamide",263.001892,"C9H10ClNO4S","CC(C(=O)NS(=O)(=O)c1ccc(cc1)Cl)O","InChI=1S/C9H10ClNO4S/c1-6(12)9(13)11-16(14,15)8-4-2-7(10)3-5-8/h2-6,12H,1H3,(H,11,13)","YHRUVVJCYRHQGX-UHFFFAOYSA-N"
3116897,"1-(Pentafluorophenyl)-1H-pyrrole-2,5-dione",263.00058,"C10H2F5NO2","C1=CC(=O)N(C1=O)c2c(c(c(c(c2F)F)F)F)F","InChI=1S/C10H2F5NO2/c11-5-6(12)8(14)10(9(15)7(5)13)16-3(17)1-2-4(16)18/h1-2H","UWORINMKYBTGFK-UHFFFAOYSA-N"
3282241,"N-(4-Chloro-1,1-dioxidotetrahydro-3-thiophenyl)-2-furamide",263.001892,"C9H10ClNO4S","c1cc(oc1)C(=O)NC2CS(=O)(=O)CC2Cl","InChI=1S/C9H10ClNO4S/c10-6-4-16(13,14)5-7(6)11-9(12)8-2-1-3-15-8/h1-3,6-7H,4-5H2,(H,11,12)","FNOKYVIJDFZZHR-UHFFFAOYSA-N"
3414914,"3-Chloro-2-(4-chlorophenyl)imidazo[1,2-a]pyrimidine",263.001709,"C12H7Cl2N3","c1cnc2nc(c(n2c1)Cl)c3ccc(cc3)Cl","InChI=1S/C12H7Cl2N3/c13-9-4-2-8(3-5-9)10-11(14)17-7-1-6-15-12(17)16-10/h1-7H","LUDWEWDXBCVPAT-UHFFFAOYSA-N"
3485910,"N-[(3-Chloro-4-methylphenyl)sulfonyl]glycine",263.001892,"C9H10ClNO4S","Cc1ccc(cc1Cl)S(=O)(=O)NCC(=O)O","InChI=1S/C9H10ClNO4S/c1-6-2-3-7(4-8(6)10)16(14,15)11-5-9(12)13/h2-4,11H,5H2,1H3,(H,12,13)","XCKRPVDKNDUXRQ-UHFFFAOYSA-N"
3606888,"4-Acetamido-3-methoxybenzenesulfonyl chloride",263.001892,"C9H10ClNO4S","CC(=O)Nc1ccc(cc1OC)S(=O)(=O)Cl","InChI=1S/C9H10ClNO4S/c1-6(12)11-8-4-3-7(16(10,13)14)5-9(8)15-2/h3-5H,1-2H3,(H,11,12)","CTRQHACJJHWFLW-UHFFFAOYSA-N"
3752541,"Methyl (4-chlorophenyl)(methylsulfonyl)carbamate",263.001892,"C9H10ClNO4S","COC(=O)N(c1ccc(cc1)Cl)S(=O)(=O)C","InChI=1S/C9H10ClNO4S/c1-15-9(12)11(16(2,13)14)8-5-3-7(10)4-6-8/h3-6H,1-2H3","JHHYJYFZABMRQX-UHFFFAOYSA-N"
3917842,"3-(2,4-Dichlorophenyl)[1,2,4]triazolo[4,3-a]pyridine",263.001709,"C12H7Cl2N3","c1ccn2c(c1)nnc2c3ccc(cc3Cl)Cl","InChI=1S/C12H7Cl2N3/c13-8-4-5-9(10(14)7-8)12-16-15-11-3-1-2-6-17(11)12/h1-7H","GPDOLVGDTCICAF-UHFFFAOYSA-N"
4370446,"N-[(3-Chlorophenyl)sulfonyl]alanine",263.001892,"C9H10ClNO4S","CC(C(=O)O)NS(=O)(=O)c1cccc(c1)Cl","InChI=1S/C9H10ClNO4S/c1-6(9(12)13)11-16(14,15)8-4-2-3-7(10)5-8/h2-6,11H,1H3,(H,12,13)","LKWSJYWATSRWQH-UHFFFAOYSA-N"
4589775,"4-Chloro-2-(3-chlorophenyl)-1H-imidazo[4,5-c]pyridine",263.001709,"C12H7Cl2N3","c1cc(cc(c1)Cl)c2[nH]c3ccnc(c3n2)Cl","InChI=1S/C12H7Cl2N3/c13-8-3-1-2-7(6-8)12-16-9-4-5-15-11(14)10(9)17-12/h1-6H,(H,16,17)","ZSZLOPDLODSHDO-UHFFFAOYSA-N"
4589776,"4-Chloro-2-(4-chlorophenyl)-1H-imidazo[4,5-c]pyridine",263.001709,"C12H7Cl2N3","c1cc(ccc1c2[nH]c3ccnc(c3n2)Cl)Cl","InChI=1S/C12H7Cl2N3/c13-8-3-1-7(2-4-8)12-16-9-5-6-15-11(14)10(9)17-12/h1-6H,(H,16,17)","JBPIQJRKYBMLIC-UHFFFAOYSA-N"
4914767,"(2R)-(3-Chlorophenyl)(6-chloro-3-pyridazinyl)acetonitrile",263.001709,"C12H7Cl2N3","c1cc(cc(c1)Cl)[C@@H](C#N)c2ccc(nn2)Cl","InChI=1S/C12H7Cl2N3/c13-9-3-1-2-8(6-9)10(7-15)11-4-5-12(14)17-16-11/h1-6,10H/t10-/m1/s1","FBAMRNDHGNNZTF-SNVBAGLBSA-N"
4914768,"(2S)-(3-Chlorophenyl)(6-chloro-3-pyridazinyl)acetonitrile",263.001709,"C12H7Cl2N3","c1cc(cc(c1)Cl)[C@H](C#N)c2ccc(nn2)Cl","InChI=1S/C12H7Cl2N3/c13-9-3-1-2-8(6-9)10(7-15)11-4-5-12(14)17-16-11/h1-6,10H/t10-/m0/s1","FBAMRNDHGNNZTF-JTQLQIEISA-N"
4914770,"(2R)-(2-Chlorophenyl)(6-chloro-3-pyridazinyl)acetonitrile",263.001709,"C12H7Cl2N3","c1ccc(c(c1)[C@@H](C#N)c2ccc(nn2)Cl)Cl","InChI=1S/C12H7Cl2N3/c13-10-4-2-1-3-8(10)9(7-15)11-5-6-12(14)17-16-11/h1-6,9H/t9-/m1/s1","CMLBJQCMHSAAJP-SECBINFHSA-N"
4914771,"(2S)-(2-Chlorophenyl)(6-chloro-3-pyridazinyl)acetonitrile",263.001709,"C12H7Cl2N3","c1ccc(c(c1)[C@H](C#N)c2ccc(nn2)Cl)Cl","InChI=1S/C12H7Cl2N3/c13-10-4-2-1-3-8(10)9(7-15)11-5-6-12(14)17-16-11/h1-6,9H/t9-/m0/s1","CMLBJQCMHSAAJP-VIFPVBQESA-N"
4914772,"(2R)-(4-Chlorophenyl)(6-chloro-3-pyridazinyl)acetonitrile",263.001709,"C12H7Cl2N3","c1cc(ccc1[C@@H](C#N)c2ccc(nn2)Cl)Cl","InChI=1S/C12H7Cl2N3/c13-9-3-1-8(2-4-9)10(7-15)11-5-6-12(14)17-16-11/h1-6,10H/t10-/m1/s1","FACWDHXHOZSBKO-SNVBAGLBSA-N"
4914773,"(2S)-(4-Chlorophenyl)(6-chloro-3-pyridazinyl)acetonitrile",263.001709,"C12H7Cl2N3","c1cc(ccc1[C@H](C#N)c2ccc(nn2)Cl)Cl","InChI=1S/C12H7Cl2N3/c13-9-3-1-8(2-4-9)10(7-15)11-5-6-12(14)17-16-11/h1-6,10H/t10-/m0/s1","FACWDHXHOZSBKO-JTQLQIEISA-N"
4920519,"(4-Chlorophenyl)(6-chloro-3-pyridazinyl)acetonitrile",263.001709,"C12H7Cl2N3","c1cc(ccc1C(C#N)c2ccc(nn2)Cl)Cl","InChI=1S/C12H7Cl2N3/c13-9-3-1-8(2-4-9)10(7-15)11-5-6-12(14)17-16-11/h1-6,10H","FACWDHXHOZSBKO-UHFFFAOYSA-N"
4920658,"(2-Chlorophenyl)(6-chloro-3-pyridazinyl)acetonitrile",263.001709,"C12H7Cl2N3","c1ccc(c(c1)C(C#N)c2ccc(nn2)Cl)Cl","InChI=1S/C12H7Cl2N3/c13-10-4-2-1-3-8(10)9(7-15)11-5-6-12(14)17-16-11/h1-6,9H","CMLBJQCMHSAAJP-UHFFFAOYSA-N"
4920714,"(3-Chlorophenyl)(6-chloro-3-pyridazinyl)acetonitrile",263.001709,"C12H7Cl2N3","c1cc(cc(c1)Cl)C(C#N)c2ccc(nn2)Cl","InChI=1S/C12H7Cl2N3/c13-9-3-1-2-8(6-9)10(7-15)11-4-5-12(14)17-16-11/h1-6,10H","FBAMRNDHGNNZTF-UHFFFAOYSA-N"
5021244,"6-(3,5-Dichlorophenyl)-4H-pyrrolo[2,3-b]pyrazine",263.001709,"C12H7Cl2N3","c1cnc2c(n1)cc([nH]2)c3cc(cc(c3)Cl)Cl","InChI=1S/C12H7Cl2N3/c13-8-3-7(4-9(14)5-8)10-6-11-12(17-10)16-2-1-15-11/h1-6H,(H,16,17)","ZUJJUWNSTXNVII-UHFFFAOYSA-N"
6768431,"Methyl N-[(2-chlorophenyl)sulfonyl]glycinate",263.001892,"C9H10ClNO4S","O=S(=O)(c1ccccc1Cl)NCC(=O)OC","InChI=1S/C9H10ClNO4S/c1-15-9(12)6-11-16(13,14)8-5-3-2-4-7(8)10/h2-5,11H,6H2,1H3","ZXGYQBNDKHQZJX-UHFFFAOYSA-N"
7262997,"(2Z)-2-[1-(2,6-Dichloro-3-fluorophenyl)ethylidene]hydrazinecarboxamide",263.002838,"C9H8Cl2FN3O","Clc1c(/C(=N\NC(=O)N)C)c(Cl)c(F)cc1","InChI=1S/C9H8Cl2FN3O/c1-4(14-15-9(13)16)7-5(10)2-3-6(12)8(7)11/h2-3H,1H3,(H3,13,15,16)/b14-4-","UXGCUZIITIOBKZ-CPSFFCFKSA-N"
7307860,"(2Z)-2-[1-(2,4-Dichloro-5-fluorophenyl)ethylidene]hydrazinecarboxamide",263.002838,"C9H8Cl2FN3O","Fc1cc(\C(=N/NC(=O)N)C)c(Cl)cc1Cl","InChI=1S/C9H8Cl2FN3O/c1-4(14-15-9(13)16)5-2-8(12)7(11)3-6(5)10/h2-3H,1H3,(H3,13,15,16)/b14-4-","CRGFCCUMDNSQPQ-CPSFFCFKSA-N"
7565550,"Methyl N-[(5-chloro-2-thienyl)carbonyl]-D-serinate",263.001892,"C9H10ClNO4S","O=C(N[C@@H](C(=O)OC)CO)c1sc(Cl)cc1","InChI=1S/C9H10ClNO4S/c1-15-9(14)5(4-12)11-8(13)6-2-3-7(10)16-6/h2-3,5,12H,4H2,1H3,(H,11,13)/t5-/m1/s1","UHCJGVGZWUCECC-RXMQYKEDSA-N"
7790830,"2-[(3,4-Dichlorophenyl)amino]nicotinonitrile",263.001709,"C12H7Cl2N3","Clc1ccc(cc1Cl)Nc2ncccc2C#N","InChI=1S/C12H7Cl2N3/c13-10-4-3-9(6-11(10)14)17-12-8(7-15)2-1-5-16-12/h1-6H,(H,16,17)","SJIVTTKMFXULBT-UHFFFAOYSA-N"
8738932,"2,4-Dichloro-6-phenyl-5H-pyrrolo[3,2-d]pyrimidine",263.001709,"C12H7Cl2N3","C1=CC=C(C=C1)C2=CC3=C(N2)C(=NC(=N3)Cl)Cl","InChI=1S/C12H7Cl2N3/c13-11-10-9(16-12(14)17-11)6-8(15-10)7-4-2-1-3-5-7/h1-6,15H","RSYBVSVLBSDACE-UHFFFAOYSA-N"
8953302,"Methyl 2-amino-4-chloro-5-(methylsulfonyl)benzoate",263.001892,"C9H10ClNO4S","O=S(=O)(c1cc(c(cc1Cl)N)C(=O)OC)C","InChI=1S/C9H10ClNO4S/c1-15-9(12)5-3-8(16(2,13)14)6(10)4-7(5)11/h3-4H,11H2,1-2H3","OUKZNWUICBCBFK-UHFFFAOYSA-N"
9109552,"Methyl (5S,6R,7S)-7-chloro-3-methyl-8-oxo-5-thia-1-azabicyclo[4.2.0]oct-2-ene-2-carboxylate 5-oxide",263.001892,"C9H10ClNO4S","O=S2C\C(=C(/N1C(=O)[C@H](Cl)[C@H]12)C(=O)OC)C","InChI=1S/C9H10ClNO4S/c1-4-3-16(14)8-5(10)7(12)11(8)6(4)9(13)15-2/h5,8H,3H2,1-2H3/t5-,8+,16?/m0/s1","HLZRIQCFBFCRNM-WFRCZXPVSA-N"
9634565,"2-Chloro-1-nitro-3-(propylsulfonyl)benzene",263.001892,"C9H10ClNO4S","O=S(=O)(c1cccc([N+]([O-])=O)c1Cl)CCC","InChI=1S/C9H10ClNO4S/c1-2-6-16(14,15)8-5-3-4-7(9(8)10)11(12)13/h3-5H,2,6H2,1H3","BXOCOVZSCBKVCP-UHFFFAOYSA-N"
10172781,"3-(3,5-Dichlorophenyl)[1,2,4]triazolo[4,3-a]pyridine",263.001709,"C12H7Cl2N3","c1ccn2c(c1)nnc2c3cc(cc(c3)Cl)Cl","InChI=1S/C12H7Cl2N3/c13-9-5-8(6-10(14)7-9)12-16-15-11-3-1-2-4-17(11)12/h1-7H","PRQXWHYSOZFWBA-UHFFFAOYSA-N"
10199209,"[5-Oxo-2,2-bis(trifluoromethyl)-1,3-dioxolan-4-yl]acetonitrile",263.001709,"C7H3F6NO3","FC(F)(F)C1(OC(=O)C(CC#N)O1)C(F)(F)F","InChI=1S/C7H3F6NO3/c8-6(9,10)5(7(11,12)13)16-3(1-2-14)4(15)17-5/h3H,1H2","IVZJDFUUPMFYGN-UHFFFAOYSA-N"
10512290,"4-chloro-2-(2-chlorophenyl)-1H-imidazo[4,5-c]pyridine",263.001709,"C12H7Cl2N3","Clc3ccccc3c1nc2ccnc(Cl)c2n1","InChI=1S/C12H7Cl2N3/c13-8-4-2-1-3-7(8)12-16-9-5-6-15-11(14)10(9)17-12/h1-6H,(H,16,17)","NGCHWEIPUJGEFX-UHFFFAOYSA-N"
10526291,"1,4-Dichloro-5-methylpyridazino[4,5-c]quinoline",263.001709,"C12H7Cl2N3","Clc3nnc(Cl)c2c(C)nc1ccccc1c23","InChI=1S/C12H7Cl2N3/c1-6-9-10(12(14)17-16-11(9)13)7-4-2-3-5-8(7)15-6/h2-5H,1H3","LXMRCFKRLUZBFS-UHFFFAOYSA-N"
10533472,"5,7-Dichloro-3-phenylpyrazolo[1,5-a]pyrimidine",263.001709,"C12H7Cl2N3","Clc2nc1c(cnn1c(Cl)c2)c3ccccc3","InChI=1S/C12H7Cl2N3/c13-10-6-11(14)17-12(16-10)9(7-15-17)8-4-2-1-3-5-8/h1-7H","OJEWOCLEYFXORC-UHFFFAOYSA-N"
10538986,"5,7-Dichloro-3-phenylimidazo[1,5-c]pyrimidine",263.001709,"C12H7Cl2N3","Clc2cc1cnc(n1c(Cl)n2)c3ccccc3","InChI=1S/C12H7Cl2N3/c13-10-6-9-7-15-11(17(9)12(14)16-10)8-4-2-1-3-5-8/h1-7H","DZSBUKSTNSGSOS-UHFFFAOYSA-N"
10879436,"Acetate, 2-[[4-(acetylamino)phenyl]thio]-, potassium salt",263.00238,"C10H10KNO3S","CC(=O)Nc1ccc(cc1)SCC(=O)[O-].[K]","InChI=1S/C10H11NO3S.K/c1-7(12)11-8-2-4-9(5-3-8)15-6-10(13)14;/h2-5H,6H2,1H3,(H,11,12)(H,13,14);/p-1","FCDADWAKZCEBNF-UHFFFAOYSA-M"
11470766,"2-Chloro-4-[methyl(methylsulfonyl)amino]benzoic acid",263.001892,"C9H10ClNO4S","O=C(O)c1ccc(cc1Cl)N(C)S(C)(=O)=O","InChI=1S/C9H10ClNO4S/c1-11(16(2,14)15)6-3-4-7(9(12)13)8(10)5-6/h3-5H,1-2H3,(H,12,13)","UHZPDRTWYBDKNL-UHFFFAOYSA-N"
11724489,"Potassium [(4-acetamidophenyl)sulfanyl]acetate",263.001831,"C10H10KNO3S","CC(=O)Nc1ccc(cc1)SCC(=O)[O-].[K+]","InChI=1S/C10H11NO3S.K/c1-7(12)11-8-2-4-9(5-3-8)15-6-10(13)14;/h2-5H,6H2,1H3,(H,11,12)(H,13,14);/q;+1/p-1","RGGQDGRKURHWRL-UHFFFAOYSA-M"
11852629,"4-Chloro-3-(ethylsulfamoyl)benzoic acid",263.001892,"C9H10ClNO4S","CCNS(=O)(=O)c1cc(ccc1Cl)C(=O)O","InChI=1S/C9H10ClNO4S/c1-2-11-16(14,15)8-5-6(9(12)13)3-4-7(8)10/h3-5,11H,2H2,1H3,(H,12,13)","ULRSRNUETUKNPL-UHFFFAOYSA-N"
11853124,"2-Chloro-5-(ethylsulfamoyl)benzoic acid",263.001892,"C9H10ClNO4S","CCNS(=O)(=O)c1ccc(c(c1)C(=O)O)Cl","InChI=1S/C9H10ClNO4S/c1-2-11-16(14,15)6-3-4-8(10)7(5-6)9(12)13/h3-5,11H,2H2,1H3,(H,12,13)","HWAKXAIIYRBOCH-UHFFFAOYSA-N"
11861102,"4-Chloro-2-[(ethylsulfonyl)amino]benzoic acid",263.001892,"C9H10ClNO4S","CCS(=O)(=O)Nc1cc(ccc1C(=O)O)Cl","InChI=1S/C9H10ClNO4S/c1-2-16(14,15)11-8-5-6(10)3-4-7(8)9(12)13/h3-5,11H,2H2,1H3,(H,12,13)","JWBNTTVZMOTMCK-UHFFFAOYSA-N"
11861580,"4-Acetamido-2-methoxybenzenesulfonyl chloride",263.001892,"C9H10ClNO4S","CC(=O)Nc1ccc(c(c1)OC)S(=O)(=O)Cl","InChI=1S/C9H10ClNO4S/c1-6(12)11-7-3-4-9(16(10,13)14)8(5-7)15-2/h3-5H,1-2H3,(H,11,12)","WLPIGZCIFTWOAN-UHFFFAOYSA-N"
11862915,"3-Carbamoyl-4-ethoxybenzenesulfonyl chloride",263.001892,"C9H10ClNO4S","CCOc1ccc(cc1C(=O)N)S(=O)(=O)Cl","InChI=1S/C9H10ClNO4S/c1-2-15-8-4-3-6(16(10,13)14)5-7(8)9(11)12/h3-5H,2H2,1H3,(H2,11,12)","GCUPVWFQUHQULX-UHFFFAOYSA-N"
11863329,"5-Chloro-2-[(ethylsulfonyl)amino]benzoic acid",263.001892,"C9H10ClNO4S","CCS(=O)(=O)Nc1ccc(cc1C(=O)O)Cl","InChI=1S/C9H10ClNO4S/c1-2-16(14,15)11-8-4-3-6(10)5-7(8)9(12)13/h3-5,11H,2H2,1H3,(H,12,13)","FZOLSDCISYWTOW-UHFFFAOYSA-N"
11978954,"4-[(Chloroacetyl)amino]-2-methylbenzenesulfonic acid",263.001892,"C9H10ClNO4S","Cc1cc(ccc1S(=O)(=O)O)NC(=O)CCl","InChI=1S/C9H10ClNO4S/c1-6-4-7(11-9(12)5-10)2-3-8(6)16(13,14)15/h2-4H,5H2,1H3,(H,11,12)(H,13,14,15)","PRNBIUFRXQYHOU-UHFFFAOYSA-N"
12956640,"Ethyl 4-chloro-3-sulfamoylbenzoate",263.001892,"C9H10ClNO4S","CCOC(=O)c1ccc(c(c1)S(=O)(=O)N)Cl","InChI=1S/C9H10ClNO4S/c1-2-15-9(12)6-3-4-7(10)8(5-6)16(11,13)14/h3-5H,2H2,1H3,(H2,11,13,14)","KTUHQENNAFLKDE-UHFFFAOYSA-N"
12997193,"N-[2-Chloro-5-(methylsulfonyl)phenyl]glycine",263.001892,"C9H10ClNO4S","CS(=O)(=O)c1ccc(c(c1)NCC(=O)O)Cl","InChI=1S/C9H10ClNO4S/c1-16(14,15)6-2-3-7(10)8(4-6)11-5-9(12)13/h2-4,11H,5H2,1H3,(H,12,13)","KCSLCJXOQCCTDT-UHFFFAOYSA-N"
13006277,"2,3-Dimethyl-1,3-benzothiazol-3-ium perchlorate",263.001892,"C9H10ClNO4S","Cc1[n+](c2ccccc2s1)C.[O-]Cl(=O)(=O)=O","InChI=1S/C9H10NS.ClHO4/c1-7-10(2)8-5-3-4-6-9(8)11-7;2-1(3,4)5/h3-6H,1-2H3;(H,2,3,4,5)/q+1;/p-1","FLSYUUDKLRRXAO-UHFFFAOYSA-M"
14603168,"5-Chloro-2-(4-chlorophenyl)-1H-imidazo[4,5-b]pyridine",263.001709,"C12H7Cl2N3","c1cc(ccc1c2[nH]c3c(n2)ccc(n3)Cl)Cl","InChI=1S/C12H7Cl2N3/c13-8-3-1-7(2-4-8)11-15-9-5-6-10(14)16-12(9)17-11/h1-6H,(H,15,16,17)","JSKWCWVJVGQFEG-UHFFFAOYSA-N"
14639748,"2-(2,4-Dichlorophenyl)-1H-imidazo[4,5-c]pyridine",263.001709,"C12H7Cl2N3","c1cc(c(cc1Cl)Cl)c2[nH]c3ccncc3n2","InChI=1S/C12H7Cl2N3/c13-7-1-2-8(9(14)5-7)12-16-10-3-4-15-6-11(10)17-12/h1-6H,(H,16,17)","MZCUQVKJOQQMIF-UHFFFAOYSA-N"
14639814,"2-(2,6-Dichlorophenyl)-1H-imidazo[4,5-c]pyridine",263.001709,"C12H7Cl2N3","c1cc(c(c(c1)Cl)c2[nH]c3ccncc3n2)Cl","InChI=1S/C12H7Cl2N3/c13-7-2-1-3-8(14)11(7)12-16-9-4-5-15-6-10(9)17-12/h1-6H,(H,16,17)","CFNAUAQAAHTHKD-UHFFFAOYSA-N"
15145894,"5,6-Dichloro-2-(4-pyridinyl)-1H-benzimidazole",263.001709,"C12H7Cl2N3","Clc1cc2nc(nc2cc1Cl)c3ccncc3","InChI=1S/C12H7Cl2N3/c13-8-5-10-11(6-9(8)14)17-12(16-10)7-1-3-15-4-2-7/h1-6H,(H,16,17)","IWEYZOZHECWNRI-UHFFFAOYSA-N"
16818882,"4-[(Methoxyacetyl)amino]benzenesulfonyl chloride",263.001892,"C9H10ClNO4S","COCC(=O)Nc1ccc(cc1)S(=O)(=O)Cl","InChI=1S/C9H10ClNO4S/c1-15-6-9(12)11-7-2-4-8(5-3-7)16(10,13)14/h2-5H,6H2,1H3,(H,11,12)","HCTWIBIYXSPCBM-UHFFFAOYSA-N"
17900137,"4-Methoxy-3-(methylcarbamoyl)benzenesulfonyl chloride",263.001892,"C9H10ClNO4S","CNC(=O)c1cc(ccc1OC)S(=O)(=O)Cl","InChI=1S/C9H10ClNO4S/c1-11-9(12)7-5-6(16(10,13)14)3-4-8(7)15-2/h3-5H,1-2H3,(H,11,12)","KHBDWOMPMQJUKQ-UHFFFAOYSA-N"
17955848,"6-Chloro-2-(2-chlorophenyl)-1H-imidazo[4,5-b]pyridine",263.001709,"C12H7Cl2N3","c1ccc(c(c1)c2[nH]c3c(n2)cc(cn3)Cl)Cl","InChI=1S/C12H7Cl2N3/c13-7-5-10-12(15-6-7)17-11(16-10)8-3-1-2-4-9(8)14/h1-6H,(H,15,16,17)","IDPGEKWGYHNTBE-UHFFFAOYSA-N"
19163540,"1-Chloro-4-(isopropylsulfonyl)-2-nitrobenzene",263.001892,"C9H10ClNO4S","CC(C)S(=O)(=O)c1ccc(c(c1)[N+](=O)[O-])Cl","InChI=1S/C9H10ClNO4S/c1-6(2)16(14,15)7-3-4-8(10)9(5-7)11(12)13/h3-6H,1-2H3","RUWLFSCBPCABKC-UHFFFAOYSA-N"
19793381,"7-Chloro-5-(2-chlorophenyl)pyrazolo[1,5-a]pyrimidine",263.001709,"C12H7Cl2N3","c1ccc(c(c1)c2cc(n3c(n2)ccn3)Cl)Cl","InChI=1S/C12H7Cl2N3/c13-9-4-2-1-3-8(9)10-7-11(14)17-12(16-10)5-6-15-17/h1-7H","INVPYHWUFPFNAP-UHFFFAOYSA-N"
19793385,"7-Chloro-5-(4-chlorophenyl)pyrazolo[1,5-a]pyrimidine",263.001709,"C12H7Cl2N3","c1cc(ccc1c2cc(n3c(n2)ccn3)Cl)Cl","InChI=1S/C12H7Cl2N3/c13-9-3-1-8(2-4-9)10-7-11(14)17-12(16-10)5-6-15-17/h1-7H","VYBFCBRYYWDQEF-UHFFFAOYSA-N"
21376267,"2-Azido-3,5-dichlorobiphenyl",263.001709,"C12H7Cl2N3","c1ccc(cc1)c2cc(cc(c2N=[N+]=[N-])Cl)Cl","InChI=1S/C12H7Cl2N3/c13-9-6-10(8-4-2-1-3-5-8)12(16-17-15)11(14)7-9/h1-7H","CLLRWQXICHUWFH-UHFFFAOYSA-N"
21394024,"5-Chloro-2-(2-chlorophenyl)-1H-imidazo[4,5-b]pyridine",263.001709,"C12H7Cl2N3","c1ccc(c(c1)c2[nH]c3c(n2)ccc(n3)Cl)Cl","InChI=1S/C12H7Cl2N3/c13-8-4-2-1-3-7(8)11-15-9-5-6-10(14)16-12(9)17-11/h1-6H,(H,15,16,17)","OYSKMPNKXPAPKX-UHFFFAOYSA-N"
21394032,"5-Chloro-2-(3-chlorophenyl)-1H-imidazo[4,5-b]pyridine",263.001709,"C12H7Cl2N3","c1cc(cc(c1)Cl)c2[nH]c3c(n2)ccc(n3)Cl","InChI=1S/C12H7Cl2N3/c13-8-3-1-2-7(6-8)11-15-9-4-5-10(14)16-12(9)17-11/h1-6H,(H,15,16,17)","DRIRHPXFCWAHML-UHFFFAOYSA-N"
21467992,"2-(2,4-Dichlorophenyl)imidazo[1,2-a]pyrimidine",263.001709,"C12H7Cl2N3","c1cnc2nc(cn2c1)c3ccc(cc3Cl)Cl","InChI=1S/C12H7Cl2N3/c13-8-2-3-9(10(14)6-8)11-7-17-5-1-4-15-12(17)16-11/h1-7H","LCGQJBUEYULFLW-UHFFFAOYSA-N"
21470298,"6-Chloro-2-(4-chlorophenyl)imidazo[1,2-b]pyridazine",263.001709,"C12H7Cl2N3","c1cc(ccc1c2cn3c(n2)ccc(n3)Cl)Cl","InChI=1S/C12H7Cl2N3/c13-9-3-1-8(2-4-9)10-7-17-12(15-10)6-5-11(14)16-17/h1-7H","HYSPSPQAXIZJPJ-UHFFFAOYSA-N"
21476025,"",263.001892,"C9H10ClNO4S","C[S+](=O)(N(CC(=O)O)c1ccccc1Cl)[O-]","InChI=1S/C9H10ClNO4S/c1-16(14,15)11(6-9(12)13)8-5-3-2-4-7(8)10/h2-5H,6H2,1H3,(H-,12,13,14,15)","RSBKGSQPNVNVGY-UHFFFAOYSA-N"
21682438,"4-[2-(Methylamino)-2-oxoethoxy]benzenesulfonyl chloride",263.001892,"C9H10ClNO4S","CNC(=O)COc1ccc(cc1)S(=O)(=O)Cl","InChI=1S/C9H10ClNO4S/c1-11-9(12)6-15-7-2-4-8(5-3-7)16(10,13)14/h2-5H,6H2,1H3,(H,11,12)","WKOFWYBZSCHZMV-UHFFFAOYSA-N"
21781686,"2,4,6-Trinitro-1,3-benzenediol hydrate (1:1)",263.002594,"C6H5N3O9","c1c(c(c(c(c1[N+](=O)[O-])O)[N+](=O)[O-])O)[N+](=O)[O-].O","InChI=1S/C6H3N3O8.H2O/c10-5-2(7(12)13)1-3(8(14)15)6(11)4(5)9(16)17;/h1,10-11H;1H2","QJRHVRNYDAXUNC-UHFFFAOYSA-N"
21835466,"2-(3,6-Dichloro-2-pyridinyl)-1H-benzimidazole",263.001709,"C12H7Cl2N3","c1ccc2c(c1)[nH]c(n2)c3c(ccc(n3)Cl)Cl","InChI=1S/C12H7Cl2N3/c13-7-5-6-10(14)17-11(7)12-15-8-3-1-2-4-9(8)16-12/h1-6H,(H,15,16)","SPTOENWMVZTMGQ-UHFFFAOYSA-N"
23167589,"6-(3,5-Dichlorophenyl)-1H-pyrrolo[2,3-b]pyrazine",263.001709,"C12H7Cl2N3","c1cnc-2nc(cc2[nH]1)c3cc(cc(c3)Cl)Cl","InChI=1S/C12H7Cl2N3/c13-8-3-7(4-9(14)5-8)10-6-11-12(17-10)16-2-1-15-11/h1-6,15H","FLFVSPSVYWQETI-UHFFFAOYSA-N"
23233249,"2-(3,5-Dichlorophenyl)-5H-imidazo[4,5-c]pyridine",263.001709,"C12H7Cl2N3","c1c[nH]cc-2nc(nc12)c3cc(cc(c3)Cl)Cl","InChI=1S/C12H7Cl2N3/c13-8-3-7(4-9(14)5-8)12-16-10-1-2-15-6-11(10)17-12/h1-6,15H","UWTHOUPNTAZYNS-UHFFFAOYSA-N"
23233265,"2-(2,4-Dichlorophenyl)-5H-imidazo[4,5-c]pyridine",263.001709,"C12H7Cl2N3","c1cc(c(cc1Cl)Cl)c2nc-3cc[nH]cc3n2","InChI=1S/C12H7Cl2N3/c13-7-1-2-8(9(14)5-7)12-16-10-3-4-15-6-11(10)17-12/h1-6,15H","JJYBWEZHRLQBGC-UHFFFAOYSA-N"
23290117,"9,11-Dichloro-3H-[1,2]diazepino[5,4-b]quinoline",263.001709,"C12H7Cl2N3","c1cc2c(cc1Cl)c(c3c(n2)C=CNN=C3)Cl","InChI=1S/C12H7Cl2N3/c13-7-1-2-10-8(5-7)12(14)9-6-16-15-4-3-11(9)17-10/h1-6,15H","PDBRCLVENZGFTC-UHFFFAOYSA-N"
23290447,"5,6-Dichloro-4,7-phenanthrolin-1-amine",263.001709,"C12H7Cl2N3","c1cc2c3c(ccnc3c(c(c2nc1)Cl)Cl)N","InChI=1S/C12H7Cl2N3/c13-9-10(14)12-8(7(15)3-5-17-12)6-2-1-4-16-11(6)9/h1-5H,(H2,15,17)","KNVXJZBXEIBGOE-UHFFFAOYSA-N"
23371097,"N-[(2-Chlorophenyl)sulfonyl]-N-methylglycine",263.001892,"C9H10ClNO4S","CN(CC(=O)O)S(=O)(=O)c1ccccc1Cl","InChI=1S/C9H10ClNO4S/c1-11(6-9(12)13)16(14,15)8-5-3-2-4-7(8)10/h2-5H,6H2,1H3,(H,12,13)","YXDWEOSUJYIIJJ-UHFFFAOYSA-N"
23374202,"N-[(3-Chlorophenyl)sulfonyl]-N-methylglycine",263.001892,"C9H10ClNO4S","CN(CC(=O)O)S(=O)(=O)c1cccc(c1)Cl","InChI=1S/C9H10ClNO4S/c1-11(6-9(12)13)16(14,15)8-4-2-3-7(10)5-8/h2-5H,6H2,1H3,(H,12,13)","PEHSRJBDAYMGIB-UHFFFAOYSA-N"
23630045,"5,6-Dichloro-2-(3-pyridinyl)-1H-benzimidazole",263.001709,"C12H7Cl2N3","c1cc(cnc1)c2[nH]c3cc(c(cc3n2)Cl)Cl","InChI=1S/C12H7Cl2N3/c13-8-4-10-11(5-9(8)14)17-12(16-10)7-2-1-3-15-6-7/h1-6H,(H,16,17)","LBHYZYVNTHJRLU-UHFFFAOYSA-N"
24034157,"4-(2-Amino-2-oxoethoxy)-3-methylbenzenesulfonyl chloride",263.001892,"C9H10ClNO4S","Cc1cc(ccc1OCC(=O)N)S(=O)(=O)Cl","InChI=1S/C9H10ClNO4S/c1-6-4-7(16(10,13)14)2-3-8(6)15-5-9(11)12/h2-4H,5H2,1H3,(H2,11,12)","IQKHXAUYXTWVKW-UHFFFAOYSA-N"
24202859,"6-(2,5-dichloroanilino)pyridine-3-carbonitrile",263.001709,"C12H7Cl2N3","c1cc(c(cc1Cl)Nc2ccc(cn2)C#N)Cl","InChI=1S/C12H7Cl2N3/c13-9-2-3-10(14)11(5-9)17-12-4-1-8(6-15)7-16-12/h1-5,7H,(H,16,17)","BUKMFLBCDLRVMP-UHFFFAOYSA-N"
24224630,"2-Amino-5-(2,4-dichlorophenyl)isonicotinonitrile",263.001709,"C12H7Cl2N3","c1cc(c(cc1Cl)Cl)c2cnc(cc2C#N)N","InChI=1S/C12H7Cl2N3/c13-8-1-2-9(11(14)4-8)10-6-17-12(16)3-7(10)5-15/h1-4,6H,(H2,16,17)","WDAWPDNMJLTXTM-UHFFFAOYSA-N"
24228447,"",263.001892,"C9H10ClNO4S","CNC(=O)c1cc(ccc1OC)[S+](=O)([O-])Cl","InChI=1S/C9H10ClNO4S/c1-11-9(12)7-5-6(16(10,13)14)3-4-8(7)15-2/h3-5H,1-2H3,(H-,11,12,13,14)","RMOSDSDDZZHQCS-UHFFFAOYSA-N"
24252841,"2-(2,4-dichloroanilino)pyridine-4-carbonitrile",263.001709,"C12H7Cl2N3","c1cc(c(cc1Cl)Cl)Nc2cc(ccn2)C#N","InChI=1S/C12H7Cl2N3/c13-9-1-2-11(10(14)6-9)17-12-5-8(7-15)3-4-16-12/h1-6H,(H,16,17)","APCYPZDALDZCQH-UHFFFAOYSA-N"
24252882,"2-(3,4-dichloroanilino)pyridine-4-carbonitrile",263.001709,"C12H7Cl2N3","c1cc(c(cc1Nc2cc(ccn2)C#N)Cl)Cl","InChI=1S/C12H7Cl2N3/c13-10-2-1-9(6-11(10)14)17-12-5-8(7-15)3-4-16-12/h1-6H,(H,16,17)","WDRUUFRYVLWWMD-UHFFFAOYSA-N"
24266129,"2-[(2,3-Dichlorophenyl)amino]isonicotinonitrile",263.001709,"C12H7Cl2N3","c1cc(c(c(c1)Cl)Cl)Nc2cc(ccn2)C#N","InChI=1S/C12H7Cl2N3/c13-9-2-1-3-10(12(9)14)17-11-6-8(7-15)4-5-16-11/h1-6H,(H,16,17)","NADACZGENDSVQN-UHFFFAOYSA-N"
24750323,"2-(3,5-Dichlorophenyl)-1H-imidazo[4,5-c]pyridine",263.001709,"C12H7Cl2N3","c1cncc2c1[nH]c(n2)c3cc(cc(c3)Cl)Cl","InChI=1S/C12H7Cl2N3/c13-8-3-7(4-9(14)5-8)12-16-10-1-2-15-6-11(10)17-12/h1-6H,(H,16,17)","RKJWMJPOIDOJRN-UHFFFAOYSA-N"
24772145,"platinum pyrazole",263.00116,"C3H4N2Pt","c1c[nH]nc1.[Pt+2]","InChI=1S/C3H4N2.Pt/c1-2-4-5-3-1;/h1-3H,(H,4,5);/q;+2","DSDUTGJPUGINNU-UHFFFAOYSA-N"
24790070,"4-Chloro-2-(4-chlorophenyl)pyrazolo[1,5-a]pyrazine",263.001709,"C12H7Cl2N3","c1cc(ccc1c2cc3c(nccn3n2)Cl)Cl","InChI=1S/C12H7Cl2N3/c13-9-3-1-8(2-4-9)10-7-11-12(14)15-5-6-17(11)16-10/h1-7H","BNXLFXLCPZJBOH-UHFFFAOYSA-N"
26089779,"2-(3-Chlorophenoxy)-N-(methylsulfonyl)acetamide",263.001892,"C9H10ClNO4S","CS(=O)(=O)NC(=O)COc1cccc(c1)Cl","InChI=1S/C9H10ClNO4S/c1-16(13,14)11-9(12)6-15-8-4-2-3-7(10)5-8/h2-5H,6H2,1H3,(H,11,12)","UVXYPZQACMYJMO-UHFFFAOYSA-N"
26104106,"5-Chloro-2-methoxy-N-(methylsulfonyl)benzamide",263.001892,"C9H10ClNO4S","COc1ccc(cc1C(=O)NS(=O)(=O)C)Cl","InChI=1S/C9H10ClNO4S/c1-15-8-4-3-6(10)5-7(8)9(12)11-16(2,13)14/h3-5H,1-2H3,(H,11,12)","MLBMXPFBJZAXGL-UHFFFAOYSA-N"
26265073,"2-{[(2-Chloroethoxy)carbonyl]amino}-4-methyl-3-thiophenecarboxylic acid",263.001892,"C9H10ClNO4S","Cc1csc(c1C(=O)O)NC(=O)OCCCl","InChI=1S/C9H10ClNO4S/c1-5-4-16-7(6(5)8(12)13)11-9(14)15-3-2-10/h4H,2-3H2,1H3,(H,11,14)(H,12,13)","XAFHLSOOZNIPLU-UHFFFAOYSA-N"
27306987,"4-Chloro-2-(3-chlorophenyl)pyrazolo[1,5-a]pyrazine",263.001709,"C12H7Cl2N3","c1cc(cc(c1)Cl)c2cc3c(nccn3n2)Cl","InChI=1S/C12H7Cl2N3/c13-9-3-1-2-8(6-9)10-7-11-12(14)15-4-5-17(11)16-10/h1-7H","NGLJJYGXHIZWLD-UHFFFAOYSA-N"
27424774,"2-Chloro-5-[methyl(methylsulfonyl)amino]benzoic acid",263.001892,"C9H10ClNO4S","CN(c1ccc(c(c1)C(=O)O)Cl)S(=O)(=O)C","InChI=1S/C9H10ClNO4S/c1-11(16(2,14)15)6-3-4-8(10)7(5-6)9(12)13/h3-5H,1-2H3,(H,12,13)","ZWGDXPBBNOICRQ-UHFFFAOYSA-N"
27466361,"(2S)-Amino[4-chloro-2-(methylsulfonyl)phenyl]acetic acid",263.001892,"C9H10ClNO4S","CS(=O)(=O)c1cc(ccc1[C@@H](C(=O)O)N)Cl","InChI=1S/C9H10ClNO4S/c1-16(14,15)7-4-5(10)2-3-6(7)8(11)9(12)13/h2-4,8H,11H2,1H3,(H,12,13)/t8-/m0/s1","XEDOSTYOXFWUDG-QMMMGPOBSA-N"
27466362,"(2S)-Amino[2-chloro-4-(methylsulfonyl)phenyl]acetic acid",263.001892,"C9H10ClNO4S","CS(=O)(=O)c1ccc(c(c1)Cl)[C@@H](C(=O)O)N","InChI=1S/C9H10ClNO4S/c1-16(14,15)5-2-3-6(7(10)4-5)8(11)9(12)13/h2-4,8H,11H2,1H3,(H,12,13)/t8-/m0/s1","IYZNDLSAZNTZSA-QMMMGPOBSA-N"
28426252,"1-(2,5-Dichloro-4-pyrimidinyl)-1H-indole",263.001709,"C12H7Cl2N3","c1ccc2c(c1)ccn2c3c(cnc(n3)Cl)Cl","InChI=1S/C12H7Cl2N3/c13-9-7-15-12(14)16-11(9)17-6-5-8-3-1-2-4-10(8)17/h1-7H","FGNVVUMUTWAJAL-UHFFFAOYSA-N"
28426293,"3-(2,5-Dichloro-4-pyrimidinyl)-1H-indole",263.001709,"C12H7Cl2N3","c1ccc2c(c1)c(c[nH]2)c3c(cnc(n3)Cl)Cl","InChI=1S/C12H7Cl2N3/c13-9-6-16-12(14)17-11(9)8-5-15-10-4-2-1-3-7(8)10/h1-6,15H","FBEYVYDAVBOFOJ-UHFFFAOYSA-N"
28468479,"2,4-Dichloro-6-phenyl-1H-pyrrolo[3,2-d]pyrimidine",263.001709,"C12H7Cl2N3","c1ccc(cc1)c2cc-3nc([nH]c(c3n2)Cl)Cl","InChI=1S/C12H7Cl2N3/c13-11-10-9(16-12(14)17-11)6-8(15-10)7-4-2-1-3-5-7/h1-6H,(H,16,17)","PXNRMVLNSNBEAY-UHFFFAOYSA-N"
28546688,"1-Chloro-4-nitro-2-(propylsulfonyl)benzene",263.001892,"C9H10ClNO4S","CCCS(=O)(=O)c1cc(ccc1Cl)[N+](=O)[O-]","InChI=1S/C9H10ClNO4S/c1-2-5-16(14,15)9-6-7(11(12)13)3-4-8(9)10/h3-4,6H,2,5H2,1H3","KHIPPCXGPRSAPX-UHFFFAOYSA-N"
28595321,"Ethyl 3-[(chlorosulfonyl)amino]benzoate",263.001892,"C9H10ClNO4S","CCOC(=O)c1cccc(c1)NS(=O)(=O)Cl","InChI=1S/C9H10ClNO4S/c1-2-15-9(12)7-4-3-5-8(6-7)11-16(10,13)14/h3-6,11H,2H2,1H3","NZHMKBLDMOJRSA-UHFFFAOYSA-N"
28693393,"N-(3-Chlorophenyl)-N-[(methylsulfonyl)oxy]acetamide",263.001892,"C9H10ClNO4S","CC(=O)N(c1cccc(c1)Cl)OS(=O)(=O)C","InChI=1S/C9H10ClNO4S/c1-7(12)11(15-16(2,13)14)9-5-3-4-8(10)6-9/h3-6H,1-2H3","LGJXDBQAIZFZEJ-UHFFFAOYSA-N"
28707327,"2-[(4-Chlorophenyl)sulfanyl]-2-nitro-1,3-propanediol",263.001892,"C9H10ClNO4S","c1cc(ccc1SC(CO)(CO)[N+](=O)[O-])Cl","InChI=1S/C9H10ClNO4S/c10-7-1-3-8(4-2-7)16-9(5-12,6-13)11(14)15/h1-4,12-13H,5-6H2","LZZUURGEHOYGCQ-UHFFFAOYSA-N"
29200351,"4-Chloro-2-(2-chlorophenyl)pyrazolo[1,5-a]pyrazine",263.001709,"C12H7Cl2N3","c1ccc(c(c1)c2cc3c(nccn3n2)Cl)Cl","InChI=1S/C12H7Cl2N3/c13-9-4-2-1-3-8(9)10-7-11-12(14)15-5-6-17(11)16-10/h1-7H","ZLINLONWFSDURX-UHFFFAOYSA-N"
29283549,"Methyl 4-chloro-3-(methylsulfamoyl)benzoate",263.001892,"C9H10ClNO4S","CNS(=O)(=O)c1cc(ccc1Cl)C(=O)OC","InChI=1S/C9H10ClNO4S/c1-11-16(13,14)8-5-6(9(12)15-2)3-4-7(8)10/h3-5,11H,1-2H3","DMNATGSMOMVMIW-UHFFFAOYSA-N"
30147401,"2-(4-Chlorophenoxy)-N-(methylsulfonyl)acetamide",263.001892,"C9H10ClNO4S","CS(=O)(=O)NC(=O)COc1ccc(cc1)Cl","InChI=1S/C9H10ClNO4S/c1-16(13,14)11-9(12)6-15-8-4-2-7(10)3-5-8/h2-5H,6H2,1H3,(H,11,12)","XWNQFJPKNCCPNP-UHFFFAOYSA-N"
30648168,"5-(2,6-Dichlorophenyl)imidazo[1,2-a]pyrazine",263.001709,"C12H7Cl2N3","c1cc(c(c(c1)Cl)c2cncc3n2ccn3)Cl","InChI=1S/C12H7Cl2N3/c13-8-2-1-3-9(14)12(8)10-6-15-7-11-16-4-5-17(10)11/h1-7H","UHMAFKKGJIFCPF-UHFFFAOYSA-N"
31001457,"(3,4-Dichlorophenyl)(2-pyrazinyl)acetonitrile",263.001709,"C12H7Cl2N3","c1cc(c(cc1C(C#N)c2cnccn2)Cl)Cl","InChI=1S/C12H7Cl2N3/c13-10-2-1-8(5-11(10)14)9(6-15)12-7-16-3-4-17-12/h1-5,7,9H","MRMDYNKWHIHTTR-UHFFFAOYSA-N"
31024573,"N-(4-chloro-1-oxido-1-oxo-2,3,4,5-tetrahydrothiophen-3-yl)furan-2-carboxamide",263.001892,"C9H10ClNO4S","c1cc(oc1)C(=O)NC2C[S+](=O)(CC2Cl)[O-]","InChI=1S/C9H10ClNO4S/c10-6-4-16(13,14)5-7(6)11-9(12)8-2-1-3-15-8/h1-3,6-7H,4-5H2,(H-,11,12,13,14)","PXSKHVYEIDAKCD-UHFFFAOYSA-N"
32057568,"7-Chloro-3-(2-chlorophenyl)[1,2,4]triazolo[4,3-a]pyridine",263.001709,"C12H7Cl2N3","c1ccc(c(c1)c2nnc3n2ccc(c3)Cl)Cl","InChI=1S/C12H7Cl2N3/c13-8-5-6-17-11(7-8)15-16-12(17)9-3-1-2-4-10(9)14/h1-7H","BODDPKFIEWIPAX-UHFFFAOYSA-N"
32687616,"2-[(2,5-Dichloro-4-pyridinyl)amino]benzonitrile",263.001709,"C12H7Cl2N3","c1ccc(c(c1)C#N)Nc2cc(ncc2Cl)Cl","InChI=1S/C12H7Cl2N3/c13-9-7-16-12(14)5-11(9)17-10-4-2-1-3-8(10)6-15/h1-5,7H,(H,16,17)","KMSMSRKMGMIITI-UHFFFAOYSA-N"
32832339,"2,4-Dichloro-7-phenyl-5H-pyrrolo[3,2-d]pyrimidine",263.001709,"C12H7Cl2N3","c1ccc(cc1)c2c[nH]c3c2nc(nc3Cl)Cl","InChI=1S/C12H7Cl2N3/c13-11-10-9(16-12(14)17-11)8(6-15-10)7-4-2-1-3-5-7/h1-6,15H","RODHSKUOYBHXMU-UHFFFAOYSA-N"
32834093,"4,7-Dichloro-2-(3-pyridinyl)-1H-benzimidazole",263.001709,"C12H7Cl2N3","c1cc(cnc1)c2[nH]c3c(ccc(c3n2)Cl)Cl","InChI=1S/C12H7Cl2N3/c13-8-3-4-9(14)11-10(8)16-12(17-11)7-2-1-5-15-6-7/h1-6H,(H,16,17)","GIIAKTWFHPRIMM-UHFFFAOYSA-N"
32834095,"4,7-Dichloro-2-(4-pyridinyl)-1H-benzimidazole",263.001709,"C12H7Cl2N3","c1cc(c2c(c1Cl)[nH]c(n2)c3ccncc3)Cl","InChI=1S/C12H7Cl2N3/c13-8-1-2-9(14)11-10(8)16-12(17-11)7-3-5-15-6-4-7/h1-6H,(H,16,17)","YAYRLRCUEYRZNF-UHFFFAOYSA-N"
32845821,"(2E)-2-Cyano-3-(pentafluorophenyl)acrylic acid",263.00058,"C10H2F5NO2","C(=C(\C#N)/C(=O)O)\c1c(c(c(c(c1F)F)F)F)F","InChI=1S/C10H2F5NO2/c11-5-4(1-3(2-16)10(17)18)6(12)8(14)9(15)7(5)13/h1H,(H,17,18)/b3-1+","LYNQRDIQUFMLTI-HNQUOIGGSA-N"
32858450,"N-(6-Chloro-1,3-benzodioxol-5-yl)ethanesulfonamide",263.001892,"C9H10ClNO4S","CCS(=O)(=O)Nc1cc2c(cc1Cl)OCO2","InChI=1S/C9H10ClNO4S/c1-2-16(12,13)11-7-4-9-8(3-6(7)10)14-5-15-9/h3-4,11H,2,5H2,1H3","XJIQSDXHNSDECA-UHFFFAOYSA-N"
34163451,"2-Amino-6-(2,4-dichlorophenyl)nicotinonitrile",263.001709,"C12H7Cl2N3","c1cc(c(cc1Cl)Cl)c2ccc(c(n2)N)C#N","InChI=1S/C12H7Cl2N3/c13-8-2-3-9(10(14)5-8)11-4-1-7(6-15)12(16)17-11/h1-5H,(H2,16,17)","YGORLXHUJWNLPM-UHFFFAOYSA-N"
34163637,"2-Amino-6-(3,4-dichlorophenyl)nicotinonitrile",263.001709,"C12H7Cl2N3","c1cc(c(cc1c2ccc(c(n2)N)C#N)Cl)Cl","InChI=1S/C12H7Cl2N3/c13-9-3-1-7(5-10(9)14)11-4-2-8(6-15)12(16)17-11/h1-5H,(H2,16,17)","CWYCBKOLJJXHLI-UHFFFAOYSA-N"
34458724,"4-Chloro-N-methoxy-3-(methylsulfonyl)benzamide",263.001892,"C9H10ClNO4S","CONC(=O)c1ccc(c(c1)S(=O)(=O)C)Cl","InChI=1S/C9H10ClNO4S/c1-15-11-9(12)6-3-4-7(10)8(5-6)16(2,13)14/h3-5H,1-2H3,(H,11,12)","NGNNJIQLNMOHGR-UHFFFAOYSA-N"
34482090,"1-[(3-Chloropropyl)sulfonyl]-4-nitrobenzene",263.001892,"C9H10ClNO4S","c1cc(ccc1[N+](=O)[O-])S(=O)(=O)CCCCl","InChI=1S/C9H10ClNO4S/c10-6-1-7-16(14,15)9-4-2-8(3-5-9)11(12)13/h2-5H,1,6-7H2","AHQYOUINVGFCJD-UHFFFAOYSA-N"
35473400,"2-Methoxy-5-(methylcarbamoyl)benzenesulfonyl chloride",263.001892,"C9H10ClNO4S","CNC(=O)c1ccc(c(c1)S(=O)(=O)Cl)OC","InChI=1S/C9H10ClNO4S/c1-11-9(12)6-3-4-7(15-2)8(5-6)16(10,13)14/h3-5H,1-2H3,(H,11,12)","LNKJPBMDDNYDQQ-UHFFFAOYSA-N"
35492290,"5-Chloro-3-[2-(dimethylamino)-2-oxoethoxy]-2-thiophenecarboxylic acid",263.001892,"C9H10ClNO4S","CN(C)C(=O)COc1cc(sc1C(=O)O)Cl","InChI=1S/C9H10ClNO4S/c1-11(2)7(12)4-15-5-3-6(10)16-8(5)9(13)14/h3H,4H2,1-2H3,(H,13,14)","QIYZCWARVSHLKL-UHFFFAOYSA-N"
35511218,"5,6-Dichloro-2-phenyl-2H-benzotriazole",263.001709,"C12H7Cl2N3","c1ccc(cc1)n2nc3cc(c(cc3n2)Cl)Cl","InChI=1S/C12H7Cl2N3/c13-9-6-11-12(7-10(9)14)16-17(15-11)8-4-2-1-3-5-8/h1-7H","MQVHMRUFGOVSNN-UHFFFAOYSA-N"
35624856,"2,3,5,6-Tetrafluoro-4-(2-thienylmethoxy)pyridine",263.002808,"C10H5F4NOS","c1cc(sc1)COc2c(c(nc(c2F)F)F)F","InChI=1S/C10H5F4NOS/c11-6-8(7(12)10(14)15-9(6)13)16-4-5-2-1-3-17-5/h1-3H,4H2","LBLTVVCHUJSWQQ-UHFFFAOYSA-N"
35625593,"2,3,5,6-Tetrafluoro-4-[(2-furylmethyl)sulfanyl]pyridine",263.002808,"C10H5F4NOS","c1cc(oc1)CSc2c(c(nc(c2F)F)F)F","InChI=1S/C10H5F4NOS/c11-6-8(7(12)10(14)15-9(6)13)17-4-5-2-1-3-16-5/h1-3H,4H2","FYOAVTSDEDFJNT-UHFFFAOYSA-N"
35781989,"Ethyl [(3-chlorophenyl)sulfonyl]carbamate",263.001892,"C9H10ClNO4S","CCOC(=O)NS(=O)(=O)c1cccc(c1)Cl","InChI=1S/C9H10ClNO4S/c1-2-15-9(12)11-16(13,14)8-5-3-4-7(10)6-8/h3-6H,2H2,1H3,(H,11,12)","WZXLGZKCZDOLEF-UHFFFAOYSA-N"
35789650,"2-{[(E)-(3-Chloro-6-oxo-2,4-cyclohexadien-1-ylidene)methyl]amino}ethanesulfonic acid",263.001892,"C9H10ClNO4S","C1=CC(=O)/C(=C/NCCS(=O)(=O)O)/C=C1Cl","InChI=1S/C9H10ClNO4S/c10-8-1-2-9(12)7(5-8)6-11-3-4-16(13,14)15/h1-2,5-6,11H,3-4H2,(H,13,14,15)/b7-6+","YSZFQLYDEUOCPK-VOTSOKGWSA-N"
35832547,"4-Chloro-3-[(6-chloro-2-pyridinyl)amino]benzonitrile",263.001709,"C12H7Cl2N3","c1cc(nc(c1)Cl)Nc2cc(ccc2Cl)C#N","InChI=1S/C12H7Cl2N3/c13-9-5-4-8(7-15)6-10(9)16-12-3-1-2-11(14)17-12/h1-6H,(H,16,17)","FBIVQGPMOZWKNL-UHFFFAOYSA-N"
35832852,"4-Chloro-3-[(5-chloro-2-pyridinyl)amino]benzonitrile",263.001709,"C12H7Cl2N3","c1cc(c(cc1C#N)Nc2ccc(cn2)Cl)Cl","InChI=1S/C12H7Cl2N3/c13-9-2-4-12(16-7-9)17-11-5-8(6-15)1-3-10(11)14/h1-5,7H,(H,16,17)","AEFXYPIJSMNUEP-UHFFFAOYSA-N"
36044082,"N-[(3-Chloro-2-thienyl)carbonyl]threonine",263.001892,"C9H10ClNO4S","CC(C(C(=O)O)NC(=O)c1c(ccs1)Cl)O","InChI=1S/C9H10ClNO4S/c1-4(12)6(9(14)15)11-8(13)7-5(10)2-3-16-7/h2-4,6,12H,1H3,(H,11,13)(H,14,15)","IDQGBCMSCLUDET-UHFFFAOYSA-N"
36273072,"5-Chloro-6-[(2,3-dihydroxypropyl)sulfanyl]nicotinic acid",263.001892,"C9H10ClNO4S","c1c(cnc(c1Cl)SCC(CO)O)C(=O)O","InChI=1S/C9H10ClNO4S/c10-7-1-5(9(14)15)2-11-8(7)16-4-6(13)3-12/h1-2,6,12-13H,3-4H2,(H,14,15)","PGUNNIAQNHQRRD-UHFFFAOYSA-N"
36273073,"3-Chloro-6-[(2,3-dihydroxypropyl)sulfanyl]-2-pyridinecarboxylic acid",263.001892,"C9H10ClNO4S","c1cc(nc(c1Cl)C(=O)O)SCC(CO)O","InChI=1S/C9H10ClNO4S/c10-6-1-2-7(11-8(6)9(14)15)16-4-5(13)3-12/h1-2,5,12-13H,3-4H2,(H,14,15)","XNJDKTPTHPXFMZ-UHFFFAOYSA-N"
36273084,"2-Chloro-6-[(2,3-dihydroxypropyl)sulfanyl]isonicotinic acid",263.001892,"C9H10ClNO4S","c1c(cc(nc1SCC(CO)O)Cl)C(=O)O","InChI=1S/C9H10ClNO4S/c10-7-1-5(9(14)15)2-8(11-7)16-4-6(13)3-12/h1-2,6,12-13H,3-4H2,(H,14,15)","CFPITKNVDSCZKK-UHFFFAOYSA-N"
36273085,"6-Chloro-2-[(2,3-dihydroxypropyl)sulfanyl]nicotinic acid",263.001892,"C9H10ClNO4S","c1cc(nc(c1C(=O)O)SCC(CO)O)Cl","InChI=1S/C9H10ClNO4S/c10-7-2-1-6(9(14)15)8(11-7)16-4-5(13)3-12/h1-2,5,12-13H,3-4H2,(H,14,15)","HLYLMXFEVNKNMI-UHFFFAOYSA-N"
36574125,"N-[(5-Chloro-2-thienyl)carbonyl]-O-methylserine",263.001892,"C9H10ClNO4S","COCC(C(=O)O)NC(=O)c1ccc(s1)Cl","InChI=1S/C9H10ClNO4S/c1-15-4-5(9(13)14)11-8(12)6-2-3-7(10)16-6/h2-3,5H,4H2,1H3,(H,11,12)(H,13,14)","JXNXLKLLSORVKW-UHFFFAOYSA-N"
36574572,"N-[(3-Chloro-2-thienyl)carbonyl]-O-methylserine",263.001892,"C9H10ClNO4S","COCC(C(=O)O)NC(=O)c1c(ccs1)Cl","InChI=1S/C9H10ClNO4S/c1-15-4-6(9(13)14)11-8(12)7-5(10)2-3-16-7/h2-3,6H,4H2,1H3,(H,11,12)(H,13,14)","SGBNIZLIISOOON-UHFFFAOYSA-N"
37006324,"3-[(2,4-Dichlorophenyl)amino]-2-pyridinecarbonitrile",263.001709,"C12H7Cl2N3","c1cc(c(nc1)C#N)Nc2ccc(cc2Cl)Cl","InChI=1S/C12H7Cl2N3/c13-8-3-4-10(9(14)6-8)17-11-2-1-5-16-12(11)7-15/h1-6,17H","CSQAZWRKJBCQHA-UHFFFAOYSA-N"
37006363,"3-[(3,4-Dichlorophenyl)amino]-2-pyridinecarbonitrile",263.001709,"C12H7Cl2N3","c1cc(c(nc1)C#N)Nc2ccc(c(c2)Cl)Cl","InChI=1S/C12H7Cl2N3/c13-9-4-3-8(6-10(9)14)17-11-2-1-5-16-12(11)7-15/h1-6,17H","RSIQALKSICDEOU-UHFFFAOYSA-N"
37006456,"3-[(2,3-Dichlorophenyl)amino]-2-pyridinecarbonitrile",263.001709,"C12H7Cl2N3","c1cc(c(c(c1)Cl)Cl)Nc2cccnc2C#N","InChI=1S/C12H7Cl2N3/c13-8-3-1-4-10(12(8)14)17-9-5-2-6-16-11(9)7-15/h1-6,17H","MTERNTJYHXYBNG-UHFFFAOYSA-N"
37006990,"3-[(2,6-Dichlorophenyl)amino]-2-pyridinecarbonitrile",263.001709,"C12H7Cl2N3","c1cc(c(c(c1)Cl)Nc2cccnc2C#N)Cl","InChI=1S/C12H7Cl2N3/c13-8-3-1-4-9(14)12(8)17-10-5-2-6-16-11(10)7-15/h1-6,17H","NIDSDQFXQPMNFD-UHFFFAOYSA-N"
37175199,"3-Chloro-5-[(ethylsulfonyl)amino]benzoic acid",263.001892,"C9H10ClNO4S","CCS(=O)(=O)Nc1cc(cc(c1)Cl)C(=O)O","InChI=1S/C9H10ClNO4S/c1-2-16(14,15)11-8-4-6(9(12)13)3-7(10)5-8/h3-5,11H,2H2,1H3,(H,12,13)","RUJCGDQEWWPXSL-UHFFFAOYSA-N"
37761232,"3-Chloro-5-(4-chloro-1-naphthyl)-4H-1,2,4-triazole",263.001709,"C12H7Cl2N3","c1ccc2c(c1)c(ccc2Cl)c3[nH]c(nn3)Cl","InChI=1S/C12H7Cl2N3/c13-10-6-5-9(11-15-12(14)17-16-11)7-3-1-2-4-8(7)10/h1-6H,(H,15,16,17)","PTQMZGOYVKTGDD-UHFFFAOYSA-N"
37944778,"N-(7-Chloro-2,3-dihydro-1,4-benzodioxin-6-yl)methanesulfonamide",263.001892,"C9H10ClNO4S","CS(=O)(=O)Nc1cc2c(cc1Cl)OCCO2","InChI=1S/C9H10ClNO4S/c1-16(12,13)11-7-5-9-8(4-6(7)10)14-2-3-15-9/h4-5,11H,2-3H2,1H3","MDPKWCJAMKDLHJ-UHFFFAOYSA-N"
37945224,"(2Z)-2-[1-(2,4-Dichloro-5-fluorophenyl)ethylidene]hydrazinecarboxamide",263.002838,"C9H8Cl2FN3O","C/C(=N/NC(=O)N)/c1cc(c(cc1Cl)Cl)F","InChI=1S/C9H8Cl2FN3O/c1-4(14-15-9(13)16)5-2-8(12)7(11)3-6(5)10/h2-3H,1H3,(H3,13,15,16)/b14-4-","CRGFCCUMDNSQPQ-CPSFFCFKSA-N"
37978006,"Methyl N-[(5-chloro-2-thienyl)carbonyl]serinate",263.001892,"C9H10ClNO4S","COC(=O)C(CO)NC(=O)c1ccc(s1)Cl","InChI=1S/C9H10ClNO4S/c1-15-9(14)5(4-12)11-8(13)6-2-3-7(10)16-6/h2-3,5,12H,4H2,1H3,(H,11,13)","UHCJGVGZWUCECC-UHFFFAOYSA-N"
37978730,"N-[(5-Chloro-2-thienyl)carbonyl]threonine",263.001892,"C9H10ClNO4S","CC(C(C(=O)O)NC(=O)c1ccc(s1)Cl)O","InChI=1S/C9H10ClNO4S/c1-4(12)7(9(14)15)11-8(13)5-2-3-6(10)16-5/h2-4,7,12H,1H3,(H,11,13)(H,14,15)","XWUAIKPSDAURPT-UHFFFAOYSA-N"
37985365,"Methyl N-[(3-chlorophenyl)sulfonyl]glycinate",263.001892,"C9H10ClNO4S","COC(=O)CNS(=O)(=O)c1cccc(c1)Cl","InChI=1S/C9H10ClNO4S/c1-15-9(12)6-11-16(13,14)8-4-2-3-7(10)5-8/h2-5,11H,6H2,1H3","NEDXOHRWHPOLAP-UHFFFAOYSA-N"
37999998,"4-Chloro-2-(3-chlorophenyl)-7H-pyrrolo[2,3-d]pyrimidine",263.001709,"C12H7Cl2N3","c1cc(cc(c1)Cl)c2nc3c(cc[nH]3)c(n2)Cl","InChI=1S/C12H7Cl2N3/c13-8-3-1-2-7(6-8)11-16-10(14)9-4-5-15-12(9)17-11/h1-6H,(H,15,16,17)","DFFSLPCUKKPKBY-UHFFFAOYSA-N"
38002625,"3-[(2,6-Dichloro-4-pyrimidinyl)methyl]benzonitrile",263.001709,"C12H7Cl2N3","c1cc(cc(c1)C#N)Cc2cc(nc(n2)Cl)Cl","InChI=1S/C12H7Cl2N3/c13-11-6-10(16-12(14)17-11)5-8-2-1-3-9(4-8)7-15/h1-4,6H,5H2","GUDAZJYCCCLQRN-UHFFFAOYSA-N"
38005605,"N-[(2-Chloro-4-methylphenyl)sulfonyl]glycine",263.001892,"C9H10ClNO4S","Cc1ccc(c(c1)Cl)S(=O)(=O)NCC(=O)O","InChI=1S/C9H10ClNO4S/c1-6-2-3-8(7(10)4-6)16(14,15)11-5-9(12)13/h2-4,11H,5H2,1H3,(H,12,13)","HXXDWAIFBJEGKS-UHFFFAOYSA-N"
38040397,"[(3-Chloro-4-methylphenyl)sulfamoyl]acetic acid",263.001892,"C9H10ClNO4S","Cc1ccc(cc1Cl)NS(=O)(=O)CC(=O)O","InChI=1S/C9H10ClNO4S/c1-6-2-3-7(4-8(6)10)11-16(14,15)5-9(12)13/h2-4,11H,5H2,1H3,(H,12,13)","NBDQWSMPVLPXEF-UHFFFAOYSA-N"
38042196,"[(3-Chloro-2-methylphenyl)sulfamoyl]acetic acid",263.001892,"C9H10ClNO4S","Cc1c(cccc1Cl)NS(=O)(=O)CC(=O)O","InChI=1S/C9H10ClNO4S/c1-6-7(10)3-2-4-8(6)11-16(14,15)5-9(12)13/h2-4,11H,5H2,1H3,(H,12,13)","QQVFJUSCEZWOKU-UHFFFAOYSA-N"
38042226,"[(2-Chlorobenzyl)sulfamoyl]acetic acid",263.001892,"C9H10ClNO4S","c1ccc(c(c1)CNS(=O)(=O)CC(=O)O)Cl","InChI=1S/C9H10ClNO4S/c10-8-4-2-1-3-7(8)5-11-16(14,15)6-9(12)13/h1-4,11H,5-6H2,(H,12,13)","UQZOTBPTVGKOBK-UHFFFAOYSA-N"
38042279,"[(5-Chloro-2-methylphenyl)sulfamoyl]acetic acid",263.001892,"C9H10ClNO4S","Cc1ccc(cc1NS(=O)(=O)CC(=O)O)Cl","InChI=1S/C9H10ClNO4S/c1-6-2-3-7(10)4-8(6)11-16(14,15)5-9(12)13/h2-4,11H,5H2,1H3,(H,12,13)","DSGVYZNTKFNWPW-UHFFFAOYSA-N"
38042280,"[(4-Chloro-2-methylphenyl)sulfamoyl]acetic acid",263.001892,"C9H10ClNO4S","Cc1cc(ccc1NS(=O)(=O)CC(=O)O)Cl","InChI=1S/C9H10ClNO4S/c1-6-4-7(10)2-3-8(6)11-16(14,15)5-9(12)13/h2-4,11H,5H2,1H3,(H,12,13)","VAEWPASKPWSKKP-UHFFFAOYSA-N"
38042311,"[(4-Chlorobenzyl)sulfamoyl]acetic acid",263.001892,"C9H10ClNO4S","c1cc(ccc1CNS(=O)(=O)CC(=O)O)Cl","InChI=1S/C9H10ClNO4S/c10-8-3-1-7(2-4-8)5-11-16(14,15)6-9(12)13/h1-4,11H,5-6H2,(H,12,13)","KEMHOFVIESXMDY-UHFFFAOYSA-N"
38055217,"N-[(5-Chloro-2-methylphenyl)sulfonyl]glycine",263.001892,"C9H10ClNO4S","Cc1ccc(cc1S(=O)(=O)NCC(=O)O)Cl","InChI=1S/C9H10ClNO4S/c1-6-2-3-7(10)4-8(6)16(14,15)11-5-9(12)13/h2-4,11H,5H2,1H3,(H,12,13)","DNHSTHNASFYSKF-UHFFFAOYSA-N"
38069910,"2-Ethoxy-5-formamidobenzenesulfonyl chloride",263.001892,"C9H10ClNO4S","CCOc1ccc(cc1S(=O)(=O)Cl)NC=O","InChI=1S/C9H10ClNO4S/c1-2-15-8-4-3-7(11-6-12)5-9(8)16(10,13)14/h3-6H,2H2,1H3,(H,11,12)","MHTOLCYQASBHAG-UHFFFAOYSA-N"
38069912,"5-(Formamidomethyl)-2-methoxybenzenesulfonyl chloride",263.001892,"C9H10ClNO4S","COc1ccc(cc1S(=O)(=O)Cl)CNC=O","InChI=1S/C9H10ClNO4S/c1-15-8-3-2-7(5-11-6-12)4-9(8)16(10,13)14/h2-4,6H,5H2,1H3,(H,11,12)","DCNBEWOHNAVVGB-UHFFFAOYSA-N"
38069913,"3-Formamido-2-methoxy-5-methylbenzenesulfonyl chloride",263.001892,"C9H10ClNO4S","Cc1cc(c(c(c1)S(=O)(=O)Cl)OC)NC=O","InChI=1S/C9H10ClNO4S/c1-6-3-7(11-5-12)9(15-2)8(4-6)16(10,13)14/h3-5H,1-2H3,(H,11,12)","MEVCBXILFVNMOO-UHFFFAOYSA-N"
38069914,"3-(Formamidomethyl)-4-methoxybenzenesulfonyl chloride",263.001892,"C9H10ClNO4S","COc1ccc(cc1CNC=O)S(=O)(=O)Cl","InChI=1S/C9H10ClNO4S/c1-15-9-3-2-8(16(10,13)14)4-7(9)5-11-6-12/h2-4,6H,5H2,1H3,(H,11,12)","OKUCGMBGRQWCKD-UHFFFAOYSA-N"
38126733,"N-[(4-Chloro-2-methylphenyl)sulfonyl]glycine",263.001892,"C9H10ClNO4S","Cc1cc(ccc1S(=O)(=O)NCC(=O)O)Cl","InChI=1S/C9H10ClNO4S/c1-6-4-7(10)2-3-8(6)16(14,15)11-5-9(12)13/h2-4,11H,5H2,1H3,(H,12,13)","CQIYFQABIVAMNI-UHFFFAOYSA-N"
38126735,"N-[(3-Chloro-2-methylphenyl)sulfonyl]glycine",263.001892,"C9H10ClNO4S","Cc1c(cccc1Cl)S(=O)(=O)NCC(=O)O","InChI=1S/C9H10ClNO4S/c1-6-7(10)3-2-4-8(6)16(14,15)11-5-9(12)13/h2-4,11H,5H2,1H3,(H,12,13)","MSKLKNYZBISNMX-UHFFFAOYSA-N"
38128548,"[(3-Chlorobenzyl)sulfamoyl]acetic acid",263.001892,"C9H10ClNO4S","c1cc(cc(c1)Cl)CNS(=O)(=O)CC(=O)O","InChI=1S/C9H10ClNO4S/c10-8-3-1-2-7(4-8)5-11-16(14,15)6-9(12)13/h1-4,11H,5-6H2,(H,12,13)","KHRJAGUICRKHKB-UHFFFAOYSA-N"
38205065,"1-[(3-Chloropropyl)sulfonyl]-2-nitrobenzene",263.001892,"C9H10ClNO4S","c1ccc(c(c1)[N+](=O)[O-])S(=O)(=O)CCCCl","InChI=1S/C9H10ClNO4S/c10-6-3-7-16(14,15)9-5-2-1-4-8(9)11(12)13/h1-2,4-5H,3,6-7H2","VOCTXRUNIGLSTH-UHFFFAOYSA-N"
38211516,"1-[(2-Chloroethyl)sulfonyl]-4-methyl-2-nitrobenzene",263.001892,"C9H10ClNO4S","Cc1ccc(c(c1)[N+](=O)[O-])S(=O)(=O)CCCl","InChI=1S/C9H10ClNO4S/c1-7-2-3-9(8(6-7)11(12)13)16(14,15)5-4-10/h2-3,6H,4-5H2,1H3","UNQQFOQXFGUCQW-UHFFFAOYSA-N"
38211538,"4-[(2-Chloroethyl)sulfonyl]-2-methyl-1-nitrobenzene",263.001892,"C9H10ClNO4S","Cc1cc(ccc1[N+](=O)[O-])S(=O)(=O)CCCl","InChI=1S/C9H10ClNO4S/c1-7-6-8(16(14,15)5-4-10)2-3-9(7)11(12)13/h2-3,6H,4-5H2,1H3","KLCZCRPQBPUQHW-UHFFFAOYSA-N"
38211543,"1-[(2-Chloroethyl)sulfonyl]-2-methyl-4-nitrobenzene",263.001892,"C9H10ClNO4S","Cc1cc(ccc1S(=O)(=O)CCCl)[N+](=O)[O-]","InChI=1S/C9H10ClNO4S/c1-7-6-8(11(12)13)2-3-9(7)16(14,15)5-4-10/h2-3,6H,4-5H2,1H3","RXVCYNXCMZTWJR-UHFFFAOYSA-N"
38241240,"Methyl [(2-chlorophenyl)sulfamoyl]acetate",263.001892,"C9H10ClNO4S","COC(=O)CS(=O)(=O)Nc1ccccc1Cl","InChI=1S/C9H10ClNO4S/c1-15-9(12)6-16(13,14)11-8-5-3-2-4-7(8)10/h2-5,11H,6H2,1H3","YPTQXYUZSGTDTD-UHFFFAOYSA-N"
38241241,"Methyl [(3-chlorophenyl)sulfamoyl]acetate",263.001892,"C9H10ClNO4S","COC(=O)CS(=O)(=O)Nc1cccc(c1)Cl","InChI=1S/C9H10ClNO4S/c1-15-9(12)6-16(13,14)11-8-4-2-3-7(10)5-8/h2-5,11H,6H2,1H3","YWLKVFSBEBOIME-UHFFFAOYSA-N"
38241242,"Methyl [(4-chlorophenyl)sulfamoyl]acetate",263.001892,"C9H10ClNO4S","COC(=O)CS(=O)(=O)Nc1ccc(cc1)Cl","InChI=1S/C9H10ClNO4S/c1-15-9(12)6-16(13,14)11-8-4-2-7(10)3-5-8/h2-5,11H,6H2,1H3","HRCZVQGRIQKWLO-UHFFFAOYSA-N"
38531243,"2-Chloro-4-[(ethylsulfonyl)amino]benzoic acid",263.001892,"C9H10ClNO4S","CCS(=O)(=O)Nc1ccc(c(c1)Cl)C(=O)O","InChI=1S/C9H10ClNO4S/c1-2-16(14,15)11-6-3-4-7(9(12)13)8(10)5-6/h3-5,11H,2H2,1H3,(H,12,13)","KQGFGPKYJNTOMC-UHFFFAOYSA-N"
38583767,"2-[(3-Chlorophenyl)sulfamoyl]propanoic acid",263.001892,"C9H10ClNO4S","CC(C(=O)O)S(=O)(=O)Nc1cccc(c1)Cl","InChI=1S/C9H10ClNO4S/c1-6(9(12)13)16(14,15)11-8-4-2-3-7(10)5-8/h2-6,11H,1H3,(H,12,13)","BWLAYTKJSIDDHZ-UHFFFAOYSA-N"
38583768,"2-[(4-Chlorophenyl)sulfamoyl]propanoic acid",263.001892,"C9H10ClNO4S","CC(C(=O)O)S(=O)(=O)Nc1ccc(cc1)Cl","InChI=1S/C9H10ClNO4S/c1-6(9(12)13)16(14,15)11-8-4-2-7(10)3-5-8/h2-6,11H,1H3,(H,12,13)","FDHBIWKYQHINII-UHFFFAOYSA-N"
38583773,"2-[(2-Chlorophenyl)sulfamoyl]propanoic acid",263.001892,"C9H10ClNO4S","CC(C(=O)O)S(=O)(=O)Nc1ccccc1Cl","InChI=1S/C9H10ClNO4S/c1-6(9(12)13)16(14,15)11-8-5-3-2-4-7(8)10/h2-6,11H,1H3,(H,12,13)","ZWBPHDMNHJDLOJ-UHFFFAOYSA-N"
38773996,"2-Methyl-2-propanyl 5-chloro-4-nitro-2-thiophenecarboxylate",263.001892,"C9H10ClNO4S","CC(C)(C)OC(=O)c1cc(c(s1)Cl)[N+](=O)[O-]","InChI=1S/C9H10ClNO4S/c1-9(2,3)15-8(12)6-4-5(11(13)14)7(10)16-6/h4H,1-3H3","LEDNGPGWTHFMPE-UHFFFAOYSA-N"
38860886,"2-(3,5-Dichlorophenyl)-3H-imidazo[4,5-b]pyridine",263.001709,"C12H7Cl2N3","c1cc2c([nH]c(n2)c3cc(cc(c3)Cl)Cl)nc1","InChI=1S/C12H7Cl2N3/c13-8-4-7(5-9(14)6-8)11-16-10-2-1-3-15-12(10)17-11/h1-6H,(H,15,16,17)","PBODHWLKPOERIH-UHFFFAOYSA-N"
38860925,"2-(2,4-Dichlorophenyl)-3H-imidazo[4,5-b]pyridine",263.001709,"C12H7Cl2N3","c1cc2c([nH]c(n2)c3ccc(cc3Cl)Cl)nc1","InChI=1S/C12H7Cl2N3/c13-7-3-4-8(9(14)6-7)11-16-10-2-1-5-15-12(10)17-11/h1-6H,(H,15,16,17)","CGYFNDBEKIFABJ-UHFFFAOYSA-N"
38860983,"2-(2,5-Dichlorophenyl)-3H-imidazo[4,5-b]pyridine",263.001709,"C12H7Cl2N3","c1cc2c([nH]c(n2)c3cc(ccc3Cl)Cl)nc1","InChI=1S/C12H7Cl2N3/c13-7-3-4-9(14)8(6-7)11-16-10-2-1-5-15-12(10)17-11/h1-6H,(H,15,16,17)","LMSNAYGXSQHASB-UHFFFAOYSA-N"
38860988,"2-(2,3-Dichlorophenyl)-3H-imidazo[4,5-b]pyridine",263.001709,"C12H7Cl2N3","c1cc(c(c(c1)Cl)Cl)c2[nH]c3c(n2)cccn3","InChI=1S/C12H7Cl2N3/c13-8-4-1-3-7(10(8)14)11-16-9-5-2-6-15-12(9)17-11/h1-6H,(H,15,16,17)","MVNMNKXQEDGMFR-UHFFFAOYSA-N"
38860996,"2-(3,4-Dichlorophenyl)-3H-imidazo[4,5-b]pyridine",263.001709,"C12H7Cl2N3","c1cc2c([nH]c(n2)c3ccc(c(c3)Cl)Cl)nc1","InChI=1S/C12H7Cl2N3/c13-8-4-3-7(6-9(8)14)11-16-10-2-1-5-15-12(10)17-11/h1-6H,(H,15,16,17)","BSTJFMTUIDFWAZ-UHFFFAOYSA-N"
39587365,"1-(3-Nitrophenyl)-1-propanesulfonyl chloride",263.001892,"C9H10ClNO4S","CCC(c1cccc(c1)[N+](=O)[O-])S(=O)(=O)Cl","InChI=1S/C9H10ClNO4S/c1-2-9(16(10,14)15)7-4-3-5-8(6-7)11(12)13/h3-6,9H,2H2,1H3","IJNXCXAXXIOCMH-UHFFFAOYSA-N"
39587491,"1-(4-Methyl-3-nitrophenyl)ethanesulfonyl chloride",263.001892,"C9H10ClNO4S","Cc1ccc(cc1[N+](=O)[O-])C(C)S(=O)(=O)Cl","InChI=1S/C9H10ClNO4S/c1-6-3-4-8(5-9(6)11(12)13)7(2)16(10,14)15/h3-5,7H,1-2H3","MEMCGOMKCMPCIW-UHFFFAOYSA-N"
39712652,"Methyl 2-[(2-chloroethyl)sulfonyl]nicotinate",263.001892,"C9H10ClNO4S","COC(=O)c1cccnc1S(=O)(=O)CCCl","InChI=1S/C9H10ClNO4S/c1-15-9(12)7-3-2-5-11-8(7)16(13,14)6-4-10/h2-3,5H,4,6H2,1H3","COITYKBTVMHIDE-UHFFFAOYSA-N"
39873339,"2-Amino-6-(2,5-dichlorophenyl)nicotinonitrile",263.001709,"C12H7Cl2N3","c1cc(c(cc1Cl)c2ccc(c(n2)N)C#N)Cl","InChI=1S/C12H7Cl2N3/c13-8-2-3-10(14)9(5-8)11-4-1-7(6-15)12(16)17-11/h1-5H,(H2,16,17)","GZSFBIIUKCFQDK-UHFFFAOYSA-N"
39942366,"2-[(2-Chloroethyl)sulfonyl]-1-methyl-4-nitrobenzene",263.001892,"C9H10ClNO4S","Cc1ccc(cc1S(=O)(=O)CCCl)[N+](=O)[O-]","InChI=1S/C9H10ClNO4S/c1-7-2-3-8(11(12)13)6-9(7)16(14,15)5-4-10/h2-3,6H,4-5H2,1H3","AQSNPWRHEKSHRR-UHFFFAOYSA-N"
40156937,"1-[(2-Chloroethyl)sulfonyl]-2-methyl-3-nitrobenzene",263.001892,"C9H10ClNO4S","Cc1c(cccc1S(=O)(=O)CCCl)[N+](=O)[O-]","InChI=1S/C9H10ClNO4S/c1-7-8(11(12)13)3-2-4-9(7)16(14,15)6-5-10/h2-4H,5-6H2,1H3","JHAJDPSCCMDTSL-UHFFFAOYSA-N"
40436980,"4-[(2-Chloroethyl)sulfonyl]-1-methyl-2-nitrobenzene",263.001892,"C9H10ClNO4S","Cc1ccc(cc1[N+](=O)[O-])S(=O)(=O)CCCl","InChI=1S/C9H10ClNO4S/c1-7-2-3-8(6-9(7)11(12)13)16(14,15)5-4-10/h2-3,6H,4-5H2,1H3","GTVZCZKKEYQWIK-UHFFFAOYSA-N"
40451614,"4-[(2,5-Dichlorophenyl)amino]-2-pyridinecarbonitrile",263.001709,"C12H7Cl2N3","c1cc(c(cc1Cl)Nc2ccnc(c2)C#N)Cl","InChI=1S/C12H7Cl2N3/c13-8-1-2-11(14)12(5-8)17-9-3-4-16-10(6-9)7-15/h1-6H,(H,16,17)","OUEHGPVDDGTSGX-UHFFFAOYSA-N"
40451632,"4-[(2,4-Dichlorophenyl)amino]-2-pyridinecarbonitrile",263.001709,"C12H7Cl2N3","c1cc(c(cc1Cl)Cl)Nc2ccnc(c2)C#N","InChI=1S/C12H7Cl2N3/c13-8-1-2-12(11(14)5-8)17-9-3-4-16-10(6-9)7-15/h1-6H,(H,16,17)","QKGGDEJQETYOPJ-UHFFFAOYSA-N"
40451652,"4-[(3,5-Dichlorophenyl)amino]-2-pyridinecarbonitrile",263.001709,"C12H7Cl2N3","c1cnc(cc1Nc2cc(cc(c2)Cl)Cl)C#N","InChI=1S/C12H7Cl2N3/c13-8-3-9(14)5-11(4-8)17-10-1-2-16-12(6-10)7-15/h1-6H,(H,16,17)","CHNSPEARJGTEIK-UHFFFAOYSA-N"
40451659,"4-[(3,4-Dichlorophenyl)amino]-2-pyridinecarbonitrile",263.001709,"C12H7Cl2N3","c1cc(c(cc1Nc2ccnc(c2)C#N)Cl)Cl","InChI=1S/C12H7Cl2N3/c13-11-2-1-8(6-12(11)14)17-9-3-4-16-10(5-9)7-15/h1-6H,(H,16,17)","VDPGTWWCWQKJAT-UHFFFAOYSA-N"
40451719,"4-[(2,3-Dichlorophenyl)amino]-2-pyridinecarbonitrile",263.001709,"C12H7Cl2N3","c1cc(c(c(c1)Cl)Cl)Nc2ccnc(c2)C#N","InChI=1S/C12H7Cl2N3/c13-10-2-1-3-11(12(10)14)17-8-4-5-16-9(6-8)7-15/h1-6H,(H,16,17)","YLLLNNUHYATAEF-UHFFFAOYSA-N"
41131072,"N-(4-Chloro-1,1-dioxidotetrahydro-3-thiophenyl)-3-furamide",263.001892,"C9H10ClNO4S","c1cocc1C(=O)NC2CS(=O)(=O)CC2Cl","InChI=1S/C9H10ClNO4S/c10-7-4-16(13,14)5-8(7)11-9(12)6-1-2-15-3-6/h1-3,7-8H,4-5H2,(H,11,12)","YEQORNMNBHJIRU-UHFFFAOYSA-N"
41197764,"6,8-Dichloro-2-(4-pyridinyl)imidazo[1,2-a]pyridine",263.001709,"C12H7Cl2N3","c1cnccc1c2cn3cc(cc(c3n2)Cl)Cl","InChI=1S/C12H7Cl2N3/c13-9-5-10(14)12-16-11(7-17(12)6-9)8-1-3-15-4-2-8/h1-7H","AJSYPOYSQNSWQK-UHFFFAOYSA-N"
41197842,"6,8-Dichloro-2-(3-pyridinyl)imidazo[1,2-a]pyridine",263.001709,"C12H7Cl2N3","c1cc(cnc1)c2cn3cc(cc(c3n2)Cl)Cl","InChI=1S/C12H7Cl2N3/c13-9-4-10(14)12-16-11(7-17(12)6-9)8-2-1-3-15-5-8/h1-7H","OKLXEQVULGUDLA-UHFFFAOYSA-N"
41918820,"2-[(2-Chloroethyl)sulfonyl]-1-methyl-3-nitrobenzene",263.001892,"C9H10ClNO4S","Cc1cccc(c1S(=O)(=O)CCCl)[N+](=O)[O-]","InChI=1S/C9H10ClNO4S/c1-7-3-2-4-8(11(12)13)9(7)16(14,15)6-5-10/h2-4H,5-6H2,1H3","YPTPEGGDFPLGPJ-UHFFFAOYSA-N"
42073601,"5-[(2,3-Dichlorophenyl)amino]-2-pyridinecarbonitrile",263.001709,"C12H7Cl2N3","c1cc(c(c(c1)Cl)Cl)Nc2ccc(nc2)C#N","InChI=1S/C12H7Cl2N3/c13-10-2-1-3-11(12(10)14)17-9-5-4-8(6-15)16-7-9/h1-5,7,17H","VWWNBNRDZWPPMW-UHFFFAOYSA-N"
42073862,"5-[(2,6-Dichlorophenyl)amino]-2-pyridinecarbonitrile",263.001709,"C12H7Cl2N3","c1cc(c(c(c1)Cl)Nc2ccc(nc2)C#N)Cl","InChI=1S/C12H7Cl2N3/c13-10-2-1-3-11(14)12(10)17-9-5-4-8(6-15)16-7-9/h1-5,7,17H","UCDOFYAUVNYSKL-UHFFFAOYSA-N"
43181707,"Methyl 4-chloro-2-(tetrahydro-3-furanyloxy)-1,3-thiazole-5-carboxylate",263.001892,"C9H10ClNO4S","COC(=O)c1c(nc(s1)OC2CCOC2)Cl","InChI=1S/C9H10ClNO4S/c1-13-8(12)6-7(10)11-9(16-6)15-5-2-3-14-4-5/h5H,2-4H2,1H3","KTQAAGNGEKYRCY-UHFFFAOYSA-N"
43290794,"Methyl 2-{[(chloromethyl)sulfonyl]amino}benzoate",263.001892,"C9H10ClNO4S","COC(=O)c1ccccc1NS(=O)(=O)CCl","InChI=1S/C9H10ClNO4S/c1-15-9(12)7-4-2-3-5-8(7)11-16(13,14)6-10/h2-5,11H,6H2,1H3","OALUDCBORAVTGO-UHFFFAOYSA-N"
28575592,"2-[(E)-(5-Chloro-2-hydroxybenzylidene)amino]ethanesulfonic acid",263.001892,"C9H10ClNO4S","c1cc(c(cc1Cl)/C=N/CCS(=O)(=O)O)O","InChI=1S/C9H10ClNO4S/c10-8-1-2-9(12)7(5-8)6-11-3-4-16(13,14)15/h1-2,5-6,12H,3-4H2,(H,13,14,15)/b11-6+","KFAMTNATEXUDBI-IZZDOVSWSA-N"
29356935,"8-Chloro-2-(4-chlorophenyl)imidazo[1,2-a]pyrazine",263.001709,"C12H7Cl2N3","c1cc(ccc1c2cn3ccnc(c3n2)Cl)Cl","InChI=1S/C12H7Cl2N3/c13-9-3-1-8(2-4-9)10-7-17-6-5-15-11(14)12(17)16-10/h1-7H","ONHSMCWFAXMUSP-UHFFFAOYSA-N"
32342559,"5-Chloro-N-(1,1-dioxidotetrahydro-3-thiophenyl)-2-furamide",263.001892,"C9H10ClNO4S","c1cc(oc1C(=O)NC2CCS(=O)(=O)C2)Cl","InChI=1S/C9H10ClNO4S/c10-8-2-1-7(15-8)9(12)11-6-3-4-16(13,14)5-6/h1-2,6H,3-5H2,(H,11,12)","IZKMKWJEQRYKJM-UHFFFAOYSA-N"
32686991,"3-(2,6-Dichloro-4-pyridinyl)-1H-pyrrolo[2,3-b]pyridine",263.001709,"C12H7Cl2N3","c1cc2c(c[nH]c2nc1)c3cc(nc(c3)Cl)Cl","InChI=1S/C12H7Cl2N3/c13-10-4-7(5-11(14)17-10)9-6-16-12-8(9)2-1-3-15-12/h1-6H,(H,15,16)","IIIKRLJIBPHJMK-UHFFFAOYSA-N"
32758346,"2,3-Dimethyl[1,3]thiazolo[3,2-a]pyridin-4-ium perchlorate",263.001892,"C9H10ClNO4S","Cc1c(sc2[n+]1cccc2)C.[O-]Cl(=O)(=O)=O","InChI=1S/C9H10NS.ClHO4/c1-7-8(2)11-9-5-3-4-6-10(7)9;2-1(3,4)5/h3-6H,1-2H3;(H,2,3,4,5)/q+1;/p-1","HQDBZQVNFOSEDU-UHFFFAOYSA-M"
34208415,"1-[5-(4-Chloro-2-fluorophenyl)-1,2,4-oxadiazol-3-yl]methanamine hydrochloride (1:1)",263.002838,"C9H8Cl2FN3O","c1cc(c(cc1Cl)F)c2nc(no2)CN.Cl","InChI=1S/C9H7ClFN3O.ClH/c10-5-1-2-6(7(11)3-5)9-13-8(4-12)14-15-9;/h1-3H,4,12H2;1H","XWJDFLQIZBPXPZ-UHFFFAOYSA-N"
34485240,"1-(3,5-Dichloro-2-pyridinyl)-1H-benzimidazole",263.001709,"C12H7Cl2N3","c1ccc2c(c1)ncn2c3c(cc(cn3)Cl)Cl","InChI=1S/C12H7Cl2N3/c13-8-5-9(14)12(15-6-8)17-7-16-10-3-1-2-4-11(10)17/h1-7H","UOFUMSQZWGYCQO-UHFFFAOYSA-N"
35635892,"1,1,1-Trifluoro-3-(5-fluoro-1,3-benzothiazol-2-yl)acetone",263.002808,"C10H5F4NOS","c1cc2c(cc1F)nc(s2)CC(=O)C(F)(F)F","InChI=1S/C10H5F4NOS/c11-5-1-2-7-6(3-5)15-9(17-7)4-8(16)10(12,13)14/h1-3H,4H2","YFJVYWOXUZREPO-UHFFFAOYSA-N"
35635904,"1,1,1-Trifluoro-3-(6-fluoro-1,3-benzothiazol-2-yl)acetone",263.002808,"C10H5F4NOS","c1cc2c(cc1F)sc(n2)CC(=O)C(F)(F)F","InChI=1S/C10H5F4NOS/c11-5-1-2-6-7(3-5)17-9(15-6)4-8(16)10(12,13)14/h1-3H,4H2","RPMQRYOKSXIGAA-UHFFFAOYSA-N"
35648220,"2-[(2-Chloroethyl)sulfonyl]-4-methyl-1-nitrobenzene",263.001892,"C9H10ClNO4S","Cc1ccc(c(c1)S(=O)(=O)CCCl)[N+](=O)[O-]","InChI=1S/C9H10ClNO4S/c1-7-2-3-8(11(12)13)9(6-7)16(14,15)5-4-10/h2-3,6H,4-5H2,1H3","QUBPJFQWYKEYLX-UHFFFAOYSA-N"
36044190,"N-[(3-Chloro-2-thienyl)carbonyl]homoserine",263.001892,"C9H10ClNO4S","c1csc(c1Cl)C(=O)NC(CCO)C(=O)O","InChI=1S/C9H10ClNO4S/c10-5-2-4-16-7(5)8(13)11-6(1-3-12)9(14)15/h2,4,6,12H,1,3H2,(H,11,13)(H,14,15)","AQQHNISLWSIDDR-UHFFFAOYSA-N"
36044301,"3-{[(3-Chloro-2-thienyl)carbonyl]amino}-2-hydroxy-2-methylpropanoic acid",263.001892,"C9H10ClNO4S","CC(CNC(=O)c1c(ccs1)Cl)(C(=O)O)O","InChI=1S/C9H10ClNO4S/c1-9(15,8(13)14)4-11-7(12)6-5(10)2-3-16-6/h2-3,15H,4H2,1H3,(H,11,12)(H,13,14)","AUGQNPSJILDQRG-UHFFFAOYSA-N"
36044320,"(2-{[(3-Chloro-2-thienyl)carbonyl]amino}ethoxy)acetic acid",263.001892,"C9H10ClNO4S","c1csc(c1Cl)C(=O)NCCOCC(=O)O","InChI=1S/C9H10ClNO4S/c10-6-1-4-16-8(6)9(14)11-2-3-15-5-7(12)13/h1,4H,2-3,5H2,(H,11,14)(H,12,13)","YOQZTYQEFLWYKI-UHFFFAOYSA-N"
36045587,"Methyl N-[(3-chloro-2-thienyl)carbonyl]serinate",263.001892,"C9H10ClNO4S","COC(=O)C(CO)NC(=O)c1c(ccs1)Cl","InChI=1S/C9H10ClNO4S/c1-15-9(14)6(4-12)11-8(13)7-5(10)2-3-16-7/h2-3,6,12H,4H2,1H3,(H,11,13)","DSROLIDAVHUBDQ-UHFFFAOYSA-N"
36273660,"3-[(4-Chloro-2-nitrophenyl)sulfanyl]-1,2-propanediol",263.001892,"C9H10ClNO4S","c1cc(c(cc1Cl)[N+](=O)[O-])SCC(CO)O","InChI=1S/C9H10ClNO4S/c10-6-1-2-9(8(3-6)11(14)15)16-5-7(13)4-12/h1-3,7,12-13H,4-5H2","DHLIRWRNGFLTOO-UHFFFAOYSA-N"
36273741,"3-[(2-Chloro-4-nitrophenyl)sulfanyl]-1,2-propanediol",263.001892,"C9H10ClNO4S","c1cc(c(cc1[N+](=O)[O-])Cl)SCC(CO)O","InChI=1S/C9H10ClNO4S/c10-8-3-6(11(14)15)1-2-9(8)16-5-7(13)4-12/h1-3,7,12-13H,4-5H2","GOIHEOGEOOQWAM-UHFFFAOYSA-N"
37809240,"(1,3-Benzodioxol-5-ylmethyl)methylsulfamyl chloride",263.001892,"C9H10ClNO4S","CN(Cc1ccc2c(c1)OCO2)S(=O)(=O)Cl","InChI=1S/C9H10ClNO4S/c1-11(16(10,12)13)5-7-2-3-8-9(4-7)15-6-14-8/h2-4H,5-6H2,1H3","DSSZCQXLMJSAHD-UHFFFAOYSA-N"
37809241,"[2-(1,3-Benzodioxol-5-yl)ethyl]sulfamyl chloride",263.001892,"C9H10ClNO4S","c1cc2c(cc1CCNS(=O)(=O)Cl)OCO2","InChI=1S/C9H10ClNO4S/c10-16(12,13)11-4-3-7-1-2-8-9(5-7)15-6-14-8/h1-2,5,11H,3-4,6H2","WLVLRSBCMOJCPS-UHFFFAOYSA-N"
37809242,"Methyl 2-[(chlorosulfonyl)(methyl)amino]benzoate",263.001892,"C9H10ClNO4S","CN(c1ccccc1C(=O)OC)S(=O)(=O)Cl","InChI=1S/C9H10ClNO4S/c1-11(16(10,13)14)8-6-4-3-5-7(8)9(12)15-2/h3-6H,1-2H3","PCWFRAQXHHWRPE-UHFFFAOYSA-N"
37809243,"Methyl 3-[(chlorosulfonyl)(methyl)amino]benzoate",263.001892,"C9H10ClNO4S","CN(c1cccc(c1)C(=O)OC)S(=O)(=O)Cl","InChI=1S/C9H10ClNO4S/c1-11(16(10,13)14)8-5-3-4-7(6-8)9(12)15-2/h3-6H,1-2H3","OCNFIKDYFVQGAE-UHFFFAOYSA-N"
37809244,"Methyl 4-[(chlorosulfonyl)(methyl)amino]benzoate",263.001892,"C9H10ClNO4S","CN(c1ccc(cc1)C(=O)OC)S(=O)(=O)Cl","InChI=1S/C9H10ClNO4S/c1-11(16(10,13)14)8-5-3-7(4-6-8)9(12)15-2/h3-6H,1-2H3","XMUHOFCSDOUMPF-UHFFFAOYSA-N"
37809245,"2,3-Dihydro-1,4-benzodioxin-6-yl(methyl)sulfamyl chloride",263.001892,"C9H10ClNO4S","CN(c1ccc2c(c1)OCCO2)S(=O)(=O)Cl","InChI=1S/C9H10ClNO4S/c1-11(16(10,12)13)7-2-3-8-9(6-7)15-5-4-14-8/h2-3,6H,4-5H2,1H3","WBYIMJFEMPNVBA-UHFFFAOYSA-N"
37809246,"N-[(3-Chloro-4-methoxyphenyl)sulfinyl]glycine",263.001892,"C9H10ClNO4S","COc1ccc(cc1Cl)S(=O)NCC(=O)O","InChI=1S/C9H10ClNO4S/c1-15-8-3-2-6(4-7(8)10)16(14)11-5-9(12)13/h2-4,11H,5H2,1H3,(H,12,13)","HLVNVSAUJRDYLT-UHFFFAOYSA-N"
37809247,"N-[(5-Chloro-2-methoxyphenyl)sulfinyl]glycine",263.001892,"C9H10ClNO4S","COc1ccc(cc1S(=O)NCC(=O)O)Cl","InChI=1S/C9H10ClNO4S/c1-15-7-3-2-6(10)4-8(7)16(14)11-5-9(12)13/h2-4,11H,5H2,1H3,(H,12,13)","PFORDIMLRFQQHH-UHFFFAOYSA-N"
37809369,"(2,4-Dichlorophenyl)(2-pyrazinyl)acetonitrile",263.001709,"C12H7Cl2N3","c1cc(c(cc1Cl)Cl)C(C#N)c2cnccn2","InChI=1S/C12H7Cl2N3/c13-8-1-2-9(11(14)5-8)10(6-15)12-7-16-3-4-17-12/h1-5,7,10H","HFARCEWQHKSNFH-UHFFFAOYSA-N"
37809370,"3-[(3,4-Dichlorophenyl)amino]isonicotinonitrile",263.001709,"C12H7Cl2N3","c1cc(c(cc1Nc2cnccc2C#N)Cl)Cl","InChI=1S/C12H7Cl2N3/c13-10-2-1-9(5-11(10)14)17-12-7-16-4-3-8(12)6-15/h1-5,7,17H","FKMDEQJQNWNWET-UHFFFAOYSA-N"
37809371,"3-[(2,4-Dichlorophenyl)amino]isonicotinonitrile",263.001709,"C12H7Cl2N3","c1cc(c(cc1Cl)Cl)Nc2cnccc2C#N","InChI=1S/C12H7Cl2N3/c13-9-1-2-11(10(14)5-9)17-12-7-16-4-3-8(12)6-15/h1-5,7,17H","LFSJZZQTWSQWTL-UHFFFAOYSA-N"
37809372,"3-[(2,5-Dichlorophenyl)amino]isonicotinonitrile",263.001709,"C12H7Cl2N3","c1cc(c(cc1Cl)Nc2cnccc2C#N)Cl","InChI=1S/C12H7Cl2N3/c13-9-1-2-10(14)11(5-9)17-12-7-16-4-3-8(12)6-15/h1-5,7,17H","UDRFMCFXUCTCAR-UHFFFAOYSA-N"
37809373,"3-[(3,5-Dichlorophenyl)amino]isonicotinonitrile",263.001709,"C12H7Cl2N3","c1cncc(c1C#N)Nc2cc(cc(c2)Cl)Cl","InChI=1S/C12H7Cl2N3/c13-9-3-10(14)5-11(4-9)17-12-7-16-2-1-8(12)6-15/h1-5,7,17H","PDSLZZODVHOILM-UHFFFAOYSA-N"
37809374,"3-[(2,3-Dichlorophenyl)amino]isonicotinonitrile",263.001709,"C12H7Cl2N3","c1cc(c(c(c1)Cl)Cl)Nc2cnccc2C#N","InChI=1S/C12H7Cl2N3/c13-9-2-1-3-10(12(9)14)17-11-7-16-5-4-8(11)6-15/h1-5,7,17H","LZNVKTBREDDOMK-UHFFFAOYSA-N"
37809375,"7-Chloro-2-(4-chlorophenyl)pyrazolo[1,5-a]pyrimidine",263.001709,"C12H7Cl2N3","c1cc(ccc1c2cc3nccc(n3n2)Cl)Cl","InChI=1S/C12H7Cl2N3/c13-9-3-1-8(2-4-9)10-7-12-15-6-5-11(14)17(12)16-10/h1-7H","XJHPGIFDKNCDAT-UHFFFAOYSA-N"
40324194,"Methyl 6-amino-2-chloro-3-(methylsulfonyl)benzoate",263.001892,"C9H10ClNO4S","COC(=O)c1c(ccc(c1Cl)S(=O)(=O)C)N","InChI=1S/C9H10ClNO4S/c1-15-9(12)7-5(11)3-4-6(8(7)10)16(2,13)14/h3-4H,11H2,1-2H3","ZUYRUGSRIBFBIZ-UHFFFAOYSA-N"
41015979,"4-(3-Amino-3-oxopropoxy)benzenesulfonyl chloride",263.001892,"C9H10ClNO4S","c1cc(ccc1OCCC(=O)N)S(=O)(=O)Cl","InChI=1S/C9H10ClNO4S/c10-16(13,14)8-3-1-7(2-4-8)15-6-5-9(11)12/h1-4H,5-6H2,(H2,11,12)","KUBCVMKFZPPTHA-UHFFFAOYSA-N"
41657793,"({2-[(5-Chloro-2-furoyl)amino]ethyl}sulfanyl)acetic acid",263.001892,"C9H10ClNO4S","c1cc(oc1C(=O)NCCSCC(=O)O)Cl","InChI=1S/C9H10ClNO4S/c10-7-2-1-6(15-7)9(14)11-3-4-16-5-8(12)13/h1-2H,3-5H2,(H,11,14)(H,12,13)","IWIWUUZEWMDGPM-UHFFFAOYSA-N"
42055678,"3-[(5-Chloro-2-nitrophenyl)sulfanyl]-1,2-propanediol",263.001892,"C9H10ClNO4S","c1cc(c(cc1Cl)SCC(CO)O)[N+](=O)[O-]","InChI=1S/C9H10ClNO4S/c10-6-1-2-8(11(14)15)9(3-6)16-5-7(13)4-12/h1-3,7,12-13H,4-5H2","XFJXVLGVDFASEU-UHFFFAOYSA-N"
42756042,"1-Phenylethyl (chlorosulfonyl)carbamate",263.001892,"C9H10ClNO4S","CC(c1ccccc1)OC(=O)NS(=O)(=O)Cl","InChI=1S/C9H10ClNO4S/c1-7(8-5-3-2-4-6-8)15-9(12)11-16(10,13)14/h2-7H,1H3,(H,11,12)","OVKJLLPZTPOPJK-UHFFFAOYSA-N"
43279686,"2,2'-{[(5-Chloro-2-thienyl)methyl]imino}diacetic acid",263.001892,"C9H10ClNO4S","c1cc(sc1CN(CC(=O)O)CC(=O)O)Cl","InChI=1S/C9H10ClNO4S/c10-7-2-1-6(16-7)3-11(4-8(12)13)5-9(14)15/h1-2H,3-5H2,(H,12,13)(H,14,15)","HEGITZNYEWFQLI-UHFFFAOYSA-N"
43291099,"1-Chloro-N-(2,3-dihydro-1,4-benzodioxin-6-yl)methanesulfonamide",263.001892,"C9H10ClNO4S","c1cc2c(cc1NS(=O)(=O)CCl)OCCO2","InChI=1S/C9H10ClNO4S/c10-6-16(12,13)11-7-1-2-8-9(5-7)15-4-3-14-8/h1-2,5,11H,3-4,6H2","DUUFZBCRPPZFTD-UHFFFAOYSA-N"
43291143,"Methyl 3-{[(chloromethyl)sulfonyl]amino}benzoate",263.001892,"C9H10ClNO4S","COC(=O)c1cccc(c1)NS(=O)(=O)CCl","InChI=1S/C9H10ClNO4S/c1-15-9(12)7-3-2-4-8(5-7)11-16(13,14)6-10/h2-5,11H,6H2,1H3","LDGCLLBRCKRBEI-UHFFFAOYSA-N"
43291278,"Methyl 4-{[(chloromethyl)sulfonyl]amino}benzoate",263.001892,"C9H10ClNO4S","COC(=O)c1ccc(cc1)NS(=O)(=O)CCl","InChI=1S/C9H10ClNO4S/c1-15-9(12)7-2-4-8(5-3-7)11-16(13,14)6-10/h2-5,11H,6H2,1H3","QMMNGVNVLQKGMA-UHFFFAOYSA-N"
43435091,"2-(2,5-Dichlorophenyl)-3H-imidazo[4,5-c]pyridine",263.001709,"C12H7Cl2N3","c1cc(c(cc1Cl)c2[nH]c3cnccc3n2)Cl","InChI=1S/C12H7Cl2N3/c13-7-1-2-9(14)8(5-7)12-16-10-3-4-15-6-11(10)17-12/h1-6H,(H,16,17)","UAOJBOVRPMPIQD-UHFFFAOYSA-N"
43435095,"2-(2,3-Dichlorophenyl)-3H-imidazo[4,5-c]pyridine",263.001709,"C12H7Cl2N3","c1cc(c(c(c1)Cl)Cl)c2[nH]c3cnccc3n2","InChI=1S/C12H7Cl2N3/c13-8-3-1-2-7(11(8)14)12-16-9-4-5-15-6-10(9)17-12/h1-6H,(H,16,17)","YWFCMPQJDRWFOH-UHFFFAOYSA-N"
43435102,"2-(3,4-Dichlorophenyl)-3H-imidazo[4,5-c]pyridine",263.001709,"C12H7Cl2N3","c1cc(c(cc1c2[nH]c3cnccc3n2)Cl)Cl","InChI=1S/C12H7Cl2N3/c13-8-2-1-7(5-9(8)14)12-16-10-3-4-15-6-11(10)17-12/h1-6H,(H,16,17)","SHQPTSLIFIKDQU-UHFFFAOYSA-N"
