"Identifier","CompoundName","MonoisotopicMass","MolecularFormula","SMILES","InChI","InChIKey"
7677,"Cyclohexylamine",99.104797,"C6H13N","C1CCC(CC1)N","InChI=1S/C6H13N/c7-6-4-2-1-3-5-6/h6H,1-5,7H2","PAFZNILMFXTMIY-UHFFFAOYSA-N"
7686,"2-Pipecoline",99.104797,"C6H13N","CC1CCCCN1","InChI=1S/C6H13N/c1-6-4-2-3-5-7-6/h6-7H,2-5H2,1H3","NNWUEBIEOFQMSS-UHFFFAOYSA-N"
7828,"Azepane",99.104797,"C6H13N","C1CCCNCC1","InChI=1S/C6H13N/c1-2-4-6-7-5-3-1/h7H,1-6H2","ZSIQJIWKELUFRJ-UHFFFAOYSA-N"
11788,"1-Methylpiperidine",99.104797,"C6H13N","CN1CCCCC1","InChI=1S/C6H13N/c1-7-5-3-2-4-6-7/h2-6H2,1H3","PAMIQIKDUOTOBW-UHFFFAOYSA-N"
13629,"1-Butylaziridine",99.104797,"C6H13N","CCCCN1CC1","InChI=1S/C6H13N/c1-2-3-4-7-5-6-7/h2-6H2,1H3","XIEJPTDTTYFCJM-UHFFFAOYSA-N"
18770,"1-tert-Butylaziridine",99.104797,"C6H13N","CC(C)(C)N1CC1","InChI=1S/C6H13N/c1-6(2,3)7-4-5-7/h4-5H2,1-3H3","BBFCEQFUUOTJPD-UHFFFAOYSA-N"
20948,"N,N,2-Trimethyl-2-propen-1-amine",99.104797,"C6H13N","CC(=C)CN(C)C","InChI=1S/C6H13N/c1-6(2)5-7(3)4/h1,5H2,2-4H3","GKZOJSZSGYEWSA-UHFFFAOYSA-N"
62589,"4-Pipecoline",99.104797,"C6H13N","CC1CCNCC1","InChI=1S/C6H13N/c1-6-2-4-7-5-3-6/h6-7H,2-5H2,1H3","UZOFELREXGAFOI-UHFFFAOYSA-N"
67042,"(1E)-N-Ethyl-2-methyl-1-propanimine",99.104797,"C6H13N","CC/N=C/C(C)C","InChI=1S/C6H13N/c1-4-7-5-6(2)3/h5-6H,4H2,1-3H3/b7-5+","BBFMJBUMAHUJAH-FNORWQNLSA-N"
71413,".beta.-Pipecoline",99.104797,"C6H13N","CC1CCCNC1","InChI=1S/C6H13N/c1-6-3-2-4-7-5-6/h6-7H,2-5H2,1H3","JEGMWWXJUXDNJN-UHFFFAOYSA-N"
72264,"2,2,3,3-Tetramethylaziridine",99.104797,"C6H13N","CC1(C(N1)(C)C)C","InChI=1S/C6H13N/c1-5(2)6(3,4)7-5/h7H,1-4H3","HMDSXVUTCZSHDZ-UHFFFAOYSA-N"
72402,"1-Cyclopentylmethanamine",99.104797,"C6H13N","C1CCC(C1)CN","InChI=1S/C6H13N/c7-5-6-3-1-2-4-6/h6H,1-5,7H2","UBLYEVLMRSPMOG-UHFFFAOYSA-N"
73798,"1-Ethylpyrrolidine",99.104797,"C6H13N","CCN1CCCC1","InChI=1S/C6H13N/c1-2-7-5-3-4-6-7/h2-6H2,1H3","ONQBOTKLCMXPOF-UHFFFAOYSA-N"
79014,"N-Ethyl-2-methyl-2-propen-1-amine",99.104797,"C6H13N","CCNCC(=C)C","InChI=1S/C6H13N/c1-4-7-5-6(2)3/h7H,2,4-5H2,1,3H3","AXTLFVLHXSDZOW-UHFFFAOYSA-N"
86698,"2,5-Dimethylpyrrolidine",99.104797,"C6H13N","CC1CCC(N1)C","InChI=1S/C6H13N/c1-5-3-4-6(2)7-5/h5-7H,3-4H2,1-2H3","ZEBFPAXSQXIPNF-UHFFFAOYSA-N"
92559,"1,2-Dimethylpyrrolidine",99.104797,"C6H13N","CC1CCCN1C","InChI=1S/C6H13N/c1-6-4-3-5-7(6)2/h6H,3-5H2,1-2H3","PXHHIBMOFPCBJQ-UHFFFAOYSA-N"
120817,"(1E)-N-Ethyl-1-butanimine",99.104797,"C6H13N","CCC/C=N/CC","InChI=1S/C6H13N/c1-3-5-6-7-4-2/h6H,3-5H2,1-2H3/b7-6+","BLARBXSPVIJGSG-VOTSOKGWSA-N"
121541,"N-Isopropyl-2-propanimine",99.104797,"C6H13N","CC(C)N=C(C)C","InChI=1S/C6H13N/c1-5(2)7-6(3)4/h5H,1-4H3","UCJOAMOXKLJGST-UHFFFAOYSA-N"
122459,"N,N,2-Trimethylpropenylamine",99.104797,"C6H13N","CC(=CN(C)C)C","InChI=1S/C6H13N/c1-6(2)5-7(3)4/h5H,1-4H3","IHSJXWLJYTXOCL-UHFFFAOYSA-N"
122500,"2UNX1&1&1",99.104797,"C6H13N","C/C=N/C(C)(C)C","InChI=1S/C6H13N/c1-5-7-6(2,3)4/h5H,1-4H3/b7-5+","RPVBCVQKDPOMII-FNORWQNLSA-N"
122654,"(1E)-N-Propyl-1-propanimine",99.104797,"C6H13N","CCC/N=C/CC","InChI=1S/C6H13N/c1-3-5-7-6-4-2/h5H,3-4,6H2,1-2H3/b7-5+","YMMCFOVWHFLGON-FNORWQNLSA-N"
124256,"N-Propyl-2-propanimine",99.104797,"C6H13N","CCCN=C(C)C","InChI=1S/C6H13N/c1-4-5-7-6(2)3/h4-5H2,1-3H3","NBIJUKASRCFXDY-UHFFFAOYSA-N"
124783,"(1E)-N-Isopropyl-1-propanimine",99.104797,"C6H13N","CC/C=N/C(C)C","InChI=1S/C6H13N/c1-4-5-7-6(2)3/h5-6H,4H2,1-3H3/b7-5+","MWNYUKAEXWNOHP-FNORWQNLSA-N"
174966,"5-Hexen-2-amine",99.104797,"C6H13N","CC(CCC=C)N","InChI=1S/C6H13N/c1-3-4-5-6(2)7/h3,6H,1,4-5,7H2,2H3","PBEJOEYAKXHDJT-UHFFFAOYSA-N"
207519,"1,3-Dimethylpyrrolidine",99.104797,"C6H13N","CC1CCN(C1)C","InChI=1S/C6H13N/c1-6-3-4-7(2)5-6/h6H,3-5H2,1-2H3","IGNGFGXAWDQJGP-UHFFFAOYSA-N"
216904,"3-Methyl-1-penten-3-amine",99.104797,"C6H13N","CCC(C)(C=C)N","InChI=1S/C6H13N/c1-4-6(3,7)5-2/h4H,1,5,7H2,2-3H3","XPCLPRGWHXAORE-UHFFFAOYSA-N"
216905,"1-Hexen-3-amine",99.104797,"C6H13N","CCCC(C=C)N","InChI=1S/C6H13N/c1-3-5-6(7)4-2/h4,6H,2-3,5,7H2,1H3","WYAKBMRDDZSEPR-UHFFFAOYSA-N"
362624,"2-Methylcyclopentanamine",99.104797,"C6H13N","CC1CCCC1N","InChI=1S/C6H13N/c1-5-3-2-4-6(5)7/h5-6H,2-4,7H2,1H3","TYDMZADCGUWTCH-UHFFFAOYSA-N"
367265,"2,2-Dimethylpyrrolidine",99.104797,"C6H13N","CC1(CCCN1)C","InChI=1S/C6H13N/c1-6(2)4-3-5-7-6/h7H,3-5H2,1-2H3","PHODFIDDEBEGCS-UHFFFAOYSA-N"
454447,"1-Methylcyclopentanamine",99.104797,"C6H13N","CC1(CCCC1)N","InChI=1S/C6H13N/c1-6(7)4-2-3-5-6/h2-5,7H2,1H3","TWASBYPJZBHZQJ-UHFFFAOYSA-N"
465116,"4-Methyl-3-penten-1-amine",99.104797,"C6H13N","CC(=CCCN)C","InChI=1S/C6H13N/c1-6(2)4-3-5-7/h4H,3,5,7H2,1-2H3","KGNHJDRDIDXUHY-UHFFFAOYSA-N"
465141,"5-Hexen-1-amine",99.104797,"C6H13N","C=CCCCCN","InChI=1S/C6H13N/c1-2-3-4-5-6-7/h2H,1,3-7H2","FICBXRYQMBKLJJ-UHFFFAOYSA-N"
466623,"(1E)-N-Methyl-1-pentanimine",99.104797,"C6H13N","CCCC/C=N/C","InChI=1S/C6H13N/c1-3-4-5-6-7-2/h6H,3-5H2,1-2H3/b7-6+","JSKXMLIGHRDKBE-VOTSOKGWSA-N"
471686,"Methylpent-4-enylamine",99.104797,"C6H13N","CNCCCC=C","InChI=1S/C6H13N/c1-3-4-5-6-7-2/h3,7H,1,4-6H2,2H3","SQULHOYRZBAPJF-UHFFFAOYSA-N"
474135,"(1E)-N-Butylethanimine",99.104797,"C6H13N","CCCC/N=C/C","InChI=1S/C6H13N/c1-3-5-6-7-4-2/h4H,3,5-6H2,1-2H3/b7-4+","NKGJJLDEORZFKJ-QPJJXVBHSA-N"
474197,"(2E)-N-Methyl-2-pentanimine",99.104797,"C6H13N","CCC/C(=N/C)/C","InChI=1S/C6H13N/c1-4-5-6(2)7-3/h4-5H2,1-3H3/b7-6+","UEPIYUCDDIRSGY-VOTSOKGWSA-N"
476028,"N,N-Dimethyl-3-buten-1-amine",99.104797,"C6H13N","CN(C)CCC=C","InChI=1S/C6H13N/c1-4-5-6-7(2)3/h4H,1,5-6H2,2-3H3","GKTJBVBQYZOQNJ-UHFFFAOYSA-N"
479057,"1-Propylazetidine ",99.104797,"C6H13N","CCCN1CCC1","InChI=1S/C6H13N/c1-2-4-7-5-3-6-7/h2-6H2,1H3","LMACASLSRDMFIR-UHFFFAOYSA-N"
485358,"2-Isopropyl-3-methylaziridine ",99.104797,"C6H13N","CC1C(N1)C(C)C","InChI=1S/C6H13N/c1-4(2)6-5(3)7-6/h4-7H,1-3H3","NUSJSUXXQYWACW-UHFFFAOYSA-N"
485375,"N-Ethyl-N-methyl-2-propen-1-amine",99.104797,"C6H13N","CCN(C)CC=C","InChI=1S/C6H13N/c1-4-6-7(3)5-2/h4H,1,5-6H2,2-3H3","LQVWXFHNYICENT-UHFFFAOYSA-N"
485542,"2-Cyclopropyl-2-propanamine",99.104797,"C6H13N","CC(C)(C1CC1)N","InChI=1S/C6H13N/c1-6(2,7)5-3-4-5/h5H,3-4,7H2,1-2H3","OOXIEUXBOSSXJM-UHFFFAOYSA-N"
553131,"(2R)-2-Methylpiperidine",99.104797,"C6H13N","C[C@@H]1CCCCN1","InChI=1S/C6H13N/c1-6-4-2-3-5-7-6/h6-7H,2-5H2,1H3/t6-/m1/s1","NNWUEBIEOFQMSS-ZCFIWIBFSA-N"
553243,"(1E)-N,2,2-Trimethyl-1-propanimine",99.104797,"C6H13N","CC(C)(C)/C=N/C","InChI=1S/C6H13N/c1-6(2,3)5-7-4/h5H,1-4H3/b7-5+","PXHKEAWDVXYEOT-FNORWQNLSA-N"
556420,"(3S)-3-Methylpiperidine",99.104797,"C6H13N","C[C@H]1CCCNC1","InChI=1S/C6H13N/c1-6-3-2-4-7-5-6/h6-7H,2-5H2,1H3/t6-/m0/s1","JEGMWWXJUXDNJN-LURJTMIESA-N"
557008,"(2R,5R)-2,5-Dimethylpyrrolidine",99.104797,"C6H13N","C[C@@H]1CC[C@H](N1)C","InChI=1S/C6H13N/c1-5-3-4-6(2)7-5/h5-7H,3-4H2,1-2H3/t5-,6-/m1/s1","ZEBFPAXSQXIPNF-PHDIDXHHSA-N"
557527,"(2R)-2-Methyl-4-penten-1-amine",99.104797,"C6H13N","C[C@H](CC=C)CN","InChI=1S/C6H13N/c1-3-4-6(2)5-7/h3,6H,1,4-5,7H2,2H3/t6-/m1/s1","VWHLBDDPVAKXDL-ZCFIWIBFSA-N"
557534,"2,2-Dimethyl-3-buten-1-amine",99.104797,"C6H13N","CC(C)(CN)C=C","InChI=1S/C6H13N/c1-4-6(2,3)5-7/h4H,1,5,7H2,2-3H3","QYINCSDHMJPJRV-UHFFFAOYSA-N"
3205177,"1-Cyclopropyl-1-propanamine",99.104797,"C6H13N","CCC(C1CC1)N","InChI=1S/C6H13N/c1-2-6(7)5-3-4-5/h5-6H,2-4,7H2,1H3","OXXSMQHKMPTBAR-UHFFFAOYSA-N"
3491771,"1-Cyclopropyl-N,N-dimethylmethanamine",99.104797,"C6H13N","CN(C)CC1CC1","InChI=1S/C6H13N/c1-7(2)5-6-3-4-6/h6H,3-5H2,1-2H3","DQVRGSIXUGZCOV-UHFFFAOYSA-N"
4173501,"2-Ethylpyrrolidine",99.104797,"C6H13N","CCC1CCCN1","InChI=1S/C6H13N/c1-2-6-4-3-5-7-6/h6-7H,2-5H2,1H3","JFZLDRUSMYBXRI-UHFFFAOYSA-N"
4482032,"(2R,5S)-2,5-Dimethylpyrrolidine",99.104797,"C6H13N","C[C@@H]1CC[C@@H](N1)C","InChI=1S/C6H13N/c1-5-3-4-6(2)7-5/h5-7H,3-4H2,1-2H3/t5-,6+","ZEBFPAXSQXIPNF-OLQVQODUSA-N"
4517279,"(1E)-N,N-Dimethyl-1-buten-1-amine ",99.104797,"C6H13N","CC/C=C/N(C)C","InChI=1S/C6H13N/c1-4-5-6-7(2)3/h5-6H,4H2,1-3H3/b6-5+","XWAKKPDDQPWGAQ-AATRIKPKSA-N"
4577802,"Hex-4-enylamine",99.104797,"C6H13N","C/C=C/CCCN","InChI=1S/C6H13N/c1-2-3-4-5-6-7/h2-3H,4-7H2,1H3/b3-2+","AZJUGPLDDAZZTB-NSCUHMNNSA-N"
4932859,"(2S)-2-Methylpiperidine",99.104797,"C6H13N","C[C@H]1CCCCN1","InChI=1S/C6H13N/c1-6-4-2-3-5-7-6/h6-7H,2-5H2,1H3/t6-/m0/s1","NNWUEBIEOFQMSS-LURJTMIESA-N"
4932860,"(3R)-3-Methylpiperidine",99.104797,"C6H13N","C[C@@H]1CCCNC1","InChI=1S/C6H13N/c1-6-3-2-4-7-5-6/h6-7H,2-5H2,1H3/t6-/m1/s1","JEGMWWXJUXDNJN-ZCFIWIBFSA-N"
4937951,"N,N-Dimethyl-2-buten-2-amine",99.104797,"C6H13N","CC=C(C)N(C)C","InChI=1S/C6H13N/c1-5-6(2)7(3)4/h5H,1-4H3","CBRZNLBBYHTWRO-UHFFFAOYSA-N"
5362138,"(2S,5S)-2,5-Dimethylpyrrolidine",99.104797,"C6H13N","N1[C@@H](C)CC[C@@H]1C","InChI=1S/C6H13N/c1-5-3-4-6(2)7-5/h5-7H,3-4H2,1-2H3/t5-,6-/m0/s1","ZEBFPAXSQXIPNF-WDSKDSINSA-N"
5383574,"N-Methylcyclopentanamine",99.104797,"C6H13N","CNC1CCCC1","InChI=1S/C6H13N/c1-7-6-4-2-3-5-6/h6-7H,2-5H2,1H3","KKTBUCVHSCATGB-UHFFFAOYSA-N"
8461248,"(2S)-2-[(2R)-2-Butanyl]aziridine",99.104797,"C6H13N","N1[C@@H](C(C)CC)C1","InChI=1S/C6H13N/c1-3-5(2)6-4-7-6/h5-7H,3-4H2,1-2H3/t5?,6-/m1/s1","VDEQLLKAJJBYKS-PRJDIBJQSA-N"
8667755,"(2Z)-2-Hexen-1-amine",99.104797,"C6H13N","C(=C\CN)\CCC","InChI=1S/C6H13N/c1-2-3-4-5-6-7/h4-5H,2-3,6-7H2,1H3/b5-4-","JMPKRWPMDAFCGM-PLNGDYQASA-N"
8667757,"(2E)-2-Hexen-1-amine",99.104797,"C6H13N","C(=C/CN)\CCC","InChI=1S/C6H13N/c1-2-3-4-5-6-7/h4-5H,2-3,6-7H2,1H3/b5-4+","JMPKRWPMDAFCGM-SNAWJCMRSA-N"
9019637,"(1S)-1-cyclopropylpropan-1-amine",99.104797,"C6H13N","N[C@@H](CC)C1CC1","InChI=1S/C6H13N/c1-2-6(7)5-3-4-5/h5-6H,2-4,7H2,1H3/t6-/m0/s1","OXXSMQHKMPTBAR-LURJTMIESA-N"
9063105,"2,4-Dimethylpyrrolidine",99.104797,"C6H13N","N1C(C)CC(C)C1","InChI=1S/C6H13N/c1-5-3-6(2)7-4-5/h5-7H,3-4H2,1-2H3","DUOJVRWFIHNZTJ-UHFFFAOYSA-N"
9106611,"(2R)-2-Ethylpyrrolidine",99.104797,"C6H13N","N1[C@H](CC)CCC1","InChI=1S/C6H13N/c1-2-6-4-3-5-7-6/h6-7H,2-5H2,1H3/t6-/m1/s1","JFZLDRUSMYBXRI-ZCFIWIBFSA-N"
9150618,"2-Methyl-4-penten-1-amine",99.104797,"C6H13N","C=C\CC(C)CN","InChI=1S/C6H13N/c1-3-4-6(2)5-7/h3,6H,1,4-5,7H2,2H3","VWHLBDDPVAKXDL-UHFFFAOYSA-N"
9150734,"N-Isopropylcyclopropanamine",99.104797,"C6H13N","CC(C)NC1CC1","InChI=1S/C6H13N/c1-5(2)7-6-3-4-6/h5-7H,3-4H2,1-2H3","XWGXFOVSOYMSGT-UHFFFAOYSA-N"
9214373,"(2E)-2-Hexanimine",99.104797,"C6H13N","[N@H]=C(C)CCCC","InChI=1S/C6H13N/c1-3-4-5-6(2)7/h7H,3-5H2,1-2H3","NSPDJEOPQFFSKG-UHFFFAOYSA-N"
9280454,"4-Methyl-1-penten-3-amine",99.104797,"C6H13N","C=C\C(N)C(C)C","InChI=1S/C6H13N/c1-4-6(7)5(2)3/h4-6H,1,7H2,2-3H3","QOKTTWTYXHGNCZ-UHFFFAOYSA-N"
9396397,"(2E)-3,3-Dimethyl-2-butanimine",99.104797,"C6H13N","[N@H]=C(C)C(C)(C)C","InChI=1S/C6H13N/c1-5(7)6(2,3)4/h7H,1-4H3","FLOXAHMOMHDWSA-UHFFFAOYSA-N"
9507443,"(3S)-4-Methyl-1-penten-3-amine",99.104797,"C6H13N","C=C\[C@@H](N)C(C)C","InChI=1S/C6H13N/c1-4-6(7)5(2)3/h4-6H,1,7H2,2-3H3/t6-/m1/s1","QOKTTWTYXHGNCZ-ZCFIWIBFSA-N"
9519877,"(3S)-1-Hexen-3-amine",99.104797,"C6H13N","C=C\[C@@H](N)CCC","InChI=1S/C6H13N/c1-3-5-6(7)4-2/h4,6H,2-3,5,7H2,1H3/t6-/m1/s1","WYAKBMRDDZSEPR-ZCFIWIBFSA-N"
9541874,"(2S)-2-[(2S)-2-Butanyl]aziridine",99.104797,"C6H13N","N1[C@@H]([C@@H](C)CC)C1","InChI=1S/C6H13N/c1-3-5(2)6-4-7-6/h5-7H,3-4H2,1-2H3/t5-,6+/m0/s1","VDEQLLKAJJBYKS-NTSWFWBYSA-N"
9541875,"(3R)-1-Hexen-3-amine",99.104797,"C6H13N","C=C\[C@H](N)CCC","InChI=1S/C6H13N/c1-3-5-6(7)4-2/h4,6H,2-3,5,7H2,1H3/t6-/m0/s1","WYAKBMRDDZSEPR-LURJTMIESA-N"
9609782,"(2S)-1,2-Dimethylpyrrolidine",99.104797,"C6H13N","N1(C)[C@@H](C)CCC1","InChI=1S/C6H13N/c1-6-4-3-5-7(6)2/h6H,3-5H2,1-2H3/t6-/m0/s1","PXHHIBMOFPCBJQ-LURJTMIESA-N"
9621215,"2,3-Dimethyl-3-buten-2-amine",99.104797,"C6H13N","C=C(/C)C(N)(C)C","InChI=1S/C6H13N/c1-5(2)6(3,4)7/h1,7H2,2-4H3","ZBPZPZJQEGFHSB-UHFFFAOYSA-N"
9710330,"(1R,2S)-2-Ethyl-N-methylcyclopropanamine",99.104797,"C6H13N","N(C)[C@H]1[C@@H](CC)C1","InChI=1S/C6H13N/c1-3-5-4-6(5)7-2/h5-7H,3-4H2,1-2H3/t5-,6+/m0/s1","PTOQZSFXUOHRNJ-NTSWFWBYSA-N"
9717550,"(1S,2R)-N,2-Dimethylcyclobutanamine",99.104797,"C6H13N","N(C)[C@H]1CC[C@H]1C","InChI=1S/C6H13N/c1-5-3-4-6(5)7-2/h5-7H,3-4H2,1-2H3/t5-,6+/m1/s1","BIPYRARQAGMXCW-RITPCOANSA-N"
9818663,"(1R,2S)-N,2-Dimethylcyclobutanamine",99.104797,"C6H13N","N(C)[C@@H]1CC[C@@H]1C","InChI=1S/C6H13N/c1-5-3-4-6(5)7-2/h5-7H,3-4H2,1-2H3/t5-,6+/m0/s1","BIPYRARQAGMXCW-NTSWFWBYSA-N"
9943187,"(2S)-4-Methyl-3-penten-2-amine",99.104797,"C6H13N","C(=C\[C@@H](N)C)(\C)C","InChI=1S/C6H13N/c1-5(2)4-6(3)7/h4,6H,7H2,1-3H3/t6-/m0/s1","JTCGDHCDYGOMRQ-LURJTMIESA-N"
9962940,"(3R,4E)-4-Hexen-3-amine",99.104797,"C6H13N","C(=C/[C@H](N)CC)\C","InChI=1S/C6H13N/c1-3-5-6(7)4-2/h3,5-6H,4,7H2,1-2H3/b5-3+/t6-/m1/s1","BQDADOHFJBDCDD-MXTDHUQFSA-N"
9989952,"(1R,2R)-2-Methylcyclopentanamine",99.104797,"C6H13N","C[C@@H]1CCC[C@H]1N","InChI=1S/C6H13N/c1-5-3-2-4-6(5)7/h5-6H,2-4,7H2,1H3/t5-,6-/m1/s1","TYDMZADCGUWTCH-PHDIDXHHSA-N"
10178763,"N-Ethylmethylallylamine",99.104797,"C6H13N","CCCNCC=C","InChI=1S/C6H13N/c1-3-5-7-6-4-2/h3,7H,1,4-6H2,2H3","HUEPADWXXGLLSW-UHFFFAOYSA-N"
10179072,"3-Methylcyclopentanamine",99.104797,"C6H13N","CC1CCC(C1)N","InChI=1S/C6H13N/c1-5-2-3-6(7)4-5/h5-6H,2-4,7H2,1H3","LGSSDLSVHUCRFI-UHFFFAOYSA-N"
10233169,"N-Ethylidene t-butylamine",99.104797,"C6H13N","CC=NC(C)(C)C","InChI=1S/C6H13N/c1-5-7-6(2,3)4/h5H,1-4H3","RPVBCVQKDPOMII-UHFFFAOYSA-N"
10297751,"(2S,4S)-2,4-Dimethylpyrrolidine",99.104797,"C6H13N","C[C@H]1C[C@H](C)CN1","InChI=1S/C6H13N/c1-5-3-6(2)7-4-5/h5-7H,3-4H2,1-2H3/t5-,6-/m0/s1","DUOJVRWFIHNZTJ-WDSKDSINSA-N"
10297753,"(2S,3R)-2,3-Dimethylpyrrolidine",99.104797,"C6H13N","C[C@@H]1NCC[C@H]1C","InChI=1S/C6H13N/c1-5-3-4-7-6(5)2/h5-7H,3-4H2,1-2H3/t5-,6+/m1/s1","ZKCLHJUZGZWTNA-RITPCOANSA-N"
10303066,"2-(2-Methyl-2-propanyl)aziridine",99.104797,"C6H13N","CC(C)(C)C1CN1","InChI=1S/C6H13N/c1-6(2,3)5-4-7-5/h5,7H,4H2,1-3H3","GNQYSZWDGCPWFK-UHFFFAOYSA-N"
10303124,"(3E)-2-Methyl-3-penten-2-amine",99.104797,"C6H13N","C\C=C\C(C)(C)N","InChI=1S/C6H13N/c1-4-5-6(2,3)7/h4-5H,7H2,1-3H3/b5-4+","CJFQVOXPPCRHIC-SNAWJCMRSA-N"
10303138,"2,2,4-Trimethylazetidine",99.104797,"C6H13N","CC1CC(N1)(C)C","InChI=1S/C6H13N/c1-5-4-6(2,3)7-5/h5,7H,4H2,1-3H3","ATTVJWQVBUVDOP-UHFFFAOYSA-N"
10315097,"1,2,2-Trimethylcyclopropanamine",99.104797,"C6H13N","CC1(C)CC1(C)N","InChI=1S/C6H13N/c1-5(2)4-6(5,3)7/h4,7H2,1-3H3","JSLNMYHDORBKGU-UHFFFAOYSA-N"
10390532,"(2S)-2-Isobutylaziridine",99.104797,"C6H13N","CC(C)C[C@H]1CN1","InChI=1S/C6H13N/c1-5(2)3-6-4-7-6/h5-7H,3-4H2,1-2H3/t6-/m0/s1","KGHFQEDPQOKCSJ-LURJTMIESA-N"
10447171,"(2S,4R)-2,4-Dimethylpyrrolidine",99.104797,"C6H13N","C[C@H]1C[C@@H](C)CN1","InChI=1S/C6H13N/c1-5-3-6(2)7-4-5/h5-7H,3-4H2,1-2H3/t5-,6+/m1/s1","DUOJVRWFIHNZTJ-RITPCOANSA-N"
10447173,"(2S,3S)-2,3-Dimethylpyrrolidine",99.104797,"C6H13N","C[C@@H]1NCC[C@@H]1C","InChI=1S/C6H13N/c1-5-3-4-7-6(5)2/h5-7H,3-4H2,1-2H3/t5-,6-/m0/s1","ZKCLHJUZGZWTNA-WDSKDSINSA-N"
10509451,"(3R)-3-Ethylpyrrolidine",99.104797,"C6H13N","CC[C@H]1CNCC1","InChI=1S/C6H13N/c1-2-6-3-4-7-5-6/h6-7H,2-5H2,1H3/t6-/m1/s1","DZFFQSFNUBWNSF-ZCFIWIBFSA-N"
10509462,"(3S)-3-Ethylpyrrolidine",99.104797,"C6H13N","CC[C@@H]1CNCC1","InChI=1S/C6H13N/c1-2-6-3-4-7-5-6/h6-7H,2-5H2,1H3/t6-/m0/s1","DZFFQSFNUBWNSF-LURJTMIESA-N"
10661307,"N,N-Diethylethenamine",99.104797,"C6H13N","C=CN(CC)CC","InChI=1S/C6H13N/c1-4-7(5-2)6-3/h4H,1,5-6H2,2-3H3","IQFXJRXOTKFGPN-UHFFFAOYSA-N"
10666440,"1-(2-Ethylcyclopropyl)methanamine",99.104797,"C6H13N","CCC1CC1CN","InChI=1S/C6H13N/c1-2-5-3-6(5)4-7/h5-6H,2-4,7H2,1H3","PLCCCMJDLVVFPX-UHFFFAOYSA-N"
10799770,"N-Propylcyclopropanamine",99.104797,"C6H13N","CCCNC1CC1","InChI=1S/C6H13N/c1-2-5-7-6-3-4-6/h6-7H,2-5H2,1H3","DAOWJXCNVJBLNI-UHFFFAOYSA-N"
10799780,"N-Ethylcyclobutanamine",99.104797,"C6H13N","CCNC1CCC1","InChI=1S/C6H13N/c1-2-7-6-4-3-5-6/h6-7H,2-5H2,1H3","JPWYYRCELICUKE-UHFFFAOYSA-N"
10812482,"N-Methyl-4-penten-2-amine",99.104797,"C6H13N","CC(CC=C)NC","InChI=1S/C6H13N/c1-4-5-6(2)7-3/h4,6-7H,1,5H2,2-3H3","BRLFBNVIHIQUMM-UHFFFAOYSA-N"
11415589,"2,3-Dimethyl-2-buten-1-amine",99.104797,"C6H13N","C/C(C)=C(/C)CN","InChI=1S/C6H13N/c1-5(2)6(3)4-7/h4,7H2,1-3H3","BOECHSSNNYQCRI-UHFFFAOYSA-N"
11547086,"(3E)-3-Hexen-1-amine",99.104797,"C6H13N","CC/C=C/CCN","InChI=1S/C6H13N/c1-2-3-4-5-6-7/h3-4H,2,5-7H2,1H3/b4-3+","VGZNFMCCYIOLAF-ONEGZZNKSA-N"
11667921,"3,3-Dimethylpyrrolidine",99.104797,"C6H13N","CC1(CCNC1)C","InChI=1S/C6H13N/c1-6(2)3-4-7-5-6/h7H,3-5H2,1-2H3","XBQNZPDIRJPFAI-UHFFFAOYSA-N"
11853234,"1-(1-Methylcyclopropyl)ethanamine",99.104797,"C6H13N","CC(C1(CC1)C)N","InChI=1S/C6H13N/c1-5(7)6(2)3-4-6/h5H,3-4,7H2,1-2H3","DOAMTLHAIDSDBV-UHFFFAOYSA-N"
11857284,"1-Cyclopropyl-N-methylethanamine",99.104797,"C6H13N","CC(C1CC1)NC","InChI=1S/C6H13N/c1-5(7-2)6-3-4-6/h5-7H,3-4H2,1-2H3","CBWBPZZRBSZHEE-UHFFFAOYSA-N"
13290825,"N-Ethyl-3-buten-2-amine",99.104797,"C6H13N","CCNC(C)C=C","InChI=1S/C6H13N/c1-4-6(3)7-5-2/h4,6-7H,1,5H2,2-3H3","YKYJBYZNSFKGIO-UHFFFAOYSA-N"
13411826,"3,4-Dimethylpyrrolidine",99.104797,"C6H13N","CC1CNCC1C","InChI=1S/C6H13N/c1-5-3-7-4-6(5)2/h5-7H,3-4H2,1-2H3","RDEHRKLSYJBKDV-UHFFFAOYSA-N"
13557728,"2,3-Dimethylpyrrolidine",99.104797,"C6H13N","CC1CCNC1C","InChI=1S/C6H13N/c1-5-3-4-7-6(5)2/h5-7H,3-4H2,1-2H3","ZKCLHJUZGZWTNA-UHFFFAOYSA-N"
13563584,"3-Ethylpyrrolidine",99.104797,"C6H13N","CCC1CCNC1","InChI=1S/C6H13N/c1-2-6-3-4-7-5-6/h6-7H,2-5H2,1H3","DZFFQSFNUBWNSF-UHFFFAOYSA-N"
13807208,"3,3-Dimethylcyclobutanamine",99.104797,"C6H13N","CC1(CC(C1)N)C","InChI=1S/C6H13N/c1-6(2)3-5(7)4-6/h5H,3-4,7H2,1-2H3","ZZIYOZFERMXGHB-UHFFFAOYSA-N"
14314245,"2-Cyclobutylethanamine",99.104797,"C6H13N","C1CC(C1)CCN","InChI=1S/C6H13N/c7-5-4-6-2-1-3-6/h6H,1-5,7H2","MGAPESYORZVKQD-UHFFFAOYSA-N"
14314252,"2-Cyclopropyl-1-propanamine",99.104797,"C6H13N","CC(CN)C1CC1","InChI=1S/C6H13N/c1-5(4-7)6-2-3-6/h5-6H,2-4,7H2,1H3","RQUOMUYKVVAWSQ-UHFFFAOYSA-N"
14340674,"2-Butylaziridine",99.104797,"C6H13N","CCCCC1CN1","InChI=1S/C6H13N/c1-2-3-4-6-5-7-6/h6-7H,2-5H2,1H3","GQDYKYGFCJNFOU-UHFFFAOYSA-N"
14341465,"2-Propylazetidine",99.104797,"C6H13N","CCCC1CCN1","InChI=1S/C6H13N/c1-2-3-6-4-5-7-6/h6-7H,2-5H2,1H3","OGZXOVGUHFDHOO-UHFFFAOYSA-N"
14341469,"2-Isobutylaziridine",99.104797,"C6H13N","CC(C)CC1CN1","InChI=1S/C6H13N/c1-5(2)3-6-4-7-6/h5-7H,3-4H2,1-2H3","KGHFQEDPQOKCSJ-UHFFFAOYSA-N"
14718244,"1-Cyclobutylethanamine",99.104797,"C6H13N","CC(C1CCC1)N","InChI=1S/C6H13N/c1-5(7)6-3-2-4-6/h5-6H,2-4,7H2,1H3","GDGHPMLCHFTAIY-UHFFFAOYSA-N"
15081209,"1-Cyclobutyl-N-methylmethanamine",99.104797,"C6H13N","CNCC1CCC1","InChI=1S/C6H13N/c1-7-5-6-3-2-4-6/h6-7H,2-5H2,1H3","DFDDLFCSYLTQBP-UHFFFAOYSA-N"
15123263,"3-Isopropylazetidine",99.104797,"C6H13N","CC(C)C1CNC1","InChI=1S/C6H13N/c1-5(2)6-3-7-4-6/h5-7H,3-4H2,1-2H3","VODADKFVZJNXGJ-UHFFFAOYSA-N"
15242426,"1-(1-Methylcyclobutyl)methanamine",99.104797,"C6H13N","CC1(CCC1)CN","InChI=1S/C6H13N/c1-6(5-7)3-2-4-6/h2-5,7H2,1H3","NZBCGJVYSMLKRN-UHFFFAOYSA-N"
15288378,"N-(Cyclopropylmethyl)ethanamine",99.104797,"C6H13N","CCNCC1CC1","InChI=1S/C6H13N/c1-2-7-5-6-3-4-6/h6-7H,2-5H2,1H3","UHFLNWZBNRVHGM-UHFFFAOYSA-N"
15479844,"1-Propylcyclopropanamine",99.104797,"C6H13N","CCCC1(CC1)N","InChI=1S/C6H13N/c1-2-3-6(7)4-5-6/h2-5,7H2,1H3","ZADCUMFVTUWSAW-UHFFFAOYSA-N"
15582743,"3-Cyclopropyl-1-propanamine",99.104797,"C6H13N","C1CC1CCCN","InChI=1S/C6H13N/c7-5-1-2-6-3-4-6/h6H,1-5,7H2","FESRYVBBESMTNR-UHFFFAOYSA-N"
15697049,"4-Methyl-4-penten-2-amine",99.104797,"C6H13N","CC(CC(=C)C)N","InChI=1S/C6H13N/c1-5(2)4-6(3)7/h6H,1,4,7H2,2-3H3","RJNXBJFZMAXWEV-UHFFFAOYSA-N"
19236407,"N,3-Dimethyl-3-buten-2-amine",99.104797,"C6H13N","CC(C(=C)C)NC","InChI=1S/C6H13N/c1-5(2)6(3)7-4/h6-7H,1H2,2-4H3","RTHLYNSVJOCYIO-UHFFFAOYSA-N"
19330211,"2-Isopropylazetidine",99.104797,"C6H13N","CC(C)C1CCN1","InChI=1S/C6H13N/c1-5(2)6-3-4-7-6/h5-7H,3-4H2,1-2H3","MDVHHYGTBKHJAU-UHFFFAOYSA-N"
19740028,"N,1-Dimethylcyclobutanamine",99.104797,"C6H13N","CC1(CCC1)NC","InChI=1S/C6H13N/c1-6(7-2)4-3-5-6/h7H,3-5H2,1-2H3","BRRVPUKFALTISS-UHFFFAOYSA-N"
20041205,"(2R,3R)-2-Isopropyl-3-methylaziridine",99.1050033569336,"C6H13N","CC(C)[C@H]1N[C@@H]1C","InChI=1S/C6H13N/c1-4(2)6-5(3)7-6/h4-7H,1-3H3/t5-,6-/m1/s1","NUSJSUXXQYWACW-PHDIDXHHSA-N"
20475240,"N-Ethyl-2-methyl-1-propanimine",99.104797,"C6H13N","CCN=CC(C)C","InChI=1S/C6H13N/c1-4-7-5-6(2)3/h5-6H,4H2,1-3H3","BBFMJBUMAHUJAH-UHFFFAOYSA-N"
21515294,"(1R,2S)-2-Methylcyclopentanamine",99.104797,"C6H13N","C[C@H]1CCC[C@H]1N","InChI=1S/C6H13N/c1-5-3-2-4-6(5)7/h5-6H,2-4,7H2,1H3/t5-,6+/m0/s1","TYDMZADCGUWTCH-NTSWFWBYSA-N"
21539180,"N-Isopropyl-2-propen-1-amine",99.104797,"C6H13N","CC(C)NCC=C","InChI=1S/C6H13N/c1-4-5-7-6(2)3/h4,6-7H,1,5H2,2-3H3","OWUBKHTYXCOYMM-UHFFFAOYSA-N"
21927842,"1-(1-Ethylcyclopropyl)methanamine",99.104797,"C6H13N","CCC1(CC1)CN","InChI=1S/C6H13N/c1-2-6(5-7)3-4-6/h2-5,7H2,1H3","DFEBPTMNVUHJRX-UHFFFAOYSA-N"
22108233,"1-Isopropylcyclopropanamine",99.104797,"C6H13N","CC(C)C1(CC1)N","InChI=1S/C6H13N/c1-5(2)6(7)3-4-6/h5H,3-4,7H2,1-2H3","BCEQMDPSJGINGM-UHFFFAOYSA-N"
22524900,"1-(2,2-Dimethylcyclopropyl)methanamine",99.104797,"C6H13N","CC1(CC1CN)C","InChI=1S/C6H13N/c1-6(2)3-5(6)4-7/h5H,3-4,7H2,1-2H3","FPMPHZAUZKHZNK-UHFFFAOYSA-N"
23553749,"2,3-Dimethyl-3-buten-1-amine",99.104797,"C6H13N","CC(CN)C(=C)C","InChI=1S/C6H13N/c1-5(2)6(3)4-7/h6H,1,4,7H2,2-3H3","BYBJENSLIADYII-UHFFFAOYSA-N"
24534695,"N,2,2-Trimethyl-1-propanimine",99.104797,"C6H13N","CC(C)(C)C=NC","InChI=1S/C6H13N/c1-6(2,3)5-7-4/h5H,1-4H3","PXHKEAWDVXYEOT-UHFFFAOYSA-N"
24591226,"N-Ethyl-1-butanimine",99.104797,"C6H13N","CCCC=NCC","InChI=1S/C6H13N/c1-3-5-6-7-4-2/h6H,3-5H2,1-2H3","BLARBXSPVIJGSG-UHFFFAOYSA-N"
24591227,"N-Butylethanimine",99.104797,"C6H13N","CCCCN=CC","InChI=1S/C6H13N/c1-3-5-6-7-4-2/h4H,3,5-6H2,1-2H3","NKGJJLDEORZFKJ-UHFFFAOYSA-N"
26053757,"N-Methyl-1-(2-methylcyclopropyl)methanamine",99.104797,"C6H13N","CC1CC1CNC","InChI=1S/C6H13N/c1-5-3-6(5)4-7-2/h5-7H,3-4H2,1-2H3","VMVQWPJUETYXCM-UHFFFAOYSA-N"
26054373,"1-Cyclopropyl-2-propanamine",99.104797,"C6H13N","CC(CC1CC1)N","InChI=1S/C6H13N/c1-5(7)4-6-2-3-6/h5-6H,2-4,7H2,1H3","WFJUBRAHXQCZAM-UHFFFAOYSA-N"
26455952,"N-Methyl-1-(1-methylcyclopropyl)methanamine",99.104797,"C6H13N","CC1(CC1)CNC","InChI=1S/C6H13N/c1-6(3-4-6)5-7-2/h7H,3-5H2,1-2H3","BXWMIHKQAAXKOG-UHFFFAOYSA-N"
26471185,"(4Z)-4-Hexen-1-amine",99.104797,"C6H13N","C/C=C\CCCN","InChI=1S/C6H13N/c1-2-3-4-5-6-7/h2-3H,4-7H2,1H3/b3-2-","AZJUGPLDDAZZTB-IHWYPQMZSA-N"
26486050,"2-Cyclopropyl-N-methylethanamine",99.104797,"C6H13N","CNCCC1CC1","InChI=1S/C6H13N/c1-7-5-4-6-2-3-6/h6-7H,2-5H2,1H3","ULELCQYQCBHXFY-UHFFFAOYSA-N"
26491587,"(3E)-3-Methyl-3-penten-1-amine",99.104797,"C6H13N","C/C=C(\C)/CCN","InChI=1S/C6H13N/c1-3-6(2)4-5-7/h3H,4-5,7H2,1-2H3/b6-3+","FVDSDSNMOWANSX-ZZXKWVIFSA-N"
26491601,"3-Methylene-1-pentanamine",99.104797,"C6H13N","CCC(=C)CCN","InChI=1S/C6H13N/c1-3-6(2)4-5-7/h2-5,7H2,1H3","ZNUXQUALVWOIAJ-UHFFFAOYSA-N"
26495058,"(4E)-4-Hexen-2-amine",99.104797,"C6H13N","C/C=C/CC(C)N","InChI=1S/C6H13N/c1-3-4-5-6(2)7/h3-4,6H,5,7H2,1-2H3/b4-3+","DGIDKSAXXIYJLR-ONEGZZNKSA-N"
27016068,"(3E)-N-Methyl-3-penten-2-amine",99.104797,"C6H13N","C/C=C/C(C)NC","InChI=1S/C6H13N/c1-4-5-6(2)7-3/h4-7H,1-3H3/b5-4+","RYJLQZZUQFEGBK-SNAWJCMRSA-N"
27016069,"(2E)-N,2-Dimethyl-2-buten-1-amine",99.104797,"C6H13N","C/C=C(\C)/CNC","InChI=1S/C6H13N/c1-4-6(2)5-7-3/h4,7H,5H2,1-3H3/b6-4+","IUULRFDJTPRMJA-GQCTYLIASA-N"
27268577,"2-(1-Methylcyclopropyl)ethanamine",99.104797,"C6H13N","CC1(CC1)CCN","InChI=1S/C6H13N/c1-6(2-3-6)4-5-7/h2-5,7H2,1H3","QTLHJKSNSNAIIC-UHFFFAOYSA-N"
27930108,"2-Isopropylcyclopropanamine",99.104797,"C6H13N","CC(C)C1CC1N","InChI=1S/C6H13N/c1-4(2)5-3-6(5)7/h4-6H,3,7H2,1-2H3","PAKOTDFUHRYXRU-UHFFFAOYSA-N"
28140227,"2-Propylcyclopropanamine",99.104797,"C6H13N","CCCC1CC1N","InChI=1S/C6H13N/c1-2-3-5-4-6(5)7/h5-6H,2-4,7H2,1H3","XNPZNZSQFBQSTE-UHFFFAOYSA-N"
28601573,"1-(3-Methylcyclobutyl)methanamine",99.104797,"C6H13N","CC1CC(C1)CN","InChI=1S/C6H13N/c1-5-2-6(3-5)4-7/h5-6H,2-4,7H2,1H3","GSVPWASAUVYUBM-UHFFFAOYSA-N"
29319984,"(1S,2R)-2-Methylcyclopentanamine",99.104797,"C6H13N","C[C@@H]1CCC[C@@H]1N","InChI=1S/C6H13N/c1-5-3-2-4-6(5)7/h5-6H,2-4,7H2,1H3/t5-,6+/m1/s1","TYDMZADCGUWTCH-RITPCOANSA-N"
29776606,"(1R)-1-Cyclobutylethanamine",99.104797,"C6H13N","C[C@H](C1CCC1)N","InChI=1S/C6H13N/c1-5(7)6-3-2-4-6/h5-6H,2-4,7H2,1H3/t5-/m1/s1","GDGHPMLCHFTAIY-RXMQYKEDSA-N"
29776607,"(1S)-1-Cyclobutylethanamine",99.104797,"C6H13N","C[C@@H](C1CCC1)N","InChI=1S/C6H13N/c1-5(7)6-3-2-4-6/h5-6H,2-4,7H2,1H3/t5-/m0/s1","GDGHPMLCHFTAIY-YFKPBYRVSA-N"
30908058,"(3S,4S)-3,4-Dimethylpyrrolidine",99.104797,"C6H13N","C[C@@H]1CNC[C@H]1C","InChI=1S/C6H13N/c1-5-3-7-4-6(5)2/h5-7H,3-4H2,1-2H3/t5-,6-/m1/s1","RDEHRKLSYJBKDV-PHDIDXHHSA-N"
30989315,"1-(2-Methylcyclobutyl)methanamine",99.104797,"C6H13N","CC1CCC1CN","InChI=1S/C6H13N/c1-5-2-3-6(5)4-7/h5-6H,2-4,7H2,1H3","IAYACHHAXQZZTQ-UHFFFAOYSA-N"
32033402,"1-[(1S,2S)-2-Methylcyclopropyl]ethanamine",99.104797,"C6H13N","C[C@H]1C[C@@H]1C(C)N","InChI=1S/C6H13N/c1-4-3-6(4)5(2)7/h4-6H,3,7H2,1-2H3/t4-,5?,6-/m0/s1","PNORXWKSUWCACH-BZWZBFKDSA-N"
32750885,"(1Z)-N-(2-Methyl-2-propanyl)ethanimine",99.104797,"C6H13N","C/C=N\C(C)(C)C","InChI=1S/C6H13N/c1-5-7-6(2,3)4/h5H,1-4H3/b7-5-","RPVBCVQKDPOMII-ALCCZGGFSA-N"
32800937,"1-[(1S)-2,2-Dimethylcyclopropyl]methanamine",99.104797,"C6H13N","CC1(C[C@@H]1CN)C","InChI=1S/C6H13N/c1-6(2)3-5(6)4-7/h5H,3-4,7H2,1-2H3/t5-/m1/s1","FPMPHZAUZKHZNK-RXMQYKEDSA-N"
32800938,"1-[(1R)-2,2-Dimethylcyclopropyl]methanamine",99.104797,"C6H13N","CC1(C[C@H]1CN)C","InChI=1S/C6H13N/c1-6(2)3-5(6)4-7/h5H,3-4,7H2,1-2H3/t5-/m0/s1","FPMPHZAUZKHZNK-YFKPBYRVSA-N"
32801685,"(3R,4S)-3,4-Dimethylpyrrolidine",99.104797,"C6H13N","C[C@@H]1CNC[C@@H]1C","InChI=1S/C6H13N/c1-5-3-7-4-6(5)2/h5-7H,3-4H2,1-2H3/t5-,6+","RDEHRKLSYJBKDV-OLQVQODUSA-N"
32801686,"(3R,4R)-3,4-Dimethylpyrrolidine",99.104797,"C6H13N","C[C@H]1CNC[C@@H]1C","InChI=1S/C6H13N/c1-5-3-7-4-6(5)2/h5-7H,3-4H2,1-2H3/t5-,6-/m0/s1","RDEHRKLSYJBKDV-WDSKDSINSA-N"
32802759,"(2R)-2-Isobutylaziridine",99.104797,"C6H13N","CC(C)C[C@@H]1CN1","InChI=1S/C6H13N/c1-5(2)3-6-4-7-6/h5-7H,3-4H2,1-2H3/t6-/m1/s1","KGHFQEDPQOKCSJ-ZCFIWIBFSA-N"
32809733,"(1S,2S)-2-Methylcyclopentanamine",99.104797,"C6H13N","C[C@H]1CCC[C@@H]1N","InChI=1S/C6H13N/c1-5-3-2-4-6(5)7/h5-6H,2-4,7H2,1H3/t5-,6-/m0/s1","TYDMZADCGUWTCH-WDSKDSINSA-N"
32860366,"(2E)-N-Ethyl-2-buten-1-amine",99.104797,"C6H13N","CCNC/C=C/C","InChI=1S/C6H13N/c1-3-5-6-7-4-2/h3,5,7H,4,6H2,1-2H3/b5-3+","CJQBPKXBGUJQRP-HWKANZROSA-N"
32967318,"(3R)-4-Methyl-1-penten-3-amine",99.104797,"C6H13N","CC(C)[C@H](C=C)N","InChI=1S/C6H13N/c1-4-6(7)5(2)3/h4-6H,1,7H2,2-3H3/t6-/m0/s1","QOKTTWTYXHGNCZ-LURJTMIESA-N"
32970599,"3-Methyl-4-penten-1-amine",99.104797,"C6H13N","CC(CCN)C=C","InChI=1S/C6H13N/c1-3-6(2)4-5-7/h3,6H,1,4-5,7H2,2H3","DHOZGVQOZATZGP-UHFFFAOYSA-N"
32972899,"(3R)-2-Methyl-1-penten-3-amine",99.104797,"C6H13N","CC[C@H](C(=C)C)N","InChI=1S/C6H13N/c1-4-6(7)5(2)3/h6H,2,4,7H2,1,3H3/t6-/m1/s1","WERMAGFLIZQGOD-ZCFIWIBFSA-N"
32972970,"3-Methyl-2-methylene-1-butanamine",99.104797,"C6H13N","CC(C)C(=C)CN","InChI=1S/C6H13N/c1-5(2)6(3)4-7/h5H,3-4,7H2,1-2H3","LJHQPNUBIYJRDE-UHFFFAOYSA-N"
32973202,"(2S)-5-Hexen-2-amine",99.104797,"C6H13N","C[C@@H](CCC=C)N","InChI=1S/C6H13N/c1-3-4-5-6(2)7/h3,6H,1,4-5,7H2,2H3/t6-/m0/s1","PBEJOEYAKXHDJT-LURJTMIESA-N"
32973325,"(1R)-1-[(1S,2S)-2-Methylcyclopropyl]ethanamine",99.104797,"C6H13N","C[C@H]1C[C@@H]1[C@@H](C)N","InChI=1S/C6H13N/c1-4-3-6(4)5(2)7/h4-6H,3,7H2,1-2H3/t4-,5+,6-/m0/s1","PNORXWKSUWCACH-JKUQZMGJSA-N"
32973936,"(1R,2R)-2-Ethyl-1-methylcyclopropanamine",99.104797,"C6H13N","CC[C@@H]1C[C@@]1(C)N","InChI=1S/C6H13N/c1-3-5-4-6(5,2)7/h5H,3-4,7H2,1-2H3/t5-,6-/m1/s1","DMZKCEVZIPRVKQ-PHDIDXHHSA-N"
32974813,"(3E)-2-Methyl-3-penten-1-amine",99.104797,"C6H13N","C/C=C/C(C)CN","InChI=1S/C6H13N/c1-3-4-6(2)5-7/h3-4,6H,5,7H2,1-2H3/b4-3+","AMNSVVMMZZHJLW-ONEGZZNKSA-N"
32975307,"(2R,3R)-2-Ethyl-2,3-dimethylaziridine",99.104797,"C6H13N","CC[C@@]1([C@H](N1)C)C","InChI=1S/C6H13N/c1-4-6(3)5(2)7-6/h5,7H,4H2,1-3H3/t5-,6-/m1/s1","SGKRWBMDSLBWNC-PHDIDXHHSA-N"
32975404,"(2S,3S)-2,3-Diethylaziridine",99.104797,"C6H13N","CC[C@H]1[C@@H](N1)CC","InChI=1S/C6H13N/c1-3-5-6(4-2)7-5/h5-7H,3-4H2,1-2H3/t5-,6-/m0/s1","PQXYVKJXQOZFJV-WDSKDSINSA-N"
32976021,"N-Ethyl-2-methyl-1-propen-1-amine",99.104797,"C6H13N","CCNC=C(C)C","InChI=1S/C6H13N/c1-4-7-5-6(2)3/h5,7H,4H2,1-3H3","UPEKGKBTFUAYFE-UHFFFAOYSA-N"
32976054,"(2R,3S)-2,3-Diethylaziridine",99.104797,"C6H13N","CC[C@@H]1[C@@H](N1)CC","InChI=1S/C6H13N/c1-3-5-6(4-2)7-5/h5-7H,3-4H2,1-2H3/t5-,6+","PQXYVKJXQOZFJV-OLQVQODUSA-N"
32976086,"2-Methyl-N-vinyl-2-propanamine",99.104797,"C6H13N","CC(C)(C)NC=C","InChI=1S/C6H13N/c1-5-7-6(2,3)4/h5,7H,1H2,2-4H3","LGJRTURUUIZFIN-UHFFFAOYSA-N"
32976616,"(2R,3S)-2-Isopropyl-3-methylaziridine",99.104797,"C6H13N","C[C@H]1[C@H](N1)C(C)C","InChI=1S/C6H13N/c1-4(2)6-5(3)7-6/h4-7H,1-3H3/t5-,6+/m0/s1","NUSJSUXXQYWACW-NTSWFWBYSA-N"
32976949,"(2R)-2-(2-Methyl-2-propanyl)aziridine",99.104797,"C6H13N","CC(C)(C)[C@@H]1CN1","InChI=1S/C6H13N/c1-6(2,3)5-4-7-5/h5,7H,4H2,1-3H3/t5-/m0/s1","GNQYSZWDGCPWFK-YFKPBYRVSA-N"
32976975,"N,2-Dimethyl-3-buten-2-amine",99.104797,"C6H13N","CC(C)(C=C)NC","InChI=1S/C6H13N/c1-5-6(2,3)7-4/h5,7H,1H2,2-4H3","DSJFCAAHGYTQAJ-UHFFFAOYSA-N"
32977055,"N-Isopropyl-1-propen-2-amine",99.104797,"C6H13N","CC(C)NC(=C)C","InChI=1S/C6H13N/c1-5(2)7-6(3)4/h6-7H,1H2,2-4H3","WIRHYSRIYDMUNZ-UHFFFAOYSA-N"
32977136,"(2R)-2-sec-Butylaziridine",99.104797,"C6H13N","CCC(C)[C@@H]1CN1","InChI=1S/C6H13N/c1-3-5(2)6-4-7-6/h5-7H,3-4H2,1-2H3/t5?,6-/m0/s1","VDEQLLKAJJBYKS-GDVGLLTNSA-N"
32977442,"2-Methyl-2-propylaziridine",99.104797,"C6H13N","CCCC1(CN1)C","InChI=1S/C6H13N/c1-3-4-6(2)5-7-6/h7H,3-5H2,1-2H3","DLFSNZDYISAJFV-UHFFFAOYSA-N"
32977551,"(2S)-2,5-Dimethylpyrrolidine",99.104797,"C6H13N","C[C@H]1CCC(N1)C","InChI=1S/C6H13N/c1-5-3-4-6(2)7-5/h5-7H,3-4H2,1-2H3/t5-,6?/m0/s1","ZEBFPAXSQXIPNF-ZBHICJROSA-N"
32978371,"2-Isopropyl-2-methylaziridine",99.104797,"C6H13N","CC(C)C1(CN1)C","InChI=1S/C6H13N/c1-5(2)6(3)4-7-6/h5,7H,4H2,1-3H3","PNCHUQJLXDQHAO-UHFFFAOYSA-N"
32978428,"3-Ethyl-2,2-dimethylaziridine",99.104797,"C6H13N","CCC1C(N1)(C)C","InChI=1S/C6H13N/c1-4-5-6(2,3)7-5/h5,7H,4H2,1-3H3","RDMGKRTUWBTOSJ-UHFFFAOYSA-N"
32979639,"(2Z)-2-Methyl-2-penten-1-amine",99.104797,"C6H13N","CC/C=C(/C)\CN","InChI=1S/C6H13N/c1-3-4-6(2)5-7/h4H,3,5,7H2,1-2H3/b6-4-","IGURFOFUWOCRDN-XQRVVYSFSA-N"
32982104,"1-[(2S,3S)-2,3-Dimethylcyclopropyl]methanamine",99.104797,"C6H13N","C[C@H]1[C@@H](C1CN)C","InChI=1S/C6H13N/c1-4-5(2)6(4)3-7/h4-6H,3,7H2,1-2H3/t4-,5-/m0/s1","VJLUWNNKUKTHOF-WHFBIAKZSA-N"
32982850,"(2S)-2-Isopropylazetidine",99.104797,"C6H13N","CC(C)[C@@H]1CCN1","InChI=1S/C6H13N/c1-5(2)6-3-4-7-6/h5-7H,3-4H2,1-2H3/t6-/m0/s1","MDVHHYGTBKHJAU-LURJTMIESA-N"
32990007,"(1E)-N,3-Dimethyl-1-buten-1-amine",99.104797,"C6H13N","CC(C)/C=C/NC","InChI=1S/C6H13N/c1-6(2)4-5-7-3/h4-7H,1-3H3/b5-4+","HWTZKIZSVZQYSB-SNAWJCMRSA-N"
32990618,"N-Methyl-1-[(1R,2R)-2-methylcyclopropyl]methanamine",99.104797,"C6H13N","C[C@@H]1C[C@H]1CNC","InChI=1S/C6H13N/c1-5-3-6(5)4-7-2/h5-7H,3-4H2,1-2H3/t5-,6+/m1/s1","VMVQWPJUETYXCM-RITPCOANSA-N"
32991283,"(2S)-N-Methyl-4-penten-2-amine",99.104797,"C6H13N","C[C@@H](CC=C)NC","InChI=1S/C6H13N/c1-4-5-6(2)7-3/h4,6-7H,1,5H2,2-3H3/t6-/m0/s1","BRLFBNVIHIQUMM-LURJTMIESA-N"
32991537,"(1E)-N-Isopropyl-1-propen-1-amine",99.104797,"C6H13N","C/C=C/NC(C)C","InChI=1S/C6H13N/c1-4-5-7-6(2)3/h4-7H,1-3H3/b5-4+","UGFCOENRMZWTFR-SNAWJCMRSA-N"
34210029,"(1R,2R)-2-Propylcyclopropanamine",99.104797,"C6H13N","CCC[C@@H]1C[C@H]1N","InChI=1S/C6H13N/c1-2-3-5-4-6(5)7/h5-6H,2-4,7H2,1H3/t5-,6-/m1/s1","XNPZNZSQFBQSTE-PHDIDXHHSA-N"
35227801,"(3R)-5-Hexen-3-amine",99.104797,"C6H13N","CC[C@H](CC=C)N","InChI=1S/C6H13N/c1-3-5-6(7)4-2/h3,6H,1,4-5,7H2,2H3/t6-/m1/s1","NENBPVJEHWLNLP-ZCFIWIBFSA-N"
35488192,"1,3-Dimethylcyclobutanamine",99.104797,"C6H13N","CC1CC(C1)(C)N","InChI=1S/C6H13N/c1-5-3-6(2,7)4-5/h5H,3-4,7H2,1-2H3","ZWMRWMKTTMIHRM-UHFFFAOYSA-N"
35767047,"(1E)-N,3-Dimethyl-1-butanimine",99.104797,"C6H13N","CC(C)C/C=N/C","InChI=1S/C6H13N/c1-6(2)4-5-7-3/h5-6H,4H2,1-3H3/b7-5+","NGBVUZKFWGLZLQ-FNORWQNLSA-N"
35889318,"(1S)-1-(1-Methylcyclopropyl)ethanamine",99.104797,"C6H13N","C[C@@H](C1(CC1)C)N","InChI=1S/C6H13N/c1-5(7)6(2)3-4-6/h5H,3-4,7H2,1-2H3/t5-/m0/s1","DOAMTLHAIDSDBV-YFKPBYRVSA-N"
35889319,"(1R)-1-(1-Methylcyclopropyl)ethanamine",99.104797,"C6H13N","C[C@H](C1(CC1)C)N","InChI=1S/C6H13N/c1-5(7)6(2)3-4-6/h5H,3-4,7H2,1-2H3/t5-/m1/s1","DOAMTLHAIDSDBV-RXMQYKEDSA-N"
35905437,"(2S)-1-Cyclopropyl-2-propanamine",99.104797,"C6H13N","C[C@@H](CC1CC1)N","InChI=1S/C6H13N/c1-5(7)4-6-2-3-6/h5-6H,2-4,7H2,1H3/t5-/m0/s1","WFJUBRAHXQCZAM-YFKPBYRVSA-N"
35905438,"(2R)-1-Cyclopropyl-2-propanamine",99.104797,"C6H13N","C[C@H](CC1CC1)N","InChI=1S/C6H13N/c1-5(7)4-6-2-3-6/h5-6H,2-4,7H2,1H3/t5-/m1/s1","WFJUBRAHXQCZAM-RXMQYKEDSA-N"
36821264,"N,3-Dimethylcyclobutanamine",99.104797,"C6H13N","CC1CC(C1)NC","InChI=1S/C6H13N/c1-5-3-6(4-5)7-2/h5-7H,3-4H2,1-2H3","UGUBYDRVJOZWSK-UHFFFAOYSA-N"
36910632,"N,2-Dimethylcyclobutanamine",99.104797,"C6H13N","CC1CCC1NC","InChI=1S/C6H13N/c1-5-3-4-6(5)7-2/h5-7H,3-4H2,1-2H3","BIPYRARQAGMXCW-UHFFFAOYSA-N"
37655597,"2-(2-Methylcyclopropyl)ethanamine",99.104797,"C6H13N","CC1CC1CCN","InChI=1S/C6H13N/c1-5-4-6(5)2-3-7/h5-6H,2-4,7H2,1H3","WSRSPJKCIMNPIK-UHFFFAOYSA-N"
37655600,"1-(2-Methylcyclopropyl)ethanamine",99.104797,"C6H13N","CC1CC1C(C)N","InChI=1S/C6H13N/c1-4-3-6(4)5(2)7/h4-6H,3,7H2,1-2H3","PNORXWKSUWCACH-UHFFFAOYSA-N"
37666771,"2,2,3-Trimethylcyclopropanamine",99.104797,"C6H13N","CC1C(C1(C)C)N","InChI=1S/C6H13N/c1-4-5(7)6(4,2)3/h4-5H,7H2,1-3H3","NPZOXHJFVIOPST-UHFFFAOYSA-N"
37666772,"1-(2,3-Dimethylcyclopropyl)methanamine",99.104797,"C6H13N","CC1C(C1CN)C","InChI=1S/C6H13N/c1-4-5(2)6(4)3-7/h4-6H,3,7H2,1-2H3","VJLUWNNKUKTHOF-UHFFFAOYSA-N"
37669195,"1-Ethyl-N-methylcyclopropanamine",99.104797,"C6H13N","CCC1(CC1)NC","InChI=1S/C6H13N/c1-3-6(7-2)4-5-6/h7H,3-5H2,1-2H3","PYIHBODUNRRGKT-UHFFFAOYSA-N"
37669196,"1-Ethyl-2-methylcyclopropanamine",99.104797,"C6H13N","CCC1(CC1C)N","InChI=1S/C6H13N/c1-3-6(7)4-5(6)2/h5H,3-4,7H2,1-2H3","QPPDWCWOZKUMRI-UHFFFAOYSA-N"
37686283,"2-Ethyl-N-methylcyclopropanamine",99.104797,"C6H13N","CCC1CC1NC","InChI=1S/C6H13N/c1-3-5-4-6(5)7-2/h5-7H,3-4H2,1-2H3","PTOQZSFXUOHRNJ-UHFFFAOYSA-N"
37686284,"(2E)-N-Methyl-2-penten-1-amine",99.104797,"C6H13N","CC/C=C/CNC","InChI=1S/C6H13N/c1-3-4-5-6-7-2/h4-5,7H,3,6H2,1-2H3/b5-4+","OEOPPEOJMSPERV-SNAWJCMRSA-N"
37686285,"N,1,2-Trimethylcyclopropanamine",99.104797,"C6H13N","CC1CC1(C)NC","InChI=1S/C6H13N/c1-5-4-6(5,2)7-3/h5,7H,4H2,1-3H3","RMXBHKWQFBQBQG-UHFFFAOYSA-N"
37700114,"(2E)-3-Methyl-2-penten-1-amine",99.104797,"C6H13N","CC/C(=C/CN)/C","InChI=1S/C6H13N/c1-3-6(2)4-5-7/h4H,3,5,7H2,1-2H3/b6-4+","FTEGDCQABRIUNQ-GQCTYLIASA-N"
37871538,"3-Methylene-2-pentanamine",99.104797,"C6H13N","CCC(=C)C(C)N","InChI=1S/C6H13N/c1-4-5(2)6(3)7/h6H,2,4,7H2,1,3H3","DVPIGELGCAUTEZ-UHFFFAOYSA-N"
42201706,"N-Ethyl-1-methylcyclopropanamine",99.104797,"C6H13N","CCNC1(CC1)C","InChI=1S/C6H13N/c1-3-7-6(2)4-5-6/h7H,3-5H2,1-2H3","OOLSBYJPLZRLCO-UHFFFAOYSA-N"
