"Identifier","CompoundName","MonoisotopicMass","MolecularFormula","SMILES","InChI","InChIKey"
62984,"Perfluoroctylsulfonamide",498.953491,"C8H2F17NO2S","C(C(C(C(C(F)(F)S(=O)(=O)N)(F)F)(F)F)(F)F)(C(C(C(F)(F)F)(F)F)(F)F)(F)F","InChI=1S/C8H2F17NO2S/c9-1(10,3(13,14)5(17,18)7(21,22)23)2(11,12)4(15,16)6(19,20)8(24,25)29(26,27)28/h(H2,26,27,28)","RRRXPPIDPYTNJG-UHFFFAOYSA-N"
499080,"3-{[(2,4-Dibromophenoxy)acetyl]hydrazono}-N-(4-fluorophenyl)butanamide",498.954224,"C18H16Br2FN3O3","CC(=NNC(=O)COc1ccc(cc1Br)Br)CC(=O)Nc2ccc(cc2)F","InChI=1S/C18H16Br2FN3O3/c1-11(8-17(25)22-14-5-3-13(21)4-6-14)23-24-18(26)10-27-16-7-2-12(19)9-15(16)20/h2-7,9H,8,10H2,1H3,(H,22,25)(H,24,26)","PKHNZNBSAQOXIO-UHFFFAOYSA-N"
848805,"N-(6,8-Dibromo-2-phenylimidazo[1,2-a]pyridin-3-yl)-4-methoxybenzamide",498.953094,"C21H15Br2N3O2","COc1ccc(cc1)C(=O)Nc2c(nc3n2cc(cc3Br)Br)c4ccccc4","InChI=1S/C21H15Br2N3O2/c1-28-16-9-7-14(8-10-16)21(27)25-20-18(13-5-3-2-4-6-13)24-19-17(23)11-15(22)12-26(19)20/h2-12H,1H3,(H,25,27)","QAZIVZKHZMUFOF-UHFFFAOYSA-N"
875489,"3-Iodo-4-methyl-N-[4-(1,3-thiazol-2-ylsulfamoyl)phenyl]benzamide",498.952118,"C17H14IN3O3S2","Cc1ccc(cc1I)C(=O)Nc2ccc(cc2)S(=O)(=O)Nc3nccs3","InChI=1S/C17H14IN3O3S2/c1-11-2-3-12(10-15(11)18)16(22)20-13-4-6-14(7-5-13)26(23,24)21-17-19-8-9-25-17/h2-10H,1H3,(H,19,21)(H,20,22)","BLRNOVWAZWWVQH-UHFFFAOYSA-N"
1086847,"2-Bromo-4-{[3-(3-methylphenyl)-4-oxo-2-thioxo-1,3-thiazolidin-5-ylidene]methyl}phenyl 2-furoate",498.954742,"C22H14BrNO4S2","Cc1cccc(c1)N2C(=O)C(=Cc3ccc(c(c3)Br)OC(=O)c4ccco4)SC2=S","InChI=1S/C22H14BrNO4S2/c1-13-4-2-5-15(10-13)24-20(25)19(30-22(24)29)12-14-7-8-17(16(23)11-14)28-21(26)18-6-3-9-27-18/h2-12H,1H3","SBQZFYGUYJOAMU-UHFFFAOYSA-N"
1089547,"4-[(3-Benzyl-4-oxo-2-thioxo-1,3-thiazolidin-5-ylidene)methyl]-2-bromophenyl 2-furoate",498.954742,"C22H14BrNO4S2","c1ccc(cc1)CN2C(=O)C(=Cc3ccc(c(c3)Br)OC(=O)c4ccco4)SC2=S","InChI=1S/C22H14BrNO4S2/c23-16-11-15(8-9-17(16)28-21(26)18-7-4-10-27-18)12-19-20(25)24(22(29)30-19)13-14-5-2-1-3-6-14/h1-12H,13H2","VUCFZPQSPVEDOT-UHFFFAOYSA-N"
1098213,"2-Bromo-4-{(Z)-[3-(2-furylmethyl)-4-oxo-2-thioxo-1,3-thiazolidin-5-ylidene]methyl}phenyl benzoate",498.954742,"C22H14BrNO4S2","c1ccc(cc1)C(=O)Oc2ccc(cc2Br)/C=C\3/C(=O)N(C(=S)S3)Cc4ccco4","InChI=1S/C22H14BrNO4S2/c23-17-11-14(8-9-18(17)28-21(26)15-5-2-1-3-6-15)12-19-20(25)24(22(29)30-19)13-16-7-4-10-27-16/h1-12H,13H2/b19-12-","DFWGSZMQIRGLQA-UNOMPAQXSA-N"
1288180,"(2S)-[(5Z)-5-{[5-(4-Bromophenyl)-2-furyl]methylene}-4-oxo-2-thioxo-1,3-thiazolidin-3-yl](phenyl)acetic acid",498.954742,"C22H14BrNO4S2","c1ccc(cc1)[C@@H](C(=O)O)N2C(=O)/C(=C/c3ccc(o3)c4ccc(cc4)Br)/SC2=S","InChI=1S/C22H14BrNO4S2/c23-15-8-6-13(7-9-15)17-11-10-16(28-17)12-18-20(25)24(22(29)30-18)19(21(26)27)14-4-2-1-3-5-14/h1-12,19H,(H,26,27)/b18-12-/t19-/m0/s1","UEBMDVYCTCYUQY-OVCORXIESA-N"
1629579,"2-Bromo-4-{(Z)-[3-(3-methylphenyl)-4-oxo-2-thioxo-1,3-thiazolidin-5-ylidene]methyl}phenyl 2-furoate",498.954742,"C22H14BrNO4S2","Cc1cccc(c1)N2C(=O)/C(=C/c3ccc(c(c3)Br)OC(=O)c4ccco4)/SC2=S","InChI=1S/C22H14BrNO4S2/c1-13-4-2-5-15(10-13)24-20(25)19(30-22(24)29)12-14-7-8-17(16(23)11-14)28-21(26)18-6-3-9-27-18/h2-12H,1H3/b19-12-","SBQZFYGUYJOAMU-UNOMPAQXSA-N"
1631762,"4-[(Z)-(3-Benzyl-4-oxo-2-thioxo-1,3-thiazolidin-5-ylidene)methyl]-2-bromophenyl 2-furoate",498.954742,"C22H14BrNO4S2","c1ccc(cc1)CN2C(=O)/C(=C/c3ccc(c(c3)Br)OC(=O)c4ccco4)/SC2=S","InChI=1S/C22H14BrNO4S2/c23-16-11-15(8-9-17(16)28-21(26)18-7-4-10-27-18)12-19-20(25)24(22(29)30-19)13-14-5-2-1-3-6-14/h1-12H,13H2/b19-12-","VUCFZPQSPVEDOT-UNOMPAQXSA-N"
1639570,"2-[(E)-(3-Allyl-4-oxo-2-thioxo-1,3-thiazolidin-5-ylidene)methyl]-4,6-dichlorophenyl 4-methylbenzenesulfonate",498.95401,"C20H15Cl2NO4S3","Cc1ccc(cc1)S(=O)(=O)Oc2c(cc(cc2Cl)Cl)/C=C/3\C(=O)N(C(=S)S3)CC=C","InChI=1S/C20H15Cl2NO4S3/c1-3-8-23-19(24)17(29-20(23)28)10-13-9-14(21)11-16(22)18(13)27-30(25,26)15-6-4-12(2)5-7-15/h3-7,9-11H,1,8H2,2H3/b17-10+","RSZYMHNXHBUQTK-LICLKQGHSA-N"
1639571,"2-[(Z)-(3-Allyl-4-oxo-2-thioxo-1,3-thiazolidin-5-ylidene)methyl]-4,6-dichlorophenyl 4-methylbenzenesulfonate",498.95401,"C20H15Cl2NO4S3","Cc1ccc(cc1)S(=O)(=O)Oc2c(cc(cc2Cl)Cl)/C=C\3/C(=O)N(C(=S)S3)CC=C","InChI=1S/C20H15Cl2NO4S3/c1-3-8-23-19(24)17(29-20(23)28)10-13-9-14(21)11-16(22)18(13)27-30(25,26)15-6-4-12(2)5-7-15/h3-7,9-11H,1,8H2,2H3/b17-10-","RSZYMHNXHBUQTK-YVLHZVERSA-N"
1914240,"N-(4-Iodo-2-methylphenyl)-3,4-dihydro[1,2,4]thiadiazino[3,4-b][1,3]benzothiazole-8-carboxamide 2,2-dioxide",498.952118,"C17H14IN3O3S2","Cc1cc(ccc1NC(=O)c2ccc3c(c2)SC4=NS(=O)(=O)CCN34)I","InChI=1S/C17H14IN3O3S2/c1-10-8-12(18)3-4-13(10)19-16(22)11-2-5-14-15(9-11)25-17-20-26(23,24)7-6-21(14)17/h2-5,8-9H,6-7H2,1H3,(H,19,22)","LVYOEHYGEGINAK-UHFFFAOYSA-N"
2177967,"2-[(3-Allyl-4-oxo-2-thioxo-1,3-thiazolidin-5-ylidene)methyl]-4,6-dichlorophenyl 4-methylbenzenesulfonate",498.95401,"C20H15Cl2NO4S3","Cc1ccc(cc1)S(=O)(=O)Oc2c(cc(cc2Cl)Cl)C=C3C(=O)N(C(=S)S3)CC=C","InChI=1S/C20H15Cl2NO4S3/c1-3-8-23-19(24)17(29-20(23)28)10-13-9-14(21)11-16(22)18(13)27-30(25,26)15-6-4-12(2)5-7-15/h3-7,9-11H,1,8H2,2H3","RSZYMHNXHBUQTK-UHFFFAOYSA-N"
2213918,"2-Bromo-4-{[3-(2-furylmethyl)-4-oxo-2-thioxo-1,3-thiazolidin-5-ylidene]methyl}phenyl benzoate",498.954742,"C22H14BrNO4S2","c1ccc(cc1)C(=O)Oc2ccc(cc2Br)C=C3C(=O)N(C(=S)S3)Cc4ccco4","InChI=1S/C22H14BrNO4S2/c23-17-11-14(8-9-18(17)28-21(26)15-5-2-1-3-6-15)12-19-20(25)24(22(29)30-19)13-16-7-4-10-27-16/h1-12H,13H2","DFWGSZMQIRGLQA-UHFFFAOYSA-N"
2393068,"(2Z)-N-(4-Bromophenyl)-2-[(3,4-dichlorophenyl)imino]-3-ethyl-4-oxo-1,3-thiazinane-6-carboxamide",498.952362,"C19H16BrCl2N3O2S","CCN\1C(=O)CC(S/C1=N\c2ccc(c(c2)Cl)Cl)C(=O)Nc3ccc(cc3)Br","InChI=1S/C19H16BrCl2N3O2S/c1-2-25-17(26)10-16(18(27)23-12-5-3-11(20)4-6-12)28-19(25)24-13-7-8-14(21)15(22)9-13/h3-9,16H,2,10H2,1H3,(H,23,27)/b24-19-","VOIVDXZVOPVDNJ-CLCOLTQESA-N"
2738671,"(2Z)-2-[(4-Bromophenyl)imino]-N-(3,4-dichlorophenyl)-3-ethyl-4-oxo-1,3-thiazinane-6-carboxamide",498.952362,"C19H16BrCl2N3O2S","CCN\1C(=O)CC(S/C1=N\c2ccc(cc2)Br)C(=O)Nc3ccc(c(c3)Cl)Cl","InChI=1S/C19H16BrCl2N3O2S/c1-2-25-17(26)10-16(18(27)23-13-7-8-14(21)15(22)9-13)28-19(25)24-12-5-3-11(20)4-6-12/h3-9,16H,2,10H2,1H3,(H,23,27)/b24-19-","DANVHILNTVGFRL-CLCOLTQESA-N"
2781040,"(2Z)-N-(3-Bromophenyl)-2-[(3,5-dichlorophenyl)imino]-3-ethyl-4-oxo-1,3-thiazinane-6-carboxamide",498.952362,"C19H16BrCl2N3O2S","CCN\1C(=O)CC(S/C1=N\c2cc(cc(c2)Cl)Cl)C(=O)Nc3cccc(c3)Br","InChI=1S/C19H16BrCl2N3O2S/c1-2-25-17(26)10-16(18(27)23-14-5-3-4-11(20)6-14)28-19(25)24-15-8-12(21)7-13(22)9-15/h3-9,16H,2,10H2,1H3,(H,23,27)/b24-19-","NTMSZCDHIRODQT-CLCOLTQESA-N"
2850424,"4-Chloro-6-{[(4-sulfamoylphenyl)carbamothioyl]amino}-1,3-benzenedisulfonamide",498.951538,"C13H14ClN5O6S4","c1cc(ccc1NC(=S)Nc2cc(c(cc2S(=O)(=O)N)S(=O)(=O)N)Cl)S(=O)(=O)N","InChI=1S/C13H14ClN5O6S4/c14-9-5-10(12(29(17,24)25)6-11(9)28(16,22)23)19-13(26)18-7-1-3-8(4-2-7)27(15,20)21/h1-6H,(H2,15,20,21)(H2,16,22,23)(H2,17,24,25)(H2,18,19,26)","HOSWLCOBJPWGCI-UHFFFAOYSA-N"
2946373,"(5-{[5-(4-Bromophenyl)-2-furyl]methylene}-4-oxo-2-thioxo-1,3-thiazolidin-3-yl)(phenyl)acetic acid",498.954742,"C22H14BrNO4S2","c1ccc(cc1)C(C(=O)O)N2C(=O)C(=Cc3ccc(o3)c4ccc(cc4)Br)SC2=S","InChI=1S/C22H14BrNO4S2/c23-15-8-6-13(7-9-15)17-11-10-16(28-17)12-18-20(25)24(22(29)30-18)19(21(26)27)14-4-2-1-3-5-14/h1-12,19H,(H,26,27)","UEBMDVYCTCYUQY-UHFFFAOYSA-N"
3115119,"N-[(4,6-Dimethoxy-1,3-benzothiazol-2-yl)carbamothioyl]-4-iodobenzamide",498.952118,"C17H14IN3O3S2","COc1cc(c2c(c1)sc(n2)NC(=S)NC(=O)c3ccc(cc3)I)OC","InChI=1S/C17H14IN3O3S2/c1-23-11-7-12(24-2)14-13(8-11)26-17(19-14)21-16(25)20-15(22)9-3-5-10(18)6-4-9/h3-8H,1-2H3,(H2,19,20,21,22,25)","FSXUGOHIAPDUEK-UHFFFAOYSA-N"
3182959,"N-(4-Bromophenyl)-2-{(2Z)-2-[(3,4-dichlorophenyl)imino]-3-ethyl-4-oxo-1,3-thiazolidin-5-yl}acetamide",498.952362,"C19H16BrCl2N3O2S","CCN\1C(=O)C(S/C1=N\c2ccc(c(c2)Cl)Cl)CC(=O)Nc3ccc(cc3)Br","InChI=1S/C19H16BrCl2N3O2S/c1-2-25-18(27)16(10-17(26)23-12-5-3-11(20)4-6-12)28-19(25)24-13-7-8-14(21)15(22)9-13/h3-9,16H,2,10H2,1H3,(H,23,26)/b24-19-","ICSCVFCUDOVRLD-CLCOLTQESA-N"
3188923,"N-[(4,6-Dimethoxy-1,3-benzothiazol-2-yl)carbamothioyl]-3-iodobenzamide",498.952118,"C17H14IN3O3S2","COc1cc(c2c(c1)sc(n2)NC(=S)NC(=O)c3cccc(c3)I)OC","InChI=1S/C17H14IN3O3S2/c1-23-11-7-12(24-2)14-13(8-11)26-17(19-14)21-16(25)20-15(22)9-4-3-5-10(18)6-9/h3-8H,1-2H3,(H2,19,20,21,22,25)","CVASSBQYDYAHSV-UHFFFAOYSA-N"
3265954,"N-[(2Z)-3-Allyl-6-sulfamoyl-1,3-benzothiazol-2(3H)-ylidene]-2-iodobenzamide",498.952118,"C17H14IN3O3S2","C=CCn\1c2ccc(cc2s/c1=N\C(=O)c3ccccc3I)S(=O)(=O)N","InChI=1S/C17H14IN3O3S2/c1-2-9-21-14-8-7-11(26(19,23)24)10-15(14)25-17(21)20-16(22)12-5-3-4-6-13(12)18/h2-8,10H,1,9H2,(H2,19,23,24)/b20-17-","GFVSHIPUSYKLBJ-JZJYNLBNSA-N"
3270654,"(2Z)-N-(3-Bromophenyl)-2-[(3,4-dichlorophenyl)imino]-3-ethyl-4-oxo-1,3-thiazinane-6-carboxamide",498.952362,"C19H16BrCl2N3O2S","CCN\1C(=O)CC(S/C1=N\c2ccc(c(c2)Cl)Cl)C(=O)Nc3cccc(c3)Br","InChI=1S/C19H16BrCl2N3O2S/c1-2-25-17(26)10-16(18(27)23-12-5-3-4-11(20)8-12)28-19(25)24-13-6-7-14(21)15(22)9-13/h3-9,16H,2,10H2,1H3,(H,23,27)/b24-19-","QTTPCIUHDMRNHC-CLCOLTQESA-N"
3326990,"3-{2-[(2,4-Dibromophenoxy)acetyl]hydrazino}-N-(4-fluorophenyl)-3-butenamide",498.954224,"C18H16Br2FN3O3","C=C(CC(=O)Nc1ccc(cc1)F)NNC(=O)COc2ccc(cc2Br)Br","InChI=1S/C18H16Br2FN3O3/c1-11(8-17(25)22-14-5-3-13(21)4-6-14)23-24-18(26)10-27-16-7-2-12(19)9-15(16)20/h2-7,9,23H,1,8,10H2,(H,22,25)(H,24,26)","YGVWXJDZSJWATE-UHFFFAOYSA-N"
3385954,"(2Z)-N-(4-Bromophenyl)-2-[(3,5-dichlorophenyl)imino]-3-ethyl-4-oxo-1,3-thiazinane-6-carboxamide",498.952362,"C19H16BrCl2N3O2S","CCN\1C(=O)CC(S/C1=N\c2cc(cc(c2)Cl)Cl)C(=O)Nc3ccc(cc3)Br","InChI=1S/C19H16BrCl2N3O2S/c1-2-25-17(26)10-16(18(27)23-14-5-3-11(20)4-6-14)28-19(25)24-15-8-12(21)7-13(22)9-15/h3-9,16H,2,10H2,1H3,(H,23,27)/b24-19-","LCNDBYCAZHQGDJ-CLCOLTQESA-N"
3633672,"3-Bromo-N-{3-[(3-bromophenyl)amino]-3-oxo-1-(3-pyridinyl)-1-propen-2-yl}benzamide",498.953094,"C21H15Br2N3O2","c1cc(cc(c1)Br)C(=O)NC(=Cc2cccnc2)C(=O)Nc3cccc(c3)Br","InChI=1S/C21H15Br2N3O2/c22-16-6-1-5-15(11-16)20(27)26-19(10-14-4-3-9-24-13-14)21(28)25-18-8-2-7-17(23)12-18/h1-13H,(H,25,28)(H,26,27)","NXGKYONHHODAIH-UHFFFAOYSA-N"
3661189,"3-[(5-Bromo-2-hydroxybenzyl)amino]-2-(4-bromophenyl)-4(3H)-quinazolinone",498.953094,"C21H15Br2N3O2","c1ccc2c(c1)c(=O)n(c(n2)c3ccc(cc3)Br)NCc4cc(ccc4O)Br","InChI=1S/C21H15Br2N3O2/c22-15-7-5-13(6-8-15)20-25-18-4-2-1-3-17(18)21(28)26(20)24-12-14-11-16(23)9-10-19(14)27/h1-11,24,27H,12H2","LKJMVHRVTYVMEA-UHFFFAOYSA-N"
3668732,"N-{2-Chloro-5-[(trifluoromethyl)sulfonyl]phenyl}-2-[(2,4-dinitrophenyl)sulfanyl]acetamide",498.95224,"C15H9ClF3N3O7S2","c1cc(c(cc1[N+](=O)[O-])[N+](=O)[O-])SCC(=O)Nc2cc(ccc2Cl)S(=O)(=O)C(F)(F)F","InChI=1S/C15H9ClF3N3O7S2/c16-10-3-2-9(31(28,29)15(17,18)19)6-11(10)20-14(23)7-30-13-4-1-8(21(24)25)5-12(13)22(26)27/h1-6H,7H2,(H,20,23)","SFWCQIBGRDWDQS-UHFFFAOYSA-N"
3710166,"3-(5-{[5-(4-Bromophenyl)-2-furyl]methylene}-4-oxo-2-thioxo-1,3-thiazolidin-3-yl)-4-methylbenzoic acid",498.954742,"C22H14BrNO4S2","Cc1ccc(cc1N2C(=O)C(=Cc3ccc(o3)c4ccc(cc4)Br)SC2=S)C(=O)O","InChI=1S/C22H14BrNO4S2/c1-12-2-3-14(21(26)27)10-17(12)24-20(25)19(30-22(24)29)11-16-8-9-18(28-16)13-4-6-15(23)7-5-13/h2-11H,1H3,(H,26,27)","DOIMNUPCBWCBBR-UHFFFAOYSA-N"
3815972,"(2Z)-2-[(4-Bromophenyl)imino]-N-(3,5-dichlorophenyl)-3-ethyl-4-oxo-1,3-thiazinane-6-carboxamide",498.952362,"C19H16BrCl2N3O2S","CCN\1C(=O)CC(S/C1=N\c2ccc(cc2)Br)C(=O)Nc3cc(cc(c3)Cl)Cl","InChI=1S/C19H16BrCl2N3O2S/c1-2-25-17(26)10-16(18(27)23-15-8-12(21)7-13(22)9-15)28-19(25)24-14-5-3-11(20)4-6-14/h3-9,16H,2,10H2,1H3,(H,23,27)/b24-19-","PYONCVCJFKDZFE-CLCOLTQESA-N"
4047098,"5,7-Dibromo-8-quinolinyl 4-(3,5-dimethyl-1H-pyrazol-1-yl)benzoate",498.953094,"C21H15Br2N3O2","Cc1cc(n(n1)c2ccc(cc2)C(=O)Oc3c(cc(c4c3nccc4)Br)Br)C","InChI=1S/C21H15Br2N3O2/c1-12-10-13(2)26(25-12)15-7-5-14(6-8-15)21(27)28-20-18(23)11-17(22)16-4-3-9-24-19(16)20/h3-11H,1-2H3","HYWNZDMFOXPRTK-UHFFFAOYSA-N"
4307301,"N-[(4,6-Dimethoxy-1,3-benzothiazol-2-yl)carbamothioyl]-2-iodobenzamide",498.952118,"C17H14IN3O3S2","COc1cc(c2c(c1)sc(n2)NC(=S)NC(=O)c3ccccc3I)OC","InChI=1S/C17H14IN3O3S2/c1-23-9-7-12(24-2)14-13(8-9)26-17(19-14)21-16(25)20-15(22)10-5-3-4-6-11(10)18/h3-8H,1-2H3,(H2,19,20,21,22,25)","NUNGCEGWSWARDP-UHFFFAOYSA-N"
4406319,"1-(4-Bromophenyl)-2,5-dioxo-3-pyrrolidinyl N-(3,4-dichlorophenyl)-N'-ethylcarbamimidothioate",498.952362,"C19H16BrCl2N3O2S","CC/N=C(/Nc1ccc(c(c1)Cl)Cl)\SC2CC(=O)N(C2=O)c3ccc(cc3)Br","InChI=1S/C19H16BrCl2N3O2S/c1-2-23-19(24-12-5-8-14(21)15(22)9-12)28-16-10-17(26)25(18(16)27)13-6-3-11(20)4-7-13/h3-9,16H,2,10H2,1H3,(H,23,24)","BZKCGFANOSMUNH-UHFFFAOYSA-N"
4612587,"(6E)-6-({[3-(1H-Benzimidazol-2-yl)phenyl]amino}methylene)-4,5-dibromo-2-methoxy-2,4-cyclohexadien-1-one",498.953094,"C21H15Br2N3O2","COC1=CC(=C(/C(=C/Nc2cccc(c2)c3[nH]c4ccccc4n3)/C1=O)Br)Br","InChI=1S/C21H15Br2N3O2/c1-28-18-10-15(22)19(23)14(20(18)27)11-24-13-6-4-5-12(9-13)21-25-16-7-2-3-8-17(16)26-21/h2-11,24H,1H3,(H,25,26)/b14-11-","GDMJXXIHYHJPPY-KAMYIIQDSA-N"
4683419,"(6Z)-6-({[4-(1H-Benzimidazol-2-yl)phenyl]amino}methylene)-4,5-dibromo-2-methoxy-2,4-cyclohexadien-1-one",498.953094,"C21H15Br2N3O2","COC1=CC(=C(/C(=C\Nc2ccc(cc2)c3[nH]c4ccccc4n3)/C1=O)Br)Br","InChI=1S/C21H15Br2N3O2/c1-28-18-10-15(22)19(23)14(20(18)27)11-24-13-8-6-12(7-9-13)21-25-16-4-2-3-5-17(16)26-21/h2-11,24H,1H3,(H,25,26)/b14-11+","BPPOQGAZUQKXMA-SDNWHVSQSA-N"
4740364,"[(5E)-5-{[5-(4-Bromophenyl)-2-furyl]methylene}-4-oxo-2-thioxo-1,3-thiazolidin-3-yl](phenyl)acetic acid",498.954742,"C22H14BrNO4S2","c1ccc(cc1)C(C(=O)O)N2C(=O)/C(=C\c3ccc(o3)c4ccc(cc4)Br)/SC2=S","InChI=1S/C22H14BrNO4S2/c23-15-8-6-13(7-9-15)17-11-10-16(28-17)12-18-20(25)24(22(29)30-18)19(21(26)27)14-4-2-1-3-5-14/h1-12,19H,(H,26,27)/b18-12+","UEBMDVYCTCYUQY-LDADJPATSA-N"
4819716,"3-[(5E)-5-{[5-(4-Bromophenyl)-2-furyl]methylene}-4-oxo-2-thioxo-1,3-thiazolidin-3-yl]-4-methylbenzoic acid",498.954742,"C22H14BrNO4S2","S=C2S/C(C(=O)N2c1c(ccc(C(=O)O)c1)C)=C/c4oc(c3ccc(Br)cc3)cc4","InChI=1S/C22H14BrNO4S2/c1-12-2-3-14(21(26)27)10-17(12)24-20(25)19(30-22(24)29)11-16-8-9-18(28-16)13-4-6-15(23)7-5-13/h2-11H,1H3,(H,26,27)/b19-11+","DOIMNUPCBWCBBR-YBFXNURJSA-N"
5010353,"[(5Z)-5-{[5-(4-Bromophenyl)-2-furyl]methylene}-4-oxo-2-thioxo-1,3-thiazolidin-3-yl](phenyl)acetic acid",498.954742,"C22H14BrNO4S2","c1ccc(cc1)C(C(=O)O)N2C(=O)/C(=C/c3ccc(o3)c4ccc(cc4)Br)/SC2=S","InChI=1S/C22H14BrNO4S2/c23-15-8-6-13(7-9-15)17-11-10-16(28-17)12-18-20(25)24(22(29)30-18)19(21(26)27)14-4-2-1-3-5-14/h1-12,19H,(H,26,27)/b18-12-","UEBMDVYCTCYUQY-PDGQHHTCSA-N"
7793197,"3-Bromo-N-[(1Z)-3-[(4-bromophenyl)amino]-3-oxo-1-(3-pyridinyl)-1-propen-2-yl]benzamide",498.953094,"C21H15Br2N3O2","Brc1ccc(cc1)NC(=O)C(/NC(=O)c2cccc(Br)c2)=C/c3cccnc3","InChI=1S/C21H15Br2N3O2/c22-16-6-8-18(9-7-16)25-21(28)19(11-14-3-2-10-24-13-14)26-20(27)15-4-1-5-17(23)12-15/h1-13H,(H,25,28)(H,26,27)/b19-11-","QTAAHBOBPUVGJD-ODLFYWEKSA-N"
7871160,"(3E)-3-{[(2,4-Dibromophenoxy)acetyl]hydrazono}-N-(4-fluorophenyl)butanamide",498.954224,"C18H16Br2FN3O3","Brc2cc(Br)ccc2OCC(=O)N/N=C(\C)CC(=O)Nc1ccc(F)cc1","InChI=1S/C18H16Br2FN3O3/c1-11(8-17(25)22-14-5-3-13(21)4-6-14)23-24-18(26)10-27-16-7-2-12(19)9-15(16)20/h2-7,9H,8,10H2,1H3,(H,22,25)(H,24,26)/b23-11+","PKHNZNBSAQOXIO-FOKLQQMPSA-N"
10010542,"(6Z)-2,4-Dibromo-6-({[(3Z)-3-(5-methyl-1,3-dihydro-2H-benzimidazol-2-ylidene)-4-oxo-1,5-cyclohexadien-1-yl]amino}methylene)-2,4-cyclohexadien-1-one",498.953094,"C21H15Br2N3O2","Cc1ccc2c(c1)N/C(=C\3/C=C(C=CC3=O)N/C=C\4/C=C(C=C(C4=O)Br)Br)/N2","InChI=1S/C21H15Br2N3O2/c1-11-2-4-17-18(6-11)26-21(25-17)15-9-14(3-5-19(15)27)24-10-12-7-13(22)8-16(23)20(12)28/h2-10,24-26H,1H3/b12-10-,21-15-","UEVKYLXSFSYASA-IHFWEGNMSA-N"
10596939,"5-[3-(4-Bromophenyl)-2-propyn-1-yl]-5-(2-naphthylsulfonyl)-1,3-thiazolidine-2,4-dione",498.954742,"C22H14BrNO4S2","O=C2NC(=O)SC2(CC#Cc1ccc(Br)cc1)S(=O)(=O)c3cc4ccccc4cc3","InChI=1S/C22H14BrNO4S2/c23-18-10-7-15(8-11-18)4-3-13-22(20(25)24-21(26)29-22)30(27,28)19-12-9-16-5-1-2-6-17(16)14-19/h1-2,5-12,14H,13H2,(H,24,25,26)","OMETVCFGQBMQHH-UHFFFAOYSA-N"
11932340,"{4-[(5E)-5-{[5-(4-Bromophenyl)-2-furyl]methylene}-4-oxo-2-thioxo-1,3-thiazolidin-3-yl]phenyl}acetic acid",498.954742,"C22H14BrNO4S2","c1cc(ccc1CC(=O)O)N2C(=O)/C(=C\c3ccc(o3)c4ccc(cc4)Br)/SC2=S","InChI=1S/C22H14BrNO4S2/c23-15-5-3-14(4-6-15)18-10-9-17(28-18)12-19-21(27)24(22(29)30-19)16-7-1-13(2-8-16)11-20(25)26/h1-10,12H,11H2,(H,25,26)/b19-12+","FBOBNZHUACRBFO-XDHOZWIPSA-N"
11934410,"Methyl 2-[(5E)-5-{[5-(4-bromophenyl)-2-furyl]methylene}-4-oxo-2-thioxo-1,3-thiazolidin-3-yl]benzoate",498.954742,"C22H14BrNO4S2","COC(=O)c1ccccc1N2C(=O)/C(=C\c3ccc(o3)c4ccc(cc4)Br)/SC2=S","InChI=1S/C22H14BrNO4S2/c1-27-21(26)16-4-2-3-5-17(16)24-20(25)19(30-22(24)29)12-15-10-11-18(28-15)13-6-8-14(23)9-7-13/h2-12H,1H3/b19-12+","MLXSJHMGRBCEJN-XDHOZWIPSA-N"
11992618,"4-Bromo-N-(6-bromo-4-oxo-2-phenyl-1,4-dihydro-3(2H)-quinazolinyl)benzamide",498.953094,"C21H15Br2N3O2","c1ccc(cc1)C2Nc3ccc(cc3C(=O)N2NC(=O)c4ccc(cc4)Br)Br","InChI=1S/C21H15Br2N3O2/c22-15-8-6-14(7-9-15)20(27)25-26-19(13-4-2-1-3-5-13)24-18-11-10-16(23)12-17(18)21(26)28/h1-12,19,24H,(H,25,27)","RIPKAEBWJRVEBF-UHFFFAOYSA-N"
12524935,"4-Bromo-N-(4-{[(2E)-2-(3-bromobenzylidene)hydrazino]carbonyl}phenyl)benzamide",498.953094,"C21H15Br2N3O2","c1cc(cc(c1)Br)/C=N/NC(=O)c2ccc(cc2)NC(=O)c3ccc(cc3)Br","InChI=1S/C21H15Br2N3O2/c22-17-8-4-15(5-9-17)20(27)25-19-10-6-16(7-11-19)21(28)26-24-13-14-2-1-3-18(23)12-14/h1-13H,(H,25,27)(H,26,28)/b24-13+","DMKVXXYGIWJTCF-ZMOGYAJESA-N"
12626486,"2-[(1,6-Dibromo-2-naphthyl)oxy]-N'-[(E)-1H-indol-3-ylmethylene]acetohydrazide",498.953094,"C21H15Br2N3O2","c1ccc2c(c1)c(c[nH]2)/C=N/NC(=O)COc3ccc4cc(ccc4c3Br)Br","InChI=1S/C21H15Br2N3O2/c22-15-6-7-17-13(9-15)5-8-19(21(17)23)28-12-20(27)26-25-11-14-10-24-18-4-2-1-3-16(14)18/h1-11,24H,12H2,(H,26,27)/b25-11+","URALKDJNYPAWBS-OPEKNORGSA-N"
13016903,"2-[(E)-{[3-(1H-Benzimidazol-2-yl)phenyl]imino}methyl]-3,4-dibromo-6-methoxyphenol",498.953094,"C21H15Br2N3O2","COc1cc(c(c(c1O)/C=N/c2cccc(c2)c3[nH]c4ccccc4n3)Br)Br","InChI=1S/C21H15Br2N3O2/c1-28-18-10-15(22)19(23)14(20(18)27)11-24-13-6-4-5-12(9-13)21-25-16-7-2-3-8-17(16)26-21/h2-11,27H,1H3,(H,25,26)/b24-11+","PLYTVGKLRGBEEF-BHGWPJFGSA-N"
17234027,"7-Chloro-3-{[(4-chloro-2,5-dimethylphenyl)sulfonyl]amino}-9H-thieno[3,2-b]thiochromene-2-carboxylic acid",498.95401,"C20H15Cl2NO4S3","Cc1cc(c(cc1Cl)C)S(=O)(=O)Nc2c3c(sc2C(=O)O)Cc4cc(ccc4S3)Cl","InChI=1S/C20H15Cl2NO4S3/c1-9-6-16(10(2)5-13(9)22)30(26,27)23-17-18-15(29-19(17)20(24)25)8-11-7-12(21)3-4-14(11)28-18/h3-7,23H,8H2,1-2H3,(H,24,25)","OXLRCZKQMHQZNO-UHFFFAOYSA-N"
17736803,"2-{[4-(1H-Benzoimidazol-2-yl)-phenylimino]-methyl}-3,4-dibromo-6-methoxy-phenol",498.953094,"C21H15Br2N3O2","COc1cc(c(c(c1O)/C=N/c2ccc(cc2)c3[nH]c4ccccc4n3)Br)Br","InChI=1S/C21H15Br2N3O2/c1-28-18-10-15(22)19(23)14(20(18)27)11-24-13-8-6-12(7-9-13)21-25-16-4-2-3-5-17(16)26-21/h2-11,27H,1H3,(H,25,26)/b24-11+","CFVCLMAWXMKMSN-BHGWPJFGSA-N"
18305229,"2,4-Dibromo-6-[(E)-{[4-hydroxy-3-(5-methyl-1H-benzimidazol-2-yl)phenyl]imino}methyl]phenol",498.953094,"C21H15Br2N3O2","Cc1ccc2c(c1)nc([nH]2)c3cc(ccc3O)/N=C/c4cc(cc(c4O)Br)Br","InChI=1S/C21H15Br2N3O2/c1-11-2-4-17-18(6-11)26-21(25-17)15-9-14(3-5-19(15)27)24-10-12-7-13(22)8-16(23)20(12)28/h2-10,27-28H,1H3,(H,25,26)/b24-10+","VTMRAVBTGMSXJY-YSURURNPSA-N"
20858762,"2,5-Dichloro-N-(7-chloro-4-methoxy-1,3-benzothiazol-2-yl)-N-[2-(dimethylamino)ethyl]-3-thiophenecarboxamide hydrochloride (1:1)",498.95163,"C17H17Cl4N3O2S2","CN(C)CCN(c1nc2c(ccc(c2s1)Cl)OC)C(=O)c3cc(sc3Cl)Cl.Cl","InChI=1S/C17H16Cl3N3O2S2.ClH/c1-22(2)6-7-23(16(24)9-8-12(19)26-15(9)20)17-21-13-11(25-3)5-4-10(18)14(13)27-17;/h4-5,8H,6-7H2,1-3H3;1H","NMUXWUYNXWQNRW-UHFFFAOYSA-N"
20863324,"1-[4-(6-Bromo-1,3-benzothiazol-2-yl)-1-piperazinyl]-2-(2,4-dichlorophenoxy)ethanone",498.952362,"C19H16BrCl2N3O2S","c1cc(c(cc1Cl)Cl)OCC(=O)N2CCN(CC2)c3nc4ccc(cc4s3)Br","InChI=1S/C19H16BrCl2N3O2S/c20-12-1-3-15-17(9-12)28-19(23-15)25-7-5-24(6-8-25)18(26)11-27-16-4-2-13(21)10-14(16)22/h1-4,9-10H,5-8,11H2","RWNBRGMGLQRJOI-UHFFFAOYSA-N"
20879969,"2-Iodo-N-[(2Z)-3-[2-(methylsulfanyl)ethyl]-6-nitro-1,3-benzothiazol-2(3H)-ylidene]benzamide",498.952118,"C17H14IN3O3S2","CSCCn\1c2ccc(cc2s/c1=N\C(=O)c3ccccc3I)[N+](=O)[O-]","InChI=1S/C17H14IN3O3S2/c1-25-9-8-20-14-7-6-11(21(23)24)10-15(14)26-17(20)19-16(22)12-4-2-3-5-13(12)18/h2-7,10H,8-9H2,1H3/b19-17-","IDYONOARDOHDDQ-ZPHPHTNESA-N"
21263782,"3-Bromo-N-[(1E)-3-[(3-bromophenyl)amino]-3-oxo-1-(3-pyridinyl)-1-propen-2-yl]benzamide",498.953094,"C21H15Br2N3O2","c1cc(cc(c1)Br)C(=O)N/C(=C/c2cccnc2)/C(=O)Nc3cccc(c3)Br","InChI=1S/C21H15Br2N3O2/c22-16-6-1-5-15(11-16)20(27)26-19(10-14-4-3-9-24-13-14)21(28)25-18-8-2-7-17(23)12-18/h1-13H,(H,25,28)(H,26,27)/b19-10+","NXGKYONHHODAIH-VXLYETTFSA-N"
21634582,"5-Bromo-N-[4-(7-bromo-5-ethyl-1,3-benzoxazol-2-yl)phenyl]nicotinamide",498.953094,"C21H15Br2N3O2","CCc1cc2c(c(c1)Br)oc(n2)c3ccc(cc3)NC(=O)c4cc(cnc4)Br","InChI=1S/C21H15Br2N3O2/c1-2-12-7-17(23)19-18(8-12)26-21(28-19)13-3-5-16(6-4-13)25-20(27)14-9-15(22)11-24-10-14/h3-11H,2H2,1H3,(H,25,27)","QZUSWUDPDWBLDY-UHFFFAOYSA-N"
21765737,"3-Iodo-N-(4-{4-[(methylsulfonyl)amino]phenyl}-1,3-thiazol-2-yl)benzamide",498.952118,"C17H14IN3O3S2","CS(=O)(=O)Nc1ccc(cc1)c2csc(n2)NC(=O)c3cccc(c3)I","InChI=1S/C17H14IN3O3S2/c1-26(23,24)21-14-7-5-11(6-8-14)15-10-25-17(19-15)20-16(22)12-3-2-4-13(18)9-12/h2-10,21H,1H3,(H,19,20,22)","ADGVGYOLLRFNMQ-UHFFFAOYSA-N"
21767963,"4-Iodo-N-(4-{4-[(methylsulfonyl)amino]phenyl}-1,3-thiazol-2-yl)benzamide",498.952118,"C17H14IN3O3S2","CS(=O)(=O)Nc1ccc(cc1)c2csc(n2)NC(=O)c3ccc(cc3)I","InChI=1S/C17H14IN3O3S2/c1-26(23,24)21-14-8-4-11(5-9-14)15-10-25-17(19-15)20-16(22)12-2-6-13(18)7-3-12/h2-10,21H,1H3,(H,19,20,22)","HPHUPXYRBWJPGJ-UHFFFAOYSA-N"
21798532,"3,5-Dibromo-4-hydroxy-N'-[(E)-(9-methyl-9H-carbazol-3-yl)methylene]benzohydrazide",498.953094,"C21H15Br2N3O2","Cn1c2ccccc2c3c1ccc(c3)/C=N/NC(=O)c4cc(c(c(c4)Br)O)Br","InChI=1S/C21H15Br2N3O2/c1-26-18-5-3-2-4-14(18)15-8-12(6-7-19(15)26)11-24-25-21(28)13-9-16(22)20(27)17(23)10-13/h2-11,27H,1H3,(H,25,28)/b24-11+","NPYDGJWNGXTZAS-BHGWPJFGSA-N"
21856128,"4-Amino-N-{4-[(E)-2-(2,4-dichlorophenyl)vinyl]-2-pyridinyl}benzenesulfonamide hydrobromide (1:1)",498.952362,"C19H16BrCl2N3O2S","c1cc(ccc1N)S(=O)(=O)Nc2cc(ccn2)/C=C/c3ccc(cc3Cl)Cl.Br","InChI=1S/C19H15Cl2N3O2S.BrH/c20-15-4-3-14(18(21)12-15)2-1-13-9-10-23-19(11-13)24-27(25,26)17-7-5-16(22)6-8-17;/h1-12H,22H2,(H,23,24);1H/b2-1+;","ZVYRMQRSOHQNEG-TYYBGVCCSA-N"
22056350,"N-(2-Iodophenyl)-N~2~-(phenylsulfonyl)-N~2~-1,3-thiazol-2-ylglycinamide",498.952118,"C17H14IN3O3S2","c1ccc(cc1)S(=O)(=O)N(CC(=O)Nc2ccccc2I)c3nccs3","InChI=1S/C17H14IN3O3S2/c18-14-8-4-5-9-15(14)20-16(22)12-21(17-19-10-11-25-17)26(23,24)13-6-2-1-3-7-13/h1-11H,12H2,(H,20,22)","YQNULFGROIVMBA-UHFFFAOYSA-N"
22591227,"N-[4-(6,8-Dibromoimidazo[1,2-a]pyridin-2-yl)phenyl]-3-methoxybenzamide",498.953094,"C21H15Br2N3O2","COc1cccc(c1)C(=O)Nc2ccc(cc2)c3cn4cc(cc(c4n3)Br)Br","InChI=1S/C21H15Br2N3O2/c1-28-17-4-2-3-14(9-17)21(27)24-16-7-5-13(6-8-16)19-12-26-11-15(22)10-18(23)20(26)25-19/h2-12H,1H3,(H,24,27)","LDXZQPYPPBSHDT-UHFFFAOYSA-N"
22591330,"N-[3-(6,8-Dibromoimidazo[1,2-a]pyridin-2-yl)phenyl]-4-methoxybenzamide",498.953094,"C21H15Br2N3O2","COc1ccc(cc1)C(=O)Nc2cccc(c2)c3cn4cc(cc(c4n3)Br)Br","InChI=1S/C21H15Br2N3O2/c1-28-17-7-5-13(6-8-17)21(27)24-16-4-2-3-14(9-16)19-12-26-11-15(22)10-18(23)20(26)25-19/h2-12H,1H3,(H,24,27)","BILGBBKGEURWPG-UHFFFAOYSA-N"
22591349,"N-[4-(6,8-Dibromoimidazo[1,2-a]pyridin-2-yl)phenyl]-2-phenoxyacetamide",498.953094,"C21H15Br2N3O2","c1ccc(cc1)OCC(=O)Nc2ccc(cc2)c3cn4cc(cc(c4n3)Br)Br","InChI=1S/C21H15Br2N3O2/c22-15-10-18(23)21-25-19(12-26(21)11-15)14-6-8-16(9-7-14)24-20(27)13-28-17-4-2-1-3-5-17/h1-12H,13H2,(H,24,27)","RAFNTTYLMYZFNU-UHFFFAOYSA-N"
22591534,"N-[3-(6,8-Dibromoimidazo[1,2-a]pyridin-2-yl)phenyl]-2-phenoxyacetamide",498.953094,"C21H15Br2N3O2","c1ccc(cc1)OCC(=O)Nc2cccc(c2)c3cn4cc(cc(c4n3)Br)Br","InChI=1S/C21H15Br2N3O2/c22-15-10-18(23)21-25-19(12-26(21)11-15)14-5-4-6-16(9-14)24-20(27)13-28-17-7-2-1-3-8-17/h1-12H,13H2,(H,24,27)","LGPFXZWTHQRTAE-UHFFFAOYSA-N"
22942704,"2,6-Dibromo-4-[(E)-({4-[(E)-phenyldiazenyl]phenyl}imino)methyl]phenyl acetate",498.953094,"C21H15Br2N3O2","CC(=O)Oc1c(cc(cc1Br)/C=N/c2ccc(cc2)/N=N/c3ccccc3)Br","InChI=1S/C21H15Br2N3O2/c1-14(27)28-21-19(22)11-15(12-20(21)23)13-24-16-7-9-18(10-8-16)26-25-17-5-3-2-4-6-17/h2-13H,1H3/b24-13+,26-25+","ZUSVYTZVHOODCM-ZXSYOUNQSA-N"
24373017,"2-({[(6-Ethylthieno[2,3-d]pyrimidin-4-yl)sulfanyl]acetyl}amino)-5-iodobenzoic acid",498.952118,"C17H14IN3O3S2","CCc1cc2c(s1)ncnc2SCC(=O)Nc3ccc(cc3C(=O)O)I","InChI=1S/C17H14IN3O3S2/c1-2-10-6-12-15(19-8-20-16(12)26-10)25-7-14(22)21-13-4-3-9(18)5-11(13)17(23)24/h3-6,8H,2,7H2,1H3,(H,21,22)(H,23,24)","PAVAAIGGOPPPTF-UHFFFAOYSA-N"
24375100,"2-({[(5,6-Dimethylthieno[2,3-d]pyrimidin-4-yl)sulfanyl]acetyl}amino)-5-iodobenzoic acid",498.952118,"C17H14IN3O3S2","Cc1c(sc2c1c(ncn2)SCC(=O)Nc3ccc(cc3C(=O)O)I)C","InChI=1S/C17H14IN3O3S2/c1-8-9(2)26-16-14(8)15(19-7-20-16)25-6-13(22)21-12-4-3-10(18)5-11(12)17(23)24/h3-5,7H,6H2,1-2H3,(H,21,22)(H,23,24)","YTPZMQBAERDNTM-UHFFFAOYSA-N"
24392708,"2-({[4-(2-Chlorophenyl)-5-oxo-4,5-dihydro-1H-tetrazol-1-yl]acetyl}amino)-5-iodobenzoic acid",498.954407,"C16H11ClIN5O4","c1ccc(c(c1)n2c(=O)n(nn2)CC(=O)Nc3ccc(cc3C(=O)O)I)Cl","InChI=1S/C16H11ClIN5O4/c17-11-3-1-2-4-13(11)23-16(27)22(20-21-23)8-14(24)19-12-6-5-9(18)7-10(12)15(25)26/h1-7H,8H2,(H,19,24)(H,25,26)","ILEMGVOFEUXQIA-UHFFFAOYSA-N"
26405335,"3-Bromo-N-(2-{[(2E)-2-(2-bromobenzylidene)hydrazino]carbonyl}phenyl)benzamide",498.953094,"C21H15Br2N3O2","c1ccc(c(c1)/C=N/NC(=O)c2ccccc2NC(=O)c3cccc(c3)Br)Br","InChI=1S/C21H15Br2N3O2/c22-16-8-5-7-14(12-16)20(27)25-19-11-4-2-9-17(19)21(28)26-24-13-15-6-1-3-10-18(15)23/h1-13H,(H,25,27)(H,26,28)/b24-13+","COLBULRIFKFMAN-ZMOGYAJESA-N"
26405338,"2-Bromo-N-(2-{[(2E)-2-(2-bromobenzylidene)hydrazino]carbonyl}phenyl)benzamide",498.953094,"C21H15Br2N3O2","c1ccc(c(c1)/C=N/NC(=O)c2ccccc2NC(=O)c3ccccc3Br)Br","InChI=1S/C21H15Br2N3O2/c22-17-10-4-1-7-14(17)13-24-26-21(28)16-9-3-6-12-19(16)25-20(27)15-8-2-5-11-18(15)23/h1-13H,(H,25,27)(H,26,28)/b24-13+","XVXQNDBWZBSPGK-ZMOGYAJESA-N"
26405353,"4-Bromo-N-(2-{[(2E)-2-(4-bromobenzylidene)hydrazino]carbonyl}phenyl)benzamide",498.953094,"C21H15Br2N3O2","c1ccc(c(c1)C(=O)N/N=C/c2ccc(cc2)Br)NC(=O)c3ccc(cc3)Br","InChI=1S/C21H15Br2N3O2/c22-16-9-5-14(6-10-16)13-24-26-21(28)18-3-1-2-4-19(18)25-20(27)15-7-11-17(23)12-8-15/h1-13H,(H,25,27)(H,26,28)/b24-13+","DTKPRVRQRZPSMR-ZMOGYAJESA-N"
26501454,"N-(4-Bromophenyl)-2-{2-[(3,4-dichlorophenyl)imino]-3-ethyl-4-oxo-1,3-thiazolidin-5-yl}acetamide",498.952362,"C19H16BrCl2N3O2S","CCN1C(=O)C(SC1=Nc2ccc(c(c2)Cl)Cl)CC(=O)Nc3ccc(cc3)Br","InChI=1S/C19H16BrCl2N3O2S/c1-2-25-18(27)16(10-17(26)23-12-5-3-11(20)4-6-12)28-19(25)24-13-7-8-14(21)15(22)9-13/h3-9,16H,2,10H2,1H3,(H,23,26)","ICSCVFCUDOVRLD-UHFFFAOYSA-N"
29848649,"4-Amino-N-{4-[2-(2,4-dichlorophenyl)vinyl]-2-pyridinyl}benzenesulfonamide hydrobromide (1:1)",498.952362,"C19H16BrCl2N3O2S","c1cc(ccc1N)S(=O)(=O)Nc2cc(ccn2)C=Cc3ccc(cc3Cl)Cl.Br","InChI=1S/C19H15Cl2N3O2S.BrH/c20-15-4-3-14(18(21)12-15)2-1-13-9-10-23-19(11-13)24-27(25,26)17-7-5-16(22)6-8-17;/h1-12H,22H2,(H,23,24);1H","ZVYRMQRSOHQNEG-UHFFFAOYSA-N"
30588814,"N-[4-(4-Iodophenyl)-1,3-thiazol-2-yl]-3-(methylsulfamoyl)benzamide",498.952118,"C17H14IN3O3S2","CNS(=O)(=O)c1cccc(c1)C(=O)Nc2nc(cs2)c3ccc(cc3)I","InChI=1S/C17H14IN3O3S2/c1-19-26(23,24)14-4-2-3-12(9-14)16(22)21-17-20-15(10-25-17)11-5-7-13(18)8-6-11/h2-10,19H,1H3,(H,20,21,22)","OYKHTQYTUSLAAQ-UHFFFAOYSA-N"
31001866,"3-Bromo-N-[(1E)-3-[(4-bromophenyl)amino]-3-oxo-1-(3-pyridinyl)-1-propen-2-yl]benzamide",498.953094,"C21H15Br2N3O2","c1cc(cc(c1)Br)C(=O)N/C(=C/c2cccnc2)/C(=O)Nc3ccc(cc3)Br","InChI=1S/C21H15Br2N3O2/c22-16-6-8-18(9-7-16)25-21(28)19(11-14-3-2-10-24-13-14)26-20(27)15-4-1-5-17(23)12-15/h1-13H,(H,25,28)(H,26,27)/b19-11+","QTAAHBOBPUVGJD-YBFXNURJSA-N"
31073544,"N-[4-(4-Iodophenyl)-1,3-thiazol-2-yl]-3-[(methylsulfonyl)amino]benzamide",498.952118,"C17H14IN3O3S2","CS(=O)(=O)Nc1cccc(c1)C(=O)Nc2nc(cs2)c3ccc(cc3)I","InChI=1S/C17H14IN3O3S2/c1-26(23,24)21-14-4-2-3-12(9-14)16(22)20-17-19-15(10-25-17)11-5-7-13(18)8-6-11/h2-10,21H,1H3,(H,19,20,22)","MFBIIMLRPUDYBI-UHFFFAOYSA-N"
32782217,"2-({[3-(1H-Benzimidazol-2-yl)phenyl]imino}methyl)-3,4-dibromo-6-methoxyphenol",498.953094,"C21H15Br2N3O2","COc1cc(c(c(c1O)C=Nc2cccc(c2)c3[nH]c4ccccc4n3)Br)Br","InChI=1S/C21H15Br2N3O2/c1-28-18-10-15(22)19(23)14(20(18)27)11-24-13-6-4-5-12(9-13)21-25-16-7-2-3-8-17(16)26-21/h2-11,27H,1H3,(H,25,26)","PLYTVGKLRGBEEF-UHFFFAOYSA-N"
33059194,"N-[4-(4-Iodophenyl)-1,3-thiazol-2-yl]-4-(methylsulfamoyl)benzamide",498.952118,"C17H14IN3O3S2","CNS(=O)(=O)c1ccc(cc1)C(=O)Nc2nc(cs2)c3ccc(cc3)I","InChI=1S/C17H14IN3O3S2/c1-19-26(23,24)14-8-4-12(5-9-14)16(22)21-17-20-15(10-25-17)11-2-6-13(18)7-3-11/h2-10,19H,1H3,(H,20,21,22)","NXNJQPXXWOEIJA-UHFFFAOYSA-N"
34748236,"N-(2-Iodophenyl)-2-{2-[(phenylsulfonyl)amino]-1,3-thiazol-4-yl}acetamide",498.952118,"C17H14IN3O3S2","c1ccc(cc1)S(=O)(=O)Nc2nc(cs2)CC(=O)Nc3ccccc3I","InChI=1S/C17H14IN3O3S2/c18-14-8-4-5-9-15(14)20-16(22)10-12-11-25-17(19-12)21-26(23,24)13-6-2-1-3-7-13/h1-9,11H,10H2,(H,19,21)(H,20,22)","FGPVPHZIJMBNQZ-UHFFFAOYSA-N"
34748309,"N-(4-Iodophenyl)-2-{2-[(phenylsulfonyl)amino]-1,3-thiazol-4-yl}acetamide",498.952118,"C17H14IN3O3S2","c1ccc(cc1)S(=O)(=O)Nc2nc(cs2)CC(=O)Nc3ccc(cc3)I","InChI=1S/C17H14IN3O3S2/c18-12-6-8-13(9-7-12)19-16(22)10-14-11-25-17(20-14)21-26(23,24)15-4-2-1-3-5-15/h1-9,11H,10H2,(H,19,22)(H,20,21)","WXEIHRJACJVKDE-UHFFFAOYSA-N"
34866605,"4-[(5-Bromo-1-benzofuran-2-yl)carbonyl]-3-hydroxy-5-(2-thienyl)-1-(2-thienylmethyl)-1,5-dihydro-2H-pyrrol-2-one",498.954742,"C22H14BrNO4S2","c1cc(sc1)CN2C(C(=C(C2=O)O)C(=O)c3cc4cc(ccc4o3)Br)c5cccs5","InChI=1S/C22H14BrNO4S2/c23-13-5-6-15-12(9-13)10-16(28-15)20(25)18-19(17-4-2-8-30-17)24(22(27)21(18)26)11-14-3-1-7-29-14/h1-10,19,26H,11H2","BVYFIFCWBCDVIR-UHFFFAOYSA-N"
35261671,"2-({[4-(1H-Benzimidazol-2-yl)phenyl]imino}methyl)-3,4-dibromo-6-methoxyphenol",498.953094,"C21H15Br2N3O2","COc1cc(c(c(c1O)C=Nc2ccc(cc2)c3[nH]c4ccccc4n3)Br)Br","InChI=1S/C21H15Br2N3O2/c1-28-18-10-15(22)19(23)14(20(18)27)11-24-13-8-6-12(7-9-13)21-25-16-4-2-3-5-17(16)26-21/h2-11,27H,1H3,(H,25,26)","CFVCLMAWXMKMSN-UHFFFAOYSA-N"
35314913,"N-(3-Allyl-6-sulfamoyl-1,3-benzothiazol-2(3H)-ylidene)-2-iodobenzamide",498.952118,"C17H14IN3O3S2","C=CCn1c2ccc(cc2sc1=NC(=O)c3ccccc3I)S(=O)(=O)N","InChI=1S/C17H14IN3O3S2/c1-2-9-21-14-8-7-11(26(19,23)24)10-15(14)25-17(21)20-16(22)12-5-3-4-6-13(12)18/h2-8,10H,1,9H2,(H2,19,23,24)","GFVSHIPUSYKLBJ-UHFFFAOYSA-N"
35335614,"2,6-Dibromo-4-({[4-(phenyldiazenyl)phenyl]imino}methyl)phenyl acetate",498.953094,"C21H15Br2N3O2","CC(=O)Oc1c(cc(cc1Br)C=Nc2ccc(cc2)N=Nc3ccccc3)Br","InChI=1S/C21H15Br2N3O2/c1-14(27)28-21-19(22)11-15(12-20(21)23)13-24-16-7-9-18(10-8-16)26-25-17-5-3-2-4-6-17/h2-13H,1H3","ZUSVYTZVHOODCM-UHFFFAOYSA-N"
35346539,"4-Bromo-N-(4-{[2-(3-bromobenzylidene)hydrazino]carbonyl}phenyl)benzamide",498.953094,"C21H15Br2N3O2","c1cc(cc(c1)Br)C=NNC(=O)c2ccc(cc2)NC(=O)c3ccc(cc3)Br","InChI=1S/C21H15Br2N3O2/c22-17-8-4-15(5-9-17)20(27)25-19-10-6-16(7-11-19)21(28)26-24-13-14-2-1-3-18(23)12-14/h1-13H,(H,25,27)(H,26,28)","DMKVXXYGIWJTCF-UHFFFAOYSA-N"
35392379,"3,5-Dibromo-4-hydroxy-N'-[(9-methyl-9H-carbazol-3-yl)methylene]benzohydrazide",498.953094,"C21H15Br2N3O2","Cn1c2ccccc2c3c1ccc(c3)C=NNC(=O)c4cc(c(c(c4)Br)O)Br","InChI=1S/C21H15Br2N3O2/c1-26-18-5-3-2-4-14(18)15-8-12(6-7-19(15)26)11-24-25-21(28)13-9-16(22)20(27)17(23)10-13/h2-11,27H,1H3,(H,25,28)","NPYDGJWNGXTZAS-UHFFFAOYSA-N"
35395347,"N-(4-Bromophenyl)-2-[(3,4-dichlorophenyl)imino]-3-ethyl-4-oxo-1,3-thiazinane-6-carboxamide",498.952362,"C19H16BrCl2N3O2S","CCN1C(=O)CC(SC1=Nc2ccc(c(c2)Cl)Cl)C(=O)Nc3ccc(cc3)Br","InChI=1S/C19H16BrCl2N3O2S/c1-2-25-17(26)10-16(18(27)23-12-5-3-11(20)4-6-12)28-19(25)24-13-7-8-14(21)15(22)9-13/h3-9,16H,2,10H2,1H3,(H,23,27)","VOIVDXZVOPVDNJ-UHFFFAOYSA-N"
39317181,"(5-Bromo-2-chlorophenyl)[4-(7-chloro-4-methoxy-1,3-benzothiazol-2-yl)-1-piperazinyl]methanone",498.952362,"C19H16BrCl2N3O2S","COc1ccc(c2c1nc(s2)N3CCN(CC3)C(=O)c4cc(ccc4Cl)Br)Cl","InChI=1S/C19H16BrCl2N3O2S/c1-27-15-5-4-14(22)17-16(15)23-19(28-17)25-8-6-24(7-9-25)18(26)12-10-11(20)2-3-13(12)21/h2-5,10H,6-9H2,1H3","ZJRKSBGTIZTJFK-UHFFFAOYSA-N"
