"Identifier","CompoundName","MonoisotopicMass","MolecularFormula","SMILES","InChI","InChIKey"
131044,"5-(2,4-Dichlorophenoxy)-2-nitrobenzoic acid",326.970123,"C13H7Cl2NO5","c1cc(c(cc1Oc2ccc(cc2Cl)Cl)C(=O)O)[N+](=O)[O-]","InChI=1S/C13H7Cl2NO5/c14-7-1-4-12(10(15)5-7)21-8-2-3-11(16(19)20)9(6-8)13(17)18/h1-6H,(H,17,18)","IUSYSZLVZMUVDO-UHFFFAOYSA-N"
449208,"4-(3,4-Dichlorophenoxy)-3-nitrobenzoic acid",326.970123,"C13H7Cl2NO5","c1cc(c(cc1C(=O)O)[N+](=O)[O-])Oc2ccc(c(c2)Cl)Cl","InChI=1S/C13H7Cl2NO5/c14-9-3-2-8(6-10(9)15)21-12-4-1-7(13(17)18)5-11(12)16(19)20/h1-6H,(H,17,18)","OBLMPDYQGQXOHY-UHFFFAOYSA-N"
547238,"2-(4-Bromophenyl)-8H-thieno[2,3-b]indole",326.97171,"C16H10BrNS","c1ccc2c(c1)c3cc(sc3[nH]2)c4ccc(cc4)Br","InChI=1S/C16H10BrNS/c17-11-7-5-10(6-8-11)15-9-13-12-3-1-2-4-14(12)18-16(13)19-15/h1-9,18H","IQXVMRBNLPKBEK-UHFFFAOYSA-N"
626805,"N-(4-Bromo-2,5-dimethoxyphenyl)-2,2,2-trifluoroacetamide",326.971771,"C10H9BrF3NO3","COc1cc(c(cc1Br)OC)NC(=O)C(F)(F)F","InChI=1S/C10H9BrF3NO3/c1-17-7-4-6(8(18-2)3-5(7)11)15-9(16)10(12,13)14/h3-4H,1-2H3,(H,15,16)","CMFWOIRVYSVUHT-UHFFFAOYSA-N"
1221522,"{[(7,7-Dioxido-5,6-dihydro-4H-thieno[2,3-b]thiopyran-4-ylidene)amino]oxy}(2-thienyl)methanone",326.96936,"C12H9NO4S3","c1cc(sc1)C(=O)ON=C2CCS(=O)(=O)c3c2ccs3","InChI=1S/C12H9NO4S3/c14-11(10-2-1-5-18-10)17-13-9-4-7-20(15,16)12-8(9)3-6-19-12/h1-3,5-6H,4,7H2","NSLRLYVZEWEPPS-UHFFFAOYSA-N"
2008631,"2,6-Dichlorobenzyl phenylcarbamodithioate",326.971008,"C14H11Cl2NS2","c1ccc(cc1)NC(=S)SCc2c(cccc2Cl)Cl","InChI=1S/C14H11Cl2NS2/c15-12-7-4-8-13(16)11(12)9-19-14(18)17-10-5-2-1-3-6-10/h1-8H,9H2,(H,17,18)","RYGMALBMRIRJJE-UHFFFAOYSA-N"
2012468,"{[(2-bromo-4,6-difluoroanilino)(imino)methyl]amino}methanimidamide hydrochloride",326.969788,"C8H9BrClF2N5","c1c(cc(c(c1F)/N=C(/N)\N=C(N)N)Br)F.Cl","InChI=1S/C8H8BrF2N5.ClH/c9-4-1-3(10)2-5(11)6(4)15-8(14)16-7(12)13;/h1-2H,(H6,12,13,14,15,16);1H","CBVNANNHKYWEFN-UHFFFAOYSA-N"
2083201,"5-Bromo-N-(2,4-difluorophenyl)-2-hydroxybenzamide",326.970642,"C13H8BrF2NO2","c1cc(c(cc1F)F)NC(=O)c2cc(ccc2O)Br","InChI=1S/C13H8BrF2NO2/c14-7-1-4-12(18)9(5-7)13(19)17-11-3-2-8(15)6-10(11)16/h1-6,18H,(H,17,19)","VOCUVUQPPKZZRK-UHFFFAOYSA-N"
2097643,"Methyl 4'-cyano-5'-(methylsulfonyl)-2,3'-bithiophene-2'-carboxylate",326.96936,"C12H9NO4S3","COC(=O)c1c(c(c(s1)S(=O)(=O)C)C#N)c2cccs2","InChI=1S/C12H9NO4S3/c1-17-11(14)10-9(8-4-3-5-18-8)7(6-13)12(19-10)20(2,15)16/h3-5H,1-2H3","HRKOLHXUDMIMPP-UHFFFAOYSA-N"
2100437,"6-Nitro-3-(2-thienylsulfanyl)-2,3-dihydro-1-benzothiophene 1,1-dioxide",326.96936,"C12H9NO4S3","c1cc(sc1)SC2CS(=O)(=O)c3c2ccc(c3)[N+](=O)[O-]","InChI=1S/C12H9NO4S3/c14-13(15)8-3-4-9-10(19-12-2-1-5-18-12)7-20(16,17)11(9)6-8/h1-6,10H,7H2","VUPUISNBHVXDMK-UHFFFAOYSA-N"
2297344,"4-Chlorobenzyl (4-chlorophenyl)carbamodithioate",326.971008,"C14H11Cl2NS2","c1cc(ccc1CSC(=S)Nc2ccc(cc2)Cl)Cl","InChI=1S/C14H11Cl2NS2/c15-11-3-1-10(2-4-11)9-19-14(18)17-13-7-5-12(16)6-8-13/h1-8H,9H2,(H,17,18)","BGGLDGUKEPSQGV-UHFFFAOYSA-N"
2297526,"4-Chlorobenzyl (3-chlorophenyl)carbamodithioate",326.971008,"C14H11Cl2NS2","c1cc(cc(c1)Cl)NC(=S)SCc2ccc(cc2)Cl","InChI=1S/C14H11Cl2NS2/c15-11-6-4-10(5-7-11)9-19-14(18)17-13-3-1-2-12(16)8-13/h1-8H,9H2,(H,17,18)","SCWRLORCTXSBAL-UHFFFAOYSA-N"
2638516,"Benzyl (3,4-dichlorophenyl)carbamodithioate",326.971008,"C14H11Cl2NS2","c1ccc(cc1)CSC(=S)Nc2ccc(c(c2)Cl)Cl","InChI=1S/C14H11Cl2NS2/c15-12-7-6-11(8-13(12)16)17-14(18)19-9-10-4-2-1-3-5-10/h1-8H,9H2,(H,17,18)","RDZBQVNSFABZJV-UHFFFAOYSA-N"
2819054,"N-(4-Bromo-2,5-difluorophenyl)-2-hydroxybenzamide",326.970642,"C13H8BrF2NO2","c1ccc(c(c1)C(=O)Nc2cc(c(cc2F)Br)F)O","InChI=1S/C13H8BrF2NO2/c14-8-5-10(16)11(6-9(8)15)17-13(19)7-3-1-2-4-12(7)18/h1-6,18H,(H,17,19)","AGHQLFYMJSOGRN-UHFFFAOYSA-N"
3018873,"2-(2,5-Dichloro-3-thienyl)-4-fluoro-7-methyl-1H-indole-3-carbaldehyde",326.968781,"C14H8Cl2FNOS","Cc1ccc(c2c1[nH]c(c2C=O)c3cc(sc3Cl)Cl)F","InChI=1S/C14H8Cl2FNOS/c1-6-2-3-9(17)11-8(5-19)13(18-12(6)11)7-4-10(15)20-14(7)16/h2-5,18H,1H3","SXXBQDBCCRIEFK-UHFFFAOYSA-N"
3269115,"4-Bromophenyl (2,5-difluorophenyl)carbamate",326.970642,"C13H8BrF2NO2","c1cc(ccc1OC(=O)Nc2cc(ccc2F)F)Br","InChI=1S/C13H8BrF2NO2/c14-8-1-4-10(5-2-8)19-13(18)17-12-7-9(15)3-6-11(12)16/h1-7H,(H,17,18)","CNTIPTJSENVKEW-UHFFFAOYSA-N"
3330090,"2-(2,4-Dichlorophenyl)-3-(5-nitro-2-furyl)acrylic acid",326.970123,"C13H7Cl2NO5","c1cc(c(cc1Cl)Cl)C(=Cc2ccc(o2)[N+](=O)[O-])C(=O)O","InChI=1S/C13H7Cl2NO5/c14-7-1-3-9(11(15)5-7)10(13(17)18)6-8-2-4-12(21-8)16(19)20/h1-6H,(H,17,18)","FLCGJTUEAFWJRD-UHFFFAOYSA-N"
3613327,"Benzyl (3,5-dichlorophenyl)carbamodithioate",326.971008,"C14H11Cl2NS2","c1ccc(cc1)CSC(=S)Nc2cc(cc(c2)Cl)Cl","InChI=1S/C14H11Cl2NS2/c15-11-6-12(16)8-13(7-11)17-14(18)19-9-10-4-2-1-3-5-10/h1-8H,9H2,(H,17,18)","NKJREIVPIUWPBQ-UHFFFAOYSA-N"
3615546,"3-(5-Bromo-2-furyl)-N-(2,4-difluorophenyl)acrylamide",326.970642,"C13H8BrF2NO2","c1cc(c(cc1F)F)NC(=O)C=Cc2ccc(o2)Br","InChI=1S/C13H8BrF2NO2/c14-12-5-2-9(19-12)3-6-13(18)17-11-4-1-8(15)7-10(11)16/h1-7H,(H,17,18)","PXCQMRDWNUXPLI-UHFFFAOYSA-N"
4603777,"{[(Z)-(7,7-Dioxido-5,6-dihydro-4H-thieno[2,3-b]thiopyran-4-ylidene)amino]oxy}(2-thienyl)methanone",326.96936,"C12H9NO4S3","c1cc(sc1)C(=O)O/N=C\2/CCS(=O)(=O)c3c2ccs3","InChI=1S/C12H9NO4S3/c14-11(10-2-1-5-18-10)17-13-9-4-7-20(15,16)12-8(9)3-6-19-12/h1-3,5-6H,4,7H2/b13-9-","NSLRLYVZEWEPPS-LCYFTJDESA-N"
4633387,"(2E)-3-(5-Bromo-2-furyl)-N-(2,4-difluorophenyl)acrylamide",326.970642,"C13H8BrF2NO2","c1cc(c(cc1F)F)NC(=O)/C=C/c2ccc(o2)Br","InChI=1S/C13H8BrF2NO2/c14-12-5-2-9(19-12)3-6-13(18)17-11-4-1-8(15)7-10(11)16/h1-7H,(H,17,18)/b6-3+","PXCQMRDWNUXPLI-ZZXKWVIFSA-N"
4749710,"{[(E)-(7,7-Dioxido-5,6-dihydro-4H-thieno[2,3-b]thiopyran-4-ylidene)amino]oxy}(2-thienyl)methanone",326.96936,"C12H9NO4S3","c1cc(sc1)C(=O)O/N=C/2\CCS(=O)(=O)c3c2ccs3","InChI=1S/C12H9NO4S3/c14-11(10-2-1-5-18-10)17-13-9-4-7-20(15,16)12-8(9)3-6-19-12/h1-3,5-6H,4,7H2/b13-9+","NSLRLYVZEWEPPS-UKTHLTGXSA-N"
4910989,"4-(Dibromomethyl)-3-hydroxy-1,2,2,5,5-pentamethyl-2,5-dihydro-1H-imidazol-3-ium",326.970215,"C9H17Br2N2O","CC1(C(=[N+](C(N1C)(C)C)O)C(Br)Br)C","InChI=1S/C9H17Br2N2O/c1-8(2)6(7(10)11)13(14)9(3,4)12(8)5/h7,14H,1-5H3/q+1","JVOPTXDXRIJWKZ-UHFFFAOYSA-N"
4991979,"N-(6-Methyl-2-oxo-1,3-benzoxathiol-5-yl)-2-thiophenesulfonamide",326.96936,"C12H9NO4S3","Cc1cc2c(cc1NS(=O)(=O)c3cccs3)sc(=O)o2","InChI=1S/C12H9NO4S3/c1-7-5-9-10(19-12(14)17-9)6-8(7)13-20(15,16)11-3-2-4-18-11/h2-6,13H,1H3","YAYUVAMIKMSPMJ-UHFFFAOYSA-N"
5956185,"2-Bromo-4-nitro-6-{[2-(2H-tetrazol-5-yl)hydrazino]methylene}-2,4-cyclohexadien-1-one",326.971527,"C8H6BrN7O3","[O-][N+](=O)\C\2=C\C(=CNNc1nnnn1)C(=O)C(/Br)=C/2","InChI=1S/C8H6BrN7O3/c9-6-2-5(16(18)19)1-4(7(6)17)3-10-11-8-12-14-15-13-8/h1-3,10H,(H2,11,12,13,14,15)","ZGIQRPCSSPLQCL-UHFFFAOYSA-N"
8016075,"(5Z)-3-Methyl-5-{[5-(5-oxo-1,3-dioxolan-4-yl)-2-thienyl]methylene}-2-thioxo-1,3-thiazolidin-4-one",326.96936,"C12H9NO4S3","O=C1C(/SC(=S)N1C)=C/c2sc(cc2)C3OCOC3=O","InChI=1S/C12H9NO4S3/c1-13-10(14)8(20-12(13)18)4-6-2-3-7(19-6)9-11(15)17-5-16-9/h2-4,9H,5H2,1H3/b8-4-","XTTCNTPFAACBFX-YWEYNIOJSA-N"
10438821,"1-(4-Iodo-5-nitro-1H-imidazol-1-yl)-3-methoxy-2-propanol",326.971588,"C7H10IN3O4","COCC(Cn1cnc(c1[N+](=O)[O-])I)O","InChI=1S/C7H10IN3O4/c1-15-3-5(12)2-10-4-9-6(8)7(10)11(13)14/h4-5,12H,2-3H2,1H3","ONRURMYBGPWDPS-UHFFFAOYSA-N"
10438822,"1-(5-Iodo-4-nitro-1H-imidazol-1-yl)-3-methoxy-2-propanol",326.971588,"C7H10IN3O4","COCC(Cn1cnc(c1I)[N+](=O)[O-])O","InChI=1S/C7H10IN3O4/c1-15-3-5(12)2-10-4-9-7(6(10)8)11(13)14/h4-5,12H,2-3H2,1H3","GKXTXCVPQAQANT-UHFFFAOYSA-N"
10517708,"1-(4-Bromophenyl)-4H-thieno[3,4-b]indole",326.97171,"C16H10BrNS","Brc1ccc(cc1)c2scc3nc4ccccc4c23","InChI=1S/C16H10BrNS/c17-11-7-5-10(6-8-11)16-15-12-3-1-2-4-13(12)18-14(15)9-19-16/h1-9,18H","VXMZZWDDUNDXPW-UHFFFAOYSA-N"
11900156,"(2Z)-N-(2-Chloro-4-nitrophenyl)-2-(2,4-dioxo-1,3-thiazolidin-5-ylidene)acetamide",326.97168,"C11H6ClN3O5S","c1cc(c(cc1[N+](=O)[O-])Cl)NC(=O)/C=C\2/C(=O)NC(=O)S2","InChI=1S/C11H6ClN3O5S/c12-6-3-5(15(19)20)1-2-7(6)13-9(16)4-8-10(17)14-11(18)21-8/h1-4H,(H,13,16)(H,14,17,18)/b8-4-","IRJISUDBFWHHRV-YWEYNIOJSA-N"
12285548,"5-(Bromomethyl)[1]benzothieno[3,2-c]isoquinoline",326.97171,"C16H10BrNS","c1ccc2c(c1)c(nc3c2sc4c3cccc4)CBr","InChI=1S/C16H10BrNS/c17-9-13-10-5-1-2-6-11(10)16-15(18-13)12-7-3-4-8-14(12)19-16/h1-8H,9H2","WRKSTSGSCUPPOK-UHFFFAOYSA-N"
23213524,"2-(3,4-Dichlorophenoxy)-5-nitrobenzoic acid",326.970123,"C13H7Cl2NO5","c1cc(c(cc1[N+](=O)[O-])C(=O)O)Oc2ccc(c(c2)Cl)Cl","InChI=1S/C13H7Cl2NO5/c14-10-3-2-8(6-11(10)15)21-12-4-1-7(16(19)20)5-9(12)13(17)18/h1-6H,(H,17,18)","LHVILXLCPCIDCS-UHFFFAOYSA-N"
23630099,"2-Bromo-6-[(E)-(1,2-dihydro-5H-tetrazol-5-ylidenehydrazono)methyl]-4-nitrophenol",326.971527,"C8H6BrN7O3","c1c(cc(c(c1/C=N/Nc2[nH]nnn2)O)Br)[N+](=O)[O-]","InChI=1S/C8H6BrN7O3/c9-6-2-5(16(18)19)1-4(7(6)17)3-10-11-8-12-14-15-13-8/h1-3,17H,(H2,11,12,13,14,15)/b10-3+","KYMTXDBNKNUOLZ-XCVCLJGOSA-N"
24233249,"2-(2,3-Dichlorophenoxy)-5-nitrobenzoic acid",326.970123,"C13H7Cl2NO5","c1cc(c(c(c1)Cl)Cl)Oc2ccc(cc2C(=O)O)[N+](=O)[O-]","InChI=1S/C13H7Cl2NO5/c14-9-2-1-3-11(12(9)15)21-10-5-4-7(16(19)20)6-8(10)13(17)18/h1-6H,(H,17,18)","RKJAIIUJCUAMMI-UHFFFAOYSA-N"
24243926,"5-(2,5-Dichlorophenoxy)-2-nitrobenzoic acid",326.970123,"C13H7Cl2NO5","c1cc(c(cc1Oc2cc(ccc2Cl)Cl)C(=O)O)[N+](=O)[O-]","InChI=1S/C13H7Cl2NO5/c14-7-1-3-10(15)12(5-7)21-8-2-4-11(16(19)20)9(6-8)13(17)18/h1-6H,(H,17,18)","XVTKRGYTIFNSHN-UHFFFAOYSA-N"
24244358,"2-(2,4-Dichlorophenoxy)-5-nitrobenzoic acid",326.970123,"C13H7Cl2NO5","c1cc(c(cc1[N+](=O)[O-])C(=O)O)Oc2ccc(cc2Cl)Cl","InChI=1S/C13H7Cl2NO5/c14-7-1-3-12(10(15)5-7)21-11-4-2-8(16(19)20)6-9(11)13(17)18/h1-6H,(H,17,18)","PENNOZTWSHKXIZ-UHFFFAOYSA-N"
24245404,"4-(2,4-Dichlorophenoxy)-3-nitrobenzoic acid",326.970123,"C13H7Cl2NO5","c1cc(c(cc1C(=O)O)[N+](=O)[O-])Oc2ccc(cc2Cl)Cl","InChI=1S/C13H7Cl2NO5/c14-8-2-4-11(9(15)6-8)21-12-3-1-7(13(17)18)5-10(12)16(19)20/h1-6H,(H,17,18)","YRAUFJDXCFPBJR-UHFFFAOYSA-N"
24264927,"4-(2,3-Dichlorophenoxy)-3-nitrobenzoic acid",326.970123,"C13H7Cl2NO5","c1cc(c(c(c1)Cl)Cl)Oc2ccc(cc2[N+](=O)[O-])C(=O)O","InChI=1S/C13H7Cl2NO5/c14-8-2-1-3-11(12(8)15)21-10-5-4-7(13(17)18)6-9(10)16(19)20/h1-6H,(H,17,18)","FXEDHEAYIFGLSS-UHFFFAOYSA-N"
24274523,"4-(2,5-Dichlorophenoxy)-3-nitrobenzoic acid",326.970123,"C13H7Cl2NO5","c1cc(c(cc1C(=O)O)[N+](=O)[O-])Oc2cc(ccc2Cl)Cl","InChI=1S/C13H7Cl2NO5/c14-8-2-3-9(15)12(6-8)21-11-4-1-7(13(17)18)5-10(11)16(19)20/h1-6H,(H,17,18)","OQXWDWMPSQTBEU-UHFFFAOYSA-N"
24277964,"5-(2,3-Dichlorophenoxy)-2-nitrobenzoic acid",326.970123,"C13H7Cl2NO5","c1cc(c(c(c1)Cl)Cl)Oc2ccc(c(c2)C(=O)O)[N+](=O)[O-]","InChI=1S/C13H7Cl2NO5/c14-9-2-1-3-11(12(9)15)21-7-4-5-10(16(19)20)8(6-7)13(17)18/h1-6H,(H,17,18)","FZCLKOIUDBENPA-UHFFFAOYSA-N"
24279510,"2-(2,5-Dichlorophenoxy)-5-nitrobenzoic acid",326.970123,"C13H7Cl2NO5","c1cc(c(cc1[N+](=O)[O-])C(=O)O)Oc2cc(ccc2Cl)Cl","InChI=1S/C13H7Cl2NO5/c14-7-1-3-10(15)12(5-7)21-11-4-2-8(16(19)20)6-9(11)13(17)18/h1-6H,(H,17,18)","FEXBGQBZSRFKEY-UHFFFAOYSA-N"
24382802,"5-(3,4-Dichlorophenoxy)-2-nitrobenzoic acid",326.970123,"C13H7Cl2NO5","c1cc(c(cc1Oc2ccc(c(c2)Cl)Cl)C(=O)O)[N+](=O)[O-]","InChI=1S/C13H7Cl2NO5/c14-10-3-1-8(6-11(10)15)21-7-2-4-12(16(19)20)9(5-7)13(17)18/h1-6H,(H,17,18)","ZREWNWLQLMYKOL-UHFFFAOYSA-N"
24486646,"2-(3,5-Dichlorophenoxy)-5-nitrobenzoic acid",326.970123,"C13H7Cl2NO5","c1cc(c(cc1[N+](=O)[O-])C(=O)O)Oc2cc(cc(c2)Cl)Cl","InChI=1S/C13H7Cl2NO5/c14-7-3-8(15)5-10(4-7)21-12-2-1-9(16(19)20)6-11(12)13(17)18/h1-6H,(H,17,18)","RPYHROYUAUVOFK-UHFFFAOYSA-N"
24795897,"2-(3,5-Dichloro-4-methoxyphenyl)-6-fluoro-1,3-benzothiazole",326.968781,"C14H8Cl2FNOS","COc1c(cc(cc1Cl)c2nc3ccc(cc3s2)F)Cl","InChI=1S/C14H8Cl2FNOS/c1-19-13-9(15)4-7(5-10(13)16)14-18-11-3-2-8(17)6-12(11)20-14/h2-6H,1H3","QSJOJOXTJOUWQL-UHFFFAOYSA-N"
26200854,"3-Chloro-6-fluoro-N-(5-methyl-1,3,4-thiadiazol-2-yl)-1-benzothiophene-2-carboxamide",326.970306,"C12H7ClFN3OS2","Cc1nnc(s1)NC(=O)c2c(c3ccc(cc3s2)F)Cl","InChI=1S/C12H7ClFN3OS2/c1-5-16-17-12(19-5)15-11(18)10-9(13)7-3-2-6(14)4-8(7)20-10/h2-4H,1H3,(H,15,17,18)","DFYZNCXCDMPDKR-UHFFFAOYSA-N"
26274152,"3-Bromo-5-(trifluoromethoxy)phenylalanine",326.971771,"C10H9BrF3NO3","c1c(cc(cc1OC(F)(F)F)Br)CC(C(=O)O)N","InChI=1S/C10H9BrF3NO3/c11-6-1-5(3-8(15)9(16)17)2-7(4-6)18-10(12,13)14/h1-2,4,8H,3,15H2,(H,16,17)","UDMLRRMZGBRNHF-UHFFFAOYSA-N"
26283603,"3-Amino-3-[5-bromo-2-(trifluoromethoxy)phenyl]propanoic acid",326.971771,"C10H9BrF3NO3","c1cc(c(cc1Br)C(CC(=O)O)N)OC(F)(F)F","InChI=1S/C10H9BrF3NO3/c11-5-1-2-8(18-10(12,13)14)6(3-5)7(15)4-9(16)17/h1-3,7H,4,15H2,(H,16,17)","RVSCURILHBJQFK-UHFFFAOYSA-N"
26284188,"3-Amino-3-[3-bromo-2-hydroxy-5-(trifluoromethyl)phenyl]propanoic acid",326.971771,"C10H9BrF3NO3","c1c(cc(c(c1C(CC(=O)O)N)O)Br)C(F)(F)F","InChI=1S/C10H9BrF3NO3/c11-6-2-4(10(12,13)14)1-5(9(6)18)7(15)3-8(16)17/h1-2,7,18H,3,15H2,(H,16,17)","BPBBNXURVIKLTK-UHFFFAOYSA-N"
26284194,"3-Amino-3-[5-bromo-2-hydroxy-3-(trifluoromethyl)phenyl]propanoic acid",326.971771,"C10H9BrF3NO3","c1c(cc(c(c1C(CC(=O)O)N)O)C(F)(F)F)Br","InChI=1S/C10H9BrF3NO3/c11-4-1-5(7(15)3-8(16)17)9(18)6(2-4)10(12,13)14/h1-2,7,18H,3,15H2,(H,16,17)","DXIWDVHTGYKNJX-UHFFFAOYSA-N"
26404052,"4-Nitrophenyl 3,5-dichloro-2-hydroxybenzoate",326.970123,"C13H7Cl2NO5","c1cc(ccc1[N+](=O)[O-])OC(=O)c2cc(cc(c2O)Cl)Cl","InChI=1S/C13H7Cl2NO5/c14-7-5-10(12(17)11(15)6-7)13(18)21-9-3-1-8(2-4-9)16(19)20/h1-6,17H","ZSYGVDBGCAVEJD-UHFFFAOYSA-N"
26474775,"1-[4-Bromo-2-(methylsulfonyl)phenyl]-2-propanamine hydrochloride (1:1)",326.969543,"C10H15BrClNO2S","CC(Cc1ccc(cc1S(=O)(=O)C)Br)N.Cl","InChI=1S/C10H14BrNO2S.ClH/c1-7(12)5-8-3-4-9(11)6-10(8)15(2,13)14;/h3-4,6-7H,5,12H2,1-2H3;1H","RVQBMMUXHLSXBL-UHFFFAOYSA-N"
26946407,"5-Bromo-2-{[4-(methylsulfanyl)phenyl]ethynyl}benzonitrile",326.97171,"C16H10BrNS","CSc1ccc(cc1)C#Cc2ccc(cc2C#N)Br","InChI=1S/C16H10BrNS/c1-19-16-8-3-12(4-9-16)2-5-13-6-7-15(17)10-14(13)11-18/h3-4,6-10H,1H3","NMWWYSLSJYGITN-UHFFFAOYSA-N"
28550819,"9-(5-Bromo-2-thienyl)-9H-carbazole",326.97171,"C16H10BrNS","c1ccc2c(c1)c3ccccc3n2c4ccc(s4)Br","InChI=1S/C16H10BrNS/c17-15-9-10-16(19-15)18-13-7-3-1-5-11(13)12-6-2-4-8-14(12)18/h1-10H","NZOJRLOGIPQLOW-UHFFFAOYSA-N"
28675386,"3-(5-Iodo-2-methyl-4-nitro-1H-imidazol-1-yl)-1,2-propanediol",326.971588,"C7H10IN3O4","Cc1nc(c(n1CC(CO)O)I)[N+](=O)[O-]","InChI=1S/C7H10IN3O4/c1-4-9-7(11(14)15)6(8)10(4)2-5(13)3-12/h5,12-13H,2-3H2,1H3","AGVFXJBZNLDORQ-UHFFFAOYSA-N"
28848771,"N-(5-Bromo-2,4-dimethoxyphenyl)-2,2,2-trifluoroacetamide",326.971771,"C10H9BrF3NO3","COc1cc(c(cc1NC(=O)C(F)(F)F)Br)OC","InChI=1S/C10H9BrF3NO3/c1-17-7-4-8(18-2)6(3-5(7)11)15-9(16)10(12,13)14/h3-4H,1-2H3,(H,15,16)","DHQHLCRFVDCJMZ-UHFFFAOYSA-N"
29281160,"Phenyl (2-bromo-4,6-difluorophenyl)carbamate",326.970642,"C13H8BrF2NO2","c1ccc(cc1)OC(=O)Nc2c(cc(cc2Br)F)F","InChI=1S/C13H8BrF2NO2/c14-10-6-8(15)7-11(16)12(10)17-13(18)19-9-4-2-1-3-5-9/h1-7H,(H,17,18)","WMATUCBAZUMUSN-UHFFFAOYSA-N"
29988751,"2-[(3-Chloro-4-fluorophenyl)sulfanyl]-7-methyl-5H-[1,3,4]thiadiazolo[3,2-a]pyrimidin-5-one",326.970306,"C12H7ClFN3OS2","Cc1cc(=O)n2c(n1)sc(n2)Sc3ccc(c(c3)Cl)F","InChI=1S/C12H7ClFN3OS2/c1-6-4-10(18)17-11(15-6)20-12(16-17)19-7-2-3-9(14)8(13)5-7/h2-5H,1H3","JTWSGVNMACZCCX-UHFFFAOYSA-N"
30290687,"N-(5-Bromo-2-hydroxyphenyl)-2-(2,2,2-trifluoroethoxy)acetamide",326.971771,"C10H9BrF3NO3","c1cc(c(cc1Br)NC(=O)COCC(F)(F)F)O","InChI=1S/C10H9BrF3NO3/c11-6-1-2-8(16)7(3-6)15-9(17)4-18-5-10(12,13)14/h1-3,16H,4-5H2,(H,15,17)","WUHURHZWUKHXRD-UHFFFAOYSA-N"
30324905,"3-[(5-Chloro-1,2,3-thiadiazol-4-yl)methyl]-4-(3-fluorophenyl)-1,3-thiazol-2(3H)-one",326.970306,"C12H7ClFN3OS2","c1cc(cc(c1)F)c2csc(=O)n2Cc3c(snn3)Cl","InChI=1S/C12H7ClFN3OS2/c13-11-9(15-16-20-11)5-17-10(6-19-12(17)18)7-2-1-3-8(14)4-7/h1-4,6H,5H2","MOIOUSLFOGNHJH-UHFFFAOYSA-N"
30371459,"2-(2,2,2-Trifluoroethoxy)ethyl 5-bromonicotinate",326.971771,"C10H9BrF3NO3","c1c(cncc1Br)C(=O)OCCOCC(F)(F)F","InChI=1S/C10H9BrF3NO3/c11-8-3-7(4-15-5-8)9(16)18-2-1-17-6-10(12,13)14/h3-5H,1-2,6H2","OSEXWHMWXICUCM-UHFFFAOYSA-N"
30468935,"(5-Bromo-2-furyl)[3-hydroxy-3-(trifluoromethyl)-1-pyrrolidinyl]methanone",326.971771,"C10H9BrF3NO3","c1cc(oc1C(=O)N2CCC(C2)(C(F)(F)F)O)Br","InChI=1S/C10H9BrF3NO3/c11-7-2-1-6(18-7)8(16)15-4-3-9(17,5-15)10(12,13)14/h1-2,17H,3-5H2","YFSOSAUMSBWBHZ-UHFFFAOYSA-N"
31137274,"2-(1-Benzothiophen-2-yl)-6-bromo-1H-indole",326.97171,"C16H10BrNS","c1ccc2c(c1)cc(s2)c3cc4ccc(cc4[nH]3)Br","InChI=1S/C16H10BrNS/c17-12-6-5-10-7-14(18-13(10)9-12)16-8-11-3-1-2-4-15(11)19-16/h1-9,18H","HAWVLYUUJDHHLD-UHFFFAOYSA-N"
31137279,"2-(1-Benzothiophen-2-yl)-5-bromo-1H-indole",326.97171,"C16H10BrNS","c1ccc2c(c1)cc(s2)c3cc4cc(ccc4[nH]3)Br","InChI=1S/C16H10BrNS/c17-12-5-6-13-11(7-12)8-14(18-13)16-9-10-3-1-2-4-15(10)19-16/h1-9,18H","FKIRNOQTCKKUPN-UHFFFAOYSA-N"
31949034,"N-(4-Bromophenyl)-2,4-difluoro-6-hydroxybenzamide",326.970642,"C13H8BrF2NO2","c1cc(ccc1NC(=O)c2c(cc(cc2F)F)O)Br","InChI=1S/C13H8BrF2NO2/c14-7-1-3-9(4-2-7)17-13(19)12-10(16)5-8(15)6-11(12)18/h1-6,18H,(H,17,19)","VHISAICBAYSVOE-UHFFFAOYSA-N"
32216599,"5-Chloro-4-nitro-N-(2-nitrophenyl)-2-thiophenecarboxamide",326.97168,"C11H6ClN3O5S","c1ccc(c(c1)NC(=O)c2cc(c(s2)Cl)[N+](=O)[O-])[N+](=O)[O-]","InChI=1S/C11H6ClN3O5S/c12-10-8(15(19)20)5-9(21-10)11(16)13-6-3-1-2-4-7(6)14(17)18/h1-5H,(H,13,16)","STISCIHMUIFPAO-UHFFFAOYSA-N"
32216629,"5-Chloro-4-nitro-N-(4-nitrophenyl)-2-thiophenecarboxamide",326.97168,"C11H6ClN3O5S","c1cc(ccc1NC(=O)c2cc(c(s2)Cl)[N+](=O)[O-])[N+](=O)[O-]","InChI=1S/C11H6ClN3O5S/c12-10-8(15(19)20)5-9(21-10)11(16)13-6-1-3-7(4-2-6)14(17)18/h1-5H,(H,13,16)","JBKYPNVQKKYOBW-UHFFFAOYSA-N"
32216630,"5-Chloro-4-nitro-N-(3-nitrophenyl)-2-thiophenecarboxamide",326.97168,"C11H6ClN3O5S","c1cc(cc(c1)[N+](=O)[O-])NC(=O)c2cc(c(s2)Cl)[N+](=O)[O-]","InChI=1S/C11H6ClN3O5S/c12-10-8(15(19)20)5-9(21-10)11(16)13-6-2-1-3-7(4-6)14(17)18/h1-5H,(H,13,16)","KDPAVYXOSDBEFF-UHFFFAOYSA-N"
32679811,"8-Bromo-1-ethyl-6-(methoxycarbonyl)-4-oxo-1,4-dihydro-1lambda~4~-thiochromen-1-yl",326.969055,"C13H12BrO3S","CC[S]1C=CC(=O)c2c1c(cc(c2)C(=O)OC)Br","InChI=1S/C13H12BrO3S/c1-3-18-5-4-11(15)9-6-8(13(16)17-2)7-10(14)12(9)18/h4-7H,3H2,1-2H3","PBQRQGHKADXYFO-UHFFFAOYSA-N"
32714419,"(1S)-1-(2-Fluoro-5-iodophenyl)-3-buten-1-amine hydrochloride (1:1)",326.968689,"C10H12ClFIN","C=CC[C@@H](c1cc(ccc1F)I)N.Cl","InChI=1S/C10H11FIN.ClH/c1-2-3-10(13)8-6-7(12)4-5-9(8)11;/h2,4-6,10H,1,3,13H2;1H/t10-;/m0./s1","VNOYWTDXORABOG-PPHPATTJSA-N"
32714421,"(S)-1-Cyclopropyl-1-(2-fluoro-5-iodophenyl)methanamine hydrochloride (1:1)",326.968689,"C10H12ClFIN","c1cc(c(cc1I)[C@H](C2CC2)N)F.Cl","InChI=1S/C10H11FIN.ClH/c11-9-4-3-7(12)5-8(9)10(13)6-1-2-6;/h3-6,10H,1-2,13H2;1H/t10-;/m0./s1","VHUDAPHZYPBQJI-PPHPATTJSA-N"
32725994,"(1R)-1-(2-Fluoro-5-iodophenyl)-3-buten-1-amine hydrochloride (1:1)",326.968689,"C10H12ClFIN","C=CC[C@H](c1cc(ccc1F)I)N.Cl","InChI=1S/C10H11FIN.ClH/c1-2-3-10(13)8-6-7(12)4-5-9(8)11;/h2,4-6,10H,1,3,13H2;1H/t10-;/m1./s1","VNOYWTDXORABOG-HNCPQSOCSA-N"
32725996,"(R)-1-Cyclopropyl-1-(2-fluoro-5-iodophenyl)methanamine hydrochloride (1:1)",326.968689,"C10H12ClFIN","c1cc(c(cc1I)[C@@H](C2CC2)N)F.Cl","InChI=1S/C10H11FIN.ClH/c11-9-4-3-7(12)5-8(9)10(13)6-1-2-6;/h3-6,10H,1-2,13H2;1H/t10-;/m1./s1","VHUDAPHZYPBQJI-HNCPQSOCSA-N"
32861030,"N-(2-Bromo-4,6-difluorophenyl)-2-hydroxybenzamide",326.970642,"C13H8BrF2NO2","c1ccc(c(c1)C(=O)Nc2c(cc(cc2Br)F)F)O","InChI=1S/C13H8BrF2NO2/c14-9-5-7(15)6-10(16)12(9)17-13(19)8-3-1-2-4-11(8)18/h1-6,18H,(H,17,19)","OQQRGYCXPHCQDM-UHFFFAOYSA-N"
33949326,"2,2,2-Trifluoroethyl (5-bromo-2-methoxyphenyl)carbamate",326.971771,"C10H9BrF3NO3","COc1ccc(cc1NC(=O)OCC(F)(F)F)Br","InChI=1S/C10H9BrF3NO3/c1-17-8-3-2-6(11)4-7(8)15-9(16)18-5-10(12,13)14/h2-4H,5H2,1H3,(H,15,16)","KLCSETWUYAQAKP-UHFFFAOYSA-N"
35188876,"2-[3-Bromo-4-(trifluoromethoxy)phenoxy]-N-methylacetamide",326.971771,"C10H9BrF3NO3","CNC(=O)COc1ccc(c(c1)Br)OC(F)(F)F","InChI=1S/C10H9BrF3NO3/c1-15-9(16)5-17-6-2-3-8(7(11)4-6)18-10(12,13)14/h2-4H,5H2,1H3,(H,15,16)","OOTKFVNZRQJLJC-UHFFFAOYSA-N"
36185995,"2-(4-Bromophenyl)-8H-indeno[1,2-d][1,3]thiazole",326.97171,"C16H10BrNS","c1ccc-2c(c1)Cc3c2nc(s3)c4ccc(cc4)Br","InChI=1S/C16H10BrNS/c17-12-7-5-10(6-8-12)16-18-15-13-4-2-1-3-11(13)9-14(15)19-16/h1-8H,9H2","ATBHXKSNCMBPPQ-UHFFFAOYSA-N"
36186026,"2-(3-Bromophenyl)-8H-indeno[1,2-d][1,3]thiazole",326.97171,"C16H10BrNS","c1ccc-2c(c1)Cc3c2nc(s3)c4cccc(c4)Br","InChI=1S/C16H10BrNS/c17-12-6-3-5-11(8-12)16-18-15-13-7-2-1-4-10(13)9-14(15)19-16/h1-8H,9H2","QTUSAELPLWEZCU-UHFFFAOYSA-N"
36186082,"2-(2-Bromophenyl)-8H-indeno[1,2-d][1,3]thiazole",326.97171,"C16H10BrNS","c1ccc-2c(c1)Cc3c2nc(s3)c4ccccc4Br","InChI=1S/C16H10BrNS/c17-13-8-4-3-7-12(13)16-18-15-11-6-2-1-5-10(11)9-14(15)19-16/h1-8H,9H2","CTXDAROBHNMZME-UHFFFAOYSA-N"
36361222,"1-(3,4-Dichlorophenyl)-N-methyl-1-(thieno[3,2-b]thiophen-2-yl)methanamine",326.971008,"C14H11Cl2NS2","CNC(c1ccc(c(c1)Cl)Cl)c2cc3c(s2)ccs3","InChI=1S/C14H11Cl2NS2/c1-17-14(8-2-3-9(15)10(16)6-8)13-7-12-11(19-13)4-5-18-12/h2-7,14,17H,1H3","PQXQLDNKVLCQEZ-UHFFFAOYSA-N"
36361225,"1-(2,5-Dichlorophenyl)-N-methyl-1-(thieno[3,2-b]thiophen-2-yl)methanamine",326.971008,"C14H11Cl2NS2","CNC(c1cc(ccc1Cl)Cl)c2cc3c(s2)ccs3","InChI=1S/C14H11Cl2NS2/c1-17-14(9-6-8(15)2-3-10(9)16)13-7-12-11(19-13)4-5-18-12/h2-7,14,17H,1H3","VBUVHNMPXUTRLW-UHFFFAOYSA-N"
36361533,"1-(2,4-Dichlorophenyl)-N-methyl-1-(thieno[3,2-b]thiophen-2-yl)methanamine",326.971008,"C14H11Cl2NS2","CNC(c1ccc(cc1Cl)Cl)c2cc3c(s2)ccs3","InChI=1S/C14H11Cl2NS2/c1-17-14(9-3-2-8(15)6-10(9)16)13-7-12-11(19-13)4-5-18-12/h2-7,14,17H,1H3","CUXYYANYHRXRKK-UHFFFAOYSA-N"
36362247,"2-(3,4-Dichlorophenyl)-1-(thieno[3,2-b]thiophen-2-yl)ethanamine",326.971008,"C14H11Cl2NS2","c1cc(c(cc1CC(c2cc3c(s2)ccs3)N)Cl)Cl","InChI=1S/C14H11Cl2NS2/c15-9-2-1-8(5-10(9)16)6-11(17)13-7-14-12(19-13)3-4-18-14/h1-5,7,11H,6,17H2","CNLKIRQVWUIGII-UHFFFAOYSA-N"
36590189,"Methyl 2-bromo-3-[2-oxo-5-(trifluoromethyl)-1(2H)-pyridinyl]propanoate",326.971771,"C10H9BrF3NO3","COC(=O)C(Cn1cc(ccc1=O)C(F)(F)F)Br","InChI=1S/C10H9BrF3NO3/c1-18-9(17)7(11)5-15-4-6(10(12,13)14)2-3-8(15)16/h2-4,7H,5H2,1H3","CBHDTCVOIPWUQN-UHFFFAOYSA-N"
36901133,"4-(4,5-Dichloro-2-nitrophenoxy)benzoic acid",326.970123,"C13H7Cl2NO5","c1cc(ccc1C(=O)O)Oc2cc(c(cc2[N+](=O)[O-])Cl)Cl","InChI=1S/C13H7Cl2NO5/c14-9-5-11(16(19)20)12(6-10(9)15)21-8-3-1-7(2-4-8)13(17)18/h1-6H,(H,17,18)","BRHDTOQNKXEGSR-UHFFFAOYSA-N"
36901134,"3-(4,5-Dichloro-2-nitrophenoxy)benzoic acid",326.970123,"C13H7Cl2NO5","c1cc(cc(c1)Oc2cc(c(cc2[N+](=O)[O-])Cl)Cl)C(=O)O","InChI=1S/C13H7Cl2NO5/c14-9-5-11(16(19)20)12(6-10(9)15)21-8-3-1-2-7(4-8)13(17)18/h1-6H,(H,17,18)","HVYJJSZMQXLCMX-UHFFFAOYSA-N"
36901135,"2-(4,5-Dichloro-2-nitrophenoxy)benzoic acid",326.970123,"C13H7Cl2NO5","c1ccc(c(c1)C(=O)O)Oc2cc(c(cc2[N+](=O)[O-])Cl)Cl","InChI=1S/C13H7Cl2NO5/c14-8-5-10(16(19)20)12(6-9(8)15)21-11-4-2-1-3-7(11)13(17)18/h1-6H,(H,17,18)","JCWZZBPQSUHQLE-UHFFFAOYSA-N"
36980782,"4-Bromo-2,6-difluoro-N-(4-hydroxyphenyl)benzamide",326.970642,"C13H8BrF2NO2","c1cc(ccc1NC(=O)c2c(cc(cc2F)Br)F)O","InChI=1S/C13H8BrF2NO2/c14-7-5-10(15)12(11(16)6-7)13(19)17-8-1-3-9(18)4-2-8/h1-6,18H,(H,17,19)","FDRJEQAZEVUEEM-UHFFFAOYSA-N"
36981001,"4-Bromo-2,6-difluoro-N-(3-hydroxyphenyl)benzamide",326.970642,"C13H8BrF2NO2","c1cc(cc(c1)O)NC(=O)c2c(cc(cc2F)Br)F","InChI=1S/C13H8BrF2NO2/c14-7-4-10(15)12(11(16)5-7)13(19)17-8-2-1-3-9(18)6-8/h1-6,18H,(H,17,19)","BLVYPGFYVHPZEP-UHFFFAOYSA-N"
37127369,"2-Bromo-3-fluoro-N-(2-fluoro-4-hydroxyphenyl)benzamide",326.970642,"C13H8BrF2NO2","c1cc(c(c(c1)F)Br)C(=O)Nc2ccc(cc2F)O","InChI=1S/C13H8BrF2NO2/c14-12-8(2-1-3-9(12)15)13(19)17-11-5-4-7(18)6-10(11)16/h1-6,18H,(H,17,19)","UFRKDUKVEXGNJW-UHFFFAOYSA-N"
37141015,"2-(2-Bromo-5-fluorophenoxy)-6-fluorobenzamide",326.970642,"C13H8BrF2NO2","c1cc(c(c(c1)F)C(=O)N)Oc2cc(ccc2Br)F","InChI=1S/C13H8BrF2NO2/c14-8-5-4-7(15)6-11(8)19-10-3-1-2-9(16)12(10)13(17)18/h1-6H,(H2,17,18)","QDMVWLIULOJPHC-UHFFFAOYSA-N"
37158434,"3-{[(2,5-Dichlorophenyl)sulfinyl]methyl}-5-fluorobenzonitrile",326.968781,"C14H8Cl2FNOS","c1cc(c(cc1Cl)S(=O)Cc2cc(cc(c2)F)C#N)Cl","InChI=1S/C14H8Cl2FNOS/c15-11-1-2-13(16)14(6-11)20(19)8-10-3-9(7-18)4-12(17)5-10/h1-6H,8H2","FQBGKNRWUDJZPN-UHFFFAOYSA-N"
37158491,"3-{[(3,4-Dichlorophenyl)sulfinyl]methyl}-5-fluorobenzonitrile",326.968781,"C14H8Cl2FNOS","c1cc(c(cc1S(=O)Cc2cc(cc(c2)F)C#N)Cl)Cl","InChI=1S/C14H8Cl2FNOS/c15-13-2-1-12(6-14(13)16)20(19)8-10-3-9(7-18)4-11(17)5-10/h1-6H,8H2","KDSUAFNPKKVCJD-UHFFFAOYSA-N"
37258520,"Methyl 2-bromo-3-[2-oxo-6-(trifluoromethyl)-1(2H)-pyridinyl]propanoate",326.971771,"C10H9BrF3NO3","COC(=O)C(Cn1c(cccc1=O)C(F)(F)F)Br","InChI=1S/C10H9BrF3NO3/c1-18-9(17)6(11)5-15-7(10(12,13)14)3-2-4-8(15)16/h2-4,6H,5H2,1H3","BUAITWDIPJLZHN-UHFFFAOYSA-N"
37264896,"2-(3-Bromo-5-fluorophenoxy)-6-fluorobenzamide",326.970642,"C13H8BrF2NO2","c1cc(c(c(c1)F)C(=O)N)Oc2cc(cc(c2)Br)F","InChI=1S/C13H8BrF2NO2/c14-7-4-8(15)6-9(5-7)19-11-3-1-2-10(16)12(11)13(17)18/h1-6H,(H2,17,18)","WKMQKDTVQJTKML-UHFFFAOYSA-N"
37264912,"4-(3-Bromo-5-fluorophenoxy)-3-fluorobenzamide",326.970642,"C13H8BrF2NO2","c1cc(c(cc1C(=O)N)F)Oc2cc(cc(c2)Br)F","InChI=1S/C13H8BrF2NO2/c14-8-4-9(15)6-10(5-8)19-12-2-1-7(13(17)18)3-11(12)16/h1-6H,(H2,17,18)","UHSXPOVDWKRPCH-UHFFFAOYSA-N"
37893536,"5-Bromo-1-[2-(3,4-difluorophenyl)-2-oxoethyl]-2(1H)-pyridinone",326.970642,"C13H8BrF2NO2","c1cc(c(cc1C(=O)Cn2cc(ccc2=O)Br)F)F","InChI=1S/C13H8BrF2NO2/c14-9-2-4-13(19)17(6-9)7-12(18)8-1-3-10(15)11(16)5-8/h1-6H,7H2","ZOZYDLNPRXYYPG-UHFFFAOYSA-N"
37893541,"5-Bromo-1-[2-(2,5-difluorophenyl)-2-oxoethyl]-2(1H)-pyridinone",326.970642,"C13H8BrF2NO2","c1cc(c(cc1F)C(=O)Cn2cc(ccc2=O)Br)F","InChI=1S/C13H8BrF2NO2/c14-8-1-4-13(19)17(6-8)7-12(18)10-5-9(15)2-3-11(10)16/h1-6H,7H2","RBXVINIMDOGZEA-UHFFFAOYSA-N"
37893543,"5-Bromo-1-[2-(2,4-difluorophenyl)-2-oxoethyl]-2(1H)-pyridinone",326.970642,"C13H8BrF2NO2","c1cc(c(cc1F)F)C(=O)Cn2cc(ccc2=O)Br","InChI=1S/C13H8BrF2NO2/c14-8-1-4-13(19)17(6-8)7-12(18)10-3-2-9(15)5-11(10)16/h1-6H,7H2","HTCZUWCELDHARO-UHFFFAOYSA-N"
37893557,"5-Bromo-1-[2-(2,6-difluorophenyl)-2-oxoethyl]-2(1H)-pyridinone",326.970642,"C13H8BrF2NO2","c1cc(c(c(c1)F)C(=O)Cn2cc(ccc2=O)Br)F","InChI=1S/C13H8BrF2NO2/c14-8-4-5-12(19)17(6-8)7-11(18)13-9(15)2-1-3-10(13)16/h1-6H,7H2","VMLDLLJJBJFUGN-UHFFFAOYSA-N"
37943457,"4-(2-Bromo-4-fluorophenoxy)-3-fluorobenzamide",326.970642,"C13H8BrF2NO2","c1cc(c(cc1C(=O)N)F)Oc2ccc(cc2Br)F","InChI=1S/C13H8BrF2NO2/c14-9-6-8(15)2-4-11(9)19-12-3-1-7(13(17)18)5-10(12)16/h1-6H,(H2,17,18)","LXIRCXABVUNUKY-UHFFFAOYSA-N"
37989835,"4-(3,5-Dichlorophenoxy)-3-nitrobenzoic acid",326.970123,"C13H7Cl2NO5","c1cc(c(cc1C(=O)O)[N+](=O)[O-])Oc2cc(cc(c2)Cl)Cl","InChI=1S/C13H7Cl2NO5/c14-8-4-9(15)6-10(5-8)21-12-2-1-7(13(17)18)3-11(12)16(19)20/h1-6H,(H,17,18)","SJEUBDOQPGCDTC-UHFFFAOYSA-N"
37989836,"5-(3,5-Dichlorophenoxy)-2-nitrobenzoic acid",326.970123,"C13H7Cl2NO5","c1cc(c(cc1Oc2cc(cc(c2)Cl)Cl)C(=O)O)[N+](=O)[O-]","InChI=1S/C13H7Cl2NO5/c14-7-3-8(15)5-10(4-7)21-9-1-2-12(16(19)20)11(6-9)13(17)18/h1-6H,(H,17,18)","IAXQSUQPHVTYDA-UHFFFAOYSA-N"
38005889,"N-(2-Bromo-4,6-difluorophenyl)-4-hydroxybenzamide",326.970642,"C13H8BrF2NO2","c1cc(ccc1C(=O)Nc2c(cc(cc2Br)F)F)O","InChI=1S/C13H8BrF2NO2/c14-10-5-8(15)6-11(16)12(10)17-13(19)7-1-3-9(18)4-2-7/h1-6,18H,(H,17,19)","ONIULVGKBPLKIO-UHFFFAOYSA-N"
38009104,"N-(2-Bromo-4,6-difluorophenyl)-3-hydroxybenzamide",326.970642,"C13H8BrF2NO2","c1cc(cc(c1)O)C(=O)Nc2c(cc(cc2Br)F)F","InChI=1S/C13H8BrF2NO2/c14-10-5-8(15)6-11(16)12(10)17-13(19)7-2-1-3-9(18)4-7/h1-6,18H,(H,17,19)","ZZFCCVLEXFXFDR-UHFFFAOYSA-N"
38090058,"3,5-Dichloro-2-{[(2-oxo-2H-pyran-5-yl)carbonyl]amino}benzoic acid",326.970123,"C13H7Cl2NO5","c1cc(=O)occ1C(=O)Nc2c(cc(cc2Cl)Cl)C(=O)O","InChI=1S/C13H7Cl2NO5/c14-7-3-8(13(19)20)11(9(15)4-7)16-12(18)6-1-2-10(17)21-5-6/h1-5H,(H,16,18)(H,19,20)","LCDVDACEQQDUSV-UHFFFAOYSA-N"
38130753,"1-(3-Chloro-1-benzothiophen-2-yl)-N-[(5-chloro-2-thienyl)methyl]methanamine",326.971008,"C14H11Cl2NS2","c1ccc2c(c1)c(c(s2)CNCc3ccc(s3)Cl)Cl","InChI=1S/C14H11Cl2NS2/c15-13-6-5-9(18-13)7-17-8-12-14(16)10-3-1-2-4-11(10)19-12/h1-6,17H,7-8H2","XFSCXHOEXGFJED-UHFFFAOYSA-N"
38528636,"4-Chloro-2-(4-chloro-2-nitrophenoxy)benzoic acid",326.970123,"C13H7Cl2NO5","c1cc(c(cc1Cl)Oc2ccc(cc2[N+](=O)[O-])Cl)C(=O)O","InChI=1S/C13H7Cl2NO5/c14-7-2-4-11(10(5-7)16(19)20)21-12-6-8(15)1-3-9(12)13(17)18/h1-6H,(H,17,18)","NDJLQVBIDHXWHH-UHFFFAOYSA-N"
38528637,"4-Chloro-2-(2-chloro-4-nitrophenoxy)benzoic acid",326.970123,"C13H7Cl2NO5","c1cc(c(cc1[N+](=O)[O-])Cl)Oc2cc(ccc2C(=O)O)Cl","InChI=1S/C13H7Cl2NO5/c14-7-1-3-9(13(17)18)12(5-7)21-11-4-2-8(16(19)20)6-10(11)15/h1-6H,(H,17,18)","YSVWCGUKRYBQSB-UHFFFAOYSA-N"
38528876,"5-Chloro-2-(4-chloro-2-nitrophenoxy)benzoic acid",326.970123,"C13H7Cl2NO5","c1cc(c(cc1Cl)C(=O)O)Oc2ccc(cc2[N+](=O)[O-])Cl","InChI=1S/C13H7Cl2NO5/c14-7-1-3-11(9(5-7)13(17)18)21-12-4-2-8(15)6-10(12)16(19)20/h1-6H,(H,17,18)","KCZZXNWXFJWKDP-UHFFFAOYSA-N"
38528877,"5-Chloro-2-(2-chloro-4-nitrophenoxy)benzoic acid",326.970123,"C13H7Cl2NO5","c1cc(c(cc1[N+](=O)[O-])Cl)Oc2ccc(cc2C(=O)O)Cl","InChI=1S/C13H7Cl2NO5/c14-7-1-3-11(9(5-7)13(17)18)21-12-4-2-8(16(19)20)6-10(12)15/h1-6H,(H,17,18)","HNNMTWGQLXUGDU-UHFFFAOYSA-N"
38528950,"3-Chloro-4-(4-chloro-2-nitrophenoxy)benzoic acid",326.970123,"C13H7Cl2NO5","c1cc(c(cc1C(=O)O)Cl)Oc2ccc(cc2[N+](=O)[O-])Cl","InChI=1S/C13H7Cl2NO5/c14-8-2-4-12(10(6-8)16(19)20)21-11-3-1-7(13(17)18)5-9(11)15/h1-6H,(H,17,18)","IRAWTEPCUBGTSM-UHFFFAOYSA-N"
38528951,"3-Chloro-4-(2-chloro-4-nitrophenoxy)benzoic acid",326.970123,"C13H7Cl2NO5","c1cc(c(cc1C(=O)O)Cl)Oc2ccc(cc2Cl)[N+](=O)[O-]","InChI=1S/C13H7Cl2NO5/c14-9-5-7(13(17)18)1-3-11(9)21-12-4-2-8(16(19)20)6-10(12)15/h1-6H,(H,17,18)","NNSXPEHIJPPXTK-UHFFFAOYSA-N"
38735705,"2-Chloro-6-(2-chloro-4-nitrophenoxy)benzoic acid",326.970123,"C13H7Cl2NO5","c1cc(c(c(c1)Cl)C(=O)O)Oc2ccc(cc2Cl)[N+](=O)[O-]","InChI=1S/C13H7Cl2NO5/c14-8-2-1-3-11(12(8)13(17)18)21-10-5-4-7(16(19)20)6-9(10)15/h1-6H,(H,17,18)","GAGBWQIHXDZDDF-UHFFFAOYSA-N"
38818863,"3-(5-{[(2,5-Dichlorophenyl)sulfanyl]methyl}-2-thienyl)-2-propyn-1-amine",326.971008,"C14H11Cl2NS2","c1cc(c(cc1Cl)SCc2ccc(s2)C#CCN)Cl","InChI=1S/C14H11Cl2NS2/c15-10-3-6-13(16)14(8-10)18-9-12-5-4-11(19-12)2-1-7-17/h3-6,8H,7,9,17H2","HRLNEWPZBNXBHS-UHFFFAOYSA-N"
38818865,"3-(2-{[(2,5-Dichlorophenyl)sulfanyl]methyl}-3-thienyl)-2-propyn-1-amine",326.971008,"C14H11Cl2NS2","c1cc(c(cc1Cl)SCc2c(ccs2)C#CCN)Cl","InChI=1S/C14H11Cl2NS2/c15-11-3-4-12(16)13(8-11)19-9-14-10(2-1-6-17)5-7-18-14/h3-5,7-8H,6,9,17H2","QPDCNZUIBDAVKN-UHFFFAOYSA-N"
38820692,"3-(5-{[(2,5-Dichlorophenyl)sulfanyl]methyl}-3-thienyl)-2-propyn-1-amine",326.971008,"C14H11Cl2NS2","c1cc(c(cc1Cl)SCc2cc(cs2)C#CCN)Cl","InChI=1S/C14H11Cl2NS2/c15-11-3-4-13(16)14(7-11)19-9-12-6-10(8-18-12)2-1-5-17/h3-4,6-8H,5,9,17H2","CLIWLXYOQXHWFR-UHFFFAOYSA-N"
38864780,"4-Bromo-N-(2,5-difluorophenyl)-2-hydroxybenzamide",326.970642,"C13H8BrF2NO2","c1cc(c(cc1F)NC(=O)c2ccc(cc2O)Br)F","InChI=1S/C13H8BrF2NO2/c14-7-1-3-9(12(18)5-7)13(19)17-11-6-8(15)2-4-10(11)16/h1-6,18H,(H,17,19)","TXVCORRDZQZWNB-UHFFFAOYSA-N"
38864809,"4-Bromo-N-(3,4-difluorophenyl)-2-hydroxybenzamide",326.970642,"C13H8BrF2NO2","c1cc(c(cc1NC(=O)c2ccc(cc2O)Br)F)F","InChI=1S/C13H8BrF2NO2/c14-7-1-3-9(12(18)5-7)13(19)17-8-2-4-10(15)11(16)6-8/h1-6,18H,(H,17,19)","LZSBRDWXOWIOEQ-UHFFFAOYSA-N"
38864827,"4-Bromo-N-(2,4-difluorophenyl)-2-hydroxybenzamide",326.970642,"C13H8BrF2NO2","c1cc(c(cc1F)F)NC(=O)c2ccc(cc2O)Br","InChI=1S/C13H8BrF2NO2/c14-7-1-3-9(12(18)5-7)13(19)17-11-4-2-8(15)6-10(11)16/h1-6,18H,(H,17,19)","MEVIDZQBCNAYII-UHFFFAOYSA-N"
38864835,"4-Bromo-N-(3,5-difluorophenyl)-2-hydroxybenzamide",326.970642,"C13H8BrF2NO2","c1cc(c(cc1Br)O)C(=O)Nc2cc(cc(c2)F)F","InChI=1S/C13H8BrF2NO2/c14-7-1-2-11(12(18)3-7)13(19)17-10-5-8(15)4-9(16)6-10/h1-6,18H,(H,17,19)","LVMHUDPXPCNLIB-UHFFFAOYSA-N"
38864859,"4-Bromo-N-(2,6-difluorophenyl)-2-hydroxybenzamide",326.970642,"C13H8BrF2NO2","c1cc(c(c(c1)F)NC(=O)c2ccc(cc2O)Br)F","InChI=1S/C13H8BrF2NO2/c14-7-4-5-8(11(18)6-7)13(19)17-12-9(15)2-1-3-10(12)16/h1-6,18H,(H,17,19)","QPHJTLDQIAHLFN-UHFFFAOYSA-N"
38869611,"4-Bromo-N-(2,3-difluorophenyl)-2-hydroxybenzamide",326.970642,"C13H8BrF2NO2","c1cc(c(c(c1)F)F)NC(=O)c2ccc(cc2O)Br","InChI=1S/C13H8BrF2NO2/c14-7-4-5-8(11(18)6-7)13(19)17-10-3-1-2-9(15)12(10)16/h1-6,18H,(H,17,19)","MNXRZWIHSSTNML-UHFFFAOYSA-N"
39036549,"N-(5-Bromo-1,3-thiazol-2-yl)-2-(isopropylamino)ethanesulfonamide",326.971069,"C8H14BrN3O2S2","CC(C)NCCS(=O)(=O)Nc1ncc(s1)Br","InChI=1S/C8H14BrN3O2S2/c1-6(2)10-3-4-16(13,14)12-8-11-5-7(9)15-8/h5-6,10H,3-4H2,1-2H3,(H,11,12)","KQTFTDFUYUHMCI-UHFFFAOYSA-N"
39182881,"(5-Bromo-2-furyl)[3-(2,2,2-trifluoroethoxy)-1-azetidinyl]methanone",326.971771,"C10H9BrF3NO3","c1cc(oc1C(=O)N2CC(C2)OCC(F)(F)F)Br","InChI=1S/C10H9BrF3NO3/c11-8-2-1-7(18-8)9(16)15-3-6(4-15)17-5-10(12,13)14/h1-2,6H,3-5H2","SZVSWADOWCVPGL-UHFFFAOYSA-N"
39603704,"4-(2,6-Dichloro-4-nitrophenoxy)benzoic acid",326.970123,"C13H7Cl2NO5","c1cc(ccc1C(=O)O)Oc2c(cc(cc2Cl)[N+](=O)[O-])Cl","InChI=1S/C13H7Cl2NO5/c14-10-5-8(16(19)20)6-11(15)12(10)21-9-3-1-7(2-4-9)13(17)18/h1-6H,(H,17,18)","HVNCPSPAMPFEFN-UHFFFAOYSA-N"
39603705,"2-(2,6-Dichloro-4-nitrophenoxy)benzoic acid",326.970123,"C13H7Cl2NO5","c1ccc(c(c1)C(=O)O)Oc2c(cc(cc2Cl)[N+](=O)[O-])Cl","InChI=1S/C13H7Cl2NO5/c14-9-5-7(16(19)20)6-10(15)12(9)21-11-4-2-1-3-8(11)13(17)18/h1-6H,(H,17,18)","QFLCHBMOEBIDLU-UHFFFAOYSA-N"
39609418,"5-Chloro-2-(3-chloro-4-nitrophenoxy)benzoic acid",326.970123,"C13H7Cl2NO5","c1cc(c(cc1Oc2ccc(cc2C(=O)O)Cl)Cl)[N+](=O)[O-]","InChI=1S/C13H7Cl2NO5/c14-7-1-4-12(9(5-7)13(17)18)21-8-2-3-11(16(19)20)10(15)6-8/h1-6H,(H,17,18)","IHTWZSJYZVEHBX-UHFFFAOYSA-N"
39609519,"2-Chloro-6-(3-chloro-4-nitrophenoxy)benzoic acid",326.970123,"C13H7Cl2NO5","c1cc(c(c(c1)Cl)C(=O)O)Oc2ccc(c(c2)Cl)[N+](=O)[O-]","InChI=1S/C13H7Cl2NO5/c14-8-2-1-3-11(12(8)13(17)18)21-7-4-5-10(16(19)20)9(15)6-7/h1-6H,(H,17,18)","ZEASLRKGTKBBHU-UHFFFAOYSA-N"
39789465,"5-Chloro-2-(5-chloro-2-nitrophenoxy)benzoic acid",326.970123,"C13H7Cl2NO5","c1cc(c(cc1Cl)Oc2ccc(cc2C(=O)O)Cl)[N+](=O)[O-]","InChI=1S/C13H7Cl2NO5/c14-7-2-4-11(9(5-7)13(17)18)21-12-6-8(15)1-3-10(12)16(19)20/h1-6H,(H,17,18)","NYJYEMHAXXAAMW-UHFFFAOYSA-N"
39790670,"2-Chloro-6-(5-chloro-2-nitrophenoxy)benzoic acid",326.970123,"C13H7Cl2NO5","c1cc(c(c(c1)Cl)C(=O)O)Oc2cc(ccc2[N+](=O)[O-])Cl","InChI=1S/C13H7Cl2NO5/c14-7-4-5-9(16(19)20)11(6-7)21-10-3-1-2-8(15)12(10)13(17)18/h1-6H,(H,17,18)","DFXVUJDNGWFMES-UHFFFAOYSA-N"
39937075,"1-(2,5-Dichloro-3-thienyl)-2-(6-fluoro-1H-indol-1-yl)ethanone",326.968781,"C14H8Cl2FNOS","c1cc(cc2c1ccn2CC(=O)c3cc(sc3Cl)Cl)F","InChI=1S/C14H8Cl2FNOS/c15-13-6-10(14(16)20-13)12(19)7-18-4-3-8-1-2-9(17)5-11(8)18/h1-6H,7H2","IUNVTJVOFXVOFE-UHFFFAOYSA-N"
40186567,"4-Chloro-2-(5-chloro-2-nitrophenoxy)benzoic acid",326.970123,"C13H7Cl2NO5","c1cc(c(cc1Cl)Oc2cc(ccc2[N+](=O)[O-])Cl)C(=O)O","InChI=1S/C13H7Cl2NO5/c14-7-1-3-9(13(17)18)11(5-7)21-12-6-8(15)2-4-10(12)16(19)20/h1-6H,(H,17,18)","MQPQPHMLWRGLRI-UHFFFAOYSA-N"
40186570,"4-Chloro-2-(3-chloro-4-nitrophenoxy)benzoic acid",326.970123,"C13H7Cl2NO5","c1cc(c(cc1Oc2cc(ccc2C(=O)O)Cl)Cl)[N+](=O)[O-]","InChI=1S/C13H7Cl2NO5/c14-7-1-3-9(13(17)18)12(5-7)21-8-2-4-11(16(19)20)10(15)6-8/h1-6H,(H,17,18)","KCZYDPLSLHDJGN-UHFFFAOYSA-N"
40192042,"3-Chloro-4-(5-chloro-2-nitrophenoxy)benzoic acid",326.970123,"C13H7Cl2NO5","c1cc(c(cc1C(=O)O)Cl)Oc2cc(ccc2[N+](=O)[O-])Cl","InChI=1S/C13H7Cl2NO5/c14-8-2-3-10(16(19)20)12(6-8)21-11-4-1-7(13(17)18)5-9(11)15/h1-6H,(H,17,18)","KUBWPZKUFPEBBP-UHFFFAOYSA-N"
40192045,"3-Chloro-4-(3-chloro-4-nitrophenoxy)benzoic acid",326.970123,"C13H7Cl2NO5","c1cc(c(cc1C(=O)O)Cl)Oc2ccc(c(c2)Cl)[N+](=O)[O-]","InChI=1S/C13H7Cl2NO5/c14-9-6-8(2-3-11(9)16(19)20)21-12-4-1-7(13(17)18)5-10(12)15/h1-6H,(H,17,18)","DSZRGSGGBDWIAK-UHFFFAOYSA-N"
40467644,"2-Chloro-4-(4-chloro-2-nitrophenoxy)benzoic acid",326.970123,"C13H7Cl2NO5","c1cc(c(cc1Oc2ccc(cc2[N+](=O)[O-])Cl)Cl)C(=O)O","InChI=1S/C13H7Cl2NO5/c14-7-1-4-12(11(5-7)16(19)20)21-8-2-3-9(13(17)18)10(15)6-8/h1-6H,(H,17,18)","WKHDIGNHRWRLFL-UHFFFAOYSA-N"
40467665,"2-Chloro-4-(5-chloro-2-nitrophenoxy)benzoic acid",326.970123,"C13H7Cl2NO5","c1cc(c(cc1Oc2cc(ccc2[N+](=O)[O-])Cl)Cl)C(=O)O","InChI=1S/C13H7Cl2NO5/c14-7-1-4-11(16(19)20)12(5-7)21-8-2-3-9(13(17)18)10(15)6-8/h1-6H,(H,17,18)","BYNJBDNLTHOIKL-UHFFFAOYSA-N"
40467667,"2-Chloro-4-(3-chloro-4-nitrophenoxy)benzoic acid",326.970123,"C13H7Cl2NO5","c1cc(c(cc1Oc2ccc(c(c2)Cl)[N+](=O)[O-])Cl)C(=O)O","InChI=1S/C13H7Cl2NO5/c14-10-5-7(1-3-9(10)13(17)18)21-8-2-4-12(16(19)20)11(15)6-8/h1-6H,(H,17,18)","JZPYUNMFBZAMOR-UHFFFAOYSA-N"
40467675,"2-Chloro-4-(2-chloro-4-nitrophenoxy)benzoic acid",326.970123,"C13H7Cl2NO5","c1cc(c(cc1[N+](=O)[O-])Cl)Oc2ccc(c(c2)Cl)C(=O)O","InChI=1S/C13H7Cl2NO5/c14-10-6-8(2-3-9(10)13(17)18)21-12-4-1-7(16(19)20)5-11(12)15/h1-6H,(H,17,18)","QMOIWVDQIGPNFZ-UHFFFAOYSA-N"
40733713,"1-(3-Bromopropoxy)-2-nitro-4-(trifluoromethyl)benzene",326.971771,"C10H9BrF3NO3","c1cc(c(cc1C(F)(F)F)[N+](=O)[O-])OCCCBr","InChI=1S/C10H9BrF3NO3/c11-4-1-5-18-9-3-2-7(10(12,13)14)6-8(9)15(16)17/h2-3,6H,1,4-5H2","VFKIRHORFRXRDM-UHFFFAOYSA-N"
40739557,"3,5-Dichloro-4-{[(2-oxo-2H-pyran-5-yl)carbonyl]amino}benzoic acid",326.970123,"C13H7Cl2NO5","c1cc(=O)occ1C(=O)Nc2c(cc(cc2Cl)C(=O)O)Cl","InChI=1S/C13H7Cl2NO5/c14-8-3-7(13(19)20)4-9(15)11(8)16-12(18)6-1-2-10(17)21-5-6/h1-5H,(H,16,18)(H,19,20)","QVXHUCLSTIZYHM-UHFFFAOYSA-N"
40951353,"3-(2,5-Dichlorophenoxy)-4-nitrobenzoic acid",326.970123,"C13H7Cl2NO5","c1cc(c(cc1C(=O)O)Oc2cc(ccc2Cl)Cl)[N+](=O)[O-]","InChI=1S/C13H7Cl2NO5/c14-8-2-3-9(15)11(6-8)21-12-5-7(13(17)18)1-4-10(12)16(19)20/h1-6H,(H,17,18)","NFZYFEQNMJMBAF-UHFFFAOYSA-N"
40951380,"3-(2,4-Dichlorophenoxy)-4-nitrobenzoic acid",326.970123,"C13H7Cl2NO5","c1cc(c(cc1C(=O)O)Oc2ccc(cc2Cl)Cl)[N+](=O)[O-]","InChI=1S/C13H7Cl2NO5/c14-8-2-4-11(9(15)6-8)21-12-5-7(13(17)18)1-3-10(12)16(19)20/h1-6H,(H,17,18)","CIIJFYXNQRDBMB-UHFFFAOYSA-N"
40951404,"3-(2,3-Dichlorophenoxy)-4-nitrobenzoic acid",326.970123,"C13H7Cl2NO5","c1cc(c(c(c1)Cl)Cl)Oc2cc(ccc2[N+](=O)[O-])C(=O)O","InChI=1S/C13H7Cl2NO5/c14-8-2-1-3-10(12(8)15)21-11-6-7(13(17)18)4-5-9(11)16(19)20/h1-6H,(H,17,18)","KHHPXTYDMHWTCO-UHFFFAOYSA-N"
40951428,"3-(3,5-Dichlorophenoxy)-4-nitrobenzoic acid",326.970123,"C13H7Cl2NO5","c1cc(c(cc1C(=O)O)Oc2cc(cc(c2)Cl)Cl)[N+](=O)[O-]","InChI=1S/C13H7Cl2NO5/c14-8-4-9(15)6-10(5-8)21-12-3-7(13(17)18)1-2-11(12)16(19)20/h1-6H,(H,17,18)","FZRXRYYUTADFRH-UHFFFAOYSA-N"
40951430,"3-(3,4-Dichlorophenoxy)-4-nitrobenzoic acid",326.970123,"C13H7Cl2NO5","c1cc(c(cc1C(=O)O)Oc2ccc(c(c2)Cl)Cl)[N+](=O)[O-]","InChI=1S/C13H7Cl2NO5/c14-9-3-2-8(6-10(9)15)21-12-5-7(13(17)18)1-4-11(12)16(19)20/h1-6H,(H,17,18)","MAFBPVWNIGCSCF-UHFFFAOYSA-N"
40958403,"1-(2,5-Dichloro-3-thienyl)-2-(4-fluoro-1H-indol-1-yl)ethanone",326.968781,"C14H8Cl2FNOS","c1cc2c(ccn2CC(=O)c3cc(sc3Cl)Cl)c(c1)F","InChI=1S/C14H8Cl2FNOS/c15-13-6-9(14(16)20-13)12(19)7-18-5-4-8-10(17)2-1-3-11(8)18/h1-6H,7H2","CCRQUIQUUARLLA-UHFFFAOYSA-N"
41055258,"2-Bromo-5-methoxy-N-(2,2,2-trifluoroethoxy)benzamide",326.971771,"C10H9BrF3NO3","COc1ccc(c(c1)C(=O)NOCC(F)(F)F)Br","InChI=1S/C10H9BrF3NO3/c1-17-6-2-3-8(11)7(4-6)9(16)15-18-5-10(12,13)14/h2-4H,5H2,1H3,(H,15,16)","MESXMLXBKHWFKZ-UHFFFAOYSA-N"
41055305,"2-(3-Bromophenoxy)-N-(2,2,2-trifluoroethoxy)acetamide",326.971771,"C10H9BrF3NO3","c1cc(cc(c1)Br)OCC(=O)NOCC(F)(F)F","InChI=1S/C10H9BrF3NO3/c11-7-2-1-3-8(4-7)17-5-9(16)15-18-6-10(12,13)14/h1-4H,5-6H2,(H,15,16)","VSTWLXXMTHFRLR-UHFFFAOYSA-N"
41089997,"N-(4-Bromo-2-fluorophenyl)-5-fluoro-2-hydroxybenzamide",326.970642,"C13H8BrF2NO2","c1cc(c(cc1F)C(=O)Nc2ccc(cc2F)Br)O","InChI=1S/C13H8BrF2NO2/c14-7-1-3-11(10(16)5-7)17-13(19)9-6-8(15)2-4-12(9)18/h1-6,18H,(H,17,19)","IDBOTYTXAFSKNM-UHFFFAOYSA-N"
41090000,"N-(2-Bromo-4-fluorophenyl)-5-fluoro-2-hydroxybenzamide",326.970642,"C13H8BrF2NO2","c1cc(c(cc1F)Br)NC(=O)c2cc(ccc2O)F","InChI=1S/C13H8BrF2NO2/c14-10-6-8(16)1-3-11(10)17-13(19)9-5-7(15)2-4-12(9)18/h1-6,18H,(H,17,19)","RSZGYUOOSFSPFF-UHFFFAOYSA-N"
41090010,"N-(4-Bromo-3-fluorophenyl)-5-fluoro-2-hydroxybenzamide",326.970642,"C13H8BrF2NO2","c1cc(c(cc1NC(=O)c2cc(ccc2O)F)F)Br","InChI=1S/C13H8BrF2NO2/c14-10-3-2-8(6-11(10)16)17-13(19)9-5-7(15)1-4-12(9)18/h1-6,18H,(H,17,19)","HPIOVKQMOVGPSO-UHFFFAOYSA-N"
41090143,"N-(5-Bromo-2-fluorophenyl)-5-fluoro-2-hydroxybenzamide",326.970642,"C13H8BrF2NO2","c1cc(c(cc1F)C(=O)Nc2cc(ccc2F)Br)O","InChI=1S/C13H8BrF2NO2/c14-7-1-3-10(16)11(5-7)17-13(19)9-6-8(15)2-4-12(9)18/h1-6,18H,(H,17,19)","DSNOBXHRFBSEEE-UHFFFAOYSA-N"
41746094,"2-(2,6-Dichlorophenyl)-1-(thieno[3,2-b]thiophen-2-yl)ethanamine",326.971008,"C14H11Cl2NS2","c1cc(c(c(c1)Cl)CC(c2cc3c(s2)ccs3)N)Cl","InChI=1S/C14H11Cl2NS2/c15-9-2-1-3-10(16)8(9)6-11(17)13-7-14-12(19-13)4-5-18-14/h1-5,7,11H,6,17H2","NGGNYJNIBRVPIE-UHFFFAOYSA-N"
41755752,"2-(2,4-Dichlorophenyl)-1-(thieno[3,2-b]thiophen-2-yl)ethanamine",326.971008,"C14H11Cl2NS2","c1cc(c(cc1Cl)Cl)CC(c2cc3c(s2)ccs3)N","InChI=1S/C14H11Cl2NS2/c15-9-2-1-8(10(16)6-9)5-11(17)13-7-14-12(19-13)3-4-18-14/h1-4,6-7,11H,5,17H2","SYVKOPAIXUZPCQ-UHFFFAOYSA-N"
41767866,"1-(2,3-Dichlorophenyl)-N-methyl-1-(thieno[3,2-b]thiophen-2-yl)methanamine",326.971008,"C14H11Cl2NS2","CNC(c1cccc(c1Cl)Cl)c2cc3c(s2)ccs3","InChI=1S/C14H11Cl2NS2/c1-17-14(8-3-2-4-9(15)13(8)16)12-7-11-10(19-12)5-6-18-11/h2-7,14,17H,1H3","GZYIAKRYRLXGAN-UHFFFAOYSA-N"
41781903,"2-(2,5-Dichlorophenyl)-1-(thieno[3,2-b]thiophen-2-yl)ethanamine",326.971008,"C14H11Cl2NS2","c1cc(c(cc1Cl)CC(c2cc3c(s2)ccs3)N)Cl","InChI=1S/C14H11Cl2NS2/c15-9-1-2-10(16)8(5-9)6-11(17)13-7-14-12(19-13)3-4-18-14/h1-5,7,11H,6,17H2","BEWLECCWINOACK-UHFFFAOYSA-N"
41904906,"3-(2,5-Dichlorophenoxy)-2-nitrobenzoic acid",326.970123,"C13H7Cl2NO5","c1cc(c(c(c1)Oc2cc(ccc2Cl)Cl)[N+](=O)[O-])C(=O)O","InChI=1S/C13H7Cl2NO5/c14-7-4-5-9(15)11(6-7)21-10-3-1-2-8(13(17)18)12(10)16(19)20/h1-6H,(H,17,18)","PUMDQVALCGGZMB-UHFFFAOYSA-N"
41904943,"3-(2,3-Dichlorophenoxy)-2-nitrobenzoic acid",326.970123,"C13H7Cl2NO5","c1cc(c(c(c1)Oc2cccc(c2Cl)Cl)[N+](=O)[O-])C(=O)O","InChI=1S/C13H7Cl2NO5/c14-8-4-2-5-9(11(8)15)21-10-6-1-3-7(13(17)18)12(10)16(19)20/h1-6H,(H,17,18)","FAKRNAVLPVUAQS-UHFFFAOYSA-N"
41904973,"3-(3,5-Dichlorophenoxy)-2-nitrobenzoic acid",326.970123,"C13H7Cl2NO5","c1cc(c(c(c1)Oc2cc(cc(c2)Cl)Cl)[N+](=O)[O-])C(=O)O","InChI=1S/C13H7Cl2NO5/c14-7-4-8(15)6-9(5-7)21-11-3-1-2-10(13(17)18)12(11)16(19)20/h1-6H,(H,17,18)","PTDNJZGFUGCWAC-UHFFFAOYSA-N"
41904977,"3-(3,4-Dichlorophenoxy)-2-nitrobenzoic acid",326.970123,"C13H7Cl2NO5","c1cc(c(c(c1)Oc2ccc(c(c2)Cl)Cl)[N+](=O)[O-])C(=O)O","InChI=1S/C13H7Cl2NO5/c14-9-5-4-7(6-10(9)15)21-11-3-1-2-8(13(17)18)12(11)16(19)20/h1-6H,(H,17,18)","NDSQDJPQPINNRJ-UHFFFAOYSA-N"
42061725,"3-{[(2,6-Dichlorophenyl)sulfinyl]methyl}-4-fluorobenzonitrile",326.968781,"C14H8Cl2FNOS","c1cc(c(c(c1)Cl)S(=O)Cc2cc(ccc2F)C#N)Cl","InChI=1S/C14H8Cl2FNOS/c15-11-2-1-3-12(16)14(11)20(19)8-10-6-9(7-18)4-5-13(10)17/h1-6H,8H2","VMHALMWQEFNHSQ-UHFFFAOYSA-N"
42061739,"4-{[(2,6-Dichlorophenyl)sulfinyl]methyl}-3-fluorobenzonitrile",326.968781,"C14H8Cl2FNOS","c1cc(c(c(c1)Cl)S(=O)Cc2ccc(cc2F)C#N)Cl","InChI=1S/C14H8Cl2FNOS/c15-11-2-1-3-12(16)14(11)20(19)8-10-5-4-9(7-18)6-13(10)17/h1-6H,8H2","HDOIJLYVUWHEGF-UHFFFAOYSA-N"
42061744,"3-{[(2,6-Dichlorophenyl)sulfinyl]methyl}-5-fluorobenzonitrile",326.968781,"C14H8Cl2FNOS","c1cc(c(c(c1)Cl)S(=O)Cc2cc(cc(c2)F)C#N)Cl","InChI=1S/C14H8Cl2FNOS/c15-12-2-1-3-13(16)14(12)20(19)8-10-4-9(7-18)5-11(17)6-10/h1-6H,8H2","ZBKGGLKPNUKGJM-UHFFFAOYSA-N"
42539996,"2-(2,5-Dichlorophenoxy)-3-nitrobenzoic acid",326.970123,"C13H7Cl2NO5","c1cc(c(c(c1)[N+](=O)[O-])Oc2cc(ccc2Cl)Cl)C(=O)O","InChI=1S/C13H7Cl2NO5/c14-7-4-5-9(15)11(6-7)21-12-8(13(17)18)2-1-3-10(12)16(19)20/h1-6H,(H,17,18)","XIHBBEISLRHMRH-UHFFFAOYSA-N"
42540014,"2-(2,4-Dichlorophenoxy)-3-nitrobenzoic acid",326.970123,"C13H7Cl2NO5","c1cc(c(c(c1)[N+](=O)[O-])Oc2ccc(cc2Cl)Cl)C(=O)O","InChI=1S/C13H7Cl2NO5/c14-7-4-5-11(9(15)6-7)21-12-8(13(17)18)2-1-3-10(12)16(19)20/h1-6H,(H,17,18)","SKIVWPZMGWHTQN-UHFFFAOYSA-N"
42540031,"2-(2,3-Dichlorophenoxy)-3-nitrobenzoic acid",326.970123,"C13H7Cl2NO5","c1cc(c(c(c1)[N+](=O)[O-])Oc2cccc(c2Cl)Cl)C(=O)O","InChI=1S/C13H7Cl2NO5/c14-8-4-2-6-10(11(8)15)21-12-7(13(17)18)3-1-5-9(12)16(19)20/h1-6H,(H,17,18)","VXQMAHCGRDDQBS-UHFFFAOYSA-N"
42540050,"2-(3,5-Dichlorophenoxy)-3-nitrobenzoic acid",326.970123,"C13H7Cl2NO5","c1cc(c(c(c1)[N+](=O)[O-])Oc2cc(cc(c2)Cl)Cl)C(=O)O","InChI=1S/C13H7Cl2NO5/c14-7-4-8(15)6-9(5-7)21-12-10(13(17)18)2-1-3-11(12)16(19)20/h1-6H,(H,17,18)","CGODCCFRCUHUQN-UHFFFAOYSA-N"
42540052,"2-(3,4-Dichlorophenoxy)-3-nitrobenzoic acid",326.970123,"C13H7Cl2NO5","c1cc(c(c(c1)[N+](=O)[O-])Oc2ccc(c(c2)Cl)Cl)C(=O)O","InChI=1S/C13H7Cl2NO5/c14-9-5-4-7(6-10(9)15)21-12-8(13(17)18)2-1-3-11(12)16(19)20/h1-6H,(H,17,18)","CNJZZYGVPQIAAK-UHFFFAOYSA-N"
42903476,"N-(2-Chloro-4-fluorobenzyl)-3-iodo-1-propanamine",326.968689,"C10H12ClFIN","c1cc(c(cc1F)Cl)CNCCCI","InChI=1S/C10H12ClFIN/c11-10-6-9(12)3-2-8(10)7-14-5-1-4-13/h2-3,6,14H,1,4-5,7H2","NMJHUTNFTFQFNL-UHFFFAOYSA-N"
42903496,"N-(2-Chloro-6-fluorobenzyl)-3-iodo-1-propanamine",326.968689,"C10H12ClFIN","c1cc(c(c(c1)Cl)CNCCCI)F","InChI=1S/C10H12ClFIN/c11-9-3-1-4-10(12)8(9)7-14-6-2-5-13/h1,3-4,14H,2,5-7H2","OITXIMIFQBFYOJ-UHFFFAOYSA-N"
42903544,"N-(2-Chloro-3-fluorobenzyl)-3-iodo-1-propanamine",326.968689,"C10H12ClFIN","c1cc(c(c(c1)F)Cl)CNCCCI","InChI=1S/C10H12ClFIN/c11-10-8(3-1-4-9(10)12)7-14-6-2-5-13/h1,3-4,14H,2,5-7H2","SASLDVCHVOJIGL-UHFFFAOYSA-N"
42966736,"2-Bromo-6-fluoro-N-(3-fluoro-4-hydroxyphenyl)benzamide",326.970642,"C13H8BrF2NO2","c1cc(c(c(c1)Br)C(=O)Nc2ccc(c(c2)F)O)F","InChI=1S/C13H8BrF2NO2/c14-8-2-1-3-9(15)12(8)13(19)17-7-4-5-11(18)10(16)6-7/h1-6,18H,(H,17,19)","BRDMXARVSYHRLR-UHFFFAOYSA-N"
43119924,"1-(1-Benzothiophen-3-yl)-1-(2,5-dichloro-3-thienyl)-N-methylmethanamine",326.971008,"C14H11Cl2NS2","CNC(c1cc(sc1Cl)Cl)c2csc3c2cccc3","InChI=1S/C14H11Cl2NS2/c1-17-13(9-6-12(15)19-14(9)16)10-7-18-11-5-3-2-4-8(10)11/h2-7,13,17H,1H3","JGUXKBCSWLZXTD-UHFFFAOYSA-N"
43119925,"1-(1-Benzothiophen-2-yl)-1-(2,5-dichloro-3-thienyl)-N-methylmethanamine",326.971008,"C14H11Cl2NS2","CNC(c1cc(sc1Cl)Cl)c2cc3ccccc3s2","InChI=1S/C14H11Cl2NS2/c1-17-13(9-7-12(15)19-14(9)16)11-6-8-4-2-3-5-10(8)18-11/h2-7,13,17H,1H3","KULMBIUJYVUFGN-UHFFFAOYSA-N"
43151140,"2-[(4-Bromo-2-fluorophenyl)amino]-3-fluorobenzoic acid",326.970642,"C13H8BrF2NO2","c1cc(c(c(c1)F)Nc2ccc(cc2F)Br)C(=O)O","InChI=1S/C13H8BrF2NO2/c14-7-4-5-11(10(16)6-7)17-12-8(13(18)19)2-1-3-9(12)15/h1-6,17H,(H,18,19)","BUGUGJGRCYWUKG-UHFFFAOYSA-N"
43151301,"4-[(2-Bromophenyl)amino]-3,5-difluorobenzoic acid",326.970642,"C13H8BrF2NO2","c1ccc(c(c1)Nc2c(cc(cc2F)C(=O)O)F)Br","InChI=1S/C13H8BrF2NO2/c14-8-3-1-2-4-11(8)17-12-9(15)5-7(13(18)19)6-10(12)16/h1-6,17H,(H,18,19)","VKTWLVQFAPMTDU-UHFFFAOYSA-N"
43151310,"4-[(4-Bromophenyl)amino]-3,5-difluorobenzoic acid",326.970642,"C13H8BrF2NO2","c1cc(ccc1Nc2c(cc(cc2F)C(=O)O)F)Br","InChI=1S/C13H8BrF2NO2/c14-8-1-3-9(4-2-8)17-12-10(15)5-7(13(18)19)6-11(12)16/h1-6,17H,(H,18,19)","RMFALTOQXNXKSC-UHFFFAOYSA-N"
43151318,"4-[(3-Bromophenyl)amino]-3,5-difluorobenzoic acid",326.970642,"C13H8BrF2NO2","c1cc(cc(c1)Br)Nc2c(cc(cc2F)C(=O)O)F","InChI=1S/C13H8BrF2NO2/c14-8-2-1-3-9(6-8)17-12-10(15)4-7(13(18)19)5-11(12)16/h1-6,17H,(H,18,19)","RSDIDRORQFZFQI-UHFFFAOYSA-N"
43151512,"2-[(2-Bromo-4-fluorophenyl)amino]-3-fluorobenzoic acid",326.970642,"C13H8BrF2NO2","c1cc(c(c(c1)F)Nc2ccc(cc2Br)F)C(=O)O","InChI=1S/C13H8BrF2NO2/c14-9-6-7(15)4-5-11(9)17-12-8(13(18)19)2-1-3-10(12)16/h1-6,17H,(H,18,19)","WHFMYLMLNBKGFR-UHFFFAOYSA-N"
43151710,"2-[(5-Bromo-2-fluorophenyl)amino]-3-fluorobenzoic acid",326.970642,"C13H8BrF2NO2","c1cc(c(c(c1)F)Nc2cc(ccc2F)Br)C(=O)O","InChI=1S/C13H8BrF2NO2/c14-7-4-5-9(15)11(6-7)17-12-8(13(18)19)2-1-3-10(12)16/h1-6,17H,(H,18,19)","SMEJHNDWYCXFGV-UHFFFAOYSA-N"
