"Identifier","CompoundName","MonoisotopicMass","MolecularFormula","SMILES","InChI","InChIKey"
74699,"Lanthanum hydrogen 2,2',2'',2'''-(1,2-ethanediyldinitrilo)tetraacetate (1:1:1)",427.973541,"C10H13LaN2O8","[H+].C(CN(CC(=O)[O-])CC(=O)[O-])N(CC(=O)[O-])CC(=O)[O-].[La+3]","InChI=1S/C10H16N2O8.La/c13-7(14)3-11(4-8(15)16)1-2-12(5-9(17)18)6-10(19)20;/h1-6H2,(H,13,14)(H,15,16)(H,17,18)(H,19,20);/q;+3/p-3","JEGBXAYWCDVHPN-UHFFFAOYSA-K"
106865,"3,3,4,4,5,5,6,6,7,7,8,8,8-Tridecafluoro-1-octanesulfonic acid",427.975189,"C8H5F13O3S","C(CS(=O)(=O)O)C(C(C(C(C(C(F)(F)F)(F)F)(F)F)(F)F)(F)F)(F)F","InChI=1S/C8H5F13O3S/c9-3(10,1-2-25(22,23)24)4(11,12)5(13,14)6(15,16)7(17,18)8(19,20)21/h1-2H2,(H,22,23,24)","VIONGDJUYAYOPU-UHFFFAOYSA-N"
492891,"1-(2,4-Dibromophenyl)-3-(3-methyl-1-piperidinyl)-2,5-pyrrolidinedione",427.97348,"C16H18Br2N2O2","CC1CCCN(C1)C2CC(=O)N(C2=O)c3ccc(cc3Br)Br","InChI=1S/C16H18Br2N2O2/c1-10-3-2-6-19(9-10)14-8-15(21)20(16(14)22)13-5-4-11(17)7-12(13)18/h4-5,7,10,14H,2-3,6,8-9H2,1H3","AEMXPQFJWHRWNV-UHFFFAOYSA-N"
870746,"1-[1-(2,4-Dichlorobenzyl)-1H-pyrazol-4-yl]-3-(3,4-dichlorophenyl)urea",427.976532,"C17H12Cl4N4O","c1cc(c(cc1NC(=O)Nc2cnn(c2)Cc3ccc(cc3Cl)Cl)Cl)Cl","InChI=1S/C17H12Cl4N4O/c18-11-2-1-10(15(20)5-11)8-25-9-13(7-22-25)24-17(26)23-12-3-4-14(19)16(21)6-12/h1-7,9H,8H2,(H2,23,24,26)","JOYVNWDCFOZHSM-UHFFFAOYSA-N"
891446,"(3S)-1-(2,4-Dibromophenyl)-3-(4-methyl-1-piperidinyl)-2,5-pyrrolidinedione",427.97348,"C16H18Br2N2O2","CC1CCN(CC1)[C@H]2CC(=O)N(C2=O)c3ccc(cc3Br)Br","InChI=1S/C16H18Br2N2O2/c1-10-4-6-19(7-5-10)14-9-15(21)20(16(14)22)13-3-2-11(17)8-12(13)18/h2-3,8,10,14H,4-7,9H2,1H3/t14-/m0/s1","DNUXKKBNDCSYOH-AWEZNQCLSA-N"
891447,"(3R)-1-(2,4-Dibromophenyl)-3-(4-methyl-1-piperidinyl)-2,5-pyrrolidinedione",427.97348,"C16H18Br2N2O2","CC1CCN(CC1)[C@@H]2CC(=O)N(C2=O)c3ccc(cc3Br)Br","InChI=1S/C16H18Br2N2O2/c1-10-4-6-19(7-5-10)14-9-15(21)20(16(14)22)13-3-2-11(17)8-12(13)18/h2-3,8,10,14H,4-7,9H2,1H3/t14-/m1/s1","DNUXKKBNDCSYOH-CQSZACIVSA-N"
1084022,"N-[2-(5-Bromo-3-pyridinyl)-1,3-benzoxazol-5-yl]-5-nitro-2-furamide",427.975616,"C17H9BrN4O5","c1cc2c(cc1NC(=O)c3ccc(o3)[N+](=O)[O-])nc(o2)c4cc(cnc4)Br","InChI=1S/C17H9BrN4O5/c18-10-5-9(7-19-8-10)17-21-12-6-11(1-2-13(12)27-17)20-16(23)14-3-4-15(26-14)22(24)25/h1-8H,(H,20,23)","JMLJUFQPCVAKGE-UHFFFAOYSA-N"
1088555,"1-[1-(2,4-Dichlorobenzyl)-1H-pyrazol-4-yl]-3-(2,3-dichlorophenyl)urea",427.976532,"C17H12Cl4N4O","c1cc(c(c(c1)Cl)Cl)NC(=O)Nc2cnn(c2)Cc3ccc(cc3Cl)Cl","InChI=1S/C17H12Cl4N4O/c18-11-5-4-10(14(20)6-11)8-25-9-12(7-22-25)23-17(26)24-15-3-1-2-13(19)16(15)21/h1-7,9H,8H2,(H2,23,24,26)","SOKYMUJJMSMOQD-UHFFFAOYSA-N"
1160139,"1-{5-[(2,4-Dichlorobenzyl)sulfanyl]-1,3,4-thiadiazol-2-yl}-3-(2-fluorophenyl)urea",427.973541,"C16H11Cl2FN4OS2","c1ccc(c(c1)NC(=O)Nc2nnc(s2)SCc3ccc(cc3Cl)Cl)F","InChI=1S/C16H11Cl2FN4OS2/c17-10-6-5-9(11(18)7-10)8-25-16-23-22-15(26-16)21-14(24)20-13-4-2-1-3-12(13)19/h1-7H,8H2,(H2,20,21,22,24)","SXFQEGYJZWJRSX-UHFFFAOYSA-N"
1161164,"1-(2,4-Dichlorophenyl)-3-{5-[(4-fluorobenzyl)sulfanyl]-1,3,4-thiadiazol-2-yl}urea",427.973541,"C16H11Cl2FN4OS2","c1cc(ccc1CSc2nnc(s2)NC(=O)Nc3ccc(cc3Cl)Cl)F","InChI=1S/C16H11Cl2FN4OS2/c17-10-3-6-13(12(18)7-10)20-14(24)21-15-22-23-16(26-15)25-8-9-1-4-11(19)5-2-9/h1-7H,8H2,(H2,20,21,22,24)","NWXXVUCPQIPIAU-UHFFFAOYSA-N"
1163339,"1-(2,4-Dichlorophenyl)-3-{5-[(2-fluorobenzyl)sulfanyl]-1,3,4-thiadiazol-2-yl}urea",427.973541,"C16H11Cl2FN4OS2","c1ccc(c(c1)CSc2nnc(s2)NC(=O)Nc3ccc(cc3Cl)Cl)F","InChI=1S/C16H11Cl2FN4OS2/c17-10-5-6-13(11(18)7-10)20-14(24)21-15-22-23-16(26-15)25-8-9-3-1-2-4-12(9)19/h1-7H,8H2,(H2,20,21,22,24)","ZRRZIPVONLWHNK-UHFFFAOYSA-N"
1220419,"Ethyl {(2S)-3-oxo-1-[(2,4,5-trichlorophenyl)sulfonyl]-2-piperazinyl}acetate",427.976715,"C14H15Cl3N2O5S","CCOC(=O)C[C@H]1C(=O)NCCN1S(=O)(=O)c2cc(c(cc2Cl)Cl)Cl","InChI=1S/C14H15Cl3N2O5S/c1-2-24-13(20)7-11-14(21)18-3-4-19(11)25(22,23)12-6-9(16)8(15)5-10(12)17/h5-6,11H,2-4,7H2,1H3,(H,18,21)/t11-/m0/s1","OLJJQZDMDGGHQE-NSHDSACASA-N"
1220420,"Ethyl {(2R)-3-oxo-1-[(2,4,5-trichlorophenyl)sulfonyl]-2-piperazinyl}acetate",427.976715,"C14H15Cl3N2O5S","CCOC(=O)C[C@@H]1C(=O)NCCN1S(=O)(=O)c2cc(c(cc2Cl)Cl)Cl","InChI=1S/C14H15Cl3N2O5S/c1-2-24-13(20)7-11-14(21)18-3-4-19(11)25(22,23)12-6-9(16)8(15)5-10(12)17/h5-6,11H,2-4,7H2,1H3,(H,18,21)/t11-/m1/s1","OLJJQZDMDGGHQE-LLVKDONJSA-N"
1310185,"4-(3,4-Dichloro-2,5-dioxo-2,5-dihydro-1H-pyrrol-1-yl)-N-(6-methoxy-4-pyrimidinyl)benzenesulfonamide",427.974884,"C15H10Cl2N4O5S","COc1cc(ncn1)NS(=O)(=O)c2ccc(cc2)N3C(=O)C(=C(C3=O)Cl)Cl","InChI=1S/C15H10Cl2N4O5S/c1-26-11-6-10(18-7-19-11)20-27(24,25)9-4-2-8(3-5-9)21-14(22)12(16)13(17)15(21)23/h2-7H,1H3,(H,18,19,20)","AFWIHSYJECAWRJ-UHFFFAOYSA-N"
1310186,"4-(3,4-Dichloro-2,5-dioxo-2,5-dihydro-1H-pyrrol-1-yl)-N-(3-methoxy-2-pyrazinyl)benzenesulfonamide",427.974884,"C15H10Cl2N4O5S","COc1c(nccn1)NS(=O)(=O)c2ccc(cc2)N3C(=O)C(=C(C3=O)Cl)Cl","InChI=1S/C15H10Cl2N4O5S/c1-26-13-12(18-6-7-19-13)20-27(24,25)9-4-2-8(3-5-9)21-14(22)10(16)11(17)15(21)23/h2-7H,1H3,(H,18,20)","COEFVFLGVMVSSF-UHFFFAOYSA-N"
1372536,"(3aR,5S,6R,7aS)-5,6-Dibromo-2-{[(4-methylphenyl)amino]methyl}hexahydro-1H-isoindole-1,3(2H)-dione",427.97348,"C16H18Br2N2O2","Cc1ccc(cc1)NCN2C(=O)[C@@H]3C[C@@H]([C@@H](C[C@@H]3C2=O)Br)Br","InChI=1S/C16H18Br2N2O2/c1-9-2-4-10(5-3-9)19-8-20-15(21)11-6-13(17)14(18)7-12(11)16(20)22/h2-5,11-14,19H,6-8H2,1H3/t11-,12+,13+,14-","KETRWIWMEJCIJV-LVEBTZEWSA-N"
1390639,"(1S,2S,4R)-2-Bromo-N-(5-bromo-2-pyridinyl)-4,7,7-trimethyl-3-oxobicyclo[2.2.1]heptane-1-carboxamide",427.97348,"C16H18Br2N2O2","C[C@@]12CC[C@@](C1(C)C)([C@@H](C2=O)Br)C(=O)Nc3ccc(cn3)Br","InChI=1S/C16H18Br2N2O2/c1-14(2)15(3)6-7-16(14,11(18)12(15)21)13(22)20-10-5-4-9(17)8-19-10/h4-5,8,11H,6-7H2,1-3H3,(H,19,20,22)/t11-,15+,16-/m1/s1","AVBXBGUDQFSJRL-XFBWCDHKSA-N"
1437846,"N-(2-Bromo-4,6-difluorophenyl)-2-{[5-(2-furyl)-4-methyl-4H-1,2,4-triazol-3-yl]sulfanyl}acetamide",427.975403,"C15H11BrF2N4O2S","Cn1c(nnc1SCC(=O)Nc2c(cc(cc2Br)F)F)c3ccco3","InChI=1S/C15H11BrF2N4O2S/c1-22-14(11-3-2-4-24-11)20-21-15(22)25-7-12(23)19-13-9(16)5-8(17)6-10(13)18/h2-6H,7H2,1H3,(H,19,23)","NREGSTCHUWPDIL-UHFFFAOYSA-N"
1495905,"1-(3,4-Dichlorophenyl)-3-{5-[(2-fluorobenzyl)sulfanyl]-1,3,4-thiadiazol-2-yl}urea",427.973541,"C16H11Cl2FN4OS2","c1ccc(c(c1)CSc2nnc(s2)NC(=O)Nc3ccc(c(c3)Cl)Cl)F","InChI=1S/C16H11Cl2FN4OS2/c17-11-6-5-10(7-12(11)18)20-14(24)21-15-22-23-16(26-15)25-8-9-3-1-2-4-13(9)19/h1-7H,8H2,(H2,20,21,22,24)","LAHHMFHRVNTQOV-UHFFFAOYSA-N"
1565060,"5-(4-Bromophenyl)-3-{[(2-phenyl-1,3-thiazol-4-yl)methyl]sulfanyl}-1H-1,2,4-triazole",427.976501,"C18H13BrN4S2","c1ccc(cc1)c2nc(cs2)CSc3nc([nH]n3)c4ccc(cc4)Br","InChI=1S/C18H13BrN4S2/c19-14-8-6-12(7-9-14)16-21-18(23-22-16)25-11-15-10-24-17(20-15)13-4-2-1-3-5-13/h1-10H,11H2,(H,21,22,23)","FQMWWQPEJAVBIN-UHFFFAOYSA-N"
1616483,"1-[5,6-Dichloro-2-(trifluoromethyl)-1,3-benzodioxol-2-yl]-3-(2,4-difluorophenyl)urea",427.975403,"C15H7Cl2F5N2O3","c1cc(c(cc1F)F)NC(=O)NC2(Oc3cc(c(cc3O2)Cl)Cl)C(F)(F)F","InChI=1S/C15H7Cl2F5N2O3/c16-7-4-11-12(5-8(7)17)27-15(26-11,14(20,21)22)24-13(25)23-10-2-1-6(18)3-9(10)19/h1-5H,(H2,23,24,25)","OTEJDWMMIFVAFZ-UHFFFAOYSA-N"
1616484,"1-[5,6-Dichloro-2-(trifluoromethyl)-1,3-benzodioxol-2-yl]-3-(2,6-difluorophenyl)urea",427.975403,"C15H7Cl2F5N2O3","c1cc(c(c(c1)F)NC(=O)NC2(Oc3cc(c(cc3O2)Cl)Cl)C(F)(F)F)F","InChI=1S/C15H7Cl2F5N2O3/c16-6-4-10-11(5-7(6)17)27-15(26-10,14(20,21)22)24-13(25)23-12-8(18)2-1-3-9(12)19/h1-5H,(H2,23,24,25)","CWAOJLCDGDVFMX-UHFFFAOYSA-N"
1616486,"1-[5,6-Dichloro-2-(trifluoromethyl)-1,3-benzodioxol-2-yl]-3-(3,4-difluorophenyl)urea",427.975403,"C15H7Cl2F5N2O3","c1cc(c(cc1NC(=O)NC2(Oc3cc(c(cc3O2)Cl)Cl)C(F)(F)F)F)F","InChI=1S/C15H7Cl2F5N2O3/c16-7-4-11-12(5-8(7)17)27-15(26-11,14(20,21)22)24-13(25)23-6-1-2-9(18)10(19)3-6/h1-5H,(H2,23,24,25)","PDKQHOAJGAPNBF-UHFFFAOYSA-N"
1702816,"1-{5-[(2,4-Dichlorobenzyl)sulfanyl]-1,3,4-thiadiazol-2-yl}-3-(4-fluorophenyl)urea",427.973541,"C16H11Cl2FN4OS2","c1cc(ccc1NC(=O)Nc2nnc(s2)SCc3ccc(cc3Cl)Cl)F","InChI=1S/C16H11Cl2FN4OS2/c17-10-2-1-9(13(18)7-10)8-25-16-23-22-15(26-16)21-14(24)20-12-5-3-11(19)4-6-12/h1-7H,8H2,(H2,20,21,22,24)","QTIQZHMWYBXFPB-UHFFFAOYSA-N"
1730231,"5,7-Dibromo-N-methyl-N-(1-methyl-4-piperidinyl)-1-benzofuran-2-carboxamide",427.97348,"C16H18Br2N2O2","CN1CCC(CC1)N(C)C(=O)c2cc3cc(cc(c3o2)Br)Br","InChI=1S/C16H18Br2N2O2/c1-19-5-3-12(4-6-19)20(2)16(21)14-8-10-7-11(17)9-13(18)15(10)22-14/h7-9,12H,3-6H2,1-2H3","GAJKVTKAIWCFAQ-UHFFFAOYSA-N"
1759526,"N-(2,6-Dichlorophenyl)-2-({5-[(2-fluorophenyl)amino]-1,3,4-thiadiazol-2-yl}sulfanyl)acetamide",427.973541,"C16H11Cl2FN4OS2","c1ccc(c(c1)Nc2nnc(s2)SCC(=O)Nc3c(cccc3Cl)Cl)F","InChI=1S/C16H11Cl2FN4OS2/c17-9-4-3-5-10(18)14(9)21-13(24)8-25-16-23-22-15(26-16)20-12-7-2-1-6-11(12)19/h1-7H,8H2,(H,20,22)(H,21,24)","WWUKQKISELTZQO-UHFFFAOYSA-N"
1772948,"2-{[3-Chloro-5-(trifluoromethyl)-2-pyridinyl]amino}-2-oxoethyl 2-chloro-4,5-difluorobenzoate",427.975403,"C15H7Cl2F5N2O3","c1c(cnc(c1Cl)NC(=O)COC(=O)c2cc(c(cc2Cl)F)F)C(F)(F)F","InChI=1S/C15H7Cl2F5N2O3/c16-8-3-11(19)10(18)2-7(8)14(26)27-5-12(25)24-13-9(17)1-6(4-23-13)15(20,21)22/h1-4H,5H2,(H,23,24,25)","HPQKVGRJLJHTHR-UHFFFAOYSA-N"
1782589,"2-[(4-Chloro-3-nitrophenyl)amino]-2-oxoethyl (2E)-3-(2,4-dichlorophenyl)acrylate",427.973358,"C17H11Cl3N2O5","c1cc(c(cc1NC(=O)COC(=O)/C=C/c2ccc(cc2Cl)Cl)[N+](=O)[O-])Cl","InChI=1S/C17H11Cl3N2O5/c18-11-3-1-10(14(20)7-11)2-6-17(24)27-9-16(23)21-12-4-5-13(19)15(8-12)22(25)26/h1-8H,9H2,(H,21,23)/b6-2+","IXEJIQDFSRDOGL-QHHAFSJGSA-N"
1854311,"2-{[(3R)-1,1-Dioxidotetrahydro-3-thiophenyl](ethyl)amino}-2-oxoethyl 3,4,5-trichloro-2-pyridinecarboxylate",427.976715,"C14H15Cl3N2O5S","CCN([C@@H]1CCS(=O)(=O)C1)C(=O)COC(=O)c2c(c(c(cn2)Cl)Cl)Cl","InChI=1S/C14H15Cl3N2O5S/c1-2-19(8-3-4-25(22,23)7-8)10(20)6-24-14(21)13-12(17)11(16)9(15)5-18-13/h5,8H,2-4,6-7H2,1H3/t8-/m1/s1","NZSUSFNEMILYPH-MRVPVSSYSA-N"
2024634,"N',1-Bis(2,6-dichlorophenyl)-5-methyl-1H-pyrazole-3-carbohydrazide",427.976532,"C17H12Cl4N4O","Cc1cc(nn1c2c(cccc2Cl)Cl)C(=O)NNc3c(cccc3Cl)Cl","InChI=1S/C17H12Cl4N4O/c1-9-8-14(24-25(9)16-12(20)6-3-7-13(16)21)17(26)23-22-15-10(18)4-2-5-11(15)19/h2-8,22H,1H3,(H,23,26)","UPFGHAMWFSNHNG-UHFFFAOYSA-N"
2099886,"2-[(7-nitro-2,1,3-benzoxadiazol-4-yl)thio]ethyl N-(2,4-dichlorophenyl)carbamate",427.974884,"C15H10Cl2N4O5S","c1cc(c(cc1Cl)Cl)NC(=O)OCCSc2ccc(c3c2non3)[N+](=O)[O-]","InChI=1S/C15H10Cl2N4O5S/c16-8-1-2-10(9(17)7-8)18-15(22)25-5-6-27-12-4-3-11(21(23)24)13-14(12)20-26-19-13/h1-4,7H,5-6H2,(H,18,22)","RUCMHTDFRRAIHZ-UHFFFAOYSA-N"
2105293,"2,3,3-Trichloro-2-propen-1-yl 2-[(2-nitrophenyl)carbamoyl]benzoate",427.973358,"C17H11Cl3N2O5","c1ccc(c(c1)C(=O)Nc2ccccc2[N+](=O)[O-])C(=O)OCC(=C(Cl)Cl)Cl","InChI=1S/C17H11Cl3N2O5/c18-12(15(19)20)9-27-17(24)11-6-2-1-5-10(11)16(23)21-13-7-3-4-8-14(13)22(25)26/h1-8H,9H2,(H,21,23)","FFMDPWSTXPAELO-UHFFFAOYSA-N"
2348848,"4,5-Dinitro-9-oxo-9H-fluorene-2,7-disulfonamide",427.973267,"C13H8N4O9S2","c1c(cc(c-2c1C(=O)c3c2c(cc(c3)S(=O)(=O)N)[N+](=O)[O-])[N+](=O)[O-])S(=O)(=O)N","InChI=1S/C13H8N4O9S2/c14-27(23,24)5-1-7-11(9(3-5)16(19)20)12-8(13(7)18)2-6(28(15,25)26)4-10(12)17(21)22/h1-4H,(H2,14,23,24)(H2,15,25,26)","LKSORZDZVHAIRT-UHFFFAOYSA-N"
2491734,"1-(2,4-Dibromophenyl)-3-(4-methyl-1-piperidinyl)-2,5-pyrrolidinedione",427.97348,"C16H18Br2N2O2","CC1CCN(CC1)C2CC(=O)N(C2=O)c3ccc(cc3Br)Br","InChI=1S/C16H18Br2N2O2/c1-10-4-6-19(7-5-10)14-9-15(21)20(16(14)22)13-3-2-11(17)8-12(13)18/h2-3,8,10,14H,4-7,9H2,1H3","DNUXKKBNDCSYOH-UHFFFAOYSA-N"
2517506,"5-Chloro-4-{[(2,3-dichlorophenyl)sulfanyl]methyl}-1-methyl-3-[(phenylsulfanyl)methyl]-1H-pyrazole",427.974213,"C18H15Cl3N2S2","Cn1c(c(c(n1)CSc2ccccc2)CSc3cccc(c3Cl)Cl)Cl","InChI=1S/C18H15Cl3N2S2/c1-23-18(21)13(10-25-16-9-5-8-14(19)17(16)20)15(22-23)11-24-12-6-3-2-4-7-12/h2-9H,10-11H2,1H3","HVCVSLCBNFPWEQ-UHFFFAOYSA-N"
2594535,"(7-Methoxy-2-oxo-2H-chromen-4-yl)methyl 4-amino-3,5,6-trichloro-2-pyridinecarboxylate",427.973358,"C17H11Cl3N2O5","COc1ccc2c(cc(=O)oc2c1)COC(=O)c3c(c(c(c(n3)Cl)Cl)N)Cl","InChI=1S/C17H11Cl3N2O5/c1-25-8-2-3-9-7(4-11(23)27-10(9)5-8)6-26-17(24)15-12(18)14(21)13(19)16(20)22-15/h2-5H,6H2,1H3,(H2,21,22)","PMSJWGLQMPGVHG-UHFFFAOYSA-N"
2681820,"3-(1-Azepanyl)-1-(2,4-dibromophenyl)-2,5-pyrrolidinedione",427.97348,"C16H18Br2N2O2","c1cc(c(cc1Br)Br)N2C(=O)CC(C2=O)N3CCCCCC3","InChI=1S/C16H18Br2N2O2/c17-11-5-6-13(12(18)9-11)20-15(21)10-14(16(20)22)19-7-3-1-2-4-8-19/h5-6,9,14H,1-4,7-8,10H2","ZHPGGIULGQUZHD-UHFFFAOYSA-N"
2726899,"N-(2,5-Dichlorophenyl)-2-({5-[(2-fluorophenyl)amino]-1,3,4-thiadiazol-2-yl}sulfanyl)acetamide",427.973541,"C16H11Cl2FN4OS2","c1ccc(c(c1)Nc2nnc(s2)SCC(=O)Nc3cc(ccc3Cl)Cl)F","InChI=1S/C16H11Cl2FN4OS2/c17-9-5-6-10(18)13(7-9)20-14(24)8-25-16-23-22-15(26-16)21-12-4-2-1-3-11(12)19/h1-7H,8H2,(H,20,24)(H,21,22)","XGZNMWJLRMSUGV-UHFFFAOYSA-N"
2767439,"5-Chloro-4-{[(2-chlorophenyl)sulfanyl]methyl}-3-{[(4-chlorophenyl)sulfanyl]methyl}-1-methyl-1H-pyrazole",427.974213,"C18H15Cl3N2S2","Cn1c(c(c(n1)CSc2ccc(cc2)Cl)CSc3ccccc3Cl)Cl","InChI=1S/C18H15Cl3N2S2/c1-23-18(21)14(10-25-17-5-3-2-4-15(17)20)16(22-23)11-24-13-8-6-12(19)7-9-13/h2-9H,10-11H2,1H3","MFDNNLLIFSFFAT-UHFFFAOYSA-N"
2781085,"N-(3,4-Dichlorophenyl)-2-({5-[(2-fluorophenyl)amino]-1,3,4-thiadiazol-2-yl}sulfanyl)acetamide",427.973541,"C16H11Cl2FN4OS2","c1ccc(c(c1)Nc2nnc(s2)SCC(=O)Nc3ccc(c(c3)Cl)Cl)F","InChI=1S/C16H11Cl2FN4OS2/c17-10-6-5-9(7-11(10)18)20-14(24)8-25-16-23-22-15(26-16)21-13-4-2-1-3-12(13)19/h1-7H,8H2,(H,20,24)(H,21,22)","MRNCNHSFGRGBEC-UHFFFAOYSA-N"
2880602,"5,6-Dibromo-2-{[(4-methylphenyl)amino]methyl}hexahydro-1H-isoindole-1,3(2H)-dione",427.97348,"C16H18Br2N2O2","Cc1ccc(cc1)NCN2C(=O)C3CC(C(CC3C2=O)Br)Br","InChI=1S/C16H18Br2N2O2/c1-9-2-4-10(5-3-9)19-8-20-15(21)11-6-13(17)14(18)7-12(11)16(20)22/h2-5,11-14,19H,6-8H2,1H3","KETRWIWMEJCIJV-UHFFFAOYSA-N"
2987391,"5-Chloro-4-{[(2,6-dichlorophenyl)sulfanyl]methyl}-1-methyl-3-[(phenylsulfanyl)methyl]-1H-pyrazole",427.974213,"C18H15Cl3N2S2","Cn1c(c(c(n1)CSc2ccccc2)CSc3c(cccc3Cl)Cl)Cl","InChI=1S/C18H15Cl3N2S2/c1-23-18(21)13(10-25-17-14(19)8-5-9-15(17)20)16(22-23)11-24-12-6-3-2-4-7-12/h2-9H,10-11H2,1H3","UGCLVFLYUUJELI-UHFFFAOYSA-N"
2996034,"Ethyl {3-oxo-1-[(2,4,5-trichlorophenyl)sulfonyl]-2-piperazinyl}acetate",427.976715,"C14H15Cl3N2O5S","CCOC(=O)CC1C(=O)NCCN1S(=O)(=O)c2cc(c(cc2Cl)Cl)Cl","InChI=1S/C14H15Cl3N2O5S/c1-2-24-13(20)7-11-14(21)18-3-4-19(11)25(22,23)12-6-9(16)8(15)5-10(12)17/h5-6,11H,2-4,7H2,1H3,(H,18,21)","OLJJQZDMDGGHQE-UHFFFAOYSA-N"
2997603,"5-Chloro-3,4-bis{[(4-chlorophenyl)sulfanyl]methyl}-1-methyl-1H-pyrazole",427.974213,"C18H15Cl3N2S2","Cn1c(c(c(n1)CSc2ccc(cc2)Cl)CSc3ccc(cc3)Cl)Cl","InChI=1S/C18H15Cl3N2S2/c1-23-18(21)16(10-24-14-6-2-12(19)3-7-14)17(22-23)11-25-15-8-4-13(20)5-9-15/h2-9H,10-11H2,1H3","ZWNMHJYDWCJVDN-UHFFFAOYSA-N"
3026210,"1-(3,4-Dichlorophenyl)-3-{5-[(4-fluorobenzyl)sulfanyl]-1,3,4-thiadiazol-2-yl}urea",427.973541,"C16H11Cl2FN4OS2","c1cc(ccc1CSc2nnc(s2)NC(=O)Nc3ccc(c(c3)Cl)Cl)F","InChI=1S/C16H11Cl2FN4OS2/c17-12-6-5-11(7-13(12)18)20-14(24)21-15-22-23-16(26-15)25-8-9-1-3-10(19)4-2-9/h1-7H,8H2,(H2,20,21,22,24)","WBOIGRSHRKTGCL-UHFFFAOYSA-N"
3031596,"2,2'-[1,2-Ethanediylbis(iminomethylene)]bis(4-bromophenol)",427.97348,"C16H18Br2N2O2","c1cc(c(cc1Br)CNCCNCc2cc(ccc2O)Br)O","InChI=1S/C16H18Br2N2O2/c17-13-1-3-15(21)11(7-13)9-19-5-6-20-10-12-8-14(18)2-4-16(12)22/h1-4,7-8,19-22H,5-6,9-10H2","VGRMSWQPLIBDHF-UHFFFAOYSA-N"
3236313,"N-(2,4-Dichlorophenyl)-2-({5-[(2-fluorophenyl)amino]-1,3,4-thiadiazol-2-yl}sulfanyl)acetamide",427.973541,"C16H11Cl2FN4OS2","c1ccc(c(c1)Nc2nnc(s2)SCC(=O)Nc3ccc(cc3Cl)Cl)F","InChI=1S/C16H11Cl2FN4OS2/c17-9-5-6-12(10(18)7-9)20-14(24)8-25-16-23-22-15(26-16)21-13-4-2-1-3-11(13)19/h1-7H,8H2,(H,20,24)(H,21,22)","XERKBJFEXFVNIC-UHFFFAOYSA-N"
3538713,"N-(3,5-Dichlorophenyl)-2-({5-[(2-fluorophenyl)amino]-1,3,4-thiadiazol-2-yl}sulfanyl)acetamide",427.973541,"C16H11Cl2FN4OS2","c1ccc(c(c1)Nc2nnc(s2)SCC(=O)Nc3cc(cc(c3)Cl)Cl)F","InChI=1S/C16H11Cl2FN4OS2/c17-9-5-10(18)7-11(6-9)20-14(24)8-25-16-23-22-15(26-16)21-13-4-2-1-3-12(13)19/h1-7H,8H2,(H,20,24)(H,21,22)","QQXRUNJCXASLNU-UHFFFAOYSA-N"
3607675,"N-[4-(4-Bromophenyl)-1,3-thiazol-2-yl]-3-(3-methylphenyl)-1,2,4-thiadiazol-5-amine",427.976501,"C18H13BrN4S2","Cc1cccc(c1)c2nc(sn2)Nc3nc(cs3)c4ccc(cc4)Br","InChI=1S/C18H13BrN4S2/c1-11-3-2-4-13(9-11)16-21-18(25-23-16)22-17-20-15(10-24-17)12-5-7-14(19)8-6-12/h2-10H,1H3,(H,20,21,22,23)","PLYWIDUISXAQNS-UHFFFAOYSA-N"
3617426,"2-Bromo-N-(5-bromo-2-pyridinyl)-4,7,7-trimethyl-3-oxobicyclo[2.2.1]heptane-1-carboxamide",427.97348,"C16H18Br2N2O2","CC1(C2(CCC1(C(C2=O)Br)C(=O)Nc3ccc(cn3)Br)C)C","InChI=1S/C16H18Br2N2O2/c1-14(2)15(3)6-7-16(14,11(18)12(15)21)13(22)20-10-5-4-9(17)8-19-10/h4-5,8,11H,6-7H2,1-3H3,(H,19,20,22)","AVBXBGUDQFSJRL-UHFFFAOYSA-N"
3626989,"1-(2,4-Dibromophenyl)-3-(2-methyl-1-piperidinyl)-2,5-pyrrolidinedione",427.97348,"C16H18Br2N2O2","CC1CCCCN1C2CC(=O)N(C2=O)c3ccc(cc3Br)Br","InChI=1S/C16H18Br2N2O2/c1-10-4-2-3-7-19(10)14-9-15(21)20(16(14)22)13-6-5-11(17)8-12(13)18/h5-6,8,10,14H,2-4,7,9H2,1H3","HPIUKAZXFXVOSS-UHFFFAOYSA-N"
3853071,"2-[(4-Chloro-3-nitrophenyl)amino]-2-oxoethyl 3-(2,4-dichlorophenyl)acrylate",427.973358,"C17H11Cl3N2O5","c1cc(c(cc1NC(=O)COC(=O)C=Cc2ccc(cc2Cl)Cl)[N+](=O)[O-])Cl","InChI=1S/C17H11Cl3N2O5/c18-11-3-1-10(14(20)7-11)2-6-17(24)27-9-16(23)21-12-4-5-13(19)15(8-12)22(25)26/h1-8H,9H2,(H,21,23)","IXEJIQDFSRDOGL-UHFFFAOYSA-N"
3874633,"N-(2,3-Dichlorophenyl)-2-({5-[(2-fluorophenyl)amino]-1,3,4-thiadiazol-2-yl}sulfanyl)acetamide",427.973541,"C16H11Cl2FN4OS2","c1ccc(c(c1)Nc2nnc(s2)SCC(=O)Nc3cccc(c3Cl)Cl)F","InChI=1S/C16H11Cl2FN4OS2/c17-9-4-3-7-12(14(9)18)20-13(24)8-25-16-23-22-15(26-16)21-11-6-2-1-5-10(11)19/h1-7H,8H2,(H,20,24)(H,21,22)","YPHRYJICBYTDMB-UHFFFAOYSA-N"
3960627,"4-Bromo-N-{4-[4-(difluoromethoxy)phenyl]-1,3-thiazol-2-yl}-1-methyl-1H-pyrazole-3-carboxamide",427.975403,"C15H11BrF2N4O2S","Cn1cc(c(n1)C(=O)Nc2nc(cs2)c3ccc(cc3)OC(F)F)Br","InChI=1S/C15H11BrF2N4O2S/c1-22-6-10(16)12(21-22)13(23)20-15-19-11(7-25-15)8-2-4-9(5-3-8)24-14(17)18/h2-7,14H,1H3,(H,19,20,23)","DATARKPEVWMNGX-UHFFFAOYSA-N"
3962431,"4-[({5-[(4-Bromophenoxy)methyl]-2-furyl}methylene)amino]-5-(difluoromethyl)-2,4-dihydro-3H-1,2,4-triazole-3-thione",427.975403,"C15H11BrF2N4O2S","c1cc(ccc1OCc2ccc(o2)C=Nn3c(n[nH]c3=S)C(F)F)Br","InChI=1S/C15H11BrF2N4O2S/c16-9-1-3-10(4-2-9)23-8-12-6-5-11(24-12)7-19-22-14(13(17)18)20-21-15(22)25/h1-7,13H,8H2,(H,21,25)","MNKIAOHAODMFGU-UHFFFAOYSA-N"
4042328,"2-[(4-Chloro-3-nitrophenyl)amino]-2-oxoethyl 3-(3,4-dichlorophenyl)acrylate",427.973358,"C17H11Cl3N2O5","c1cc(c(cc1C=CC(=O)OCC(=O)Nc2ccc(c(c2)[N+](=O)[O-])Cl)Cl)Cl","InChI=1S/C17H11Cl3N2O5/c18-12-4-1-10(7-14(12)20)2-6-17(24)27-9-16(23)21-11-3-5-13(19)15(8-11)22(25)26/h1-8H,9H2,(H,21,23)","LRXFMCVTUGQHRK-UHFFFAOYSA-N"
4340900,"5-Chloro-4-{[(3-chlorophenyl)sulfanyl]methyl}-3-{[(4-chlorophenyl)sulfanyl]methyl}-1-methyl-1H-pyrazole",427.974213,"C18H15Cl3N2S2","Cn1c(c(c(n1)CSc2ccc(cc2)Cl)CSc3cccc(c3)Cl)Cl","InChI=1S/C18H15Cl3N2S2/c1-23-18(21)16(10-24-15-4-2-3-13(20)9-15)17(22-23)11-25-14-7-5-12(19)6-8-14/h2-9H,10-11H2,1H3","FVCFVCDWNLOPOY-UHFFFAOYSA-N"
4359438,"3-(Benzylsulfanyl)-5-[2-(4-bromobenzylidene)hydrazino]-1,2-thiazole-4-carbonitrile",427.976501,"C18H13BrN4S2","c1ccc(cc1)CSc2c(c(sn2)NN=Cc3ccc(cc3)Br)C#N","InChI=1S/C18H13BrN4S2/c19-15-8-6-13(7-9-15)11-21-22-17-16(10-20)18(23-25-17)24-12-14-4-2-1-3-5-14/h1-9,11,22H,12H2","QJUZDAWSKJKCGP-UHFFFAOYSA-N"
4489026,"N-(3-Chloro-4-methylphenyl)-4-(3-fluoro-4-methoxyphenyl)-1,3-thiazol-2-amine hydrobromide (1:1)",427.976105,"C17H15BrClFN2OS","Cc1ccc(cc1Cl)Nc2nc(cs2)c3ccc(c(c3)F)OC.Br","InChI=1S/C17H14ClFN2OS.BrH/c1-10-3-5-12(8-13(10)18)20-17-21-15(9-23-17)11-4-6-16(22-2)14(19)7-11;/h3-9H,1-2H3,(H,20,21);1H","LSQBNMJBJNOBDS-UHFFFAOYSA-N"
4764817,"N'-[(3,5-Dibromo-4-oxo-2,5-cyclohexadien-1-ylidene)methyl]-1-methylbicyclo[4.1.0]heptane-7-carbohydrazide",427.97348,"C16H18Br2N2O2","CC12CCCCC1C2C(=O)NNC=C3C=C(C(=O)C(=C3)Br)Br","InChI=1S/C16H18Br2N2O2/c1-16-5-3-2-4-10(16)13(16)15(22)20-19-8-9-6-11(17)14(21)12(18)7-9/h6-8,10,13,19H,2-5H2,1H3,(H,20,22)","JMAFWNGPQHYUEK-UHFFFAOYSA-N"
4790971,"5-{[(6-Bromo-1,3-dioxo-1H-benzo[de]isoquinolin-2(3H)-yl)amino]methylene}-2,4,6(1H,3H,5H)-pyrimidinetrione",427.975616,"C17H9BrN4O5","c1cc2c(ccc3c2c(c1)C(=O)N(C3=O)NC=C4C(=O)NC(=O)NC4=O)Br","InChI=1S/C17H9BrN4O5/c18-11-5-4-9-12-7(11)2-1-3-8(12)15(25)22(16(9)26)19-6-10-13(23)20-17(27)21-14(10)24/h1-6,19H,(H2,20,21,23,24,27)","YBEMIEMBKYSBGZ-UHFFFAOYSA-N"
4821643,"5-Bromo-3-{2-[2-nitro-4-(trifluoromethyl)phenyl]hydrazino}-2H-indol-2-one",427.973175,"C15H8BrF3N4O3","FC(F)(F)c1ccc(c([N+]([O-])=O)c1)NNC\2=C3/C=C(/Br)\C=C/C3=N/C/2=O","InChI=1S/C15H8BrF3N4O3/c16-8-2-4-10-9(6-8)13(14(24)20-10)22-21-11-3-1-7(15(17,18)19)5-12(11)23(25)26/h1-6,21H,(H,20,22,24)","ABUAPHJMVFDWTO-UHFFFAOYSA-N"
4850493,"2-[(4-Chloro-3-nitrophenyl)amino]-2-oxoethyl (2E)-3-(3,4-dichlorophenyl)acrylate",427.973358,"C17H11Cl3N2O5","c1cc(c(cc1/C=C/C(=O)OCC(=O)Nc2ccc(c(c2)[N+](=O)[O-])Cl)Cl)Cl","InChI=1S/C17H11Cl3N2O5/c18-12-4-1-10(7-14(12)20)2-6-17(24)27-9-16(23)21-11-3-5-13(19)15(8-11)22(25)26/h1-8H,9H2,(H,21,23)/b6-2+","LRXFMCVTUGQHRK-QHHAFSJGSA-N"
4915456,"4-(3,4-Dichloro-2,5-dioxo-2,5-dihydro-1H-pyrrol-1-yl)-N-(6-methoxy-3-pyridazinyl)benzenesulfonamide",427.974884,"C15H10Cl2N4O5S","COc1ccc(nn1)NS(=O)(=O)c2ccc(cc2)N3C(=O)C(=C(C3=O)Cl)Cl","InChI=1S/C15H10Cl2N4O5S/c1-26-11-7-6-10(18-19-11)20-27(24,25)9-4-2-8(3-5-9)21-14(22)12(16)13(17)15(21)23/h2-7H,1H3,(H,18,20)","XPTFXOANAMSHAM-UHFFFAOYSA-N"
5028671,"(3aS,5R,6S,7aS)-5,6-Dibromo-2-{[(4-methylphenyl)amino]methyl}hexahydro-1H-isoindole-1,3(2H)-dione",427.97348,"C16H18Br2N2O2","Cc1ccc(cc1)NCN2C(=O)[C@H]3C[C@H]([C@H](C[C@@H]3C2=O)Br)Br","InChI=1S/C16H18Br2N2O2/c1-9-2-4-10(5-3-9)19-8-20-15(21)11-6-13(17)14(18)7-12(11)16(20)22/h2-5,11-14,19H,6-8H2,1H3/t11-,12-,13-,14+/m0/s1","KETRWIWMEJCIJV-XDQVBPFNSA-N"
5434376,"(3aR,5R,6R,7aS)-5,6-Dibromo-2-{[(4-methylphenyl)amino]methyl}hexahydro-1H-isoindole-1,3(2H)-dione",427.97348,"C16H18Br2N2O2","O=C1N(C(=O)[C@@H]2[C@H]1C[C@@H](Br)[C@H](Br)C2)CNc3ccc(cc3)C","InChI=1S/C16H18Br2N2O2/c1-9-2-4-10(5-3-9)19-8-20-15(21)11-6-13(17)14(18)7-12(11)16(20)22/h2-5,11-14,19H,6-8H2,1H3/t11-,12+,13-,14-/m1/s1","KETRWIWMEJCIJV-XJFOESAGSA-N"
7818215,"(1R,2S,4S)-2-Bromo-N-(5-bromo-2-pyridinyl)-4,7,7-trimethyl-3-oxobicyclo[2.2.1]heptane-1-carboxamide",427.97348,"C16H18Br2N2O2","O=C(Nc1ncc(Br)cc1)[C@@]23[C@H](Br)C(=O)[C@@](C)(CC2)C3(C)C","InChI=1S/C16H18Br2N2O2/c1-14(2)15(3)6-7-16(14,11(18)12(15)21)13(22)20-10-5-4-9(17)8-19-10/h4-5,8,11H,6-7H2,1-3H3,(H,19,20,22)/t11-,15-,16+/m1/s1","AVBXBGUDQFSJRL-LYRGGWFBSA-N"
7874398,"3-(Benzylsulfanyl)-5-[(2E)-2-(4-bromobenzylidene)hydrazino]-1,2-thiazole-4-carbonitrile",427.976501,"C18H13BrN4S2","Brc1ccc(cc1)/C=N/Nc3snc(SCc2ccccc2)c3C#N","InChI=1S/C18H13BrN4S2/c19-15-8-6-13(7-9-15)11-21-22-17-16(10-20)18(23-25-17)24-12-14-4-2-1-3-5-14/h1-9,11,22H,12H2/b21-11+","QJUZDAWSKJKCGP-SRZZPIQSSA-N"
8269668,"9-(4-Bromophenyl)-7-methyl-2,6-dihydroimidazo[1,2-c]pyrido[3',2':4,5]thieno[2,3-e]pyrimidine-5(3H)-thione",427.976501,"C18H13BrN4S2","Brc1ccc(cc1)c3nc4sc2C/5=N/CCN\5C(=S)Nc2c4c(c3)C","InChI=1S/C18H13BrN4S2/c1-9-8-12(10-2-4-11(19)5-3-10)21-17-13(9)14-15(25-17)16-20-6-7-23(16)18(24)22-14/h2-5,8H,6-7H2,1H3,(H,22,24)","OENHQOIBHBBLSE-UHFFFAOYSA-N"
8269669,"7-(4-Bromophenyl)-9-methyl-2,6-dihydroimidazo[1,2-c]pyrido[3',2':4,5]thieno[2,3-e]pyrimidine-5(3H)-thione",427.976501,"C18H13BrN4S2","Brc1ccc(cc1)c3cc(nc4sc2C/5=N/CCN\5C(=S)Nc2c34)C","InChI=1S/C18H13BrN4S2/c1-9-8-12(10-2-4-11(19)5-3-10)13-14-15(25-17(13)21-9)16-20-6-7-23(16)18(24)22-14/h2-5,8H,6-7H2,1H3,(H,22,24)","RMURMYDEQGEAAJ-UHFFFAOYSA-N"
8701927,"3-[(Nonafluorobutyl)sulfonyl]-2H-chromen-2-one",427.976471,"C13H5F9O4S","FC(F)(F)C(F)(F)C(F)(F)C(F)(F)S(=O)(=O)C\1=C\c2c(OC/1=O)cccc2","InChI=1S/C13H5F9O4S/c14-10(15,12(18,19)20)11(16,17)13(21,22)27(24,25)8-5-6-3-1-2-4-7(6)26-9(8)23/h1-5H","XSHWISNPMYBXEG-UHFFFAOYSA-N"
9059742,"(2-Oxoethyl)(triphenyl)arsonium bromide",427.975677,"C20H18AsBrO","[Br-].O=CC[As+](c1ccccc1)(c2ccccc2)c3ccccc3","InChI=1S/C20H18AsO.BrH/c22-17-16-21(18-10-4-1-5-11-18,19-12-6-2-7-13-19)20-14-8-3-9-15-20;/h1-15,17H,16H2;1H/q+1;/p-1","XIZKEQDTJIJUKP-UHFFFAOYSA-M"
9114145,"4-[(4,5-Dibromo-2-butyl-1H-imidazol-1-yl)methyl]phenyl acetate",427.97348,"C16H18Br2N2O2","O=C(Oc1ccc(cc1)Cn2c(Br)c(Br)nc2CCCC)C","InChI=1S/C16H18Br2N2O2/c1-3-4-5-14-19-15(17)16(18)20(14)10-12-6-8-13(9-7-12)22-11(2)21/h6-9H,3-5,10H2,1-2H3","NDMRWRIHEKCJSR-UHFFFAOYSA-N"
10049300,"(3aS,5R,6R,7aS)-5,6-Dibromo-2-{[(4-methylphenyl)amino]methyl}hexahydro-1H-isoindole-1,3(2H)-dione",427.97348,"C16H18Br2N2O2","Cc1ccc(cc1)NCN2C(=O)[C@H]3C[C@H]([C@@H](C[C@@H]3C2=O)Br)Br","InChI=1S/C16H18Br2N2O2/c1-9-2-4-10(5-3-9)19-8-20-15(21)11-6-13(17)14(18)7-12(11)16(20)22/h2-5,11-14,19H,6-8H2,1H3/t11-,12-,13+,14+/m0/s1","KETRWIWMEJCIJV-IGQOVBAYSA-N"
10498882,"6,6'-Bis(bromomethyl)-4,4'-diethoxy-2,2'-bipyridine",427.97348,"C16H18Br2N2O2","BrCc1cc(OCC)cc(n1)c2cc(OCC)cc(CBr)n2","InChI=1S/C16H18Br2N2O2/c1-3-21-13-5-11(9-17)19-15(7-13)16-8-14(22-4-2)6-12(10-18)20-16/h5-8H,3-4,9-10H2,1-2H3","JDSROLBQMLLDKV-UHFFFAOYSA-N"
10551604,"2,6-Dibromo-4,8-bis(isopropylamino)-1,5-naphthalenedione",427.97348,"C16H18Br2N2O2","CC(C)NC=1\C=C(\Br)C(=O)\C\2=C(\C=C(\Br)C(=O)C=1/2)NC(C)C","InChI=1S/C16H18Br2N2O2/c1-7(2)19-11-5-9(17)16(22)14-12(20-8(3)4)6-10(18)15(21)13(11)14/h5-8,19-20H,1-4H3","ZFHSKDKWKJHEHE-UHFFFAOYSA-N"
10876461,"Copper(1+) 2-[(E)-{[4-(2,4-dichlorophenoxy)butanoyl]hydrazono}methyl]phenolate",427.975586,"C17H15Cl2CuN2O3","c1ccc(c(c1)/C=N/NC(=O)CCCOc2ccc(cc2Cl)Cl)O[Cu]","InChI=1S/C17H16Cl2N2O3.Cu/c18-13-7-8-16(14(19)10-13)24-9-3-6-17(23)21-20-11-12-4-1-2-5-15(12)22;/h1-2,4-5,7-8,10-11,22H,3,6,9H2,(H,21,23);/q;+1/p-1/b20-11+;","HAGGTPQJAYGTBK-DOELHFPHSA-M"
10884797,"(2E)-2-Cyano-3-(3,5-dibromo-4-ethoxyphenyl)-N,N-diethylacrylamide",427.97348,"C16H18Br2N2O2","CCN(CC)C(=O)/C(=C/c1cc(c(c(c1)Br)OCC)Br)/C#N","InChI=1S/C16H18Br2N2O2/c1-4-20(5-2)16(21)12(10-19)7-11-8-13(17)15(22-6-3)14(18)9-11/h7-9H,4-6H2,1-3H3/b12-7+","MGJZRXRBIWHPOC-KPKJPENVSA-N"
11714333,"2-[(1,1-Dioxidotetrahydro-3-thiophenyl)(ethyl)amino]-2-oxoethyl 3,4,5-trichloro-2-pyridinecarboxylate",427.976715,"C14H15Cl3N2O5S","CCN(C1CCS(=O)(=O)C1)C(=O)COC(=O)c2c(c(c(cn2)Cl)Cl)Cl","InChI=1S/C14H15Cl3N2O5S/c1-2-19(8-3-4-25(22,23)7-8)10(20)6-24-14(21)13-12(17)11(16)9(15)5-18-13/h5,8H,2-4,6-7H2,1H3","NZSUSFNEMILYPH-UHFFFAOYSA-N"
11737620,"2-[(7-Bromo-4-oxo-4H-pyrido[1,2-a]pyrimidin-2-yl)methyl]-5-nitro-1H-isoindole-1,3(2H)-dione",427.975616,"C17H9BrN4O5","c1cc2c(cc1[N+](=O)[O-])C(=O)N(C2=O)Cc3cc(=O)n4cc(ccc4n3)Br","InChI=1S/C17H9BrN4O5/c18-9-1-4-14-19-10(5-15(23)20(14)7-9)8-21-16(24)12-3-2-11(22(26)27)6-13(12)17(21)25/h1-7H,8H2","GBEBVNNTOQLRGK-UHFFFAOYSA-N"
11744320,"3,4,5,6-Tetrachloro-N-(3,5-dimethyl-1-phenyl-1H-pyrazol-4-yl)-2-pyridinecarboxamide",427.976532,"C17H12Cl4N4O","Cc1c(c(n(n1)c2ccccc2)C)NC(=O)c3c(c(c(c(n3)Cl)Cl)Cl)Cl","InChI=1S/C17H12Cl4N4O/c1-8-14(9(2)25(24-8)10-6-4-3-5-7-10)23-17(26)15-12(19)11(18)13(20)16(21)22-15/h3-7H,1-2H3,(H,23,26)","NSYVTJSSIQIYJD-UHFFFAOYSA-N"
11802603,"3,4,5,6-Tetrachloro-N-[2-(1H-pyrazol-1-ylmethyl)benzyl]-2-pyridinecarboxamide",427.976532,"C17H12Cl4N4O","c1ccc(c(c1)CNC(=O)c2c(c(c(c(n2)Cl)Cl)Cl)Cl)Cn3cccn3","InChI=1S/C17H12Cl4N4O/c18-12-13(19)15(24-16(21)14(12)20)17(26)22-8-10-4-1-2-5-11(10)9-25-7-3-6-23-25/h1-7H,8-9H2,(H,22,26)","GYDOGVAGEUUWEP-UHFFFAOYSA-N"
12530085,"4-[(E)-({5-[(4-Bromophenoxy)methyl]-2-furyl}methylene)amino]-5-(difluoromethyl)-2,4-dihydro-3H-1,2,4-triazole-3-thione",427.975403,"C15H11BrF2N4O2S","c1cc(ccc1OCc2ccc(o2)/C=N/n3c(nnc3S)C(F)F)Br","InChI=1S/C15H11BrF2N4O2S/c16-9-1-3-10(4-2-9)23-8-12-6-5-11(24-12)7-19-22-14(13(17)18)20-21-15(22)25/h1-7,13H,8H2,(H,21,25)/b19-7+","MNKIAOHAODMFGU-FBCYGCLPSA-N"
12787079,"N'-[(E)-(3,5-Dibromo-4-hydroxyphenyl)methylene]-1-methylbicyclo[4.1.0]heptane-7-carbohydrazide",427.97348,"C16H18Br2N2O2","CC12CCCCC1C2C(=O)N/N=C/c3cc(c(c(c3)Br)O)Br","InChI=1S/C16H18Br2N2O2/c1-16-5-3-2-4-10(16)13(16)15(22)20-19-8-9-6-11(17)14(21)12(18)7-9/h6-8,10,13,21H,2-5H2,1H3,(H,20,22)/b19-8+","KTSVMZGRLSGIAZ-UFWORHAWSA-N"
13092329,"Platinum(2+) chloride - 1(2H)-phthalazinone ammoniate (1:2:1:1)",427.977081,"C8H9Cl2N3OPt","c1ccc2c(c1)cn[nH]c2=O.N.[Cl-].[Cl-].[Pt+2]","InChI=1S/C8H6N2O.2ClH.H3N.Pt/c11-8-7-4-2-1-3-6(7)5-9-10-8;;;;/h1-5H,(H,10,11);2*1H;1H3;/q;;;;+2/p-2","NWKXPYZIQLFSDU-UHFFFAOYSA-L"
17062205,"(7-Hydroxy-8-methyl-2-oxo-2H-chromen-4-yl)methyl 4-amino-3,5,6-trichloro-2-pyridinecarboxylate",427.973358,"C17H11Cl3N2O5","Cc1c(ccc2c1oc(=O)cc2COC(=O)c3c(c(c(c(n3)Cl)Cl)N)Cl)O","InChI=1S/C17H11Cl3N2O5/c1-6-9(23)3-2-8-7(4-10(24)27-15(6)8)5-26-17(25)14-11(18)13(21)12(19)16(20)22-14/h2-4,23H,5H2,1H3,(H2,21,22)","YUEUSNOYUVIUJK-UHFFFAOYSA-N"
17259800,"(11aS)-7,9-Dibromo-10-butyl-2,3-dihydro-1H-pyrrolo[2,1-c][1,4]benzodiazepine-5,11(10H,11aH)-dione",427.97348,"C16H18Br2N2O2","CCCCN1c2c(cc(cc2Br)Br)C(=O)N3CCC[C@H]3C1=O","InChI=1S/C16H18Br2N2O2/c1-2-3-6-20-14-11(8-10(17)9-12(14)18)15(21)19-7-4-5-13(19)16(20)22/h8-9,13H,2-7H2,1H3/t13-/m0/s1","GZIALKNPLVNWDF-ZDUSSCGKSA-N"
17275586,"Ethyl (3E)-3-[2-chloro-5-(2,4-dichlorophenoxy)-4-oxo-2,5-cyclohexadien-1-ylidene]-2,3-dihydro-1,2,4-oxadiazole-5-carboxylate",427.973358,"C17H11Cl3N2O5","CCOC(=O)C1=N/C(=C\2/C=C(C(=O)C=C2Cl)Oc3ccc(cc3Cl)Cl)/NO1","InChI=1S/C17H11Cl3N2O5/c1-2-25-17(24)16-21-15(22-27-16)9-6-14(12(23)7-10(9)19)26-13-4-3-8(18)5-11(13)20/h3-7,22H,2H2,1H3/b15-9+","JOYHCCQFYDSBRF-OQLLNIDSSA-N"
17463428,"(2S)-2-Bromo-N-(5-bromo-2-pyridinyl)-4,7,7-trimethyl-3-oxobicyclo[2.2.1]heptane-1-carboxamide",427.97348,"C16H18Br2N2O2","CC1(C2(CCC1([C@@H](C2=O)Br)C(=O)Nc3ccc(cn3)Br)C)C","InChI=1S/C16H18Br2N2O2/c1-14(2)15(3)6-7-16(14,11(18)12(15)21)13(22)20-10-5-4-9(17)8-19-10/h4-5,8,11H,6-7H2,1-3H3,(H,19,20,22)/t11-,15?,16?/m1/s1","AVBXBGUDQFSJRL-VHWKEVPUSA-N"
21126363,"2-(2,4-Dichlorophenyl)-5-methyl-4-[(2-nitrophenyl)sulfonyl]-2,4-dihydro-3H-1,2,4-triazol-3-one",427.974884,"C15H10Cl2N4O5S","Cc1nn(c(=O)n1S(=O)(=O)c2ccccc2N(=O)=O)c3ccc(cc3Cl)Cl","InChI=1S/C15H10Cl2N4O5S/c1-9-18-19(12-7-6-10(16)8-11(12)17)15(22)20(9)27(25,26)14-5-3-2-4-13(14)21(23)24/h2-8H,1H3","BQGQRYRLNIGAEM-UHFFFAOYSA-N"
21675449,"Methyl 4-imino-3-[4-(1,3-thiazol-2-ylsulfamoyl)phenyl]-2-thioxo-1,3-thiazolidine-5-carboxylate",427.974121,"C14H12N4O4S4","COC(=O)C1C(=N)N(C(=S)S1)c2ccc(cc2)S(=O)(=O)Nc3nccs3","InChI=1S/C14H12N4O4S4/c1-22-12(19)10-11(15)18(14(23)25-10)8-2-4-9(5-3-8)26(20,21)17-13-16-6-7-24-13/h2-7,10,15H,1H3,(H,16,17)","JKRYXNYBXBSGAJ-UHFFFAOYSA-N"
21878728,"(2,5-Dibromo-1,4-phenylene)bis(1-pyrrolidinylmethanone)",427.97348,"C16H18Br2N2O2","c1c(c(cc(c1Br)C(=O)N2CCCC2)Br)C(=O)N3CCCC3","InChI=1S/C16H18Br2N2O2/c17-13-10-12(16(22)20-7-3-4-8-20)14(18)9-11(13)15(21)19-5-1-2-6-19/h9-10H,1-8H2","QQKNZXWBZSYEMA-UHFFFAOYSA-N"
22040454,"[2-oxo-4-(trifluoromethyl)chromen-7-yl] 8$l^{4}-thia-7,9-diazabicyclo[4.3.0]nona-1,3,5,7,8-pentaene-5-sulfonate",427.974854,"C16H7F3N2O5S2","c1cc2c(c(c1)S(=O)(=O)Oc3ccc4c(cc(=O)oc4c3)C(F)(F)F)N=S=N2","InChI=1S/C16H7F3N2O5S2/c17-16(18,19)10-7-14(22)25-12-6-8(4-5-9(10)12)26-28(23,24)13-3-1-2-11-15(13)21-27-20-11/h1-7H","RPNUXTNHCAPSAT-UHFFFAOYSA-N"
22390929,"2-[2-(Adamantan-1-yl)-2-oxoethyl]-4,5-dibromo-3(2H)-pyridazinone",427.97348,"C16H18Br2N2O2","c1c(c(c(=O)n(n1)CC(=O)C23CC4CC(C2)CC(C4)C3)Br)Br","InChI=1S/C16H18Br2N2O2/c17-12-7-19-20(15(22)14(12)18)8-13(21)16-4-9-1-10(5-16)3-11(2-9)6-16/h7,9-11H,1-6,8H2","UKINOIWHZVKSCY-UHFFFAOYSA-N"
22816547,"2,5-Dibromo-N,N'-bis(cyclopropylmethyl)terephthalamide",427.97348,"C16H18Br2N2O2","c1c(c(cc(c1Br)C(=O)NCC2CC2)Br)C(=O)NCC3CC3","InChI=1S/C16H18Br2N2O2/c17-13-6-12(16(22)20-8-10-3-4-10)14(18)5-11(13)15(21)19-7-9-1-2-9/h5-6,9-10H,1-4,7-8H2,(H,19,21)(H,20,22)","WOSSKCAXGLVKEN-UHFFFAOYSA-N"
22908061,"2-[(2-Chloro-4-nitrophenyl)amino]-2-oxoethyl (2E)-3-(2,4-dichlorophenyl)acrylate",427.973358,"C17H11Cl3N2O5","c1cc(c(cc1[N+](=O)[O-])Cl)NC(=O)COC(=O)/C=C/c2ccc(cc2Cl)Cl","InChI=1S/C17H11Cl3N2O5/c18-11-3-1-10(13(19)7-11)2-6-17(24)27-9-16(23)21-15-5-4-12(22(25)26)8-14(15)20/h1-8H,9H2,(H,21,23)/b6-2+","NODYZSBCSCKTDI-QHHAFSJGSA-N"
22908078,"2-[(2-Chloro-5-nitrophenyl)amino]-2-oxoethyl (2E)-3-(2,4-dichlorophenyl)acrylate",427.973358,"C17H11Cl3N2O5","c1cc(c(cc1[N+](=O)[O-])NC(=O)COC(=O)/C=C/c2ccc(cc2Cl)Cl)Cl","InChI=1S/C17H11Cl3N2O5/c18-11-3-1-10(14(20)7-11)2-6-17(24)27-9-16(23)21-15-8-12(22(25)26)4-5-13(15)19/h1-8H,9H2,(H,21,23)/b6-2+","GOPOZSOGVIWMRD-QHHAFSJGSA-N"
22908429,"2-[(2-Chloro-4-nitrophenyl)amino]-2-oxoethyl (2E)-3-(3,4-dichlorophenyl)acrylate",427.973358,"C17H11Cl3N2O5","c1cc(c(cc1/C=C/C(=O)OCC(=O)Nc2ccc(cc2Cl)[N+](=O)[O-])Cl)Cl","InChI=1S/C17H11Cl3N2O5/c18-12-4-1-10(7-13(12)19)2-6-17(24)27-9-16(23)21-15-5-3-11(22(25)26)8-14(15)20/h1-8H,9H2,(H,21,23)/b6-2+","GLVDUHHNASKKAN-QHHAFSJGSA-N"
23089904,"6-Amino-2-(hydrazinocarbonyl)-1,3-dioxo-2,3-dihydro-1H-benzo[de]isoquinoline-5,8-disulfonate",427.974365,"C13H8N4O9S2","c1c(cc2c3c1c(c(cc3C(=O)N(C2=O)C(=O)NN)S(=O)(=O)[O-])N)S(=O)(=O)[O-]","InChI=1S/C13H10N4O9S2/c14-10-5-1-4(27(21,22)23)2-6-9(5)7(3-8(10)28(24,25)26)12(19)17(11(6)18)13(20)16-15/h1-3H,14-15H2,(H,16,20)(H,21,22,23)(H,24,25,26)/p-2","BWLXPDSCKRCNGX-UHFFFAOYSA-L"
23178469,"N-[(6,7-Dichloro-2,3-dioxo-3,4-dihydro-1(2H)-quinoxalinyl)carbamoyl]benzenesulfonamide",427.974884,"C15H10Cl2N4O5S","c1ccc(cc1)S(=O)(=O)NC(=O)Nn2c3cc(c(cc3[nH]c(=O)c2=O)Cl)Cl","InChI=1S/C15H10Cl2N4O5S/c16-9-6-11-12(7-10(9)17)21(14(23)13(22)18-11)19-15(24)20-27(25,26)8-4-2-1-3-5-8/h1-7H,(H,18,22)(H2,19,20,24)","JRULULWINHGVCR-UHFFFAOYSA-N"
23340470,"3-[(2,4-Dichlorophenoxy)methyl]-7-(3,4-dichlorophenyl)-6,7-dihydro-5H-imidazo[2,1-c][1,2,4]triazole",427.976532,"C17H12Cl4N4O","c1cc(c(cc1N2CCn3c2nnc3COc4ccc(cc4Cl)Cl)Cl)Cl","InChI=1S/C17H12Cl4N4O/c18-10-1-4-15(14(21)7-10)26-9-16-22-23-17-24(5-6-25(16)17)11-2-3-12(19)13(20)8-11/h1-4,7-8H,5-6,9H2","VGJDEBWUCIBHQH-UHFFFAOYSA-N"
23468209,"5-{2,5-Dioxo-3-[(2,4,5-trichlorophenyl)amino]-1-pyrrolidinyl}-2-hydroxybenzoic acid",427.973358,"C17H11Cl3N2O5","c1cc(c(cc1N2C(=O)CC(C2=O)Nc3cc(c(cc3Cl)Cl)Cl)C(=O)O)O","InChI=1S/C17H11Cl3N2O5/c18-9-4-11(20)12(5-10(9)19)21-13-6-15(24)22(16(13)25)7-1-2-14(23)8(3-7)17(26)27/h1-5,13,21,23H,6H2,(H,26,27)","MAZPTCWGJFHJCT-UHFFFAOYSA-N"
23468258,"4-{2,5-Dioxo-3-[(2,4,5-trichlorophenyl)amino]-1-pyrrolidinyl}-2-hydroxybenzoic acid",427.973358,"C17H11Cl3N2O5","c1cc(c(cc1N2C(=O)CC(C2=O)Nc3cc(c(cc3Cl)Cl)Cl)O)C(=O)O","InChI=1S/C17H11Cl3N2O5/c18-9-4-11(20)12(5-10(9)19)21-13-6-15(24)22(16(13)25)7-1-2-8(17(26)27)14(23)3-7/h1-5,13,21,23H,6H2,(H,26,27)","RUQOFNFOUVYQMD-UHFFFAOYSA-N"
24161702,"N'-{[4-(4,5-Dichloro-6-oxo-1(6H)-pyridazinyl)phenyl]sulfonyl}-2-furohydrazide",427.974884,"C15H10Cl2N4O5S","c1cc(oc1)C(=O)NNS(=O)(=O)c2ccc(cc2)n3c(=O)c(c(cn3)Cl)Cl","InChI=1S/C15H10Cl2N4O5S/c16-11-8-18-21(15(23)13(11)17)9-3-5-10(6-4-9)27(24,25)20-19-14(22)12-2-1-7-26-12/h1-8,20H,(H,19,22)","BREMBUBWJUZBGQ-UHFFFAOYSA-N"
26236875,"N-[(2,4-Dichlorobenzyl)carbamothioyl]-3,5-dinitrobenzamide",427.974884,"C15H10Cl2N4O5S","c1cc(c(cc1Cl)Cl)CNC(=S)NC(=O)c2cc(cc(c2)[N+](=O)[O-])[N+](=O)[O-]","InChI=1S/C15H10Cl2N4O5S/c16-10-2-1-8(13(17)5-10)7-18-15(27)19-14(22)9-3-11(20(23)24)6-12(4-9)21(25)26/h1-6H,7H2,(H2,18,19,22,27)","RQTGPJSPWYRBLV-UHFFFAOYSA-N"
26475467,"1-[4-(Benzyloxy)-2,3-dibromo-5-methoxyphenyl]-1,2-ethanediamine",427.97348,"C16H18Br2N2O2","COc1cc(c(c(c1OCc2ccccc2)Br)Br)C(CN)N","InChI=1S/C16H18Br2N2O2/c1-21-13-7-11(12(20)8-19)14(17)15(18)16(13)22-9-10-5-3-2-4-6-10/h2-7,12H,8-9,19-20H2,1H3","RPARRHGGJYXNCY-UHFFFAOYSA-N"
26475893,"1-[2-(Benzyloxy)-3,5-dibromo-4-methoxyphenyl]-1,2-ethanediamine",427.97348,"C16H18Br2N2O2","COc1c(cc(c(c1Br)OCc2ccccc2)C(CN)N)Br","InChI=1S/C16H18Br2N2O2/c1-21-16-12(17)7-11(13(20)8-19)15(14(16)18)22-9-10-5-3-2-4-6-10/h2-7,13H,8-9,19-20H2,1H3","FQWBOAUYRPNTSH-UHFFFAOYSA-N"
27299010,"7-Methyl-4-[(2,4,6-trichlorobenzyl)sulfanyl]-5,6,7,8-tetrahydro[1]benzothieno[2,3-d]pyrimidine",427.974213,"C18H15Cl3N2S2","CC1CCc2c(sc3c2c(ncn3)SCc4c(cc(cc4Cl)Cl)Cl)C1","InChI=1S/C18H15Cl3N2S2/c1-9-2-3-11-15(4-9)25-18-16(11)17(22-8-23-18)24-7-12-13(20)5-10(19)6-14(12)21/h5-6,8-9H,2-4,7H2,1H3","LBNWFEOTGHMFDP-UHFFFAOYSA-N"
27299101,"7-Methyl-4-[(2,3,6-trichlorobenzyl)sulfanyl]-5,6,7,8-tetrahydro[1]benzothieno[2,3-d]pyrimidine",427.974213,"C18H15Cl3N2S2","CC1CCc2c(sc3c2c(ncn3)SCc4c(ccc(c4Cl)Cl)Cl)C1","InChI=1S/C18H15Cl3N2S2/c1-9-2-3-10-14(6-9)25-18-15(10)17(22-8-23-18)24-7-11-12(19)4-5-13(20)16(11)21/h4-5,8-9H,2-3,6-7H2,1H3","CPJHQGZDNMYMSL-UHFFFAOYSA-N"
28593433,"4,5-Dibromo-3,6-dibutoxyphthalonitrile",427.97348,"C16H18Br2N2O2","CCCCOc1c(c(c(c(c1Br)Br)OCCCC)C#N)C#N","InChI=1S/C16H18Br2N2O2/c1-3-5-7-21-15-11(9-19)12(10-20)16(14(18)13(15)17)22-8-6-4-2/h3-8H2,1-2H3","HAAHMAILBWIUSO-UHFFFAOYSA-N"
29212750,"1,5-Anhydro-2-bromo-4-C-[(1S,3S,4S)-3-bromo-4-chloro-4-methylcyclohexyl]-2,3-dideoxy-1,1-dimethyl-5-methylene-D-erythro-pentitol",427.975311,"C15H23Br2ClO2","C[C@@]1(CC[C@@H](C[C@@H]1Br)[C@@]2(C[C@H](C(OC2=C)(C)C)Br)O)Cl","InChI=1S/C15H23Br2ClO2/c1-9-15(19,8-12(17)13(2,3)20-9)10-5-6-14(4,18)11(16)7-10/h10-12,19H,1,5-8H2,2-4H3/t10-,11-,12+,14-,15-/m0/s1","LCWXSHUNEUSYLE-QIRZIZBZSA-N"
29212751,"1,5-Anhydro-2-bromo-4-C-[(1S,3S,4S)-3-bromo-4-chloro-4-methylcyclohexyl]-2,3-dideoxy-1,1-dimethyl-5-methylene-L-threo-pentitol",427.975311,"C15H23Br2ClO2","C[C@@]1(CC[C@@H](C[C@@H]1Br)[C@]2(C[C@H](C(OC2=C)(C)C)Br)O)Cl","InChI=1S/C15H23Br2ClO2/c1-9-15(19,8-12(17)13(2,3)20-9)10-5-6-14(4,18)11(16)7-10/h10-12,19H,1,5-8H2,2-4H3/t10-,11-,12+,14-,15+/m0/s1","LCWXSHUNEUSYLE-ZZVJUGKHSA-N"
29214162,"(1R,2R,3'S,4S,4'S,5S,6S)-3',4-Dibromo-4'-chloro-1,3,3,4'-tetramethyl-7-oxaspiro[bicyclo[4.1.0]heptane-2,1'-cyclohexan]-5-ol",427.975311,"C15H23Br2ClO2","C[C@@]1(CC[C@]2(C[C@@H]1Br)[C@@]3([C@@H](O3)[C@@H]([C@H](C2(C)C)Br)O)C)Cl","InChI=1S/C15H23Br2ClO2/c1-12(2)10(17)9(19)11-14(4,20-11)15(12)6-5-13(3,18)8(16)7-15/h8-11,19H,5-7H2,1-4H3/t8-,9+,10+,11-,13-,14-,15+/m0/s1","GXCZXGLCOXOWSA-IEEQXEBPSA-N"
29215982,"(1S,2R,2'R,4S,4'S,5'S,6R)-4,5'-Dibromo-4'-chloro-1,3,3,4'-tetramethyl-7-oxaspiro[bicyclo[4.1.0]heptane-2,1'-cyclohexan]-2'-ol",427.975311,"C15H23Br2ClO2","C[C@@]1(C[C@H]([C@]2(C[C@@H]1Br)[C@]3([C@H](O3)C[C@@H](C2(C)C)Br)C)O)Cl","InChI=1S/C15H23Br2ClO2/c1-12(2)8(16)5-11-14(4,20-11)15(12)6-9(17)13(3,18)7-10(15)19/h8-11,19H,5-7H2,1-4H3/t8-,9-,10+,11+,13-,14+,15-/m0/s1","YYLQMEPEKFNFNL-NDHVKVOBSA-N"
29216593,"(3S,4R,6S,7S,11S,12R)-7,11-Dibromo-6-chloro-7,10,10-trimethyl-1-oxadispiro[2.0.5.4]tridecan-12-ol",427.975311,"C15H23Br2ClO2","C[C@@]1(CC[C@]2(C[C@@H]1Cl)[C@@]3(C[C@H]([C@H](C2(C)C)Br)O)CO3)Br","InChI=1S/C15H23Br2ClO2/c1-12(2)11(16)9(19)6-15(8-20-15)14(12)5-4-13(3,17)10(18)7-14/h9-11,19H,4-8H2,1-3H3/t9-,10+,11-,13+,14-,15-/m1/s1","IMECRWKPGFVLJE-JIGBKUHMSA-N"
29984579,"N-(3-Bromo-5-chloro-2-methoxyphenyl)-5-oxo-1-(2,2,2-trifluoroethyl)-3-pyrrolidinecarboxamide",427.975006,"C14H13BrClF3N2O3","COc1c(cc(cc1Br)Cl)NC(=O)C2CC(=O)N(C2)CC(F)(F)F","InChI=1S/C14H13BrClF3N2O3/c1-24-12-9(15)3-8(16)4-10(12)20-13(23)7-2-11(22)21(5-7)6-14(17,18)19/h3-4,7H,2,5-6H2,1H3,(H,20,23)","PEMRLVLQPQTNPU-UHFFFAOYSA-N"
30521693,"3,4,5,6-Tetrachloro-N-[1-(3-methylbenzyl)-1H-pyrazol-5-yl]-2-pyridinecarboxamide",427.976532,"C17H12Cl4N4O","Cc1cccc(c1)Cn2c(ccn2)NC(=O)c3c(c(c(c(n3)Cl)Cl)Cl)Cl","InChI=1S/C17H12Cl4N4O/c1-9-3-2-4-10(7-9)8-25-11(5-6-22-25)23-17(26)15-13(19)12(18)14(20)16(21)24-15/h2-7H,8H2,1H3,(H,23,26)","JLSDQLJFGUOPRI-UHFFFAOYSA-N"
30617897,"1-(2-Chlorobenzyl)-N'-(2,4,6-trichlorophenyl)-1H-pyrazole-4-carbohydrazide",427.976532,"C17H12Cl4N4O","c1ccc(c(c1)Cn2cc(cn2)C(=O)NNc3c(cc(cc3Cl)Cl)Cl)Cl","InChI=1S/C17H12Cl4N4O/c18-12-5-14(20)16(15(21)6-12)23-24-17(26)11-7-22-25(9-11)8-10-3-1-2-4-13(10)19/h1-7,9,23H,8H2,(H,24,26)","DTYAAEJOHDOZFI-UHFFFAOYSA-N"
31242442,"N-(1-Cyanocyclohexyl)-2-(2,4-dibromophenoxy)-N-methylacetamide",427.97348,"C16H18Br2N2O2","CN(C(=O)COc1ccc(cc1Br)Br)C2(CCCCC2)C#N","InChI=1S/C16H18Br2N2O2/c1-20(16(11-19)7-3-2-4-8-16)15(21)10-22-14-6-5-12(17)9-13(14)18/h5-6,9H,2-4,7-8,10H2,1H3","KNEAPLVEUAFUJY-UHFFFAOYSA-N"
31439206,"N-[4-Bromo-3-(trifluoromethyl)phenyl]-5-nitro-1H-indazole-3-carboxamide",427.973175,"C15H8BrF3N4O3","c1cc(c(cc1NC(=O)c2c3cc(ccc3[nH]n2)[N+](=O)[O-])C(F)(F)F)Br","InChI=1S/C15H8BrF3N4O3/c16-11-3-1-7(5-10(11)15(17,18)19)20-14(24)13-9-6-8(23(25)26)2-4-12(9)21-22-13/h1-6H,(H,20,24)(H,21,22)","APZOGGDFTLMPJD-UHFFFAOYSA-N"
31503281,"2-{[3-(3-Bromophenyl)-1,2,4-oxadiazol-5-yl]methyl}-5-nitro-1H-isoindole-1,3(2H)-dione",427.975616,"C17H9BrN4O5","c1cc(cc(c1)Br)c2nc(on2)CN3C(=O)c4ccc(cc4C3=O)[N+](=O)[O-]","InChI=1S/C17H9BrN4O5/c18-10-3-1-2-9(6-10)15-19-14(27-20-15)8-21-16(23)12-5-4-11(22(25)26)7-13(12)17(21)24/h1-7H,8H2","XOBCZCUALXNXOX-UHFFFAOYSA-N"
31504352,"2-{[3-(3-Bromophenyl)-1,2,4-oxadiazol-5-yl]methyl}-4-nitro-1H-isoindole-1,3(2H)-dione",427.975616,"C17H9BrN4O5","c1cc(cc(c1)Br)c2nc(on2)CN3C(=O)c4cccc(c4C3=O)[N+](=O)[O-]","InChI=1S/C17H9BrN4O5/c18-10-4-1-3-9(7-10)15-19-13(27-20-15)8-21-16(23)11-5-2-6-12(22(25)26)14(11)17(21)24/h1-7H,8H2","UYIDBDYVFDYDID-UHFFFAOYSA-N"
31781292,"1-(Cyclopropylcarbonyl)-N-(2,4-dibromophenyl)-3-piperidinecarboxamide",427.97348,"C16H18Br2N2O2","c1cc(c(cc1Br)Br)NC(=O)C2CCCN(C2)C(=O)C3CC3","InChI=1S/C16H18Br2N2O2/c17-12-5-6-14(13(18)8-12)19-15(21)11-2-1-7-20(9-11)16(22)10-3-4-10/h5-6,8,10-11H,1-4,7,9H2,(H,19,21)","AEJIFBVYWOBZDA-UHFFFAOYSA-N"
31816555,"2,2,2-Trifluoroethyl 2-[(4-bromo-2-chlorophenyl)carbamoyl]-1-pyrrolidinecarboxylate",427.975006,"C14H13BrClF3N2O3","c1cc(c(cc1Br)Cl)NC(=O)C2CCCN2C(=O)OCC(F)(F)F","InChI=1S/C14H13BrClF3N2O3/c15-8-3-4-10(9(16)6-8)20-12(22)11-2-1-5-21(11)13(23)24-7-14(17,18)19/h3-4,6,11H,1-2,5,7H2,(H,20,22)","CCJDMPBZROXHCC-UHFFFAOYSA-N"
32001332,"4-Chloro-N-{[3-(4-chlorophenyl)-1,2,4-oxadiazol-5-yl]methyl}-2-nitrobenzenesulfonamide",427.974884,"C15H10Cl2N4O5S","c1cc(ccc1c2nc(on2)CNS(=O)(=O)c3ccc(cc3[N+](=O)[O-])Cl)Cl","InChI=1S/C15H10Cl2N4O5S/c16-10-3-1-9(2-4-10)15-19-14(26-20-15)8-18-27(24,25)13-6-5-11(17)7-12(13)21(22)23/h1-7,18H,8H2","TWXGMZFFGXFFSO-UHFFFAOYSA-N"
32001357,"2-Chloro-N-{[3-(4-chlorophenyl)-1,2,4-oxadiazol-5-yl]methyl}-6-nitrobenzenesulfonamide",427.974884,"C15H10Cl2N4O5S","c1cc(c(c(c1)Cl)S(=O)(=O)NCc2nc(no2)c3ccc(cc3)Cl)[N+](=O)[O-]","InChI=1S/C15H10Cl2N4O5S/c16-10-6-4-9(5-7-10)15-19-13(26-20-15)8-18-27(24,25)14-11(17)2-1-3-12(14)21(22)23/h1-7,18H,8H2","BMIPVQFGQNDHQH-UHFFFAOYSA-N"
32870944,"2-[(2-Chloro-5-nitrophenyl)amino]-2-oxoethyl (2E)-3-(2,6-dichlorophenyl)acrylate",427.973358,"C17H11Cl3N2O5","c1cc(c(c(c1)Cl)/C=C/C(=O)OCC(=O)Nc2cc(ccc2Cl)[N+](=O)[O-])Cl","InChI=1S/C17H11Cl3N2O5/c18-12-2-1-3-13(19)11(12)5-7-17(24)27-9-16(23)21-15-8-10(22(25)26)4-6-14(15)20/h1-8H,9H2,(H,21,23)/b7-5+","DLPPPJJIUVCKII-FNORWQNLSA-N"
32947514,"2-Oxo-2-[(2,4,5-trichlorophenyl)amino]ethyl 3-oxo-3,4-dihydro-2H-1,4-benzoxazine-7-carboxylate",427.973358,"C17H11Cl3N2O5","c1cc2c(cc1C(=O)OCC(=O)Nc3cc(c(cc3Cl)Cl)Cl)OCC(=O)N2","InChI=1S/C17H11Cl3N2O5/c18-9-4-11(20)13(5-10(9)19)22-16(24)7-27-17(25)8-1-2-12-14(3-8)26-6-15(23)21-12/h1-5H,6-7H2,(H,21,23)(H,22,24)","YTOVDUOGZDCIJG-UHFFFAOYSA-N"
33030919,"2-[4-(Methylsulfonyl)-1-piperazinyl]-2-oxoethyl 2,3,6-trichlorobenzoate",427.976715,"C14H15Cl3N2O5S","CS(=O)(=O)N1CCN(CC1)C(=O)COC(=O)c2c(ccc(c2Cl)Cl)Cl","InChI=1S/C14H15Cl3N2O5S/c1-25(22,23)19-6-4-18(5-7-19)11(20)8-24-14(21)12-9(15)2-3-10(16)13(12)17/h2-3H,4-8H2,1H3","PFOZOXMHTYUYFG-UHFFFAOYSA-N"
33699867,"N-(4-Bromo-2-chlorophenyl)-1-(2,4-difluorophenyl)-5-oxo-3-pyrrolidinecarboxamide",427.973877,"C17H12BrClF2N2O2","c1cc(c(cc1F)F)N2CC(CC2=O)C(=O)Nc3ccc(cc3Cl)Br","InChI=1S/C17H12BrClF2N2O2/c18-10-1-3-14(12(19)6-10)22-17(25)9-5-16(24)23(8-9)15-4-2-11(20)7-13(15)21/h1-4,6-7,9H,5,8H2,(H,22,25)","JOOJCAYRMZSUBC-UHFFFAOYSA-N"
33994229,"2-[(2-Chloro-4-nitrophenyl)amino]-2-oxoethyl (2E)-3-(2,3-dichlorophenyl)acrylate",427.973358,"C17H11Cl3N2O5","c1cc(c(c(c1)Cl)Cl)/C=C/C(=O)OCC(=O)Nc2ccc(cc2Cl)[N+](=O)[O-]","InChI=1S/C17H11Cl3N2O5/c18-12-3-1-2-10(17(12)20)4-7-16(24)27-9-15(23)21-14-6-5-11(22(25)26)8-13(14)19/h1-8H,9H2,(H,21,23)/b7-4+","IDHKHCKBYSBUFF-QPJJXVBHSA-N"
34256496,"Disodium 4-methyl-2,8,12-trioxo-2H,8H,12H-dipyrano[2,3-f:2',3'-h]chromene-6,10-dicarboxylate",427.975647,"C18H6Na2O10","Cc1cc(=O)oc2c1c3c(c(=O)cc(o3)C(=O)[O-])c4c2c(=O)cc(o4)C(=O)[O-].[Na+].[Na+]","InChI=1S/C18H8O10.2Na/c1-5-2-10(21)28-15-11(5)14-12(6(19)3-8(26-14)17(22)23)16-13(15)7(20)4-9(27-16)18(24)25;;/h2-4H,1H3,(H,22,23)(H,24,25);;/q;2*+1/p-2","RSXISNDZRNNGKR-UHFFFAOYSA-L"
34386929,"2-Bromo-N-[3-chloro-4-(4-thiomorpholinyl)phenyl]-5-fluorobenzamide",427.976105,"C17H15BrClFN2OS","c1cc(c(cc1NC(=O)c2cc(ccc2Br)F)Cl)N3CCSCC3","InChI=1S/C17H15BrClFN2OS/c18-14-3-1-11(20)9-13(14)17(23)21-12-2-4-16(15(19)10-12)22-5-7-24-8-6-22/h1-4,9-10H,5-8H2,(H,21,23)","LAFSPGQASBGQRK-UHFFFAOYSA-N"
34386964,"5-Bromo-N-[3-chloro-4-(4-thiomorpholinyl)phenyl]-2-fluorobenzamide",427.976105,"C17H15BrClFN2OS","c1cc(c(cc1NC(=O)c2cc(ccc2F)Br)Cl)N3CCSCC3","InChI=1S/C17H15BrClFN2OS/c18-11-1-3-15(20)13(9-11)17(23)21-12-2-4-16(14(19)10-12)22-5-7-24-8-6-22/h1-4,9-10H,5-8H2,(H,21,23)","JWSMXFXBKRZPPQ-UHFFFAOYSA-N"
35243043,"3,4,5,6-Tetrachloro-N-[2-(1-phenyl-1H-pyrazol-4-yl)ethyl]-2-pyridinecarboxamide",427.976532,"C17H12Cl4N4O","c1ccc(cc1)n2cc(cn2)CCNC(=O)c3c(c(c(c(n3)Cl)Cl)Cl)Cl","InChI=1S/C17H12Cl4N4O/c18-12-13(19)15(24-16(21)14(12)20)17(26)22-7-6-10-8-23-25(9-10)11-4-2-1-3-5-11/h1-5,8-9H,6-7H2,(H,22,26)","VWISNOFTLLXNAO-UHFFFAOYSA-N"
35322525,"N'-(3,5-dibromo-4-hydroxybenzylidene)-1-methylbicyclo[4.1.0]heptane-7-carbohydrazide",427.97348,"C16H18Br2N2O2","CC12CCCCC1C2C(=O)NN=Cc3cc(c(c(c3)Br)O)Br","InChI=1S/C16H18Br2N2O2/c1-16-5-3-2-4-10(16)13(16)15(22)20-19-8-9-6-11(17)14(21)12(18)7-9/h6-8,10,13,21H,2-5H2,1H3,(H,20,22)","KTSVMZGRLSGIAZ-UHFFFAOYSA-N"
39367624,"4-Bromo-N-{2-[4-methyl-5-oxo-3-(trifluoromethyl)-4,5-dihydro-1H-1,2,4-triazol-1-yl]ethyl}benzenesulfonamide",427.976563,"C12H12BrF3N4O3S","Cn1c(nn(c1=O)CCNS(=O)(=O)c2ccc(cc2)Br)C(F)(F)F","InChI=1S/C12H12BrF3N4O3S/c1-19-10(12(14,15)16)18-20(11(19)21)7-6-17-24(22,23)9-4-2-8(13)3-5-9/h2-5,17H,6-7H2,1H3","CBPVEKHHFDKDJX-UHFFFAOYSA-N"
