"Identifier","CompoundName","MonoisotopicMass","MolecularFormula","SMILES","InChI","InChIKey"
2047,"4-[(2-Amino-3,5-dibromobenzyl)amino]cyclohexanol",375.978577,"C13H18Br2N2O","c1c(cc(c(c1CNC2CCC(CC2)O)N)Br)Br","InChI=1S/C13H18Br2N2O/c14-9-5-8(13(16)12(15)6-9)7-17-10-1-3-11(18)4-2-10/h5-6,10-11,17-18H,1-4,7,16H2","JBDGDEWWOUBZPM-UHFFFAOYSA-N"
48708,"N-(2,6-Dibromo-4-methylphenyl)-N~2~,N~2~-diethylglycinamide",375.978577,"C13H18Br2N2O","CCN(CC)CC(=O)Nc1c(cc(cc1Br)C)Br","InChI=1S/C13H18Br2N2O/c1-4-17(5-2)8-12(18)16-13-10(14)6-9(3)7-11(13)15/h6-7H,4-5,8H2,1-3H3,(H,16,18)","SCQOKPUURSPEQZ-UHFFFAOYSA-N"
145133,"2-Chloroethyl 2-(2,4-dichlorophenoxy)ethyl ethyl phosphate",375.980103,"C12H16Cl3O5P","CCOP(=O)(OCCOc1ccc(cc1Cl)Cl)OCCCl","InChI=1S/C12H16Cl3O5P/c1-2-18-21(16,19-6-5-13)20-8-7-17-12-4-3-10(14)9-11(12)15/h3-4,9H,2,5-8H2,1H3","CBXNLAMXWMNSQV-UHFFFAOYSA-N"
262732,"2,3,5,6-Tetrafluoro-4-(pentafluorophenoxy)benzoic acid",375.97821,"C13HF9O3","c1(c(c(c(c(c1F)F)Oc2c(c(c(c(c2F)F)F)F)F)F)F)C(=O)O","InChI=1S/C13HF9O3/c14-2-1(13(23)24)3(15)8(20)11(7(2)19)25-12-9(21)5(17)4(16)6(18)10(12)22/h(H,23,24)","LKYHSVZYRDQLGY-UHFFFAOYSA-N"
362100,"[5-(Acetoxymethyl)-2-furyl](chloro)mercury",375.978973,"C7H7ClHgO3","CC(=O)OCc1ccc(o1)[Hg]Cl","InChI=1S/C7H7O3.ClH.Hg/c1-6(8)10-5-7-3-2-4-9-7;;/h2-3H,5H2,1H3;1H;/q;;+1/p-1","ANMDNFSNUPRPBE-UHFFFAOYSA-M"
491328,"N-[1-(2-Carbamoylphenoxy)-2,2,2-trichloroethyl]-2-furamide",375.978455,"C14H11Cl3N2O4","c1ccc(c(c1)C(=O)N)OC(C(Cl)(Cl)Cl)NC(=O)c2ccco2","InChI=1S/C14H11Cl3N2O4/c15-14(16,17)13(19-12(21)10-6-3-7-22-10)23-9-5-2-1-4-8(9)11(18)20/h1-7,13H,(H2,18,20)(H,19,21)","HAXBUEHBOIXZKA-UHFFFAOYSA-N"
881202,"2-(2-Bromo-4,5-dimethoxybenzylidene)-1-benzothiophen-3(2H)-one",375.976868,"C17H13BrO3S","COc1cc(c(cc1OC)Br)C=C2C(=O)c3ccccc3S2","InChI=1S/C17H13BrO3S/c1-20-13-7-10(12(18)9-14(13)21-2)8-16-17(19)11-5-3-4-6-15(11)22-16/h3-9H,1-2H3","DSCNEIHWAOSEHL-UHFFFAOYSA-N"
881203,"(2Z)-2-(2-Bromo-4,5-dimethoxybenzylidene)-1-benzothiophen-3(2H)-one",375.976868,"C17H13BrO3S","COc1cc(c(cc1OC)Br)/C=C\2/C(=O)c3ccccc3S2","InChI=1S/C17H13BrO3S/c1-20-13-7-10(12(18)9-14(13)21-2)8-16-17(19)11-5-3-4-6-15(11)22-16/h3-9H,1-2H3/b16-8-","DSCNEIHWAOSEHL-PXNMLYILSA-N"
901880,"4-[(2-Bromobenzylidene)amino]-5-(2-fluorophenyl)-2,4-dihydro-3H-1,2,4-triazole-3-thione",375.97934,"C15H10BrFN4S","c1ccc(c(c1)C=Nn2c(n[nH]c2=S)c3ccccc3F)Br","InChI=1S/C15H10BrFN4S/c16-12-7-3-1-5-10(12)9-18-21-14(19-20-15(21)22)11-6-2-4-8-13(11)17/h1-9H,(H,20,22)","PKUMWODTLGLNFX-UHFFFAOYSA-N"
901895,"4-[(4-Bromobenzylidene)amino]-5-(2-fluorophenyl)-2,4-dihydro-3H-1,2,4-triazole-3-thione",375.97934,"C15H10BrFN4S","c1ccc(c(c1)c2n[nH]c(=S)n2N=Cc3ccc(cc3)Br)F","InChI=1S/C15H10BrFN4S/c16-11-7-5-10(6-8-11)9-18-21-14(19-20-15(21)22)12-3-1-2-4-13(12)17/h1-9H,(H,20,22)","TVXTUTILGVWIOH-UHFFFAOYSA-N"
936491,"2-(5-Bromo-3-ethoxy-2-hydroxy-benzylidene)-benzo[b]thiophen-3-one",375.976868,"C17H13BrO3S","CCOc1cc(cc(c1O)/C=C/2\C(=O)c3ccccc3S2)Br","InChI=1S/C17H13BrO3S/c1-2-21-13-9-11(18)7-10(16(13)19)8-15-17(20)12-5-3-4-6-14(12)22-15/h3-9,19H,2H2,1H3/b15-8+","WWVGOYFBJSEJLJ-OVCLIPMQSA-N"
936492,"(2Z)-2-(5-Bromo-3-ethoxy-2-hydroxybenzylidene)-1-benzothiophen-3(2H)-one",375.976868,"C17H13BrO3S","CCOc1cc(cc(c1O)/C=C\2/C(=O)c3ccccc3S2)Br","InChI=1S/C17H13BrO3S/c1-2-21-13-9-11(18)7-10(16(13)19)8-15-17(20)12-5-3-4-6-14(12)22-15/h3-9,19H,2H2,1H3/b15-8-","WWVGOYFBJSEJLJ-NVNXTCNLSA-N"
1016457,"(2E)-2-(3-Bromo-4,5-dimethoxybenzylidene)-1-benzothiophen-3(2H)-one",375.976868,"C17H13BrO3S","COc1cc(cc(c1OC)Br)/C=C/2\C(=O)c3ccccc3S2","InChI=1S/C17H13BrO3S/c1-20-13-8-10(7-12(18)17(13)21-2)9-15-16(19)11-5-3-4-6-14(11)22-15/h3-9H,1-2H3/b15-9+","OLCRHPQKEBXKOJ-OQLLNIDSSA-N"
1016458,"(2Z)-2-(3-Bromo-4,5-dimethoxybenzylidene)-1-benzothiophen-3(2H)-one",375.976868,"C17H13BrO3S","COc1cc(cc(c1OC)Br)/C=C\2/C(=O)c3ccccc3S2","InChI=1S/C17H13BrO3S/c1-20-13-8-10(7-12(18)17(13)21-2)9-15-16(19)11-5-3-4-6-14(11)22-15/h3-9H,1-2H3/b15-9-","OLCRHPQKEBXKOJ-DHDCSXOGSA-N"
1129296,"4-[(5-Bromo-2-fluorobenzylidene)amino]-5-phenyl-4H-1,2,4-triazole-3-thiol",375.97934,"C15H10BrFN4S","c1ccc(cc1)c2n[nH]c(=S)n2N=Cc3cc(ccc3F)Br","InChI=1S/C15H10BrFN4S/c16-12-6-7-13(17)11(8-12)9-18-21-14(19-20-15(21)22)10-4-2-1-3-5-10/h1-9H,(H,20,22)","MYAORLQUVBZXFA-UHFFFAOYSA-N"
1151283,"2,4-Dibromo-6-[(4-methyl-1,4-diazepan-1-yl)methyl]phenol",375.978577,"C13H18Br2N2O","CN1CCCN(CC1)Cc2cc(cc(c2O)Br)Br","InChI=1S/C13H18Br2N2O/c1-16-3-2-4-17(6-5-16)9-10-7-11(14)8-12(15)13(10)18/h7-8,18H,2-6,9H2,1H3","FFNRHQQYFTXTMS-UHFFFAOYSA-N"
1152810,"2,4-Dibromo-6-[(4-ethyl-1-piperazinyl)methyl]phenol",375.978577,"C13H18Br2N2O","CCN1CCN(CC1)Cc2cc(cc(c2O)Br)Br","InChI=1S/C13H18Br2N2O/c1-2-16-3-5-17(6-4-16)9-10-7-11(14)8-12(15)13(10)18/h7-8,18H,2-6,9H2,1H3","WZCBGCQORJMSOR-UHFFFAOYSA-N"
1153610,"4,5-Dichloro-1-methyl-6-oxo-1,6-dihydro-3-pyridazinyl (4-chloro-2-methylphenoxy)acetate",375.978455,"C14H11Cl3N2O4","Cc1cc(ccc1OCC(=O)Oc2c(c(c(=O)n(n2)C)Cl)Cl)Cl","InChI=1S/C14H11Cl3N2O4/c1-7-5-8(15)3-4-9(7)22-6-10(20)23-13-11(16)12(17)14(21)19(2)18-13/h3-5H,6H2,1-2H3","SZTQTTXOLJHQDH-UHFFFAOYSA-N"
1226170,"1-(4-Bromo-2-fluorophenyl)-3-(6-quinoxalinyl)thiourea",375.97934,"C15H10BrFN4S","c1cc2c(cc1NC(=S)Nc3ccc(cc3F)Br)nccn2","InChI=1S/C15H10BrFN4S/c16-9-1-3-12(11(17)7-9)21-15(22)20-10-2-4-13-14(8-10)19-6-5-18-13/h1-8H,(H2,20,21,22)","ZLRIKPBLBKGIGH-UHFFFAOYSA-N"
1254417,"5-(2-Bromophenyl)-4-[(3-fluorobenzylidene)amino]-2,4-dihydro-3H-1,2,4-triazole-3-thione",375.97934,"C15H10BrFN4S","c1ccc(c(c1)c2n[nH]c(=S)n2N=Cc3cccc(c3)F)Br","InChI=1S/C15H10BrFN4S/c16-13-7-2-1-6-12(13)14-19-20-15(22)21(14)18-9-10-4-3-5-11(17)8-10/h1-9H,(H,20,22)","BELKDBSBVUCZRJ-UHFFFAOYSA-N"
1263866,"5-(2-Bromophenyl)-4-[(2-fluorobenzylidene)amino]-2,4-dihydro-3H-1,2,4-triazole-3-thione",375.97934,"C15H10BrFN4S","c1ccc(c(c1)C=Nn2c(n[nH]c2=S)c3ccccc3Br)F","InChI=1S/C15H10BrFN4S/c16-12-7-3-2-6-11(12)14-19-20-15(22)21(14)18-9-10-5-1-4-8-13(10)17/h1-9H,(H,20,22)","UTNLKKMFPHELIS-UHFFFAOYSA-N"
1263873,"5-(2-Bromophenyl)-4-[(4-fluorobenzylidene)amino]-2,4-dihydro-3H-1,2,4-triazole-3-thione",375.97934,"C15H10BrFN4S","c1ccc(c(c1)c2n[nH]c(=S)n2N=Cc3ccc(cc3)F)Br","InChI=1S/C15H10BrFN4S/c16-13-4-2-1-3-12(13)14-19-20-15(22)21(14)18-9-10-5-7-11(17)8-6-10/h1-9H,(H,20,22)","JHRHSIHQWDYEJN-UHFFFAOYSA-N"
1373263,"6-Bromo-2-naphthyl 4-methylbenzenesulfonate",375.976868,"C17H13BrO3S","Cc1ccc(cc1)S(=O)(=O)Oc2ccc3cc(ccc3c2)Br","InChI=1S/C17H13BrO3S/c1-12-2-8-17(9-3-12)22(19,20)21-16-7-5-13-10-15(18)6-4-14(13)11-16/h2-11H,1H3","IEYWRKGKDIVORU-UHFFFAOYSA-N"
1463285,"(4E)-4-(4-Bromobenzylidene)-3,4-dihydro-1-benzothiepin-5(2H)-one 1,1-dioxide",375.976868,"C17H13BrO3S","c1ccc2c(c1)C(=O)/C(=C/c3ccc(cc3)Br)/CCS2(=O)=O","InChI=1S/C17H13BrO3S/c18-14-7-5-12(6-8-14)11-13-9-10-22(20,21)16-4-2-1-3-15(16)17(13)19/h1-8,11H,9-10H2/b13-11+","CZQZNRXZQLYKCU-ACCUITESSA-N"
1503078,"4-[(3-Bromobenzylidene)amino]-5-(4-fluorophenyl)-2,4-dihydro-3H-1,2,4-triazole-3-thione",375.97934,"C15H10BrFN4S","c1cc(cc(c1)Br)C=Nn2c(n[nH]c2=S)c3ccc(cc3)F","InChI=1S/C15H10BrFN4S/c16-12-3-1-2-10(8-12)9-18-21-14(19-20-15(21)22)11-4-6-13(17)7-5-11/h1-9H,(H,20,22)","QFRJTENRHZIKRV-UHFFFAOYSA-N"
1523487,"4-[(3-Bromobenzylidene)amino]-5-(2-fluorophenyl)-2,4-dihydro-3H-1,2,4-triazole-3-thione",375.97934,"C15H10BrFN4S","c1ccc(c(c1)c2n[nH]c(=S)n2N=Cc3cccc(c3)Br)F","InChI=1S/C15H10BrFN4S/c16-11-5-3-4-10(8-11)9-18-21-14(19-20-15(21)22)12-6-1-2-7-13(12)17/h1-9H,(H,20,22)","AABYTNPBQJJJLW-UHFFFAOYSA-N"
1579270,"2-(4,5-Dichloro-6-oxo-1(6H)-pyridazinyl)-N-(4-sulfamoylphenyl)acetamide",375.97998,"C12H10Cl2N4O4S","c1cc(ccc1NC(=O)Cn2c(=O)c(c(cn2)Cl)Cl)S(=O)(=O)N","InChI=1S/C12H10Cl2N4O4S/c13-9-5-16-18(12(20)11(9)14)6-10(19)17-7-1-3-8(4-2-7)23(15,21)22/h1-5H,6H2,(H,17,19)(H2,15,21,22)","XVPCSDSVLRDRNR-UHFFFAOYSA-N"
1590127,"2-Methyl-N'-[(2,4,5-trichlorophenoxy)acetyl]-3-furohydrazide",375.978455,"C14H11Cl3N2O4","Cc1c(cco1)C(=O)NNC(=O)COc2cc(c(cc2Cl)Cl)Cl","InChI=1S/C14H11Cl3N2O4/c1-7-8(2-3-22-7)14(21)19-18-13(20)6-23-12-5-10(16)9(15)4-11(12)17/h2-5H,6H2,1H3,(H,18,20)(H,19,21)","VFHMNXDUCITYJU-UHFFFAOYSA-N"
1724281,"N-[(2-Furylmethyl)carbamoyl]-2-(2,4,5-trichlorophenoxy)acetamide",375.978455,"C14H11Cl3N2O4","c1cc(oc1)CNC(=O)NC(=O)COc2cc(c(cc2Cl)Cl)Cl","InChI=1S/C14H11Cl3N2O4/c15-9-4-11(17)12(5-10(9)16)23-7-13(20)19-14(21)18-6-8-2-1-3-22-8/h1-5H,6-7H2,(H2,18,19,20,21)","UIQBQZBQNOZLRZ-UHFFFAOYSA-N"
1976501,"2-{[5-(Methylsulfanyl)-1,3,4-thiadiazol-2-yl]sulfanyl}-N-(4-sulfamoylphenyl)acetamide",375.979218,"C11H12N4O3S4","CSc1nnc(s1)SCC(=O)Nc2ccc(cc2)S(=O)(=O)N","InChI=1S/C11H12N4O3S4/c1-19-10-14-15-11(21-10)20-6-9(16)13-7-2-4-8(5-3-7)22(12,17)18/h2-5H,6H2,1H3,(H,13,16)(H2,12,17,18)","SGNLOIJWGAPPJU-UHFFFAOYSA-N"
1984715,"2-Oxo-2-[(2,4,6-trichlorophenyl)amino]ethyl 3,5-dimethyl-1,2-oxazole-4-carboxylate",375.978455,"C14H11Cl3N2O4","Cc1c(c(on1)C)C(=O)OCC(=O)Nc2c(cc(cc2Cl)Cl)Cl","InChI=1S/C14H11Cl3N2O4/c1-6-12(7(2)23-19-6)14(21)22-5-11(20)18-13-9(16)3-8(15)4-10(13)17/h3-4H,5H2,1-2H3,(H,18,20)","PWSXYHDUWUHEAQ-UHFFFAOYSA-N"
2135696,"2-(3-Bromo-5-ethoxy-4-hydroxybenzylidene)-1-benzothiophen-3(2H)-one",375.976868,"C17H13BrO3S","CCOc1cc(cc(c1O)Br)C=C2C(=O)c3ccccc3S2","InChI=1S/C17H13BrO3S/c1-2-21-13-8-10(7-12(18)17(13)20)9-15-16(19)11-5-3-4-6-14(11)22-15/h3-9,20H,2H2,1H3","KJNYVOOSCSCZGT-UHFFFAOYSA-N"
2136606,"2-(3-Bromo-4,5-dimethoxybenzylidene)-1-benzothiophen-3(2H)-one",375.976868,"C17H13BrO3S","COc1cc(cc(c1OC)Br)C=C2C(=O)c3ccccc3S2","InChI=1S/C17H13BrO3S/c1-20-13-8-10(7-12(18)17(13)21-2)9-15-16(19)11-5-3-4-6-14(11)22-15/h3-9H,1-2H3","OLCRHPQKEBXKOJ-UHFFFAOYSA-N"
2281470,"1H-Indole-3-carbonitrile, 2,5,6-trichloro-1-b-D-ribofuranosyl-",375.978455,"C14H11Cl3N2O4","c1c2c(cc(c1Cl)Cl)n(c(c2C#N)Cl)[C@H]3[C@@H]([C@@H]([C@H](O3)CO)O)O","InChI=1S/C14H11Cl3N2O4/c15-7-1-5-6(3-18)13(17)19(9(5)2-8(7)16)14-12(22)11(21)10(4-20)23-14/h1-2,10-12,14,20-22H,4H2/t10-,11-,12-,14-/m1/s1","KHIUSYDRVUXDDE-HKUMRIAESA-N"
2307727,"2-Bromo-4-(2-fluorophenyl)-9-methyl-6H-thieno[3,2-f][1,2,4]triazolo[4,3-a][1,4]diazepine",375.97934,"C15H10BrFN4S","Cc1nnc2n1-c3c(cc(s3)Br)C(=NC2)c4ccccc4F","InChI=1S/C15H10BrFN4S/c1-8-19-20-13-7-18-14(9-4-2-3-5-11(9)17)10-6-12(16)22-15(10)21(8)13/h2-6H,7H2,1H3","VOZDBDBHBXLWCG-UHFFFAOYSA-N"
2356582,"2-(5-Bromo-3-ethoxy-2-hydroxybenzylidene)-1-benzothiophen-3(2H)-one",375.976868,"C17H13BrO3S","CCOc1cc(cc(c1O)C=C2C(=O)c3ccccc3S2)Br","InChI=1S/C17H13BrO3S/c1-2-21-13-9-11(18)7-10(16(13)19)8-15-17(20)12-5-3-4-6-14(12)22-15/h3-9,19H,2H2,1H3","WWVGOYFBJSEJLJ-UHFFFAOYSA-N"
2414790,"2-{[3-(Methylsulfanyl)-1,2,4-thiadiazol-5-yl]sulfanyl}-N-(4-sulfamoylphenyl)acetamide",375.979218,"C11H12N4O3S4","CSc1nc(sn1)SCC(=O)Nc2ccc(cc2)S(=O)(=O)N","InChI=1S/C11H12N4O3S4/c1-19-10-14-11(21-15-10)20-6-9(16)13-7-2-4-8(5-3-7)22(12,17)18/h2-5H,6H2,1H3,(H,13,16)(H2,12,17,18)","RGAXHCSIFRQFLE-UHFFFAOYSA-N"
2580817,"1-(3-Chloro-4-fluorobenzyl)-3-(3,4-dichlorobenzyl)thiourea",375.977081,"C15H12Cl3FN2S","c1cc(c(cc1CNC(=S)NCc2ccc(c(c2)Cl)Cl)Cl)F","InChI=1S/C15H12Cl3FN2S/c16-11-3-1-9(5-12(11)17)7-20-15(22)21-8-10-2-4-14(19)13(18)6-10/h1-6H,7-8H2,(H2,20,21,22)","PHCWHQZNFZXJHN-UHFFFAOYSA-N"
2602499,"4-{[(6,8-Dichloro-2-oxo-2H-chromen-3-yl)carbonyl]amino}benzoate",375.978516,"C17H8Cl2NO5","c1cc(ccc1C(=O)[O-])NC(=O)c2cc3cc(cc(c3oc2=O)Cl)Cl","InChI=1S/C17H9Cl2NO5/c18-10-5-9-6-12(17(24)25-14(9)13(19)7-10)15(21)20-11-3-1-8(2-4-11)16(22)23/h1-7H,(H,20,21)(H,22,23)/p-1","IMCAFBSIFOPXSS-UHFFFAOYSA-M"
2811039,"1-(2-Chloro-4-fluorobenzyl)-3-(2,4-dichlorobenzyl)thiourea",375.977081,"C15H12Cl3FN2S","c1cc(c(cc1F)Cl)CNC(=S)NCc2ccc(cc2Cl)Cl","InChI=1S/C15H12Cl3FN2S/c16-11-3-1-9(13(17)5-11)7-20-15(22)21-8-10-2-4-12(19)6-14(10)18/h1-6H,7-8H2,(H2,20,21,22)","VGEIGXBKJYNKLT-UHFFFAOYSA-N"
2853718,"2-(4,5-Dichloro-6-oxo-1(6H)-pyridazinyl)-N-(3-sulfamoylphenyl)acetamide",375.97998,"C12H10Cl2N4O4S","c1cc(cc(c1)S(=O)(=O)N)NC(=O)Cn2c(=O)c(c(cn2)Cl)Cl","InChI=1S/C12H10Cl2N4O4S/c13-9-5-16-18(12(20)11(9)14)6-10(19)17-7-2-1-3-8(4-7)23(15,21)22/h1-5H,6H2,(H,17,19)(H2,15,21,22)","PMNRQOQRJRPLDS-UHFFFAOYSA-N"
2948537,"4-(4-Bromobenzylidene)-3,4-dihydro-1-benzothiepin-5(2H)-one 1,1-dioxide",375.976868,"C17H13BrO3S","c1ccc2c(c1)C(=O)C(=Cc3ccc(cc3)Br)CCS2(=O)=O","InChI=1S/C17H13BrO3S/c18-14-7-5-12(6-8-14)11-13-9-10-22(20,21)16-4-2-1-3-15(16)17(13)19/h1-8,11H,9-10H2","CZQZNRXZQLYKCU-UHFFFAOYSA-N"
2961316,"1-(2,4-Dibromophenyl)-3-(3,3-dimethyl-2-butanyl)urea",375.978577,"C13H18Br2N2O","CC(C(C)(C)C)NC(=O)Nc1ccc(cc1Br)Br","InChI=1S/C13H18Br2N2O/c1-8(13(2,3)4)16-12(18)17-11-6-5-9(14)7-10(11)15/h5-8H,1-4H3,(H2,16,17,18)","UAXGUTPRCBCHQE-UHFFFAOYSA-N"
2998612,"1-(4-Chloro-2-fluorobenzyl)-3-(3,4-dichlorobenzyl)thiourea",375.977081,"C15H12Cl3FN2S","c1cc(c(cc1CNC(=S)NCc2ccc(cc2F)Cl)Cl)Cl","InChI=1S/C15H12Cl3FN2S/c16-11-3-2-10(14(19)6-11)8-21-15(22)20-7-9-1-4-12(17)13(18)5-9/h1-6H,7-8H2,(H2,20,21,22)","QBFSYMAETZTGAO-UHFFFAOYSA-N"
3011935,"1-(3-Chloro-4-fluorophenyl)-3-[2-(3,4-dichlorophenyl)ethyl]thiourea",375.977081,"C15H12Cl3FN2S","c1cc(c(cc1CCNC(=S)Nc2ccc(c(c2)Cl)F)Cl)Cl","InChI=1S/C15H12Cl3FN2S/c16-11-3-1-9(7-12(11)17)5-6-20-15(22)21-10-2-4-14(19)13(18)8-10/h1-4,7-8H,5-6H2,(H2,20,21,22)","RUGQYFWWITXPCD-UHFFFAOYSA-N"
3018034,"6-Chloro-3-[3-chloro-5-(trifluoromethyl)-2-pyridinyl]-8-fluoro-4(1H)-quinolinone",375.97934,"C15H6Cl2F4N2O","c1c(cc(c2c1c(=O)c(c[nH]2)c3c(cc(cn3)C(F)(F)F)Cl)F)Cl","InChI=1S/C15H6Cl2F4N2O/c16-7-2-8-13(11(18)3-7)23-5-9(14(8)24)12-10(17)1-6(4-22-12)15(19,20)21/h1-5H,(H,23,24)","MEFLJYKPNVAGOP-UHFFFAOYSA-N"
3036863,"1-Methyl-4,6-dioxo-3-(2,3,5-trichlorophenyl)octahydropyrrolo[3,4-c]pyrrole-1-carboxylic acid",375.978455,"C14H11Cl3N2O4","CC1(C2C(C(N1)c3cc(cc(c3Cl)Cl)Cl)C(=O)NC2=O)C(=O)O","InChI=1S/C14H11Cl3N2O4/c1-14(13(22)23)8-7(11(20)18-12(8)21)10(19-14)5-2-4(15)3-6(16)9(5)17/h2-3,7-8,10,19H,1H3,(H,22,23)(H,18,20,21)","GZRVUKHLBOYNNJ-UHFFFAOYSA-N"
3051235,"4-[(4-Bromobenzylidene)amino]-5-(4-fluorophenyl)-2,4-dihydro-3H-1,2,4-triazole-3-thione",375.97934,"C15H10BrFN4S","c1cc(ccc1C=Nn2c(n[nH]c2=S)c3ccc(cc3)F)Br","InChI=1S/C15H10BrFN4S/c16-12-5-1-10(2-6-12)9-18-21-14(19-20-15(21)22)11-3-7-13(17)8-4-11/h1-9H,(H,20,22)","NTGXELXAONSJEG-UHFFFAOYSA-N"
3121115,"2-[(5-Chloro-1,3-benzothiazol-2-yl)sulfanyl]-N-(1,1-dioxidotetrahydro-3-thiophenyl)acetamide",375.977692,"C13H13ClN2O3S3","c1cc2c(cc1Cl)nc(s2)SCC(=O)NC3CCS(=O)(=O)C3","InChI=1S/C13H13ClN2O3S3/c14-8-1-2-11-10(5-8)16-13(21-11)20-6-12(17)15-9-3-4-22(18,19)7-9/h1-2,5,9H,3-4,6-7H2,(H,15,17)","HSDRMFIWADFSKF-UHFFFAOYSA-N"
3179212,"N-{2-Methoxy-4-[(trichloroacetyl)amino]phenyl}-2-furamide",375.978455,"C14H11Cl3N2O4","COc1cc(ccc1NC(=O)c2ccco2)NC(=O)C(Cl)(Cl)Cl","InChI=1S/C14H11Cl3N2O4/c1-22-11-7-8(18-13(21)14(15,16)17)4-5-9(11)19-12(20)10-3-2-6-23-10/h2-7H,1H3,(H,18,21)(H,19,20)","HQPCOGUFTWAQEX-UHFFFAOYSA-N"
3243925,"4-{[(4-Bromophenyl)sulfanyl]methyl}-7-methoxy-2H-chromen-2-one",375.976868,"C17H13BrO3S","COc1ccc2c(cc(=O)oc2c1)CSc3ccc(cc3)Br","InChI=1S/C17H13BrO3S/c1-20-13-4-7-15-11(8-17(19)21-16(15)9-13)10-22-14-5-2-12(18)3-6-14/h2-9H,10H2,1H3","BTCHLDJJLRBRIY-UHFFFAOYSA-N"
3364821,"5-(4-Bromophenyl)-4-[(4-fluorobenzylidene)amino]-2,4-dihydro-3H-1,2,4-triazole-3-thione",375.97934,"C15H10BrFN4S","c1cc(ccc1C=Nn2c(n[nH]c2=S)c3ccc(cc3)Br)F","InChI=1S/C15H10BrFN4S/c16-12-5-3-11(4-6-12)14-19-20-15(22)21(14)18-9-10-1-7-13(17)8-2-10/h1-9H,(H,20,22)","AFZKJUVYJIUTLO-UHFFFAOYSA-N"
3473400,"2-Oxo-2-[(2,4,5-trichlorophenyl)amino]ethyl 3,5-dimethyl-1,2-oxazole-4-carboxylate",375.978455,"C14H11Cl3N2O4","Cc1c(c(on1)C)C(=O)OCC(=O)Nc2cc(c(cc2Cl)Cl)Cl","InChI=1S/C14H11Cl3N2O4/c1-6-13(7(2)23-19-6)14(21)22-5-12(20)18-11-4-9(16)8(15)3-10(11)17/h3-4H,5H2,1-2H3,(H,18,20)","PMUNXNWJNABWRW-UHFFFAOYSA-N"
3616912,"2-(4-Bromophenyl)-5-[(phenylsulfonyl)methyl]furan",375.976868,"C17H13BrO3S","c1ccc(cc1)S(=O)(=O)Cc2ccc(o2)c3ccc(cc3)Br","InChI=1S/C17H13BrO3S/c18-14-8-6-13(7-9-14)17-11-10-15(21-17)12-22(19,20)16-4-2-1-3-5-16/h1-11H,12H2","MEBFHGJPBDHSKL-UHFFFAOYSA-N"
3696415,"N~2~-Butyl-N-(2,6-dibromo-4-methylphenyl)glycinamide",375.978577,"C13H18Br2N2O","CCCCNCC(=O)Nc1c(cc(cc1Br)C)Br","InChI=1S/C13H18Br2N2O/c1-3-4-5-16-8-12(18)17-13-10(14)6-9(2)7-11(13)15/h6-7,16H,3-5,8H2,1-2H3,(H,17,18)","SRWLYEYXYOHZTF-UHFFFAOYSA-N"
3696416,"N-(2,6-Dibromo-4-methylphenyl)-N~2~-(2-methyl-2-propanyl)glycinamide",375.978577,"C13H18Br2N2O","Cc1cc(c(c(c1)Br)NC(=O)CNC(C)(C)C)Br","InChI=1S/C13H18Br2N2O/c1-8-5-9(14)12(10(15)6-8)17-11(18)7-16-13(2,3)4/h5-6,16H,7H2,1-4H3,(H,17,18)","ADXRICXFPDAZDH-UHFFFAOYSA-N"
3790110,"4-[(2-Bromobenzylidene)amino]-5-(4-fluorophenyl)-2,4-dihydro-3H-1,2,4-triazole-3-thione",375.97934,"C15H10BrFN4S","c1ccc(c(c1)C=Nn2c(n[nH]c2=S)c3ccc(cc3)F)Br","InChI=1S/C15H10BrFN4S/c16-13-4-2-1-3-11(13)9-18-21-14(19-20-15(21)22)10-5-7-12(17)8-6-10/h1-9H,(H,20,22)","LTBCLESAOCPJEW-UHFFFAOYSA-N"
3833805,"1-(2-Chloro-4-fluorobenzyl)-3-(3,4-dichlorobenzyl)thiourea",375.977081,"C15H12Cl3FN2S","c1cc(c(cc1CNC(=S)NCc2ccc(cc2Cl)F)Cl)Cl","InChI=1S/C15H12Cl3FN2S/c16-12-4-1-9(5-14(12)18)7-20-15(22)21-8-10-2-3-11(19)6-13(10)17/h1-6H,7-8H2,(H2,20,21,22)","JXDUASIBOFHHKW-UHFFFAOYSA-N"
4464079,"3-(5-Bromo-2-furyl)-5-{[5-methyl-3-(trifluoromethyl)-1H-pyrazol-1-yl]methyl}-1,2,4-oxadiazole",375.978271,"C12H8BrF3N4O2","Cc1cc(nn1Cc2nc(no2)c3ccc(o3)Br)C(F)(F)F","InChI=1S/C12H8BrF3N4O2/c1-6-4-8(12(14,15)16)18-20(6)5-10-17-11(19-22-10)7-2-3-9(13)21-7/h2-4H,5H2,1H3","YLVGZAIMKUXUQT-UHFFFAOYSA-N"
4493217,"(2Z)-2-(3-Bromo-5-ethoxy-4-hydroxybenzylidene)-1-benzothiophen-3(2H)-one",375.976868,"C17H13BrO3S","CCOc1cc(cc(c1O)Br)/C=C\2/C(=O)c3ccccc3S2","InChI=1S/C17H13BrO3S/c1-2-21-13-8-10(7-12(18)17(13)20)9-15-16(19)11-5-3-4-6-14(11)22-15/h3-9,20H,2H2,1H3/b15-9-","KJNYVOOSCSCZGT-DHDCSXOGSA-N"
4560866,"(2E)-2-(2-Bromo-4,5-dimethoxybenzylidene)-1-benzothiophen-3(2H)-one",375.976868,"C17H13BrO3S","COc1cc(c(cc1OC)Br)/C=C/2\C(=O)c3ccccc3S2","InChI=1S/C17H13BrO3S/c1-20-13-7-10(12(18)9-14(13)21-2)8-16-17(19)11-5-3-4-6-15(11)22-16/h3-9H,1-2H3/b16-8+","DSCNEIHWAOSEHL-LZYBPNLTSA-N"
4562516,"4-[(Z)-(2-Bromobenzylidene)amino]-5-(2-fluorophenyl)-2,4-dihydro-3H-1,2,4-triazole-3-thione",375.97934,"C15H10BrFN4S","c1ccc(c(c1)/C=N\n2c(n[nH]c2=S)c3ccccc3F)Br","InChI=1S/C15H10BrFN4S/c16-12-7-3-1-5-10(12)9-18-21-14(19-20-15(21)22)11-6-2-4-8-13(11)17/h1-9H,(H,20,22)/b18-9-","PKUMWODTLGLNFX-NVMNQCDNSA-N"
4562524,"4-[(Z)-(4-Bromobenzylidene)amino]-5-(2-fluorophenyl)-2,4-dihydro-3H-1,2,4-triazole-3-thione",375.97934,"C15H10BrFN4S","c1ccc(c(c1)c2n[nH]c(=S)n2/N=C\c3ccc(cc3)Br)F","InChI=1S/C15H10BrFN4S/c16-11-7-5-10(6-8-11)9-18-21-14(19-20-15(21)22)12-3-1-2-4-13(12)17/h1-9H,(H,20,22)/b18-9-","TVXTUTILGVWIOH-NVMNQCDNSA-N"
4582996,"3,5-Bis[(E)-2-(4-chlorophenyl)vinyl]-1,2,4-dithiazol-1-ium",375.978271,"C18H12Cl2NS2","c1cc(ccc1/C=C/c2nc([s+]s2)/C=C/c3ccc(cc3)Cl)Cl","InChI=1S/C18H12Cl2NS2/c19-15-7-1-13(2-8-15)5-11-17-21-18(23-22-17)12-6-14-3-9-16(20)10-4-14/h1-12H/q+1/b11-5+,12-6+","VOKZVYKVPOZPCI-YDWXAUTNSA-N"
4597819,"4-[(Z)-(5-Bromo-2-fluorobenzylidene)amino]-5-phenyl-2,4-dihydro-3H-1,2,4-triazole-3-thione",375.97934,"C15H10BrFN4S","c1ccc(cc1)c2n[nH]c(=S)n2/N=C\c3cc(ccc3F)Br","InChI=1S/C15H10BrFN4S/c16-12-6-7-13(17)11(8-12)9-18-21-14(19-20-15(21)22)10-4-2-1-3-5-10/h1-9H,(H,20,22)/b18-9-","MYAORLQUVBZXFA-NVMNQCDNSA-N"
4605916,"5-(2-Bromophenyl)-4-[(Z)-(3-fluorobenzylidene)amino]-2,4-dihydro-3H-1,2,4-triazole-3-thione",375.97934,"C15H10BrFN4S","c1ccc(c(c1)c2n[nH]c(=S)n2/N=C\c3cccc(c3)F)Br","InChI=1S/C15H10BrFN4S/c16-13-7-2-1-6-12(13)14-19-20-15(22)21(14)18-9-10-4-3-5-11(17)8-10/h1-9H,(H,20,22)/b18-9-","BELKDBSBVUCZRJ-NVMNQCDNSA-N"
4606862,"5-(2-Bromophenyl)-4-[(Z)-(2-fluorobenzylidene)amino]-2,4-dihydro-3H-1,2,4-triazole-3-thione",375.97934,"C15H10BrFN4S","c1ccc(c(c1)/C=N\n2c(n[nH]c2=S)c3ccccc3Br)F","InChI=1S/C15H10BrFN4S/c16-12-7-3-2-6-11(12)14-19-20-15(22)21(14)18-9-10-5-1-4-8-13(10)17/h1-9H,(H,20,22)/b18-9-","UTNLKKMFPHELIS-NVMNQCDNSA-N"
4606866,"5-(2-Bromophenyl)-4-[(Z)-(4-fluorobenzylidene)amino]-2,4-dihydro-3H-1,2,4-triazole-3-thione",375.97934,"C15H10BrFN4S","c1ccc(c(c1)c2n[nH]c(=S)n2/N=C\c3ccc(cc3)F)Br","InChI=1S/C15H10BrFN4S/c16-13-4-2-1-3-12(13)14-19-20-15(22)21(14)18-9-10-5-7-11(17)8-6-10/h1-9H,(H,20,22)/b18-9-","JHRHSIHQWDYEJN-NVMNQCDNSA-N"
4622888,"4-[(Z)-(3-Bromobenzylidene)amino]-5-(4-fluorophenyl)-2,4-dihydro-3H-1,2,4-triazole-3-thione",375.97934,"C15H10BrFN4S","c1cc(cc(c1)Br)/C=N\n2c(n[nH]c2=S)c3ccc(cc3)F","InChI=1S/C15H10BrFN4S/c16-12-3-1-2-10(8-12)9-18-21-14(19-20-15(21)22)11-4-6-13(17)7-5-11/h1-9H,(H,20,22)/b18-9-","QFRJTENRHZIKRV-NVMNQCDNSA-N"
4624514,"4-[(Z)-(3-Bromobenzylidene)amino]-5-(2-fluorophenyl)-2,4-dihydro-3H-1,2,4-triazole-3-thione",375.97934,"C15H10BrFN4S","c1ccc(c(c1)c2n[nH]c(=S)n2/N=C\c3cccc(c3)Br)F","InChI=1S/C15H10BrFN4S/c16-11-5-3-4-10(8-11)9-18-21-14(19-20-15(21)22)12-6-1-2-7-13(12)17/h1-9H,(H,20,22)/b18-9-","AABYTNPBQJJJLW-NVMNQCDNSA-N"
4754281,"4-[(Z)-(4-Bromobenzylidene)amino]-5-(4-fluorophenyl)-2,4-dihydro-3H-1,2,4-triazole-3-thione",375.97934,"C15H10BrFN4S","c1cc(ccc1/C=N\n2c(n[nH]c2=S)c3ccc(cc3)F)Br","InChI=1S/C15H10BrFN4S/c16-12-5-1-10(2-6-12)9-18-21-14(19-20-15(21)22)11-3-7-13(17)8-4-11/h1-9H,(H,20,22)/b18-9-","NTGXELXAONSJEG-NVMNQCDNSA-N"
4782478,"5-(4-Bromophenyl)-4-[(Z)-(4-fluorobenzylidene)amino]-2,4-dihydro-3H-1,2,4-triazole-3-thione",375.97934,"C15H10BrFN4S","c1cc(ccc1/C=N\n2c(n[nH]c2=S)c3ccc(cc3)Br)F","InChI=1S/C15H10BrFN4S/c16-12-5-3-11(4-6-12)14-19-20-15(22)21(14)18-9-10-1-7-13(17)8-2-10/h1-9H,(H,20,22)/b18-9-","AFZKJUVYJIUTLO-NVMNQCDNSA-N"
4827615,"4-[(Z)-(2-Bromobenzylidene)amino]-5-(4-fluorophenyl)-2,4-dihydro-3H-1,2,4-triazole-3-thione",375.97934,"C15H10BrFN4S","S=C2N(/N=C\c1ccccc1Br)\C(=N/N2)c3ccc(F)cc3","InChI=1S/C15H10BrFN4S/c16-13-4-2-1-3-11(13)9-18-21-14(19-20-15(21)22)10-5-7-12(17)8-6-10/h1-9H,(H,20,22)/b18-9-","LTBCLESAOCPJEW-NVMNQCDNSA-N"
4853497,"7-(5-Bromo-2-fluorophenyl)-5-(2-thienyl)-1,7-dihydro[1,2,4]triazolo[1,5-a]pyrimidine",375.97934,"C15H10BrFN4S","c1cc(sc1)C2=CC(N3C(=N2)N=CN3)c4cc(ccc4F)Br","InChI=1S/C15H10BrFN4S/c16-9-3-4-11(17)10(6-9)13-7-12(14-2-1-5-22-14)20-15-18-8-19-21(13)15/h1-8,13H,(H,18,19,20)","VHLFMYHEFSSLFS-UHFFFAOYSA-N"
5340031,"3-{[(6,8-Dichloro-2-oxo-2H-chromen-3-yl)carbonyl]amino}benzoate",375.978516,"C17H8Cl2NO5","[O-]C(=O)c1cc(ccc1)NC(=O)C\2=C\c3c(OC/2=O)c(Cl)cc(Cl)c3","InChI=1S/C17H9Cl2NO5/c18-10-4-9-6-12(17(24)25-14(9)13(19)7-10)15(21)20-11-3-1-2-8(5-11)16(22)23/h1-7H,(H,20,21)(H,22,23)/p-1","JPHJOBOKIZUWSS-UHFFFAOYSA-M"
5643732,"5-Bromo-2-naphthyl 2-methylbenzenesulfonate",375.976868,"C17H13BrO3S","O=S(=O)(Oc1ccc2c(c1)cccc2Br)c3ccccc3C","InChI=1S/C17H13BrO3S/c1-12-5-2-3-8-17(12)22(19,20)21-14-9-10-15-13(11-14)6-4-7-16(15)18/h2-11H,1H3","KJRQISBHHIOUAY-UHFFFAOYSA-N"
5643920,"5-Bromo-2-naphthyl 4-methylbenzenesulfonate",375.976868,"C17H13BrO3S","O=S(=O)(Oc1ccc2c(c1)cccc2Br)c3ccc(cc3)C","InChI=1S/C17H13BrO3S/c1-12-5-8-15(9-6-12)22(19,20)21-14-7-10-16-13(11-14)3-2-4-17(16)18/h2-11H,1H3","JALRBFNEMLRBGN-UHFFFAOYSA-N"
5808879,"2-(4-Bromophenoxy)ethyl 1-benzothiophene-2-carboxylate",375.976868,"C17H13BrO3S","Brc3ccc(OCCOC(=O)c2sc1ccccc1c2)cc3","InChI=1S/C17H13BrO3S/c18-13-5-7-14(8-6-13)20-9-10-21-17(19)16-11-12-3-1-2-4-15(12)22-16/h1-8,11H,9-10H2","BEPPBTVJRWCCHE-UHFFFAOYSA-N"
5963766,"(2S)-1-[(2-Furylmethyl)amino]-1-oxo-2-propanyl 3,4,5-trichloro-2-pyridinecarboxylate",375.978455,"C14H11Cl3N2O4","O=C(NCc1occc1)[C@@H](OC(=O)c2ncc(Cl)c(Cl)c2Cl)C","InChI=1S/C14H11Cl3N2O4/c1-7(13(20)19-5-8-3-2-4-22-8)23-14(21)12-11(17)10(16)9(15)6-18-12/h2-4,6-7H,5H2,1H3,(H,19,20)/t7-/m0/s1","VWYDWXJYYFHCRY-ZETCQYMHSA-N"
5963768,"(2R)-1-[(2-Furylmethyl)amino]-1-oxo-2-propanyl 3,4,5-trichloro-2-pyridinecarboxylate",375.978455,"C14H11Cl3N2O4","O=C(NCc1occc1)[C@H](OC(=O)c2ncc(Cl)c(Cl)c2Cl)C","InChI=1S/C14H11Cl3N2O4/c1-7(13(20)19-5-8-3-2-4-22-8)23-14(21)12-11(17)10(16)9(15)6-18-12/h2-4,6-7H,5H2,1H3,(H,19,20)/t7-/m1/s1","VWYDWXJYYFHCRY-SSDOTTSWSA-N"
6072496,"(4E)-3-Cyano-4-imino-2-oxopentyl (2,4,5-trichlorophenoxy)acetate",375.978455,"C14H11Cl3N2O4","Clc1cc(OCC(=O)OCC(=O)C(C#N)C(=[N@H])C)c(Cl)cc1Cl","InChI=1S/C14H11Cl3N2O4/c1-7(19)8(4-18)12(20)5-23-14(21)6-22-13-3-10(16)9(15)2-11(13)17/h2-3,8,19H,5-6H2,1H3","OGOGGALQXRSZJU-UHFFFAOYSA-N"
6282583,"N-{4-Methoxy-3-[(trichloroacetyl)amino]phenyl}-2-furamide",375.978455,"C14H11Cl3N2O4","O=C(Nc1cc(NC(=O)C(Cl)(Cl)Cl)c(OC)cc1)c2occc2","InChI=1S/C14H11Cl3N2O4/c1-22-10-5-4-8(18-12(20)11-3-2-6-23-11)7-9(10)19-13(21)14(15,16)17/h2-7H,1H3,(H,18,20)(H,19,21)","XTPNGVQLKKVGKB-UHFFFAOYSA-N"
6388358,"2-[(5-Chloro-1,3-benzothiazol-2-yl)sulfanyl]-N-[(3R)-1,1-dioxidotetrahydro-3-thiophenyl]acetamide",375.977692,"C13H13ClN2O3S3","O=S3(=O)CC[C@@H](NC(=O)CSc1nc2cc(Cl)ccc2s1)C3","InChI=1S/C13H13ClN2O3S3/c14-8-1-2-11-10(5-8)16-13(21-11)20-6-12(17)15-9-3-4-22(18,19)7-9/h1-2,5,9H,3-4,6-7H2,(H,15,17)/t9-/m1/s1","HSDRMFIWADFSKF-SECBINFHSA-N"
6388359,"2-[(5-Chloro-1,3-benzothiazol-2-yl)sulfanyl]-N-[(3S)-1,1-dioxidotetrahydro-3-thiophenyl]acetamide",375.977692,"C13H13ClN2O3S3","O=S3(=O)CC[C@H](NC(=O)CSc1nc2cc(Cl)ccc2s1)C3","InChI=1S/C13H13ClN2O3S3/c14-8-1-2-11-10(5-8)16-13(21-11)20-6-12(17)15-9-3-4-22(18,19)7-9/h1-2,5,9H,3-4,6-7H2,(H,15,17)/t9-/m0/s1","HSDRMFIWADFSKF-VIFPVBQESA-N"
6681960,"5-(3-Bromophenyl)-4-[(Z)-(4-fluorobenzylidene)amino]-2,4-dihydro-3H-1,2,4-triazole-3-thione",375.97934,"C15H10BrFN4S","S=C2N(/N=C\c1ccc(F)cc1)\C(=N/N2)c3cccc(Br)c3","InChI=1S/C15H10BrFN4S/c16-12-3-1-2-11(8-12)14-19-20-15(22)21(14)18-9-10-4-6-13(17)7-5-10/h1-9H,(H,20,22)/b18-9-","TUDRIHKGNCUBNE-NVMNQCDNSA-N"
6682003,"5-(3-Bromophenyl)-4-[(Z)-(2-fluorobenzylidene)amino]-2,4-dihydro-3H-1,2,4-triazole-3-thione",375.97934,"C15H10BrFN4S","S=C2N(/N=C\c1ccccc1F)\C(=N/N2)c3cccc(Br)c3","InChI=1S/C15H10BrFN4S/c16-12-6-3-5-10(8-12)14-19-20-15(22)21(14)18-9-11-4-1-2-7-13(11)17/h1-9H,(H,20,22)/b18-9-","GJJBOOBIMMHDMP-NVMNQCDNSA-N"
6682005,"5-(3-Bromophenyl)-4-[(Z)-(3-fluorobenzylidene)amino]-2,4-dihydro-3H-1,2,4-triazole-3-thione",375.97934,"C15H10BrFN4S","S=C2N(/N=C\c1cccc(F)c1)\C(=N/N2)c3cccc(Br)c3","InChI=1S/C15H10BrFN4S/c16-12-5-2-4-11(8-12)14-19-20-15(22)21(14)18-9-10-3-1-6-13(17)7-10/h1-9H,(H,20,22)/b18-9-","BBSOBTCKGFOTDU-NVMNQCDNSA-N"
6779848,"N'-[(5-Chloro-2-thienyl)sulfonyl]-2-[(4-methylphenyl)sulfanyl]acetohydrazide",375.977692,"C13H13ClN2O3S3","O=S(=O)(c1sc(Cl)cc1)NNC(=O)CSc2ccc(cc2)C","InChI=1S/C13H13ClN2O3S3/c1-9-2-4-10(5-3-9)20-8-12(17)15-16-22(18,19)13-7-6-11(14)21-13/h2-7,16H,8H2,1H3,(H,15,17)","GXSCRMFDEZNTGI-UHFFFAOYSA-N"
6865993,"2-{[(1S)-1-(2-Furyl)ethyl]amino}-2-oxoethyl 3,4,5-trichloro-2-pyridinecarboxylate",375.978455,"C14H11Cl3N2O4","O=C(N[C@H](c1occc1)C)COC(=O)c2ncc(Cl)c(Cl)c2Cl","InChI=1S/C14H11Cl3N2O4/c1-7(9-3-2-4-22-9)19-10(20)6-23-14(21)13-12(17)11(16)8(15)5-18-13/h2-5,7H,6H2,1H3,(H,19,20)/t7-/m0/s1","LQNJEBAYPIIZGO-ZETCQYMHSA-N"
6865997,"2-{[(1R)-1-(2-Furyl)ethyl]amino}-2-oxoethyl 3,4,5-trichloro-2-pyridinecarboxylate",375.978455,"C14H11Cl3N2O4","O=C(N[C@@H](c1occc1)C)COC(=O)c2ncc(Cl)c(Cl)c2Cl","InChI=1S/C14H11Cl3N2O4/c1-7(9-3-2-4-22-9)19-10(20)6-23-14(21)13-12(17)11(16)8(15)5-18-13/h2-5,7H,6H2,1H3,(H,19,20)/t7-/m1/s1","LQNJEBAYPIIZGO-SSDOTTSWSA-N"
6869533,"2-{[(5-Chloro-2-thienyl)methyl]sulfanyl}-N-(4-sulfamoylphenyl)acetamide",375.977692,"C13H13ClN2O3S3","Clc1sc(cc1)CSCC(=O)Nc2ccc(cc2)S(=O)(=O)N","InChI=1S/C13H13ClN2O3S3/c14-12-6-3-10(21-12)7-20-8-13(17)16-9-1-4-11(5-2-9)22(15,18)19/h1-6H,7-8H2,(H,16,17)(H2,15,18,19)","UVOHUUNEKXLSGU-UHFFFAOYSA-N"
6871033,"2-{[(5-Chloro-2-thienyl)methyl]sulfanyl}-N-(3-sulfamoylphenyl)acetamide",375.977692,"C13H13ClN2O3S3","Clc1sc(cc1)CSCC(=O)Nc2cccc(c2)S(=O)(=O)N","InChI=1S/C13H13ClN2O3S3/c14-12-5-4-10(21-12)7-20-8-13(17)16-9-2-1-3-11(6-9)22(15,18)19/h1-6H,7-8H2,(H,16,17)(H2,15,18,19)","GWRNUCPILPRQDB-UHFFFAOYSA-N"
7337136,"N-(6-Chloro-1,3-benzothiazol-2-yl)-2-{[(3R)-1,1-dioxidotetrahydro-3-thiophenyl]sulfanyl}acetamide",375.977692,"C13H13ClN2O3S3","O=S3(=O)CC[C@@H](SCC(=O)Nc1nc2ccc(Cl)cc2s1)C3","InChI=1S/C13H13ClN2O3S3/c14-8-1-2-10-11(5-8)21-13(15-10)16-12(17)6-20-9-3-4-22(18,19)7-9/h1-2,5,9H,3-4,6-7H2,(H,15,16,17)/t9-/m1/s1","FJJIRDFSOJOKBU-SECBINFHSA-N"
7337138,"N-(6-Chloro-1,3-benzothiazol-2-yl)-2-{[(3S)-1,1-dioxidotetrahydro-3-thiophenyl]sulfanyl}acetamide",375.977692,"C13H13ClN2O3S3","O=S3(=O)CC[C@H](SCC(=O)Nc1nc2ccc(Cl)cc2s1)C3","InChI=1S/C13H13ClN2O3S3/c14-8-1-2-10-11(5-8)21-13(15-10)16-12(17)6-20-9-3-4-22(18,19)7-9/h1-2,5,9H,3-4,6-7H2,(H,15,16,17)/t9-/m0/s1","FJJIRDFSOJOKBU-VIFPVBQESA-N"
7526814,"4-[(Z)-(4-Bromobenzylidene)amino]-5-(3-fluorophenyl)-2,4-dihydro-3H-1,2,4-triazole-3-thione",375.97934,"C15H10BrFN4S","S=C2N(/N=C\c1ccc(Br)cc1)\C(=N/N2)c3cccc(F)c3","InChI=1S/C15H10BrFN4S/c16-12-6-4-10(5-7-12)9-18-21-14(19-20-15(21)22)11-2-1-3-13(17)8-11/h1-9H,(H,20,22)/b18-9-","MJKXUQRXBTWHJT-NVMNQCDNSA-N"
7526878,"4-[(Z)-(3-Bromobenzylidene)amino]-5-(3-fluorophenyl)-2,4-dihydro-3H-1,2,4-triazole-3-thione",375.97934,"C15H10BrFN4S","S=C2N(/N=C\c1cccc(Br)c1)\C(=N/N2)c3cccc(F)c3","InChI=1S/C15H10BrFN4S/c16-12-5-1-3-10(7-12)9-18-21-14(19-20-15(21)22)11-4-2-6-13(17)8-11/h1-9H,(H,20,22)/b18-9-","VOWSBUXAOOAWML-NVMNQCDNSA-N"
7527439,"4-[(Z)-(2-Bromobenzylidene)amino]-5-(3-fluorophenyl)-2,4-dihydro-3H-1,2,4-triazole-3-thione",375.97934,"C15H10BrFN4S","S=C2N(/N=C\c1ccccc1Br)\C(=N/N2)c3cccc(F)c3","InChI=1S/C15H10BrFN4S/c16-13-7-2-1-4-11(13)9-18-21-14(19-20-15(21)22)10-5-3-6-12(17)8-10/h1-9H,(H,20,22)/b18-9-","RRXRUDFBVOGQLP-NVMNQCDNSA-N"
7603829,"4-{(Z)-[5-Bromo-2-(difluoromethoxy)benzylidene]amino}-5-ethyl-2,4-dihydro-3H-1,2,4-triazole-3-thione",375.980499,"C12H11BrF2N4OS","S=C2N(/N=C\c1cc(Br)ccc1OC(F)F)\C(=N/N2)CC","InChI=1S/C12H11BrF2N4OS/c1-2-10-17-18-12(21)19(10)16-6-7-5-8(13)3-4-9(7)20-11(14)15/h3-6,11H,2H2,1H3,(H,18,21)/b16-6-","RJHHIQOQEAGYLM-SOFYXZRVSA-N"
7778417,"(5-Chloro-2-thienyl)[4-(2-thienylsulfonyl)-1-piperazinyl]methanone",375.977692,"C13H13ClN2O3S3","O=S(=O)(N2CCN(C(=O)c1sc(Cl)cc1)CC2)c3sccc3","InChI=1S/C13H13ClN2O3S3/c14-11-4-3-10(21-11)13(17)15-5-7-16(8-6-15)22(18,19)12-2-1-9-20-12/h1-4,9H,5-8H2","HEIPGEATDUORTE-UHFFFAOYSA-N"
7837104,"4-[(E)-(3-Bromobenzylidene)amino]-5-(4-fluorophenyl)-2,4-dihydro-3H-1,2,4-triazole-3-thione",375.97934,"C15H10BrFN4S","S=C2N(/N=C/c1cccc(Br)c1)\C(=N/N2)c3ccc(F)cc3","InChI=1S/C15H10BrFN4S/c16-12-3-1-2-10(8-12)9-18-21-14(19-20-15(21)22)11-4-6-13(17)7-5-11/h1-9H,(H,20,22)/b18-9+","QFRJTENRHZIKRV-GIJQJNRQSA-N"
7891843,"4-[(E)-(4-Bromobenzylidene)amino]-5-(2-fluorophenyl)-2,4-dihydro-3H-1,2,4-triazole-3-thione",375.97934,"C15H10BrFN4S","S=C2N(/N=C/c1ccc(Br)cc1)\C(=N/N2)c3ccccc3F","InChI=1S/C15H10BrFN4S/c16-11-7-5-10(6-8-11)9-18-21-14(19-20-15(21)22)12-3-1-2-4-13(12)17/h1-9H,(H,20,22)/b18-9+","TVXTUTILGVWIOH-GIJQJNRQSA-N"
7911454,"4-[(E)-(4-Bromobenzylidene)amino]-5-(4-fluorophenyl)-2,4-dihydro-3H-1,2,4-triazole-3-thione",375.97934,"C15H10BrFN4S","S=C2N(/N=C/c1ccc(Br)cc1)\C(=N/N2)c3ccc(F)cc3","InChI=1S/C15H10BrFN4S/c16-12-5-1-10(2-6-12)9-18-21-14(19-20-15(21)22)11-3-7-13(17)8-4-11/h1-9H,(H,20,22)/b18-9+","NTGXELXAONSJEG-GIJQJNRQSA-N"
7951448,"4-[(E)-(2-Bromobenzylidene)amino]-5-(4-fluorophenyl)-2,4-dihydro-3H-1,2,4-triazole-3-thione",375.97934,"C15H10BrFN4S","S=C2N(/N=C/c1ccccc1Br)\C(=N/N2)c3ccc(F)cc3","InChI=1S/C15H10BrFN4S/c16-13-4-2-1-3-11(13)9-18-21-14(19-20-15(21)22)10-5-7-12(17)8-6-10/h1-9H,(H,20,22)/b18-9+","LTBCLESAOCPJEW-GIJQJNRQSA-N"
8040183,"3-(2-Bromo-4-methylphenyl)-5-methyl-6-(2-thienyl)-2H-pyran-2,4(3H)-dione",375.976868,"C17H13BrO3S","Brc1cc(ccc1C3C(=O)O/C(c2sccc2)=C(\C3=O)C)C","InChI=1S/C17H13BrO3S/c1-9-5-6-11(12(18)8-9)14-15(19)10(2)16(21-17(14)20)13-4-3-7-22-13/h3-8,14H,1-2H3","ARJLFGMIMJPBPL-UHFFFAOYSA-N"
8353090,"6-Chloro-3-{[(2-chloro-3-pyridinyl)carbamoyl]amino}-2-hydroxybenzenesulfonamide",375.97998,"C12H10Cl2N4O4S","Clc2ncccc2NC(=O)Nc1ccc(Cl)c(c1O)S(=O)(=O)N","InChI=1S/C12H10Cl2N4O4S/c13-6-3-4-7(9(19)10(6)23(15,21)22)17-12(20)18-8-2-1-5-16-11(8)14/h1-5,19H,(H2,15,21,22)(H2,17,18,20)","GJTZGKXLCMGZEV-UHFFFAOYSA-N"
8699018,"3-(4-Bromobenzyl)-2-methyl-4H-thiochromen-4-one 1,1-dioxide",375.976868,"C17H13BrO3S","Brc1ccc(cc1)CC=3C(=O)c2c(cccc2)S(=O)(=O)C=3C","InChI=1S/C17H13BrO3S/c1-11-15(10-12-6-8-13(18)9-7-12)17(19)14-4-2-3-5-16(14)22(11,20)21/h2-9H,10H2,1H3","BLGDJCYQDLYOFG-UHFFFAOYSA-N"
8961114,"3-Chloro-N-[(4-chloro-6-methoxy-2-pyrimidinyl)carbamoyl]benzenesulfonamide",375.97998,"C12H10Cl2N4O4S","O=C(Nc1nc(OC)cc(Cl)n1)NS(=O)(=O)c2cccc(Cl)c2","InChI=1S/C12H10Cl2N4O4S/c1-22-10-6-9(14)15-11(16-10)17-12(19)18-23(20,21)8-4-2-3-7(13)5-8/h2-6H,1H3,(H2,15,16,17,18,19)","BRICDOUCGNRODF-UHFFFAOYSA-N"
9233069,"1-O-(4-Bromobenzoyl)-beta-D-glucopyranuronic acid",375.97937,"C13H13BrO8","O=C(O[C@@H]1O[C@H](C(=O)O)[C@@H](O)[C@H](O)[C@H]1O)c2ccc(Br)cc2","InChI=1S/C13H13BrO8/c14-6-3-1-5(2-4-6)12(20)22-13-9(17)7(15)8(16)10(21-13)11(18)19/h1-4,7-10,13,15-17H,(H,18,19)/t7-,8-,9+,10-,13-/m0/s1","IBBWXBHCFBMUBT-UNLLLRGISA-N"
9307696,"3-Bromo-6-methoxy-2-[4-(methylsulfanyl)phenyl]-4H-chromen-4-one",375.976868,"C17H13BrO3S","O=C1c3c(O/C(=C1/Br)c2ccc(SC)cc2)ccc(OC)c3","InChI=1S/C17H13BrO3S/c1-20-11-5-8-14-13(9-11)16(19)15(18)17(21-14)10-3-6-12(22-2)7-4-10/h3-9H,1-2H3","REKGMDPLIYSDGU-UHFFFAOYSA-N"
9806954,"Phenylmethanesulfinic acid - zinc (2:1)",375.978149,"C14H16O4S2Zn","[Zn].O=S(O)Cc1ccccc1.O=S(O)Cc1ccccc1","InChI=1S/2C7H8O2S.Zn/c2*8-10(9)6-7-4-2-1-3-5-7;/h2*1-5H,6H2,(H,8,9);","ADMWFBNSIMCJRO-UHFFFAOYSA-N"
9958467,"6-[Dibromo(chloro)methyl]-6-undecanol",375.980408,"C12H23Br2ClO","ClC(Br)(Br)C(O)(CCCCC)CCCCC","InChI=1S/C12H23Br2ClO/c1-3-5-7-9-11(16,12(13,14)15)10-8-6-4-2/h16H,3-10H2,1-2H3","FZRZMEOSLJYAFV-UHFFFAOYSA-N"
10276823,"cis-4-[(2-Amino-3,5-dibromobenzyl)amino]cyclohexanol",375.978577,"C13H18Br2N2O","O[C@H]2CC[C@@H](NCc1cc(Br)cc(Br)c1N)CC2","InChI=1S/C13H18Br2N2O/c14-9-5-8(13(16)12(15)6-9)7-17-10-1-3-11(18)4-2-10/h5-6,10-11,17-18H,1-4,7,16H2/t10-,11+","JBDGDEWWOUBZPM-PHIMTYICSA-N"
10276826,"Ambroxol",375.978577,"C13H18Br2N2O","c1c(c(c(cc1Br)Br)N)CN[C@H]2CC[C@@H](CC2)O","InChI=1S/C13H18Br2N2O/c14-9-5-8(13(16)12(15)6-9)7-17-10-1-3-11(18)4-2-10/h5-6,10-11,17-18H,1-4,7,16H2/t10-,11-","JBDGDEWWOUBZPM-XYPYZODXSA-N"
10879514,"Benzoate, 2-hydroxy-5-[[(3-nitrophenyl)sulfonyl]amino]-, potassium salt",375.977295,"C13H9KN2O7S","c1cc(cc(c1)S(=O)(=O)Nc2ccc(c(c2)C(=O)[O-])O)[N+](=O)[O-].[K]","InChI=1S/C13H10N2O7S.K/c16-12-5-4-8(6-11(12)13(17)18)14-23(21,22)10-3-1-2-9(7-10)15(19)20;/h1-7,14,16H,(H,17,18);/p-1","VOQBBVHDTCVRPY-UHFFFAOYSA-M"
10879515,"Benzoate, 4-[[(4-hydroxy-3-nitrophenyl)sulfonyl]amino]-, potassium salt",375.977295,"C13H9KN2O7S","c1cc(ccc1C(=O)[O-])NS(=O)(=O)c2ccc(c(c2)[N+](=O)[O-])O.[K]","InChI=1S/C13H10N2O7S.K/c16-12-6-5-10(7-11(12)15(19)20)23(21,22)14-9-3-1-8(2-4-9)13(17)18;/h1-7,14,16H,(H,17,18);/p-1","CLFAXNXLQBPFTE-UHFFFAOYSA-M"
10935118,"Benzoate, 2-hydroxy-4-[[(3-nitrophenyl)sulfonyl]amino]-, potassium salt",375.977295,"C13H9KN2O7S","c1cc(cc(c1)S(=O)(=O)Nc2ccc(c(c2)O)C(=O)[O-])[N+](=O)[O-].[K]","InChI=1S/C13H10N2O7S.K/c16-12-6-8(4-5-11(12)13(17)18)14-23(21,22)10-3-1-2-9(7-10)15(19)20;/h1-7,14,16H,(H,17,18);/p-1","LIZFMMLOLJPVQQ-UHFFFAOYSA-M"
11129091,"N-(6-Chloro-1,3-benzothiazol-2-yl)-2-[(1,1-dioxidotetrahydro-3-thiophenyl)sulfanyl]acetamide",375.977692,"C13H13ClN2O3S3","c1cc2c(cc1Cl)sc(n2)NC(=O)CSC3CCS(=O)(=O)C3","InChI=1S/C13H13ClN2O3S3/c14-8-1-2-10-11(5-8)21-13(15-10)16-12(17)6-20-9-3-4-22(18,19)7-9/h1-2,5,9H,3-4,6-7H2,(H,15,16,17)","FJJIRDFSOJOKBU-UHFFFAOYSA-N"
11678591,"(2Z)-2-(5-Bromo-2,4-dimethoxybenzylidene)-1-benzothiophen-3(2H)-one",375.976868,"C17H13BrO3S","COc1cc(c(cc1/C=C\2/C(=O)c3ccccc3S2)Br)OC","InChI=1S/C17H13BrO3S/c1-20-13-9-14(21-2)12(18)7-10(13)8-16-17(19)11-5-3-4-6-15(11)22-16/h3-9H,1-2H3/b16-8-","CCURBIHXUNHALO-PXNMLYILSA-N"
12272811,"5-(2-Bromophenyl)-4-{[(E)-(3-fluorophenyl)methylene]amino}-4H-1,2,4-triazole-3-thiol",375.97934,"C15H10BrFN4S","c1ccc(c(c1)c2nnc(n2/N=C/c3cccc(c3)F)S)Br","InChI=1S/C15H10BrFN4S/c16-13-7-2-1-6-12(13)14-19-20-15(22)21(14)18-9-10-4-3-5-11(17)8-10/h1-9H,(H,20,22)/b18-9+","BELKDBSBVUCZRJ-GIJQJNRQSA-N"
12279197,"5-(4-Bromophenyl)-4-{[(E)-(4-fluorophenyl)methylene]amino}-4H-1,2,4-triazole-3-thiol",375.97934,"C15H10BrFN4S","c1cc(ccc1/C=N/n2c(nnc2S)c3ccc(cc3)Br)F","InChI=1S/C15H10BrFN4S/c16-12-5-3-11(4-6-12)14-19-20-15(22)21(14)18-9-10-1-7-13(17)8-2-10/h1-9H,(H,20,22)/b18-9+","AFZKJUVYJIUTLO-GIJQJNRQSA-N"
12923168,"{4-[(5-Chloro-2-thienyl)sulfonyl]-1-piperazinyl}(2-thienyl)methanone",375.977692,"C13H13ClN2O3S3","c1cc(sc1)C(=O)N2CCN(CC2)S(=O)(=O)c3ccc(s3)Cl","InChI=1S/C13H13ClN2O3S3/c14-11-3-4-12(21-11)22(18,19)16-7-5-15(6-8-16)13(17)10-2-1-9-20-10/h1-4,9H,5-8H2","NPYSHDQSAOTJAO-UHFFFAOYSA-N"
18162886,"Potassium 2-hydroxy-5-{[(3-nitrophenyl)sulfonyl]amino}benzoate",375.976746,"C13H9KN2O7S","c1cc(cc(c1)S(=O)(=O)Nc2ccc(c(c2)C(=O)[O-])O)[N+](=O)[O-].[K+]","InChI=1S/C13H10N2O7S.K/c16-12-5-4-8(6-11(12)13(17)18)14-23(21,22)10-3-1-2-9(7-10)15(19)20;/h1-7,14,16H,(H,17,18);/q;+1/p-1","OUMTVTIKQVQXEY-UHFFFAOYSA-M"
18162887,"Potassium 4-{[(4-hydroxy-3-nitrophenyl)sulfonyl]amino}benzoate",375.976746,"C13H9KN2O7S","c1cc(ccc1C(=O)[O-])NS(=O)(=O)c2ccc(c(c2)[N+](=O)[O-])O.[K+]","InChI=1S/C13H10N2O7S.K/c16-12-6-5-10(7-11(12)15(19)20)23(21,22)14-9-3-1-8(2-4-9)13(17)18;/h1-7,14,16H,(H,17,18);/q;+1/p-1","YHZDFTHNZMDQQH-UHFFFAOYSA-M"
21493429,"5-(2-Bromophenyl)-4-[(E)-(2-fluorobenzylidene)amino]-2,4-dihydro-3H-1,2,4-triazole-3-thione",375.97934,"C15H10BrFN4S","c1ccc(c(c1)/C=N/n2c(nnc2S)c3ccccc3Br)F","InChI=1S/C15H10BrFN4S/c16-12-7-3-2-6-11(12)14-19-20-15(22)21(14)18-9-10-5-1-4-8-13(10)17/h1-9H,(H,20,22)/b18-9+","UTNLKKMFPHELIS-GIJQJNRQSA-N"
21493435,"5-(2-Bromophenyl)-4-[(E)-(4-fluorobenzylidene)amino]-2,4-dihydro-3H-1,2,4-triazole-3-thione",375.97934,"C15H10BrFN4S","c1ccc(c(c1)c2nnc(n2/N=C/c3ccc(cc3)F)S)Br","InChI=1S/C15H10BrFN4S/c16-13-4-2-1-3-12(13)14-19-20-15(22)21(14)18-9-10-5-7-11(17)8-6-10/h1-9H,(H,20,22)/b18-9+","JHRHSIHQWDYEJN-GIJQJNRQSA-N"
21625019,"4-Methylphenyl 4-bromo-1-naphthalenesulfonate",375.976868,"C17H13BrO3S","Cc1ccc(cc1)OS(=O)(=O)c2ccc(c3c2cccc3)Br","InChI=1S/C17H13BrO3S/c1-12-6-8-13(9-7-12)21-22(19,20)17-11-10-16(18)14-4-2-3-5-15(14)17/h2-11H,1H3","YQKOLWKPBSWAIK-UHFFFAOYSA-N"
21625021,"2-Methylphenyl 4-bromo-1-naphthalenesulfonate",375.976868,"C17H13BrO3S","Cc1ccccc1OS(=O)(=O)c2ccc(c3c2cccc3)Br","InChI=1S/C17H13BrO3S/c1-12-6-2-5-9-16(12)21-22(19,20)17-11-10-15(18)13-7-3-4-8-14(13)17/h2-11H,1H3","NUQPZSCHNKTOHQ-UHFFFAOYSA-N"
21859440,"2-Bromophenyl 3-phenyl-5,6-dihydro-1,4-oxathiine-2-carboxylate",375.976868,"C17H13BrO3S","c1ccc(cc1)C2=C(OCCS2)C(=O)Oc3ccccc3Br","InChI=1S/C17H13BrO3S/c18-13-8-4-5-9-14(13)21-17(19)15-16(22-11-10-20-15)12-6-2-1-3-7-12/h1-9H,10-11H2","VPDABIIOXKSXIG-UHFFFAOYSA-N"
21859445,"3-Bromophenyl 3-phenyl-5,6-dihydro-1,4-oxathiine-2-carboxylate",375.976868,"C17H13BrO3S","c1ccc(cc1)C2=C(OCCS2)C(=O)Oc3cccc(c3)Br","InChI=1S/C17H13BrO3S/c18-13-7-4-8-14(11-13)21-17(19)15-16(22-10-9-20-15)12-5-2-1-3-6-12/h1-8,11H,9-10H2","FPUPHAYJPRLQSK-UHFFFAOYSA-N"
21859466,"4-Bromophenyl 3-phenyl-5,6-dihydro-1,4-oxathiine-2-carboxylate",375.976868,"C17H13BrO3S","c1ccc(cc1)C2=C(OCCS2)C(=O)Oc3ccc(cc3)Br","InChI=1S/C17H13BrO3S/c18-13-6-8-14(9-7-13)21-17(19)15-16(22-11-10-20-15)12-4-2-1-3-5-12/h1-9H,10-11H2","FIOYLPJDYYHKEZ-UHFFFAOYSA-N"
22534137,"N-{2-[(2,3,5-Trichloro-6-hydroxybenzoyl)amino]ethyl}-2-furamide",375.978455,"C14H11Cl3N2O4","c1cc(oc1)C(=O)NCCNC(=O)c2c(c(cc(c2Cl)Cl)Cl)O","InChI=1S/C14H11Cl3N2O4/c15-7-6-8(16)12(20)10(11(7)17)14(22)19-4-3-18-13(21)9-2-1-5-23-9/h1-2,5-6,20H,3-4H2,(H,18,21)(H,19,22)","INBXOLPUNPNCIA-UHFFFAOYSA-N"
22831312,"(3Z)-3-(3-Bromo-4-hydroxy-5-methoxybenzylidene)-2,3-dihydro-4H-thiochromen-4-one",375.976868,"C17H13BrO3S","COc1cc(cc(c1O)Br)/C=C/2\CSc3ccccc3C2=O","InChI=1S/C17H13BrO3S/c1-21-14-8-10(7-13(18)17(14)20)6-11-9-22-15-5-3-2-4-12(15)16(11)19/h2-8,20H,9H2,1H3/b11-6+","RLOJIHJAUSJTGR-IZZDOVSWSA-N"
23361403,"1-Bromo-2-naphthyl 4-methylbenzenesulfonate",375.976868,"C17H13BrO3S","Cc1ccc(cc1)S(=O)(=O)Oc2ccc3ccccc3c2Br","InChI=1S/C17H13BrO3S/c1-12-6-9-14(10-7-12)22(19,20)21-16-11-8-13-4-2-3-5-15(13)17(16)18/h2-11H,1H3","NJIKCQOKQTWNQO-UHFFFAOYSA-N"
24321292,"N~2~-(2,6-Dibromo-4-methylphenyl)-N-isopropylalaninamide",375.978577,"C13H18Br2N2O","Cc1cc(c(c(c1)Br)NC(C)C(=O)NC(C)C)Br","InChI=1S/C13H18Br2N2O/c1-7(2)16-13(18)9(4)17-12-10(14)5-8(3)6-11(12)15/h5-7,9,17H,1-4H3,(H,16,18)","OYXJMICVAADTLP-UHFFFAOYSA-N"
24321383,"6-Amino-N-(2,6-dibromo-4-methylphenyl)hexanamide",375.978577,"C13H18Br2N2O","Cc1cc(c(c(c1)Br)NC(=O)CCCCCN)Br","InChI=1S/C13H18Br2N2O/c1-9-7-10(14)13(11(15)8-9)17-12(18)5-3-2-4-6-16/h7-8H,2-6,16H2,1H3,(H,17,18)","ZMBBFNOSYIQBDX-UHFFFAOYSA-N"
24591390,"Difluoro(undecafluorocyclohexyl)acetic acid",375.976898,"C8HF13O2","C(=O)(C(C1(C(C(C(C(C1(F)F)(F)F)(F)F)(F)F)(F)F)F)(F)F)O","InChI=1S/C8HF13O2/c9-2(10,1(22)23)3(11)4(12,13)6(16,17)8(20,21)7(18,19)5(3,14)15/h(H,22,23)","GOYKLJIEMLMVJO-UHFFFAOYSA-N"
24676033,"2,5,6-Trichloro-1-(D-ribofuranosyl)-1H-indole-3-carbonitrile",375.978455,"C14H11Cl3N2O4","c1c2c(cc(c1Cl)Cl)n(c(c2C#N)Cl)C3[C@@H]([C@@H]([C@H](O3)CO)O)O","InChI=1S/C14H11Cl3N2O4/c15-7-1-5-6(3-18)13(17)19(9(5)2-8(7)16)14-12(22)11(21)10(4-20)23-14/h1-2,10-12,14,20-22H,4H2/t10-,11-,12-,14?/m1/s1","KHIUSYDRVUXDDE-ZXRVKKJVSA-N"
24803830,"N-(4-Amino-3,5-dibromo-2-ethyl-6-methylphenyl)butanamide",375.978577,"C13H18Br2N2O","CCCC(=O)Nc1c(c(c(c(c1CC)Br)N)Br)C","InChI=1S/C13H18Br2N2O/c1-4-6-9(18)17-13-7(3)10(14)12(16)11(15)8(13)5-2/h4-6,16H2,1-3H3,(H,17,18)","KROXHEVNSUEQEW-UHFFFAOYSA-N"
24803833,"N-(4-Amino-3,5-dibromo-2-ethyl-6-methylphenyl)-2-methylpropanamide",375.978577,"C13H18Br2N2O","CCc1c(c(c(c(c1Br)N)Br)C)NC(=O)C(C)C","InChI=1S/C13H18Br2N2O/c1-5-8-10(15)11(16)9(14)7(4)12(8)17-13(18)6(2)3/h6H,5,16H2,1-4H3,(H,17,18)","IVZLSVNEXPDGJZ-UHFFFAOYSA-N"
24803836,"N-(4-Amino-3,5-dibromo-2,6-dimethylphenyl)-3-methylbutanamide",375.978577,"C13H18Br2N2O","Cc1c(c(c(c(c1Br)N)Br)C)NC(=O)CC(C)C","InChI=1S/C13H18Br2N2O/c1-6(2)5-9(18)17-13-7(3)10(14)12(16)11(15)8(13)4/h6H,5,16H2,1-4H3,(H,17,18)","GJZOORITGBHSOB-UHFFFAOYSA-N"
24803837,"N-(4-Amino-3,5-dibromo-2,6-dimethylphenyl)pentanamide",375.978577,"C13H18Br2N2O","CCCCC(=O)Nc1c(c(c(c(c1C)Br)N)Br)C","InChI=1S/C13H18Br2N2O/c1-4-5-6-9(18)17-13-7(2)10(14)12(16)11(15)8(13)3/h4-6,16H2,1-3H3,(H,17,18)","AVKFYZSOCGTYMU-UHFFFAOYSA-N"
24803842,"N-(4-Amino-3,5-dibromo-2,6-dimethylphenyl)-2,2-dimethylpropanamide",375.978577,"C13H18Br2N2O","Cc1c(c(c(c(c1Br)N)Br)C)NC(=O)C(C)(C)C","InChI=1S/C13H18Br2N2O/c1-6-8(14)10(16)9(15)7(2)11(6)17-12(18)13(3,4)5/h16H2,1-5H3,(H,17,18)","GMZHLXLNYNNOKM-UHFFFAOYSA-N"
26396029,"6-Methyl-2-nitro-3-[2-(2,4,6-trichlorophenoxy)ethoxy]pyridine",375.978455,"C14H11Cl3N2O4","Cc1ccc(c(n1)[N+](=O)[O-])OCCOc2c(cc(cc2Cl)Cl)Cl","InChI=1S/C14H11Cl3N2O4/c1-8-2-3-12(14(18-8)19(20)21)22-4-5-23-13-10(16)6-9(15)7-11(13)17/h2-3,6-7H,4-5H2,1H3","CLAHWMCGEBXKHS-UHFFFAOYSA-N"
26487868,"2,6-Dibromo-4-[3-(1-piperazinyl)propyl]phenol",375.978577,"C13H18Br2N2O","c1c(cc(c(c1Br)O)Br)CCCN2CCNCC2","InChI=1S/C13H18Br2N2O/c14-11-8-10(9-12(15)13(11)18)2-1-5-17-6-3-16-4-7-17/h8-9,16,18H,1-7H2","OZIYKYWFWXRIJB-UHFFFAOYSA-N"
28484639,"6-Nitro-3-[4-(trifluoromethyl)phenyl]-1lambda~4~,3,2-benzodithiazole 1,1-dioxide",375.979919,"C13H7F3N2O4S2","c1cc(ccc1C(F)(F)F)S2=NS(=O)(=O)c3c2ccc(c3)[N+](=O)[O-]","InChI=1S/C13H7F3N2O4S2/c14-13(15,16)8-1-4-10(5-2-8)23-11-6-3-9(18(19)20)7-12(11)24(21,22)17-23/h1-7H","CQXXTFQXVYVGGA-UHFFFAOYSA-N"
30074320,"2-(5-Chloro-2-thienyl)-N-[(1,1-dioxidotetrahydro-3-thiophenyl)methyl]-1,3-thiazole-4-carboxamide",375.977692,"C13H13ClN2O3S3","c1cc(sc1c2nc(cs2)C(=O)NCC3CCS(=O)(=O)C3)Cl","InChI=1S/C13H13ClN2O3S3/c14-11-2-1-10(21-11)13-16-9(6-20-13)12(17)15-5-8-3-4-22(18,19)7-8/h1-2,6,8H,3-5,7H2,(H,15,17)","AHQNEGRBQOGLMB-UHFFFAOYSA-N"
30186353,"2-[(2-Furylmethyl)(methyl)amino]-2-oxoethyl 3,4,5-trichloro-2-pyridinecarboxylate",375.978455,"C14H11Cl3N2O4","CN(Cc1ccco1)C(=O)COC(=O)c2c(c(c(cn2)Cl)Cl)Cl","InChI=1S/C14H11Cl3N2O4/c1-19(6-8-3-2-4-22-8)10(20)7-23-14(21)13-12(17)11(16)9(15)5-18-13/h2-5H,6-7H2,1H3","OOZLJAWWBUYYTN-UHFFFAOYSA-N"
30379942,"{[2-({[2-(5-Chloro-2-thienyl)-1,3-thiazol-4-yl]acetyl}amino)ethyl]sulfanyl}acetic acid",375.977692,"C13H13ClN2O3S3","c1cc(sc1c2nc(cs2)CC(=O)NCCSCC(=O)O)Cl","InChI=1S/C13H13ClN2O3S3/c14-10-2-1-9(22-10)13-16-8(6-21-13)5-11(17)15-3-4-20-7-12(18)19/h1-2,6H,3-5,7H2,(H,15,17)(H,18,19)","RGTSQRNHSDJRGI-UHFFFAOYSA-N"
30414125,"3-{[1-(2,4-Dibromophenyl)ethyl]amino}-2,2-dimethylpropanamide",375.978577,"C13H18Br2N2O","CC(c1ccc(cc1Br)Br)NCC(C)(C)C(=O)N","InChI=1S/C13H18Br2N2O/c1-8(17-7-13(2,3)12(16)18)10-5-4-9(14)6-11(10)15/h4-6,8,17H,7H2,1-3H3,(H2,16,18)","ZXNDYPQWCVBVTD-UHFFFAOYSA-N"
30916645,"N-{5-Chloro-2-methyl-4-[(5-sulfamoyl-2-thienyl)sulfanyl]phenyl}acetamide",375.977692,"C13H13ClN2O3S3","Cc1cc(c(cc1NC(=O)C)Cl)Sc2ccc(s2)S(=O)(=O)N","InChI=1S/C13H13ClN2O3S3/c1-7-5-11(9(14)6-10(7)16-8(2)17)20-12-3-4-13(21-12)22(15,18)19/h3-6H,1-2H3,(H,16,17)(H2,15,18,19)","CZPRPQBVBSCSEF-UHFFFAOYSA-N"
31104892,"1-[2-(2,4-Dibromophenoxy)ethyl]-4-methylpiperazine",375.978577,"C13H18Br2N2O","CN1CCN(CC1)CCOc2ccc(cc2Br)Br","InChI=1S/C13H18Br2N2O/c1-16-4-6-17(7-5-16)8-9-18-13-3-2-11(14)10-12(13)15/h2-3,10H,4-9H2,1H3","LWIGSJYTEAOKGT-UHFFFAOYSA-N"
31330554,"{4-[(5-Chloro-2-thienyl)sulfonyl]-1-piperazinyl}(3-thienyl)methanone",375.977692,"C13H13ClN2O3S3","c1cc(sc1S(=O)(=O)N2CCN(CC2)C(=O)c3ccsc3)Cl","InChI=1S/C13H13ClN2O3S3/c14-11-1-2-12(21-11)22(18,19)16-6-4-15(5-7-16)13(17)10-3-8-20-9-10/h1-3,8-9H,4-7H2","CZUMAAXBBPFPKU-UHFFFAOYSA-N"
31540185,"N-Allyl-N-[(5-chloro-2-thienyl)methyl]-5-sulfamoyl-3-thiophenecarboxamide",375.977692,"C13H13ClN2O3S3","C=CCN(Cc1ccc(s1)Cl)C(=O)c2cc(sc2)S(=O)(=O)N","InChI=1S/C13H13ClN2O3S3/c1-2-5-16(7-10-3-4-11(14)21-10)13(17)9-6-12(20-8-9)22(15,18)19/h2-4,6,8H,1,5,7H2,(H2,15,18,19)","VQHLLGYIDUQQJC-UHFFFAOYSA-N"
31841906,"N-[5-Chloro-2-(ethylsulfanyl)phenyl]-5-sulfamoyl-3-thiophenecarboxamide",375.977692,"C13H13ClN2O3S3","CCSc1ccc(cc1NC(=O)c2cc(sc2)S(=O)(=O)N)Cl","InChI=1S/C13H13ClN2O3S3/c1-2-20-11-4-3-9(14)6-10(11)16-13(17)8-5-12(21-7-8)22(15,18)19/h3-7H,2H2,1H3,(H,16,17)(H2,15,18,19)","YZXRIQBVNOWMNC-UHFFFAOYSA-N"
31874067,"Methyl [(3-{[4-(5-chloro-2-thienyl)-1,3-thiazol-2-yl]amino}-3-oxopropyl)sulfanyl]acetate",375.977692,"C13H13ClN2O3S3","COC(=O)CSCCC(=O)Nc1nc(cs1)c2ccc(s2)Cl","InChI=1S/C13H13ClN2O3S3/c1-19-12(18)7-20-5-4-11(17)16-13-15-8(6-21-13)9-2-3-10(14)22-9/h2-3,6H,4-5,7H2,1H3,(H,15,16,17)","KOQVFNPPNOOKSA-UHFFFAOYSA-N"
31918724,"3-[(2-Bromo-2-propen-1-yl)sulfanyl]-5-[4-(difluoromethoxy)phenyl]-4H-1,2,4-triazol-4-amine",375.980499,"C12H11BrF2N4OS","C=C(CSc1nnc(n1N)c2ccc(cc2)OC(F)F)Br","InChI=1S/C12H11BrF2N4OS/c1-7(13)6-21-12-18-17-10(19(12)16)8-2-4-9(5-3-8)20-11(14)15/h2-5,11H,1,6,16H2","KTYILWRZCQMHMN-UHFFFAOYSA-N"
32761974,"3,5-Diphenylthiopyrylium iodide",375.978241,"C17H13IS","c1ccc(cc1)c2cc(c[s+]c2)c3ccccc3.[I-]","InChI=1S/C17H13S.HI/c1-3-7-14(8-4-1)16-11-17(13-18-12-16)15-9-5-2-6-10-15;/h1-13H;1H/q+1;/p-1","KXJKHQIYQGVHIG-UHFFFAOYSA-M"
33045290,"1,3-Propanediyl bis(2,2-dichloro-1-methylcyclopropanecarboxylate)",375.980255,"C13H16Cl4O4","CC1(CC1(Cl)Cl)C(=O)OCCCOC(=O)C2(CC2(Cl)Cl)C","InChI=1S/C13H16Cl4O4/c1-10(6-12(10,14)15)8(18)20-4-3-5-21-9(19)11(2)7-13(11,16)17/h3-7H2,1-2H3","SORAUCYEMZMEKF-UHFFFAOYSA-N"
33243452,"N-(2,4-Dibromophenyl)-4-(isopropylamino)butanamide",375.978577,"C13H18Br2N2O","CC(C)NCCCC(=O)Nc1ccc(cc1Br)Br","InChI=1S/C13H18Br2N2O/c1-9(2)16-7-3-4-13(18)17-12-6-5-10(14)8-11(12)15/h5-6,8-9,16H,3-4,7H2,1-2H3,(H,17,18)","WYBWMOAPMZISSQ-UHFFFAOYSA-N"
33243497,"N-(2,4-Dibromophenyl)-N~3~-(2-methyl-2-propanyl)-beta-alaninamide",375.978577,"C13H18Br2N2O","CC(C)(C)NCCC(=O)Nc1ccc(cc1Br)Br","InChI=1S/C13H18Br2N2O/c1-13(2,3)16-7-6-12(18)17-11-5-4-9(14)8-10(11)15/h4-5,8,16H,6-7H2,1-3H3,(H,17,18)","BZRASXHAHQDHMJ-UHFFFAOYSA-N"
33931334,"N-(3,5-Dibromo-2-methoxybenzyl)-1-methyl-3-pyrrolidinamine",375.978577,"C13H18Br2N2O","CN1CCC(C1)NCc2cc(cc(c2OC)Br)Br","InChI=1S/C13H18Br2N2O/c1-17-4-3-11(8-17)16-7-9-5-10(14)6-12(15)13(9)18-2/h5-6,11,16H,3-4,7-8H2,1-2H3","DDAJVWWEFARTHA-UHFFFAOYSA-N"
33931535,"N-(3,5-Dibromo-4-methoxybenzyl)-1-methyl-3-pyrrolidinamine",375.978577,"C13H18Br2N2O","CN1CCC(C1)NCc2cc(c(c(c2)Br)OC)Br","InChI=1S/C13H18Br2N2O/c1-17-4-3-10(8-17)16-7-9-5-11(14)13(18-2)12(15)6-9/h5-6,10,16H,3-4,7-8H2,1-2H3","YPCKRKAMMOQFHC-UHFFFAOYSA-N"
33934375,"N-sec-Butyl-N~2~-(2,4-dibromophenyl)alaninamide",375.978577,"C13H18Br2N2O","CCC(C)NC(=O)C(C)Nc1ccc(cc1Br)Br","InChI=1S/C13H18Br2N2O/c1-4-8(2)16-13(18)9(3)17-12-6-5-10(14)7-11(12)15/h5-9,17H,4H2,1-3H3,(H,16,18)","DYPBDCLXUMTCOE-UHFFFAOYSA-N"
33934376,"N-Butyl-N~2~-(2,4-dibromophenyl)alaninamide",375.978577,"C13H18Br2N2O","CCCCNC(=O)C(C)Nc1ccc(cc1Br)Br","InChI=1S/C13H18Br2N2O/c1-3-4-7-16-13(18)9(2)17-12-6-5-10(14)8-11(12)15/h5-6,8-9,17H,3-4,7H2,1-2H3,(H,16,18)","UCVXHBISLQQGII-UHFFFAOYSA-N"
33934423,"N~2~-(2,4-Dibromophenyl)-N,N-diethylalaninamide",375.978577,"C13H18Br2N2O","CCN(CC)C(=O)C(C)Nc1ccc(cc1Br)Br","InChI=1S/C13H18Br2N2O/c1-4-17(5-2)13(18)9(3)16-12-7-6-10(14)8-11(12)15/h6-9,16H,4-5H2,1-3H3","TYDZJQVJAVCYDT-UHFFFAOYSA-N"
33935050,"1-[(2,4-Dibromophenyl)amino]-3-(1-pyrrolidinyl)-2-propanol",375.978577,"C13H18Br2N2O","c1cc(c(cc1Br)Br)NCC(CN2CCCC2)O","InChI=1S/C13H18Br2N2O/c14-10-3-4-13(12(15)7-10)16-8-11(18)9-17-5-1-2-6-17/h3-4,7,11,16,18H,1-2,5-6,8-9H2","FTJGTXUJAYYJSJ-UHFFFAOYSA-N"
33936851,"N-sec-Butyl-N~2~-(2,5-dibromophenyl)alaninamide",375.978577,"C13H18Br2N2O","CCC(C)NC(=O)C(C)Nc1cc(ccc1Br)Br","InChI=1S/C13H18Br2N2O/c1-4-8(2)16-13(18)9(3)17-12-7-10(14)5-6-11(12)15/h5-9,17H,4H2,1-3H3,(H,16,18)","GLIYEENAAFZSBU-UHFFFAOYSA-N"
33936852,"N-Butyl-N~2~-(2,5-dibromophenyl)alaninamide",375.978577,"C13H18Br2N2O","CCCCNC(=O)C(C)Nc1cc(ccc1Br)Br","InChI=1S/C13H18Br2N2O/c1-3-4-7-16-13(18)9(2)17-12-8-10(14)5-6-11(12)15/h5-6,8-9,17H,3-4,7H2,1-2H3,(H,16,18)","SXWZTFWXGXQNKP-UHFFFAOYSA-N"
33936905,"N~2~-(2,5-Dibromophenyl)-N,N-diethylalaninamide",375.978577,"C13H18Br2N2O","CCN(CC)C(=O)C(C)Nc1cc(ccc1Br)Br","InChI=1S/C13H18Br2N2O/c1-4-17(5-2)13(18)9(3)16-12-8-10(14)6-7-11(12)15/h6-9,16H,4-5H2,1-3H3","JEWFGQMVXRTBIT-UHFFFAOYSA-N"
33937157,"N~2~-(2,5-Dibromophenyl)-N-(2-methyl-2-propanyl)alaninamide",375.978577,"C13H18Br2N2O","CC(C(=O)NC(C)(C)C)Nc1cc(ccc1Br)Br","InChI=1S/C13H18Br2N2O/c1-8(12(18)17-13(2,3)4)16-11-7-9(14)5-6-10(11)15/h5-8,16H,1-4H3,(H,17,18)","RHJRNBOIGOTGMV-UHFFFAOYSA-N"
33937205,"N~2~-(2,5-Dibromophenyl)-N-isobutylalaninamide",375.978577,"C13H18Br2N2O","CC(C)CNC(=O)C(C)Nc1cc(ccc1Br)Br","InChI=1S/C13H18Br2N2O/c1-8(2)7-16-13(18)9(3)17-12-6-10(14)4-5-11(12)15/h4-6,8-9,17H,7H2,1-3H3,(H,16,18)","FYMXCGOIJDPMSP-UHFFFAOYSA-N"
33937505,"1-[(2,5-Dibromophenyl)amino]-3-(1-pyrrolidinyl)-2-propanol",375.978577,"C13H18Br2N2O","c1cc(c(cc1Br)NCC(CN2CCCC2)O)Br","InChI=1S/C13H18Br2N2O/c14-10-3-4-12(15)13(7-10)16-8-11(18)9-17-5-1-2-6-17/h3-4,7,11,16,18H,1-2,5-6,8-9H2","VUHCWMTVKWSGOG-UHFFFAOYSA-N"
33938207,"N-Butyl-N~2~-(2,6-dibromo-4-methylphenyl)glycinamide",375.978577,"C13H18Br2N2O","CCCCNC(=O)CNc1c(cc(cc1Br)C)Br","InChI=1S/C13H18Br2N2O/c1-3-4-5-16-12(18)8-17-13-10(14)6-9(2)7-11(13)15/h6-7,17H,3-5,8H2,1-2H3,(H,16,18)","JXLQOQMFCPCAIV-UHFFFAOYSA-N"
33942646,"3,5-Dibromo-4-[3-(1-pyrrolidinyl)propoxy]aniline",375.978577,"C13H18Br2N2O","c1c(cc(c(c1Br)OCCCN2CCCC2)Br)N","InChI=1S/C13H18Br2N2O/c14-11-8-10(16)9-12(15)13(11)18-7-3-6-17-4-1-2-5-17/h8-9H,1-7,16H2","OGIUTQLURXTIQD-UHFFFAOYSA-N"
34104806,"5-Amino-5-(2,5-dibromophenyl)-3,3-dimethylpentanamide",375.978577,"C13H18Br2N2O","CC(C)(CC(c1cc(ccc1Br)Br)N)CC(=O)N","InChI=1S/C13H18Br2N2O/c1-13(2,7-12(17)18)6-11(16)9-5-8(14)3-4-10(9)15/h3-5,11H,6-7,16H2,1-2H3,(H2,17,18)","BMTUVTYXEXNQDS-UHFFFAOYSA-N"
34149945,"N-[(4,5-Dibromo-2-furyl)methyl]octahydro-1-indolizinamine",375.978577,"C13H18Br2N2O","c1c(oc(c1Br)Br)CNC2CCN3C2CCCC3","InChI=1S/C13H18Br2N2O/c14-10-7-9(18-13(10)15)8-16-11-4-6-17-5-2-1-3-12(11)17/h7,11-12,16H,1-6,8H2","WSAXEDISEUVODA-UHFFFAOYSA-N"
34150229,"1-Cyclopropyl-N-[(4,5-dibromo-2-furyl)methyl]-4-piperidinamine",375.978577,"C13H18Br2N2O","c1c(oc(c1Br)Br)CNC2CCN(CC2)C3CC3","InChI=1S/C13H18Br2N2O/c14-12-7-11(18-13(12)15)8-16-9-3-5-17(6-4-9)10-1-2-10/h7,9-10,16H,1-6,8H2","UKUPVHPIVGDNST-UHFFFAOYSA-N"
34150324,"1-(1-Cyclopropyl-3-pyrrolidinyl)-N-[(4,5-dibromo-2-furyl)methyl]methanamine",375.978577,"C13H18Br2N2O","c1c(oc(c1Br)Br)CNCC2CCN(C2)C3CC3","InChI=1S/C13H18Br2N2O/c14-12-5-11(18-13(12)15)7-16-6-9-3-4-17(8-9)10-1-2-10/h5,9-10,16H,1-4,6-8H2","XSIYEQMOMBFIBJ-UHFFFAOYSA-N"
34430140,"N~2~-(2,4-Dibromophenyl)-N-(3-methyl-2-butanyl)glycinamide",375.978577,"C13H18Br2N2O","CC(C)C(C)NC(=O)CNc1ccc(cc1Br)Br","InChI=1S/C13H18Br2N2O/c1-8(2)9(3)17-13(18)7-16-12-5-4-10(14)6-11(12)15/h4-6,8-9,16H,7H2,1-3H3,(H,17,18)","PIELFTYNZYEPHC-UHFFFAOYSA-N"
34583581,"Methyl 5-[(2-chloropropanoyl)amino]-3-(2,6-dichlorophenyl)-1,2-oxazole-4-carboxylate",375.978455,"C14H11Cl3N2O4","CC(C(=O)Nc1c(c(no1)c2c(cccc2Cl)Cl)C(=O)OC)Cl","InChI=1S/C14H11Cl3N2O4/c1-6(15)12(20)18-13-10(14(21)22-2)11(19-23-13)9-7(16)4-3-5-8(9)17/h3-6H,1-2H3,(H,18,20)","PIWIPQJPQFVHIT-UHFFFAOYSA-N"
34725198,"Methyl 5-[(3-chloropropanoyl)amino]-3-(2,6-dichlorophenyl)-1,2-oxazole-4-carboxylate",375.978455,"C14H11Cl3N2O4","COC(=O)c1c(noc1NC(=O)CCCl)c2c(cccc2Cl)Cl","InChI=1S/C14H11Cl3N2O4/c1-22-14(21)11-12(10-7(16)3-2-4-8(10)17)19-23-13(11)18-9(20)5-6-15/h2-4H,5-6H2,1H3,(H,18,20)","KKHWASPOAZVZPE-UHFFFAOYSA-N"
35403869,"2-(5-Bromo-2,4-dimethoxybenzylidene)-1-benzothiophen-3(2H)-one",375.976868,"C17H13BrO3S","COc1cc(c(cc1C=C2C(=O)c3ccccc3S2)Br)OC","InChI=1S/C17H13BrO3S/c1-20-13-9-14(21-2)12(18)7-10(13)8-16-17(19)11-5-3-4-6-15(11)22-16/h3-9H,1-2H3","CCURBIHXUNHALO-UHFFFAOYSA-N"
35422536,"3-(3-Bromo-4-hydroxy-5-methoxybenzylidene)-2,3-dihydro-4H-thiochromen-4-one",375.976868,"C17H13BrO3S","COc1cc(cc(c1O)Br)C=C2CSc3ccccc3C2=O","InChI=1S/C17H13BrO3S/c1-21-14-8-10(7-13(18)17(14)20)6-11-9-22-15-5-3-2-4-12(15)16(11)19/h2-8,20H,9H2,1H3","RLOJIHJAUSJTGR-UHFFFAOYSA-N"
35676882,"2-(Aminomethyl)-N-(2,5-dibromophenyl)-4-methylpentanamide",375.978577,"C13H18Br2N2O","CC(C)CC(CN)C(=O)Nc1cc(ccc1Br)Br","InChI=1S/C13H18Br2N2O/c1-8(2)5-9(7-16)13(18)17-12-6-10(14)3-4-11(12)15/h3-4,6,8-9H,5,7,16H2,1-2H3,(H,17,18)","WUKPJDCDIHNOPQ-UHFFFAOYSA-N"
35687098,"{3,5-Difluoro-4-[(4-iodobenzyl)oxy]phenyl}methanol",375.977173,"C14H11F2IO2","c1cc(ccc1COc2c(cc(cc2F)CO)F)I","InChI=1S/C14H11F2IO2/c15-12-5-10(7-18)6-13(16)14(12)19-8-9-1-3-11(17)4-2-9/h1-6,18H,7-8H2","IVQMCSYNDVMWJI-UHFFFAOYSA-N"
35775144,"Dimethyl [2,2,2-trichloro-1-(1-phenoxyethoxy)ethyl]phosphonate",375.980103,"C12H16Cl3O5P","CC(Oc1ccccc1)OC(C(Cl)(Cl)Cl)P(=O)(OC)OC","InChI=1S/C12H16Cl3O5P/c1-9(19-10-7-5-4-6-8-10)20-11(12(13,14)15)21(16,17-2)18-3/h4-9,11H,1-3H3","XNENXINJODEYBI-UHFFFAOYSA-N"
35775975,"Bis(2-chloroethyl) 2-(2-chlorophenoxy)ethyl phosphate",375.980103,"C12H16Cl3O5P","c1ccc(c(c1)OCCOP(=O)(OCCCl)OCCCl)Cl","InChI=1S/C12H16Cl3O5P/c13-5-7-18-21(16,19-8-6-14)20-10-9-17-12-4-2-1-3-11(12)15/h1-4H,5-10H2","KHXRBSDHPNMRED-UHFFFAOYSA-N"
36023351,"N-(2-Bromo-4,6-difluorophenyl)-5-(propylamino)-1,3,4-thiadiazole-2-carboxamide",375.980499,"C12H11BrF2N4OS","CCCNc1nnc(s1)C(=O)Nc2c(cc(cc2Br)F)F","InChI=1S/C12H11BrF2N4OS/c1-2-3-16-12-19-18-11(21-12)10(20)17-9-7(13)4-6(14)5-8(9)15/h4-5H,2-3H2,1H3,(H,16,19)(H,17,20)","ZWBXGOXJBISRGI-UHFFFAOYSA-N"
36025440,"N-(4-Bromo-2,6-difluorophenyl)-5-(propylamino)-1,3,4-thiadiazole-2-carboxamide",375.980499,"C12H11BrF2N4OS","CCCNc1nnc(s1)C(=O)Nc2c(cc(cc2F)Br)F","InChI=1S/C12H11BrF2N4OS/c1-2-3-16-12-19-18-11(21-12)10(20)17-9-7(14)4-6(13)5-8(9)15/h4-5H,2-3H2,1H3,(H,16,19)(H,17,20)","KCYVHBZSJGWTDO-UHFFFAOYSA-N"
36167572,"2-Amino-N-(2,6-dibromo-4-methylphenyl)-2-ethylbutanamide",375.978577,"C13H18Br2N2O","CCC(CC)(C(=O)Nc1c(cc(cc1Br)C)Br)N","InChI=1S/C13H18Br2N2O/c1-4-13(16,5-2)12(18)17-11-9(14)6-8(3)7-10(11)15/h6-7H,4-5,16H2,1-3H3,(H,17,18)","BNQXSTMKBMRCMT-UHFFFAOYSA-N"
36306835,"5-Bromo-N-(2-bromoethyl)-N-(3-pentanyl)-2-pyridinecarboxamide",375.978577,"C13H18Br2N2O","CCC(CC)N(CCBr)C(=O)c1ccc(cn1)Br","InChI=1S/C13H18Br2N2O/c1-3-11(4-2)17(8-7-14)13(18)12-6-5-10(15)9-16-12/h5-6,9,11H,3-4,7-8H2,1-2H3","GFKZTMASRUBMHE-UHFFFAOYSA-N"
36307201,"5-Bromo-N-(2-bromoethyl)-N-(3-pentanyl)nicotinamide",375.978577,"C13H18Br2N2O","CCC(CC)N(CCBr)C(=O)c1cc(cnc1)Br","InChI=1S/C13H18Br2N2O/c1-3-12(4-2)17(6-5-14)13(18)10-7-11(15)9-16-8-10/h7-9,12H,3-6H2,1-2H3","XFCVZIYJMZHAHD-UHFFFAOYSA-N"
36568348,"3-(Aminomethyl)-N-(2,6-dibromo-4-methylphenyl)pentanamide",375.978577,"C13H18Br2N2O","CCC(CC(=O)Nc1c(cc(cc1Br)C)Br)CN","InChI=1S/C13H18Br2N2O/c1-3-9(7-16)6-12(18)17-13-10(14)4-8(2)5-11(13)15/h4-5,9H,3,6-7,16H2,1-2H3,(H,17,18)","DOEGILDVYJICTD-UHFFFAOYSA-N"
37119643,"4-Amino-4-(2,5-dibromo-4-methylphenyl)-2,2-dimethylbutanamide",375.978577,"C13H18Br2N2O","Cc1cc(c(cc1Br)C(CC(C)(C)C(=O)N)N)Br","InChI=1S/C13H18Br2N2O/c1-7-4-10(15)8(5-9(7)14)11(16)6-13(2,3)12(17)18/h4-5,11H,6,16H2,1-3H3,(H2,17,18)","JKQSWGNXIQSIET-UHFFFAOYSA-N"
37119646,"5-Amino-5-(2,5-dibromo-4-methylphenyl)-3-methylpentanamide",375.978577,"C13H18Br2N2O","Cc1cc(c(cc1Br)C(CC(C)CC(=O)N)N)Br","InChI=1S/C13H18Br2N2O/c1-7(4-13(17)18)3-12(16)9-6-10(14)8(2)5-11(9)15/h5-7,12H,3-4,16H2,1-2H3,(H2,17,18)","CZOJXCJQWQKMTK-UHFFFAOYSA-N"
37226311,"3-Bromo-5-chloro-2-(difluoromethoxy)-N-[(4-methyl-3-pyridinyl)methyl]aniline",375.978943,"C14H12BrClF2N2O","Cc1ccncc1CNc2cc(cc(c2OC(F)F)Br)Cl","InChI=1S/C14H12BrClF2N2O/c1-8-2-3-19-6-9(8)7-20-12-5-10(16)4-11(15)13(12)21-14(17)18/h2-6,14,20H,7H2,1H3","NTRMIFGVZKUUET-UHFFFAOYSA-N"
37260950,"3-Bromo-5-chloro-2-(difluoromethoxy)-N-[(5-methyl-2-pyridinyl)methyl]aniline",375.978943,"C14H12BrClF2N2O","Cc1ccc(nc1)CNc2cc(cc(c2OC(F)F)Br)Cl","InChI=1S/C14H12BrClF2N2O/c1-8-2-3-10(19-6-8)7-20-12-5-9(16)4-11(15)13(12)21-14(17)18/h2-6,14,20H,7H2,1H3","NVSXJEGNBJBFMD-UHFFFAOYSA-N"
37913178,"N~2~-(2,4-Dibromophenyl)-N-(2-methyl-2-propanyl)alaninamide",375.978577,"C13H18Br2N2O","CC(C(=O)NC(C)(C)C)Nc1ccc(cc1Br)Br","InChI=1S/C13H18Br2N2O/c1-8(12(18)17-13(2,3)4)16-11-6-5-9(14)7-10(11)15/h5-8,16H,1-4H3,(H,17,18)","IDOOAYPMQGXLDS-UHFFFAOYSA-N"
37913180,"N~2~-(2,4-Dibromophenyl)-N-isobutylalaninamide",375.978577,"C13H18Br2N2O","CC(C)CNC(=O)C(C)Nc1ccc(cc1Br)Br","InChI=1S/C13H18Br2N2O/c1-8(2)7-16-13(18)9(3)17-12-5-4-10(14)6-11(12)15/h4-6,8-9,17H,7H2,1-3H3,(H,16,18)","PXVTXHFBGVCGCI-UHFFFAOYSA-N"
37924614,"N~2~-(2,4-Dibromophenyl)-N-(3-methylbutyl)glycinamide",375.978577,"C13H18Br2N2O","CC(C)CCNC(=O)CNc1ccc(cc1Br)Br","InChI=1S/C13H18Br2N2O/c1-9(2)5-6-16-13(18)8-17-12-4-3-10(14)7-11(12)15/h3-4,7,9,17H,5-6,8H2,1-2H3,(H,16,18)","APMBFNRYWNOIOO-UHFFFAOYSA-N"
37924619,"N~2~-(2,4-Dibromophenyl)-N-3-pentanylglycinamide",375.978577,"C13H18Br2N2O","CCC(CC)NC(=O)CNc1ccc(cc1Br)Br","InChI=1S/C13H18Br2N2O/c1-3-10(4-2)17-13(18)8-16-12-6-5-9(14)7-11(12)15/h5-7,10,16H,3-4,8H2,1-2H3,(H,17,18)","BGEJDCDUSOFLAO-UHFFFAOYSA-N"
37924620,"N~2~-(2,4-Dibromophenyl)-N-2-pentanylglycinamide",375.978577,"C13H18Br2N2O","CCCC(C)NC(=O)CNc1ccc(cc1Br)Br","InChI=1S/C13H18Br2N2O/c1-3-4-9(2)17-13(18)8-16-12-6-5-10(14)7-11(12)15/h5-7,9,16H,3-4,8H2,1-2H3,(H,17,18)","CRBDXWKHRHVKTC-UHFFFAOYSA-N"
37924657,"N~2~-(2,4-Dibromophenyl)-N-(2-methyl-2-butanyl)glycinamide",375.978577,"C13H18Br2N2O","CCC(C)(C)NC(=O)CNc1ccc(cc1Br)Br","InChI=1S/C13H18Br2N2O/c1-4-13(2,3)17-12(18)8-16-11-6-5-9(14)7-10(11)15/h5-7,16H,4,8H2,1-3H3,(H,17,18)","CXHFWCLJYVSIJD-UHFFFAOYSA-N"
37964900,"N~2~-sec-Butyl-N-(2,6-dibromo-4-methylphenyl)glycinamide",375.978577,"C13H18Br2N2O","CCC(C)NCC(=O)Nc1c(cc(cc1Br)C)Br","InChI=1S/C13H18Br2N2O/c1-4-9(3)16-7-12(18)17-13-10(14)5-8(2)6-11(13)15/h5-6,9,16H,4,7H2,1-3H3,(H,17,18)","HQFOTJDRJWLFOM-UHFFFAOYSA-N"
38060287,"N~2~-(2,5-Dibromophenyl)-N-(2-methyl-2-butanyl)glycinamide",375.978577,"C13H18Br2N2O","CCC(C)(C)NC(=O)CNc1cc(ccc1Br)Br","InChI=1S/C13H18Br2N2O/c1-4-13(2,3)17-12(18)8-16-11-7-9(14)5-6-10(11)15/h5-7,16H,4,8H2,1-3H3,(H,17,18)","DETPDRGYOXMQOS-UHFFFAOYSA-N"
38060288,"N~2~-(2,5-Dibromophenyl)-N-(3-methyl-2-butanyl)glycinamide",375.978577,"C13H18Br2N2O","CC(C)C(C)NC(=O)CNc1cc(ccc1Br)Br","InChI=1S/C13H18Br2N2O/c1-8(2)9(3)17-13(18)7-16-12-6-10(14)4-5-11(12)15/h4-6,8-9,16H,7H2,1-3H3,(H,17,18)","BHJYPGOUUZRHJG-UHFFFAOYSA-N"
38060292,"N~2~-(2,5-Dibromophenyl)-N-2-pentanylglycinamide",375.978577,"C13H18Br2N2O","CCCC(C)NC(=O)CNc1cc(ccc1Br)Br","InChI=1S/C13H18Br2N2O/c1-3-4-9(2)17-13(18)8-16-12-7-10(14)5-6-11(12)15/h5-7,9,16H,3-4,8H2,1-2H3,(H,17,18)","OBRCFAXYCUQXCG-UHFFFAOYSA-N"
38060293,"N~2~-(2,5-Dibromophenyl)-N-3-pentanylglycinamide",375.978577,"C13H18Br2N2O","CCC(CC)NC(=O)CNc1cc(ccc1Br)Br","InChI=1S/C13H18Br2N2O/c1-3-10(4-2)17-13(18)8-16-12-7-9(14)5-6-11(12)15/h5-7,10,16H,3-4,8H2,1-2H3,(H,17,18)","OTHIHJMQNWTSQP-UHFFFAOYSA-N"
38297746,"N~2~-[1-(2,4-Dibromophenyl)ethyl]-N-propylglycinamide",375.978577,"C13H18Br2N2O","CCCNC(=O)CNC(C)c1ccc(cc1Br)Br","InChI=1S/C13H18Br2N2O/c1-3-6-16-13(18)8-17-9(2)11-5-4-10(14)7-12(11)15/h4-5,7,9,17H,3,6,8H2,1-2H3,(H,16,18)","XDPQLLIXEHSCOP-UHFFFAOYSA-N"
38298759,"N~2~-[1-(2,4-Dibromophenyl)ethyl]-N-isopropylglycinamide",375.978577,"C13H18Br2N2O","CC(C)NC(=O)CNC(C)c1ccc(cc1Br)Br","InChI=1S/C13H18Br2N2O/c1-8(2)17-13(18)7-16-9(3)11-5-4-10(14)6-12(11)15/h4-6,8-9,16H,7H2,1-3H3,(H,17,18)","XCOGHTIWTHMIAE-UHFFFAOYSA-N"
38298980,"N~2~-[1-(2,4-Dibromophenyl)ethyl]-N,N-dimethylalaninamide",375.978577,"C13H18Br2N2O","CC(c1ccc(cc1Br)Br)NC(C)C(=O)N(C)C","InChI=1S/C13H18Br2N2O/c1-8(16-9(2)13(18)17(3)4)11-6-5-10(14)7-12(11)15/h5-9,16H,1-4H3","RFIVGCXVQSLNSD-UHFFFAOYSA-N"
38299071,"N~2~-[1-(2,4-Dibromophenyl)ethyl]-N-ethylalaninamide",375.978577,"C13H18Br2N2O","CCNC(=O)C(C)NC(C)c1ccc(cc1Br)Br","InChI=1S/C13H18Br2N2O/c1-4-16-13(18)9(3)17-8(2)11-6-5-10(14)7-12(11)15/h5-9,17H,4H2,1-3H3,(H,16,18)","UBHLGBVTCIFYLR-UHFFFAOYSA-N"
38389250,"N-(2,6-Dibromo-4-methylphenyl)-N~3~-isopropyl-beta-alaninamide",375.978577,"C13H18Br2N2O","Cc1cc(c(c(c1)Br)NC(=O)CCNC(C)C)Br","InChI=1S/C13H18Br2N2O/c1-8(2)16-5-4-12(18)17-13-10(14)6-9(3)7-11(13)15/h6-8,16H,4-5H2,1-3H3,(H,17,18)","MHRJHIQLNFVGJQ-UHFFFAOYSA-N"
38390093,"N-(2,6-Dibromo-4-methylphenyl)norleucinamide",375.978577,"C13H18Br2N2O","CCCCC(C(=O)Nc1c(cc(cc1Br)C)Br)N","InChI=1S/C13H18Br2N2O/c1-3-4-5-11(16)13(18)17-12-9(14)6-8(2)7-10(12)15/h6-7,11H,3-5,16H2,1-2H3,(H,17,18)","YNOWESKXFCVIIA-UHFFFAOYSA-N"
38391111,"N-(2,6-Dibromo-4-methylphenyl)-2-methylnorvalinamide",375.978577,"C13H18Br2N2O","CCCC(C)(C(=O)Nc1c(cc(cc1Br)C)Br)N","InChI=1S/C13H18Br2N2O/c1-4-5-13(3,16)12(18)17-11-9(14)6-8(2)7-10(11)15/h6-7H,4-5,16H2,1-3H3,(H,17,18)","JQEMZJPOFULLHM-UHFFFAOYSA-N"
38394747,"N-(2,5-Dibromophenyl)-4-(isopropylamino)butanamide",375.978577,"C13H18Br2N2O","CC(C)NCCCC(=O)Nc1cc(ccc1Br)Br","InChI=1S/C13H18Br2N2O/c1-9(2)16-7-3-4-13(18)17-12-8-10(14)5-6-11(12)15/h5-6,8-9,16H,3-4,7H2,1-2H3,(H,17,18)","UKDJCXFKJCIXHA-UHFFFAOYSA-N"
38394748,"N-(2,5-Dibromophenyl)-N~3~-(2-methyl-2-propanyl)-beta-alaninamide",375.978577,"C13H18Br2N2O","CC(C)(C)NCCC(=O)Nc1cc(ccc1Br)Br","InChI=1S/C13H18Br2N2O/c1-13(2,3)16-7-6-12(18)17-11-8-9(14)4-5-10(11)15/h4-5,8,16H,6-7H2,1-3H3,(H,17,18)","HLCNYHWHCUXJRZ-UHFFFAOYSA-N"
38650457,"N~3~-[1-(2,4-Dibromophenyl)ethyl]-N,N-dimethyl-beta-alaninamide",375.978577,"C13H18Br2N2O","CC(c1ccc(cc1Br)Br)NCCC(=O)N(C)C","InChI=1S/C13H18Br2N2O/c1-9(16-7-6-13(18)17(2)3)11-5-4-10(14)8-12(11)15/h4-5,8-9,16H,6-7H2,1-3H3","SHISTSDHPRFHSI-UHFFFAOYSA-N"
38763602,"N~2~-(2,5-Dibromophenyl)-N-(3-methylbutyl)glycinamide",375.978577,"C13H18Br2N2O","CC(C)CCNC(=O)CNc1cc(ccc1Br)Br","InChI=1S/C13H18Br2N2O/c1-9(2)5-6-16-13(18)8-17-12-7-10(14)3-4-11(12)15/h3-4,7,9,17H,5-6,8H2,1-2H3,(H,16,18)","GGCDSBPMLBDFGH-UHFFFAOYSA-N"
39155306,"4-[(2,6-Dibromo-4-methylphenyl)amino]-N,N-dimethylbutanamide",375.978577,"C13H18Br2N2O","Cc1cc(c(c(c1)Br)NCCCC(=O)N(C)C)Br","InChI=1S/C13H18Br2N2O/c1-9-7-10(14)13(11(15)8-9)16-6-4-5-12(18)17(2)3/h7-8,16H,4-6H2,1-3H3","NCUDTDNGCFWFBM-UHFFFAOYSA-N"
39590477,"N-[(4,5-Dibromo-2-furyl)methyl]-N-methyl-8-azabicyclo[3.2.1]octan-3-amine",375.978577,"C13H18Br2N2O","CN(Cc1cc(c(o1)Br)Br)C2CC3CCC(C2)N3","InChI=1S/C13H18Br2N2O/c1-17(7-11-6-12(14)13(15)18-11)10-4-8-2-3-9(5-10)16-8/h6,8-10,16H,2-5,7H2,1H3","CMUOGKUJEAHZDW-UHFFFAOYSA-N"
39754835,"1-[(4,5-Dibromo-2-furyl)methyl]-2,2'-bipyrrolidine",375.978577,"C13H18Br2N2O","c1c(oc(c1Br)Br)CN2CCCC2C3CCCN3","InChI=1S/C13H18Br2N2O/c14-10-7-9(18-13(10)15)8-17-6-2-4-12(17)11-3-1-5-16-11/h7,11-12,16H,1-6,8H2","WXYBITXTAHYGKF-UHFFFAOYSA-N"
39974439,"N~3~-(2,6-Dibromo-4-methylphenyl)-N-isopropyl-beta-alaninamide",375.978577,"C13H18Br2N2O","Cc1cc(c(c(c1)Br)NCCC(=O)NC(C)C)Br","InChI=1S/C13H18Br2N2O/c1-8(2)17-12(18)4-5-16-13-10(14)6-9(3)7-11(13)15/h6-8,16H,4-5H2,1-3H3,(H,17,18)","NQTNVJUBHRECFO-UHFFFAOYSA-N"
40358652,"N-(2,6-Dibromo-4-methylphenyl)-3-(ethylamino)-2-methylpropanamide",375.978577,"C13H18Br2N2O","CCNCC(C)C(=O)Nc1c(cc(cc1Br)C)Br","InChI=1S/C13H18Br2N2O/c1-4-16-7-9(3)13(18)17-12-10(14)5-8(2)6-11(12)15/h5-6,9,16H,4,7H2,1-3H3,(H,17,18)","FRPBBYMVKOCDRG-UHFFFAOYSA-N"
40360461,"N-(2,6-Dibromo-4-methylphenyl)-3-(ethylamino)butanamide",375.978577,"C13H18Br2N2O","CCNC(C)CC(=O)Nc1c(cc(cc1Br)C)Br","InChI=1S/C13H18Br2N2O/c1-4-16-9(3)7-12(18)17-13-10(14)5-8(2)6-11(13)15/h5-6,9,16H,4,7H2,1-3H3,(H,17,18)","AKQWVNCNZYJTBE-UHFFFAOYSA-N"
40363139,"N-(2,6-Dibromo-4-methylphenyl)-N~2~-ethyl-2-methylalaninamide",375.978577,"C13H18Br2N2O","CCNC(C)(C)C(=O)Nc1c(cc(cc1Br)C)Br","InChI=1S/C13H18Br2N2O/c1-5-16-13(3,4)12(18)17-11-9(14)6-8(2)7-10(11)15/h6-7,16H,5H2,1-4H3,(H,17,18)","DREHAPYUDSTKOK-UHFFFAOYSA-N"
40761479,"4-Bromo-N-(2-chloro-4,6-difluorophenyl)-1-isopropyl-1H-pyrrole-2-carboxamide",375.978943,"C14H12BrClF2N2O","CC(C)n1cc(cc1C(=O)Nc2c(cc(cc2Cl)F)F)Br","InChI=1S/C14H12BrClF2N2O/c1-7(2)20-6-8(15)3-12(20)14(21)19-13-10(16)4-9(17)5-11(13)18/h3-7H,1-2H3,(H,19,21)","FOZPOBLMXDJSBK-UHFFFAOYSA-N"
40840341,"4-Bromo-N-(2-chloro-4,6-difluorophenyl)-1-propyl-1H-pyrrole-2-carboxamide",375.978943,"C14H12BrClF2N2O","CCCn1cc(cc1C(=O)Nc2c(cc(cc2Cl)F)F)Br","InChI=1S/C14H12BrClF2N2O/c1-2-3-20-7-8(15)4-12(20)14(21)19-13-10(16)5-9(17)6-11(13)18/h4-7H,2-3H2,1H3,(H,19,21)","XXZPTWVWJBUXQS-UHFFFAOYSA-N"
41308294,"2-(Aminomethyl)-N-(2,6-dibromo-4-methylphenyl)-2-methylbutanamide",375.978577,"C13H18Br2N2O","CCC(C)(CN)C(=O)Nc1c(cc(cc1Br)C)Br","InChI=1S/C13H18Br2N2O/c1-4-13(3,7-16)12(18)17-11-9(14)5-8(2)6-10(11)15/h5-6H,4,7,16H2,1-3H3,(H,17,18)","VOSNALHPJUTMGF-UHFFFAOYSA-N"
41343561,"3-Amino-N-(2,6-dibromo-4-methylphenyl)-4-methylpentanamide",375.978577,"C13H18Br2N2O","Cc1cc(c(c(c1)Br)NC(=O)CC(C(C)C)N)Br","InChI=1S/C13H18Br2N2O/c1-7(2)11(16)6-12(18)17-13-9(14)4-8(3)5-10(13)15/h4-5,7,11H,6,16H2,1-3H3,(H,17,18)","NMIHPPZSWCQPGH-UHFFFAOYSA-N"
41352524,"3-Amino-N-(2,4-dibromophenyl)-4,4-dimethylpentanamide",375.978577,"C13H18Br2N2O","CC(C)(C)C(CC(=O)Nc1ccc(cc1Br)Br)N","InChI=1S/C13H18Br2N2O/c1-13(2,3)11(16)7-12(18)17-10-5-4-8(14)6-9(10)15/h4-6,11H,7,16H2,1-3H3,(H,17,18)","JRKBKVCJEARNOK-UHFFFAOYSA-N"
41352733,"3-Amino-N-(2,5-dibromophenyl)-4,4-dimethylpentanamide",375.978577,"C13H18Br2N2O","CC(C)(C)C(CC(=O)Nc1cc(ccc1Br)Br)N","InChI=1S/C13H18Br2N2O/c1-13(2,3)11(16)7-12(18)17-10-6-8(14)4-5-9(10)15/h4-6,11H,7,16H2,1-3H3,(H,17,18)","ZVWJRCQKKMKABJ-UHFFFAOYSA-N"
41606851,"3-Bromo-5-chloro-2-(difluoromethoxy)-N-[1-(2-pyridinyl)ethyl]aniline",375.978943,"C14H12BrClF2N2O","CC(c1ccccn1)Nc2cc(cc(c2OC(F)F)Br)Cl","InChI=1S/C14H12BrClF2N2O/c1-8(11-4-2-3-5-19-11)20-12-7-9(16)6-10(15)13(12)21-14(17)18/h2-8,14,20H,1H3","VMBAMMDCQZVUCN-UHFFFAOYSA-N"
41606870,"3-Bromo-5-chloro-2-(difluoromethoxy)-N-[1-(4-pyridinyl)ethyl]aniline",375.978943,"C14H12BrClF2N2O","CC(c1ccncc1)Nc2cc(cc(c2OC(F)F)Br)Cl","InChI=1S/C14H12BrClF2N2O/c1-8(9-2-4-19-5-3-9)20-12-7-10(16)6-11(15)13(12)21-14(17)18/h2-8,14,20H,1H3","DWIYVRCKNJNMNZ-UHFFFAOYSA-N"
41606871,"3-Bromo-5-chloro-2-(difluoromethoxy)-N-[1-(3-pyridinyl)ethyl]aniline",375.978943,"C14H12BrClF2N2O","CC(c1cccnc1)Nc2cc(cc(c2OC(F)F)Br)Cl","InChI=1S/C14H12BrClF2N2O/c1-8(9-3-2-4-19-7-9)20-12-6-10(16)5-11(15)13(12)21-14(17)18/h2-8,14,20H,1H3","LSBSUYNXVALLOB-UHFFFAOYSA-N"
41614537,"2-Bromo-N-[5-bromo-2-(dimethylamino)phenyl]-3-methylbutanamide",375.978577,"C13H18Br2N2O","CC(C)C(C(=O)Nc1cc(ccc1N(C)C)Br)Br","InChI=1S/C13H18Br2N2O/c1-8(2)12(15)13(18)16-10-7-9(14)5-6-11(10)17(3)4/h5-8,12H,1-4H3,(H,16,18)","AIWGHYUXHGJDIT-UHFFFAOYSA-N"
41617246,"7-Amino-N-(2,4-dibromophenyl)heptanamide",375.978577,"C13H18Br2N2O","c1cc(c(cc1Br)Br)NC(=O)CCCCCCN","InChI=1S/C13H18Br2N2O/c14-10-6-7-12(11(15)9-10)17-13(18)5-3-1-2-4-8-16/h6-7,9H,1-5,8,16H2,(H,17,18)","ZHJNCWWZMATKHQ-UHFFFAOYSA-N"
41825730,"N~2~-(3,4-Dibromobenzyl)-N-(2-methyl-2-propanyl)glycinamide",375.978577,"C13H18Br2N2O","CC(C)(C)NC(=O)CNCc1ccc(c(c1)Br)Br","InChI=1S/C13H18Br2N2O/c1-13(2,3)17-12(18)8-16-7-9-4-5-10(14)11(15)6-9/h4-6,16H,7-8H2,1-3H3,(H,17,18)","GFASYJMAQQADMN-UHFFFAOYSA-N"
41825748,"N~3~-(3,4-Dibromobenzyl)-N-isopropyl-beta-alaninamide",375.978577,"C13H18Br2N2O","CC(C)NC(=O)CCNCc1ccc(c(c1)Br)Br","InChI=1S/C13H18Br2N2O/c1-9(2)17-13(18)5-6-16-8-10-3-4-11(14)12(15)7-10/h3-4,7,9,16H,5-6,8H2,1-2H3,(H,17,18)","RBGKVGDAPSXURI-UHFFFAOYSA-N"
41825810,"N~3~-(3,4-Dibromobenzyl)-N-propyl-beta-alaninamide",375.978577,"C13H18Br2N2O","CCCNC(=O)CCNCc1ccc(c(c1)Br)Br","InChI=1S/C13H18Br2N2O/c1-2-6-17-13(18)5-7-16-9-10-3-4-11(14)12(15)8-10/h3-4,8,16H,2,5-7,9H2,1H3,(H,17,18)","ZPVGWODUPXYQIF-UHFFFAOYSA-N"
41825827,"N~2~-(3,4-Dibromobenzyl)-N,N-diethylglycinamide",375.978577,"C13H18Br2N2O","CCN(CC)C(=O)CNCc1ccc(c(c1)Br)Br","InChI=1S/C13H18Br2N2O/c1-3-17(4-2)13(18)9-16-8-10-5-6-11(14)12(15)7-10/h5-7,16H,3-4,8-9H2,1-2H3","VMVHXVZOLBCECW-UHFFFAOYSA-N"
41825895,"1-(3,4-Dibromophenyl)-N-[(4-methyl-2-morpholinyl)methyl]methanamine",375.978577,"C13H18Br2N2O","CN1CCOC(C1)CNCc2ccc(c(c2)Br)Br","InChI=1S/C13H18Br2N2O/c1-17-4-5-18-11(9-17)8-16-7-10-2-3-12(14)13(15)6-10/h2-3,6,11,16H,4-5,7-9H2,1H3","WXVVVEPMORWKEM-UHFFFAOYSA-N"
41825917,"N~2~-(3,4-Dibromobenzyl)-N-isobutylglycinamide",375.978577,"C13H18Br2N2O","CC(C)CNC(=O)CNCc1ccc(c(c1)Br)Br","InChI=1S/C13H18Br2N2O/c1-9(2)6-17-13(18)8-16-7-10-3-4-11(14)12(15)5-10/h3-5,9,16H,6-8H2,1-2H3,(H,17,18)","JRJCNCGGBBWUPK-UHFFFAOYSA-N"
42186526,"N~2~-(3,4-Dibromobenzyl)-N-isopropylalaninamide",375.978577,"C13H18Br2N2O","CC(C)NC(=O)C(C)NCc1ccc(c(c1)Br)Br","InChI=1S/C13H18Br2N2O/c1-8(2)17-13(18)9(3)16-7-10-4-5-11(14)12(15)6-10/h4-6,8-9,16H,7H2,1-3H3,(H,17,18)","BVTBXAMQCJJZFH-UHFFFAOYSA-N"
42995714,"2,5-Dibromo-N-[4-(dimethylamino)butyl]benzamide",375.978577,"C13H18Br2N2O","CN(C)CCCCNC(=O)c1cc(ccc1Br)Br","InChI=1S/C13H18Br2N2O/c1-17(2)8-4-3-7-16-13(18)11-9-10(14)5-6-12(11)15/h5-6,9H,3-4,7-8H2,1-2H3,(H,16,18)","SLHPJJNDOUXKGK-UHFFFAOYSA-N"
42995802,"2,5-Dibromo-N-{2-[isopropyl(methyl)amino]ethyl}benzamide",375.978577,"C13H18Br2N2O","CC(C)N(C)CCNC(=O)c1cc(ccc1Br)Br","InChI=1S/C13H18Br2N2O/c1-9(2)17(3)7-6-16-13(18)11-8-10(14)4-5-12(11)15/h4-5,8-9H,6-7H2,1-3H3,(H,16,18)","OYBNVHQNKRHCFW-UHFFFAOYSA-N"
42997962,"N-[3-(Aminomethyl)-3-pentanyl]-2,5-dibromobenzamide",375.978577,"C13H18Br2N2O","CCC(CC)(CN)NC(=O)c1cc(ccc1Br)Br","InChI=1S/C13H18Br2N2O/c1-3-13(4-2,8-16)17-12(18)10-7-9(14)5-6-11(10)15/h5-7H,3-4,8,16H2,1-2H3,(H,17,18)","ITTKFJZKNMPXRY-UHFFFAOYSA-N"
42998101,"N-(1-Amino-2-hexanyl)-2,5-dibromobenzamide",375.978577,"C13H18Br2N2O","CCCCC(CN)NC(=O)c1cc(ccc1Br)Br","InChI=1S/C13H18Br2N2O/c1-2-3-4-10(8-16)17-13(18)11-7-9(14)5-6-12(11)15/h5-7,10H,2-4,8,16H2,1H3,(H,17,18)","MGOOTRVQLYBLOK-UHFFFAOYSA-N"
42998121,"N-(2-Amino-2-ethylbutyl)-2,5-dibromobenzamide",375.978577,"C13H18Br2N2O","CCC(CC)(CNC(=O)c1cc(ccc1Br)Br)N","InChI=1S/C13H18Br2N2O/c1-3-13(16,4-2)8-17-12(18)10-7-9(14)5-6-11(10)15/h5-7H,3-4,8,16H2,1-2H3,(H,17,18)","ZJRIWQIFNAWTJW-UHFFFAOYSA-N"
42998132,"N-(1-Amino-2,3-dimethyl-2-butanyl)-2,5-dibromobenzamide",375.978577,"C13H18Br2N2O","CC(C)C(C)(CN)NC(=O)c1cc(ccc1Br)Br","InChI=1S/C13H18Br2N2O/c1-8(2)13(3,7-16)17-12(18)10-6-9(14)4-5-11(10)15/h4-6,8H,7,16H2,1-3H3,(H,17,18)","SUVKISGBFXMATL-UHFFFAOYSA-N"
1468359,"2-{[(6,8-Dichloro-2-oxo-2H-chromen-3-yl)carbonyl]amino}benzoate",375.978516,"C17H8Cl2NO5","c1ccc(c(c1)C(=O)[O-])NC(=O)c2cc3cc(cc(c3oc2=O)Cl)Cl","InChI=1S/C17H9Cl2NO5/c18-9-5-8-6-11(17(24)25-14(8)12(19)7-9)15(21)20-13-4-2-1-3-10(13)16(22)23/h1-7H,(H,20,21)(H,22,23)/p-1","TXOWMHJIZVOXKB-UHFFFAOYSA-M"
16969117,"3-[(2-Bromo-4-fluorobenzyl)sulfanyl]-1H-[1,2,4]triazolo[4,3-a]benzimidazole",375.97934,"C15H10BrFN4S","c1ccc2c(c1)[nH]c3n2c(nn3)SCc4ccc(cc4Br)F","InChI=1S/C15H10BrFN4S/c16-11-7-10(17)6-5-9(11)8-22-15-20-19-14-18-12-3-1-2-4-13(12)21(14)15/h1-7H,8H2,(H,18,19)","DHCNAJUFSPECJW-UHFFFAOYSA-N"
17111863,"Potassium 2-hydroxy-4-{[(3-nitrophenyl)sulfonyl]amino}benzoate",375.976746,"C13H9KN2O7S","c1cc(cc(c1)S(=O)(=O)Nc2ccc(c(c2)O)C(=O)[O-])[N+](=O)[O-].[K+]","InChI=1S/C13H10N2O7S.K/c16-12-6-8(4-5-11(12)13(17)18)14-23(21,22)10-3-1-2-9(7-10)15(19)20;/h1-7,14,16H,(H,17,18);/q;+1/p-1","KBZZMLAZCKBPFS-UHFFFAOYSA-M"
24432054,"{2-[(2-{[(5-Chloro-2-thienyl)methyl](methyl)amino}-2-oxoethyl)sulfanyl]-1,3-thiazol-4-yl}acetic acid",375.977692,"C13H13ClN2O3S3","CN(Cc1ccc(s1)Cl)C(=O)CSc2nc(cs2)CC(=O)O","InChI=1S/C13H13ClN2O3S3/c1-16(5-9-2-3-10(14)22-9)11(17)7-21-13-15-8(6-20-13)4-12(18)19/h2-3,6H,4-5,7H2,1H3,(H,18,19)","MAHUYVFFFDOPAX-UHFFFAOYSA-N"
26484242,"2-(1-Azepanyl)-1-(2-bromo-4-pyridinyl)ethanone hydrobromide (1:1)",375.978577,"C13H18Br2N2O","c1cnc(cc1C(=O)CN2CCCCCC2)Br.Br","InChI=1S/C13H17BrN2O.BrH/c14-13-9-11(5-6-15-13)12(17)10-16-7-3-1-2-4-8-16;/h5-6,9H,1-4,7-8,10H2;1H","MQXYRWGJYFWGET-UHFFFAOYSA-N"
26487668,"2,4-Dibromo-6-[3-(1-piperazinyl)propyl]phenol",375.978577,"C13H18Br2N2O","c1c(cc(c(c1CCCN2CCNCC2)O)Br)Br","InChI=1S/C13H18Br2N2O/c14-11-8-10(13(18)12(15)9-11)2-1-5-17-6-3-16-4-7-17/h8-9,16,18H,1-7H2","FSEVUCBOWSYHTO-UHFFFAOYSA-N"
33661352,"4-(1,3-Dithiolan-2-yl)phenyl 5-chloro-1-methyl-1H-imidazole-4-sulfonate",375.977692,"C13H13ClN2O3S3","Cn1cnc(c1Cl)S(=O)(=O)Oc2ccc(cc2)C3SCCS3","InChI=1S/C13H13ClN2O3S3/c1-16-8-15-12(11(16)14)22(17,18)19-10-4-2-9(3-5-10)13-20-6-7-21-13/h2-5,8,13H,6-7H2,1H3","PDSACGJSFTUHAP-UHFFFAOYSA-N"
33775047,"7-Bromo-4-{[(3-methoxyphenyl)sulfanyl]methyl}-2H-chromen-2-one",375.976868,"C17H13BrO3S","COc1cccc(c1)SCc2cc(=O)oc3c2ccc(c3)Br","InChI=1S/C17H13BrO3S/c1-20-13-3-2-4-14(9-13)22-10-11-7-17(19)21-16-8-12(18)5-6-15(11)16/h2-9H,10H2,1H3","KFHAHNSKXFLDLF-UHFFFAOYSA-N"
41627187,"7-Amino-N-(2,5-dibromophenyl)heptanamide",375.978577,"C13H18Br2N2O","c1cc(c(cc1Br)NC(=O)CCCCCCN)Br","InChI=1S/C13H18Br2N2O/c14-10-6-7-11(15)12(9-10)17-13(18)5-3-1-2-4-8-16/h6-7,9H,1-5,8,16H2,(H,17,18)","PBNFZRPUTNQUNT-UHFFFAOYSA-N"
41984073,"2-(Aminomethyl)-N-(2,4-dibromophenyl)-2-ethylbutanamide",375.978577,"C13H18Br2N2O","CCC(CC)(CN)C(=O)Nc1ccc(cc1Br)Br","InChI=1S/C13H18Br2N2O/c1-3-13(4-2,8-16)12(18)17-11-6-5-9(14)7-10(11)15/h5-7H,3-4,8,16H2,1-2H3,(H,17,18)","ZVGDSMHDQQIVLJ-UHFFFAOYSA-N"
41984272,"2-(Aminomethyl)-N-(2,5-dibromophenyl)-2-ethylbutanamide",375.978577,"C13H18Br2N2O","CCC(CC)(CN)C(=O)Nc1cc(ccc1Br)Br","InChI=1S/C13H18Br2N2O/c1-3-13(4-2,8-16)12(18)17-11-7-9(14)5-6-10(11)15/h5-7H,3-4,8,16H2,1-2H3,(H,17,18)","UMZFHOWYLHJHQB-UHFFFAOYSA-N"
42390363,"2,4-Dibromo-N-[1-(3-morpholinyl)-2-propanyl]aniline",375.978577,"C13H18Br2N2O","CC(CC1COCCN1)Nc2ccc(cc2Br)Br","InChI=1S/C13H18Br2N2O/c1-9(6-11-8-18-5-4-16-11)17-13-3-2-10(14)7-12(13)15/h2-3,7,9,11,16-17H,4-6,8H2,1H3","HQDHACCTXVXXCI-UHFFFAOYSA-N"
42722503,"6-[(2-Bromo-4,6-difluorophenoxy)methyl]-5-chloro-N-ethyl-2-pyridinamine",375.978943,"C14H12BrClF2N2O","CCNc1ccc(c(n1)COc2c(cc(cc2Br)F)F)Cl","InChI=1S/C14H12BrClF2N2O/c1-2-19-13-4-3-10(16)12(20-13)7-21-14-9(15)5-8(17)6-11(14)18/h3-6H,2,7H2,1H3,(H,19,20)","OFWIHLGJBZJYFZ-UHFFFAOYSA-N"
42993513,"2,5-Dibromo-N-[2-(diethylamino)ethyl]benzamide",375.978577,"C13H18Br2N2O","CCN(CC)CCNC(=O)c1cc(ccc1Br)Br","InChI=1S/C13H18Br2N2O/c1-3-17(4-2)8-7-16-13(18)11-9-10(14)5-6-12(11)15/h5-6,9H,3-4,7-8H2,1-2H3,(H,16,18)","CIXQHXBQXDFYTP-UHFFFAOYSA-N"
42995933,"2,5-Dibromo-N-[3-(dimethylamino)propyl]-N-methylbenzamide",375.978577,"C13H18Br2N2O","CN(C)CCCN(C)C(=O)c1cc(ccc1Br)Br","InChI=1S/C13H18Br2N2O/c1-16(2)7-4-8-17(3)13(18)11-9-10(14)5-6-12(11)15/h5-6,9H,4,7-8H2,1-3H3","DZPPUOOAZJPVCZ-UHFFFAOYSA-N"
