"Identifier","CompoundName","MonoisotopicMass","MolecularFormula","SMILES","InChI","InChIKey"
3487,"2-[2-(3,4-Dihydroxyphenyl)vinyl]-6-hydroxy-4H-pyran-4-one",246.052826,"C13H10O5","c1cc(c(cc1C=Cc2cc(=O)cc(o2)O)O)O","InChI=1S/C13H10O5/c14-9-6-10(18-13(17)7-9)3-1-8-2-4-11(15)12(16)5-8/h1-7,15-17H","QISBNGLMCHHHFG-UHFFFAOYSA-N"
4659,"5,6-Dimethoxy-2H-furo[2,3-h]chromen-2-one",246.052826,"C13H10O5","COc1c2ccc(=O)oc2c3ccoc3c1OC","InChI=1S/C13H10O5/c1-15-11-7-3-4-9(14)18-10(7)8-5-6-17-12(8)13(11)16-2/h3-6H,1-2H3","BQPRWZCEKZLBHL-UHFFFAOYSA-N"
8253,"Bis(2,4-dihydroxyphenyl)methanone",246.052826,"C13H10O5","c1cc(c(cc1O)O)C(=O)c2ccc(cc2O)O","InChI=1S/C13H10O5/c14-7-1-3-9(11(16)5-7)13(18)10-4-2-8(15)6-12(10)17/h1-6,14-17H","WXNRYSGJLQFHBR-UHFFFAOYSA-N"
8662,"Dibenzyl disulfide",246.053696,"C14H14S2","c1ccc(cc1)CSSCc2ccccc2","InChI=1S/C14H14S2/c1-3-7-13(8-4-1)11-15-16-12-14-9-5-2-6-10-14/h1-10H,11-12H2","GVPWHKZIJBODOX-UHFFFAOYSA-N"
9761,"4-Hydroxy-9-methoxy-7-methyl-5H-furo[3,2-g]chromen-5-one",246.052826,"C13H10O5","Cc1cc(=O)c2c(c3ccoc3c(c2o1)OC)O","InChI=1S/C13H10O5/c1-6-5-8(14)9-10(15)7-3-4-17-11(7)13(16-2)12(9)18-6/h3-5,15H,1-2H3","GEYVZPGXYUDRSN-UHFFFAOYSA-N"
21499,"Methyl 3-acetyl-2-oxo-2H-chromene-6-carboxylate",246.052826,"C13H10O5","CC(=O)c1cc2cc(ccc2oc1=O)C(=O)OC","InChI=1S/C13H10O5/c1-7(14)10-6-9-5-8(12(15)17-2)3-4-11(9)18-13(10)16/h3-6H,1-2H3","GFZSZJXILLUFFN-UHFFFAOYSA-N"
59418,"para-Tolyl disulfide",246.053696,"C14H14S2","Cc1ccc(cc1)SSc2ccc(cc2)C","InChI=1S/C14H14S2/c1-11-3-7-13(8-4-11)15-16-14-9-5-12(2)6-10-14/h3-10H,1-2H3","TZOVOULUMXXLOJ-UHFFFAOYSA-N"
61391,"Isopimpinellin",246.052826,"C13H10O5","COc1c2ccc(=O)oc2c(c3c1cco3)OC","InChI=1S/C13H10O5/c1-15-10-7-3-4-9(14)18-12(7)13(16-2)11-8(10)5-6-17-11/h3-6H,1-2H3","DFMAXQKDIGCMTL-UHFFFAOYSA-N"
62527,"1,1'-[ethane-1,2-diylbis(thio)]dibenzene",246.053696,"C14H14S2","c1ccc(cc1)SCCSc2ccccc2","InChI=1S/C14H14S2/c1-3-7-13(8-4-1)15-11-12-16-14-9-5-2-6-10-14/h1-10H,11-12H2","MHCVYAFXPIMYRD-UHFFFAOYSA-N"
70055,"o-Tolyl disulfide",246.053696,"C14H14S2","Cc1ccccc1SSc2ccccc2C","InChI=1S/C14H14S2/c1-11-7-3-5-9-13(11)15-16-14-10-6-4-8-12(14)2/h3-10H,1-2H3","ZSSCTTQONPHGRA-UHFFFAOYSA-N"
130874,"4-(Hydroxymethyl)-9-methoxy-7H-furo[3,2-g]chromen-7-one",246.052826,"C13H10O5","COc1c2c(ccc(=O)o2)c(c3c1occ3)CO","InChI=1S/C13H10O5/c1-16-13-11-8(4-5-17-11)9(6-14)7-2-3-10(15)18-12(7)13/h2-5,14H,6H2,1H3","BMOUFGSYQMAJTB-UHFFFAOYSA-N"
134020,"7-Oxo-2,3-dihydro-7H-furo[3,2-g]chromen-9-yl acetate",246.052826,"C13H10O5","CC(=O)Oc1c2c(ccc(=O)o2)cc3c1OCC3","InChI=1S/C13H10O5/c1-7(14)17-13-11-9(4-5-16-11)6-8-2-3-10(15)18-12(8)13/h2-3,6H,4-5H2,1H3","KAWWEYWNDSZIND-UHFFFAOYSA-N"
144309,"7-(Hydroxymethyl)-4-methoxy-5H-furo[3,2-g]chromen-5-one",246.052826,"C13H10O5","COc1c2ccoc2cc3c1c(=O)cc(o3)CO","InChI=1S/C13H10O5/c1-16-13-8-2-3-17-10(8)5-11-12(13)9(15)4-7(6-14)18-11/h2-5,14H,6H2,1H3","QBZKHNHPZMJJJI-UHFFFAOYSA-N"
187867,"(2,3-Dihydroxyphenyl)(3,4-dihydroxyphenyl)methanone",246.052826,"C13H10O5","c1cc(c(c(c1)O)O)C(=O)c2ccc(c(c2)O)O","InChI=1S/C13H10O5/c14-9-5-4-7(6-11(9)16)12(17)8-2-1-3-10(15)13(8)18/h1-6,14-16,18H","YLVRFHDJLAVISP-UHFFFAOYSA-N"
214442,"N-(6-Amino-1,3-dimethyl-2,4-dioxo-1,2,3,4-tetrahydro-5-pyrimidinyl)-2-chloroacetamide",246.051971,"C8H11ClN4O3","Cn1c(c(c(=O)n(c1=O)C)NC(=O)CCl)N","InChI=1S/C8H11ClN4O3/c1-12-6(10)5(11-4(14)3-9)7(15)13(2)8(12)16/h3,10H2,1-2H3,(H,11,14)","OFJFVYBUSYWMQA-UHFFFAOYSA-N"
218831,"6-(1,3-Benzodioxol-5-yl)-4-methoxy-2H-pyran-2-one",246.052826,"C13H10O5","COc1cc(oc(=O)c1)c2ccc3c(c2)OCO3","InChI=1S/C13H10O5/c1-15-9-5-11(18-13(14)6-9)8-2-3-10-12(4-8)17-7-16-10/h2-6H,7H2,1H3","ZSJPJQCPMSZDJX-UHFFFAOYSA-N"
295302,"Phenyl 3,4,5-trihydroxybenzoate",246.052826,"C13H10O5","c1ccc(cc1)OC(=O)c2cc(c(c(c2)O)O)O","InChI=1S/C13H10O5/c14-10-6-8(7-11(15)12(10)16)13(17)18-9-4-2-1-3-5-9/h1-7,14-16H","HBZMQFJTPHSKNH-UHFFFAOYSA-N"
298078,"9H-Xanthene-1,3,6,8-tetrol",246.052826,"C13H10O5","c1c(cc2c(c1O)Cc3c(cc(cc3O2)O)O)O","InChI=1S/C13H10O5/c14-6-1-10(16)8-5-9-11(17)2-7(15)4-13(9)18-12(8)3-6/h1-4,14-17H,5H2","WRWDLBILCDUPOS-UHFFFAOYSA-N"
320031,"3-Acetyl-4-oxo-4H-chromen-7-yl acetate",246.052826,"C13H10O5","CC(=O)c1coc2cc(ccc2c1=O)OC(=O)C","InChI=1S/C13H10O5/c1-7(14)11-6-17-12-5-9(18-8(2)15)3-4-10(12)13(11)16/h3-6H,1-2H3","WKGRSGWWNZCRJW-UHFFFAOYSA-N"
331603,"4,4'-Biphenyldiyldimethanethiol",246.053696,"C14H14S2","c1cc(ccc1CS)c2ccc(cc2)CS","InChI=1S/C14H14S2/c15-9-11-1-5-13(6-2-11)14-7-3-12(10-16)4-8-14/h1-8,15-16H,9-10H2","XFHIDPOTWOFDEM-UHFFFAOYSA-N"
331823,"3-[Ethoxy(hydroxy)methylene]-1,2,4(3H)-naphthalenetrione",246.052826,"C13H10O5","CCOC(=C1C(=O)c2ccccc2C(=O)C1=O)O","InChI=1S/C13H10O5/c1-2-18-13(17)9-10(14)7-5-3-4-6-8(7)11(15)12(9)16/h3-6,17H,2H2,1H3","HMRLUIMISOQWND-UHFFFAOYSA-N"
389816,"(3-Hydroxyphenyl)(2,4,6-trihydroxyphenyl)methanone",246.052826,"C13H10O5","c1cc(cc(c1)O)C(=O)c2c(cc(cc2O)O)O","InChI=1S/C13H10O5/c14-8-3-1-2-7(4-8)13(18)12-10(16)5-9(15)6-11(12)17/h1-6,14-17H","QWRYPHZJTWQLFX-UHFFFAOYSA-N"
403218,"Bis(3,4-dihydroxyphenyl)methanone",246.052826,"C13H10O5","c1cc(c(cc1C(=O)c2ccc(c(c2)O)O)O)O","InChI=1S/C13H10O5/c14-9-3-1-7(5-11(9)16)13(18)8-2-4-10(15)12(17)6-8/h1-6,14-17H","XZXMWAHILBWKBI-UHFFFAOYSA-N"
403219,"2,3,3',4-Tetrahydroxybenzophenone",246.052826,"C13H10O5","c1cc(cc(c1)O)C(=O)c2ccc(c(c2O)O)O","InChI=1S/C13H10O5/c14-8-3-1-2-7(6-8)11(16)9-4-5-10(15)13(18)12(9)17/h1-6,14-15,17-18H","HWZREQONUGCFIT-UHFFFAOYSA-N"
420504,"4-[(6-Chloro-5-nitro-4-pyrimidinyl)amino]-1-butanol",246.051971,"C8H11ClN4O3","c1nc(c(c(n1)Cl)[N+](=O)[O-])NCCCCO","InChI=1S/C8H11ClN4O3/c9-7-6(13(15)16)8(12-5-11-7)10-3-1-2-4-14/h5,14H,1-4H2,(H,10,11,12)","ZYYXAIQRTHDWQR-UHFFFAOYSA-N"
431048,"7-Acetyl-4,8-dihydroxy-6-methyl-1,2-naphthalenedione",246.052826,"C13H10O5","Cc1cc2c(c(c1C(=O)C)O)C(=O)C(=O)C=C2O","InChI=1S/C13H10O5/c1-5-3-7-8(15)4-9(16)12(17)11(7)13(18)10(5)6(2)14/h3-4,15,18H,1-2H3","DZTPJTCCIZKOFG-UHFFFAOYSA-N"
520625,"Propyl 1-naphthalenecarbodithioate",246.053696,"C14H14S2","CCCSC(=S)c1cccc2c1cccc2","InChI=1S/C14H14S2/c1-2-10-16-14(15)13-9-5-7-11-6-3-4-8-12(11)13/h3-9H,2,10H2,1H3","ROXPDZAWGRHRBB-UHFFFAOYSA-N"
524902,"3-Methyl-1H,5H-naphtho(1,8-ef)(1,3)dithiocin",246.053696,"C14H14S2","CC1SCc2cccc3c2c(ccc3)CS1","InChI=1S/C14H14S2/c1-10-15-8-12-6-2-4-11-5-3-7-13(9-16-10)14(11)12/h2-7,10H,8-9H2,1H3","HIKIVDWONDOWPT-UHFFFAOYSA-N"
529482,"5,6-Dimethoxy-7H-furo[3,2-g]chromen-7-one ",246.052826,"C13H10O5","COc1c2cc3ccoc3cc2oc(=O)c1OC","InChI=1S/C13H10O5/c1-15-11-8-5-7-3-4-17-9(7)6-10(8)18-13(14)12(11)16-2/h3-6H,1-2H3","NYELECLICIMRBA-UHFFFAOYSA-N"
532467,"4,6-Dihydroxy-7-methoxynaphtho[2,3-c]furan-1(3H)-one",246.052826,"C13H10O5","COc1cc2cc3c(c(c2cc1O)O)COC3=O","InChI=1S/C13H10O5/c1-17-11-3-6-2-8-9(5-18-13(8)16)12(15)7(6)4-10(11)14/h2-4,14-15H,5H2,1H3","SATKKNGGKSEVEW-UHFFFAOYSA-N"
537834,"4,4'-Bis(methylsulfanyl)biphenyl",246.053696,"C14H14S2","CSc1ccc(cc1)c2ccc(cc2)SC","InChI=1S/C14H14S2/c1-15-13-7-3-11(4-8-13)12-5-9-14(16-2)10-6-12/h3-10H,1-2H3","IXDALKLBQBAGCF-UHFFFAOYSA-N"
558537,"3,3',5-Trihydroxy-2-biphenylcarboxylic acid",246.052826,"C13H10O5","c1cc(cc(c1)O)c2cc(cc(c2C(=O)O)O)O","InChI=1S/C13H10O5/c14-8-3-1-2-7(4-8)10-5-9(15)6-11(16)12(10)13(17)18/h1-6,14-16H,(H,17,18)","PTRDVXUJMJOTMP-UHFFFAOYSA-N"
568735,"4-(Methoxycarbonyl)phenyl 2-furoate",246.052826,"C13H10O5","COC(=O)c1ccc(cc1)OC(=O)c2ccco2","InChI=1S/C13H10O5/c1-16-12(14)9-4-6-10(7-5-9)18-13(15)11-3-2-8-17-11/h2-8H,1H3","RMSISLCXWKNXQM-UHFFFAOYSA-N"
612993,"4-Formyl-2-methoxyphenyl 2-furoate",246.052826,"C13H10O5","COc1cc(ccc1OC(=O)c2ccco2)C=O","InChI=1S/C13H10O5/c1-16-12-7-9(8-14)4-5-10(12)18-13(15)11-3-2-6-17-11/h2-8H,1H3","KSOOHBRTOATAMA-UHFFFAOYSA-N"
694523,"Methyl (2E)-[5-(4-hydroxyphenyl)-3-oxo-2(3H)-furanylidene]acetate",246.052826,"C13H10O5","COC(=O)/C=C/1\C(=O)C=C(O1)c2ccc(cc2)O","InChI=1S/C13H10O5/c1-17-13(16)7-12-10(15)6-11(18-12)8-2-4-9(14)5-3-8/h2-7,14H,1H3/b12-7+","QZNOQCBKZCCGRH-KPKJPENVSA-N"
694524,"Methyl (2Z)-[5-(4-hydroxyphenyl)-3-oxo-2(3H)-furanylidene]acetate",246.052826,"C13H10O5","COC(=O)/C=C\1/C(=O)C=C(O1)c2ccc(cc2)O","InChI=1S/C13H10O5/c1-17-13(16)7-12-10(15)6-11(18-12)8-2-4-9(14)5-3-8/h2-7,14H,1H3/b12-7-","QZNOQCBKZCCGRH-GHXNOFRVSA-N"
716373,"4-Acetoxy-1-hydroxy-2-naphthoic acid",246.052826,"C13H10O5","CC(=O)Oc1cc(c(c2c1cccc2)O)C(=O)O","InChI=1S/C13H10O5/c1-7(14)18-11-6-10(13(16)17)12(15)9-5-3-2-4-8(9)11/h2-6,15H,1H3,(H,16,17)","NZJOAGSJKPWLBD-UHFFFAOYSA-N"
792119,"3-(7-Methoxy-4-oxo-4H-chromen-3-yl)acrylic acid",246.052826,"C13H10O5","COc1ccc2c(c1)occ(c2=O)C=CC(=O)O","InChI=1S/C13H10O5/c1-17-9-3-4-10-11(6-9)18-7-8(13(10)16)2-5-12(14)15/h2-7H,1H3,(H,14,15)","DUNUQPDBMKRLMT-UHFFFAOYSA-N"
792120,"(2E)-3-(7-Methoxy-4-oxo-4H-chromen-3-yl)acrylic acid",246.052826,"C13H10O5","COc1ccc2c(c1)occ(c2=O)/C=C/C(=O)O","InChI=1S/C13H10O5/c1-17-9-3-4-10-11(6-9)18-7-8(13(10)16)2-5-12(14)15/h2-7H,1H3,(H,14,15)/b5-2+","DUNUQPDBMKRLMT-GORDUTHDSA-N"
792501,"3-(6-Methoxy-4-oxo-4H-chromen-3-yl)acrylic acid",246.052826,"C13H10O5","COc1ccc2c(c1)c(=O)c(co2)C=CC(=O)O","InChI=1S/C13H10O5/c1-17-9-3-4-11-10(6-9)13(16)8(7-18-11)2-5-12(14)15/h2-7H,1H3,(H,14,15)","XDLFRPOPSPCCBJ-UHFFFAOYSA-N"
792502,"(2E)-3-(6-Methoxy-4-oxo-4H-chromen-3-yl)acrylic acid",246.052826,"C13H10O5","COc1ccc2c(c1)c(=O)c(co2)/C=C/C(=O)O","InChI=1S/C13H10O5/c1-17-9-3-4-11-10(6-9)13(16)8(7-18-11)2-5-12(14)15/h2-7H,1H3,(H,14,15)/b5-2+","XDLFRPOPSPCCBJ-GORDUTHDSA-N"
802974,"(4-Hydroxyphenyl)(2,3,4-trihydroxyphenyl)methanone",246.052826,"C13H10O5","c1cc(ccc1C(=O)c2ccc(c(c2O)O)O)O","InChI=1S/C13H10O5/c14-8-3-1-7(2-4-8)11(16)9-5-6-10(15)13(18)12(9)17/h1-6,14-15,17-18H","ZRDYULMDEGRWRC-UHFFFAOYSA-N"
830154,"2-Oxopropyl 2-oxo-2H-chromene-3-carboxylate",246.052826,"C13H10O5","CC(=O)COC(=O)c1cc2ccccc2oc1=O","InChI=1S/C13H10O5/c1-8(14)7-17-12(15)10-6-9-4-2-3-5-11(9)18-13(10)16/h2-6H,7H2,1H3","AYHHAILPNYQDPY-UHFFFAOYSA-N"
841759,"5-(1,3-Benzodioxol-5-yl)-2-methyl-3-furoic acid",246.052826,"C13H10O5","Cc1c(cc(o1)c2ccc3c(c2)OCO3)C(=O)O","InChI=1S/C13H10O5/c1-7-9(13(14)15)5-11(18-7)8-2-3-10-12(4-8)17-6-16-10/h2-5H,6H2,1H3,(H,14,15)","LIXHYYAASODLNG-UHFFFAOYSA-N"
1732493,"Methyl 3-[(4-chlorobutanoyl)amino]-1H-1,2,4-triazole-5-carboxylate",246.051971,"C8H11ClN4O3","COC(=O)c1[nH]nc(n1)NC(=O)CCCCl","InChI=1S/C8H11ClN4O3/c1-16-7(15)6-11-8(13-12-6)10-5(14)3-2-4-9/h2-4H2,1H3,(H2,10,11,12,13,14)","JFBJCROGQKEAQD-UHFFFAOYSA-N"
2034390,"6-Acetyl-2-oxo-2H-chromen-7-yl acetate",246.052826,"C13H10O5","CC(=O)c1cc2ccc(=O)oc2cc1OC(=O)C","InChI=1S/C13H10O5/c1-7(14)10-5-9-3-4-13(16)18-11(9)6-12(10)17-8(2)15/h3-6H,1-2H3","NHVAVFCVECZCDU-UHFFFAOYSA-N"
2039681,"4'-(Ethylsulfanyl)-3-biphenylthiol",246.053696,"C14H14S2","CCSc1ccc(cc1)c2cccc(c2)S","InChI=1S/C14H14S2/c1-2-16-14-8-6-11(7-9-14)12-4-3-5-13(15)10-12/h3-10,15H,2H2,1H3","JGANITLZNGYBIY-UHFFFAOYSA-N"
2039682,"4'-(Ethylsulfanyl)-4-biphenylthiol",246.053696,"C14H14S2","CCSc1ccc(cc1)c2ccc(cc2)S","InChI=1S/C14H14S2/c1-2-16-14-9-5-12(6-10-14)11-3-7-13(15)8-4-11/h3-10,15H,2H2,1H3","GWBKBPUMGOVCLN-UHFFFAOYSA-N"
2296396,"6-Hydroxy-2-methyl-4-oxo-5-phenyl-4H-pyran-3-carboxylic acid",246.052826,"C13H10O5","Cc1c(c(=O)c(c(o1)O)c2ccccc2)C(=O)O","InChI=1S/C13H10O5/c1-7-9(12(15)16)11(14)10(13(17)18-7)8-5-3-2-4-6-8/h2-6,17H,1H3,(H,15,16)","FJQGOMGLQQGUBI-UHFFFAOYSA-N"
2332387,"2-Methyl-4-oxo-4H-pyran-3-yl salicylate",246.052826,"C13H10O5","Cc1c(c(=O)cco1)OC(=O)c2ccccc2O","InChI=1S/C13H10O5/c1-8-12(11(15)6-7-17-8)18-13(16)9-4-2-3-5-10(9)14/h2-7,14H,1H3","KRSZHEVDRHWBEN-UHFFFAOYSA-N"
2341687,"Citromycin",246.052826,"C13H10O5","Cc1cc(=O)c2c(o1)-c3cc(c(cc3OC2)O)O","InChI=1S/C13H10O5/c1-6-2-9(14)8-5-17-12-4-11(16)10(15)3-7(12)13(8)18-6/h2-4,15-16H,5H2,1H3","QZZUHPUWIRSQPB-UHFFFAOYSA-N"
2369106,"Methyl [5-(4-hydroxyphenyl)-3-oxo-2(3H)-furanylidene]acetate",246.052826,"C13H10O5","COC(=O)C=C1C(=O)C=C(O1)c2ccc(cc2)O","InChI=1S/C13H10O5/c1-17-13(16)7-12-10(15)6-11(18-12)8-2-4-9(14)5-3-8/h2-7,14H,1H3","QZNOQCBKZCCGRH-UHFFFAOYSA-N"
2830738,"[(3-Cyano-2-oxo-2,3-dihydro-1H-indol-3-yl)(hydroxy)amino]acetate",246.052032,"C11H8N3O4","c1ccc2c(c1)C(C(=O)N2)(C#N)N(CC(=O)[O-])O","InChI=1S/C11H9N3O4/c12-6-11(14(18)5-9(15)16)7-3-1-2-4-8(7)13-10(11)17/h1-4,18H,5H2,(H,13,17)(H,15,16)/p-1","PIEXEKPDBRYSGT-UHFFFAOYSA-M"
3128307,"3-Acetyl-2-oxo-2H-chromen-7-yl acetate",246.052826,"C13H10O5","CC(=O)c1cc2ccc(cc2oc1=O)OC(=O)C","InChI=1S/C13H10O5/c1-7(14)11-5-9-3-4-10(17-8(2)15)6-12(9)18-13(11)16/h3-6H,1-2H3","IEUYZGCZNCFBST-UHFFFAOYSA-N"
3315404,"4-Methyl-2-oxo-2H-chromen-7-yl 2-oxopropanoate",246.052826,"C13H10O5","Cc1cc(=O)oc2c1ccc(c2)OC(=O)C(=O)C","InChI=1S/C13H10O5/c1-7-5-12(15)18-11-6-9(3-4-10(7)11)17-13(16)8(2)14/h3-6H,1-2H3","LGGVASWGXWFXPJ-UHFFFAOYSA-N"
3400212,"5-[4-(Methoxycarbonyl)phenyl]-2-furoic acid",246.052826,"C13H10O5","COC(=O)c1ccc(cc1)c2ccc(o2)C(=O)O","InChI=1S/C13H10O5/c1-17-13(16)9-4-2-8(3-5-9)10-6-7-11(18-10)12(14)15/h2-7H,1H3,(H,14,15)","HYFNECKRLWMWST-UHFFFAOYSA-N"
3400213,"5-[3-(Methoxycarbonyl)phenyl]-2-furoic acid",246.052826,"C13H10O5","COC(=O)c1cccc(c1)c2ccc(o2)C(=O)O","InChI=1S/C13H10O5/c1-17-13(16)9-4-2-3-8(7-9)10-5-6-11(18-10)12(14)15/h2-7H,1H3,(H,14,15)","VQHMVSOPNCHNBW-UHFFFAOYSA-N"
3510636,"2-Oxopropyl 4-oxo-4H-chromene-2-carboxylate",246.052826,"C13H10O5","CC(=O)COC(=O)c1cc(=O)c2ccccc2o1","InChI=1S/C13H10O5/c1-8(14)7-17-13(16)12-6-10(15)9-4-2-3-5-11(9)18-12/h2-6H,7H2,1H3","VMIIHVOLNDJHCN-UHFFFAOYSA-N"
3574739,"4-[(5-Methyl-3-furoyl)oxy]benzoic acid",246.052826,"C13H10O5","Cc1cc(co1)C(=O)Oc2ccc(cc2)C(=O)O","InChI=1S/C13H10O5/c1-8-6-10(7-17-8)13(16)18-11-4-2-9(3-5-11)12(14)15/h2-7H,1H3,(H,14,15)","FXRGZWNEZRQHJX-UHFFFAOYSA-N"
3902428,"5-[(4-Formylphenoxy)methyl]-2-furoic acid",246.052826,"C13H10O5","c1cc(ccc1C=O)OCc2ccc(o2)C(=O)O","InChI=1S/C13H10O5/c14-7-9-1-3-10(4-2-9)17-8-11-5-6-12(18-11)13(15)16/h1-7H,8H2,(H,15,16)","QPFRPACBZHRJED-UHFFFAOYSA-N"
3902429,"5-[(3-Formylphenoxy)methyl]-2-furoic acid",246.052826,"C13H10O5","c1cc(cc(c1)OCc2ccc(o2)C(=O)O)C=O","InChI=1S/C13H10O5/c14-7-9-2-1-3-10(6-9)17-8-11-4-5-12(18-11)13(15)16/h1-7H,8H2,(H,15,16)","BCOINUORALKLTA-UHFFFAOYSA-N"
3902431,"5-[(2-Formylphenoxy)methyl]-2-furoic acid",246.052826,"C13H10O5","c1ccc(c(c1)C=O)OCc2ccc(o2)C(=O)O","InChI=1S/C13H10O5/c14-7-9-3-1-2-4-11(9)17-8-10-5-6-12(18-10)13(15)16/h1-7H,8H2,(H,15,16)","MPFWMNUHCKJVMT-UHFFFAOYSA-N"
3924167,"Methyl 4-(1-benzofuran-2-yl)-2,4-dioxobutanoate",246.052826,"C13H10O5","COC(=O)C(=O)CC(=O)c1cc2ccccc2o1","InChI=1S/C13H10O5/c1-17-13(16)10(15)7-9(14)12-6-8-4-2-3-5-11(8)18-12/h2-6H,7H2,1H3","VNUSTDVJOALGND-UHFFFAOYSA-N"
3953626,"5-Formyl-2-methoxyphenyl 2-furoate",246.052826,"C13H10O5","COc1ccc(cc1OC(=O)c2ccco2)C=O","InChI=1S/C13H10O5/c1-16-10-5-4-9(8-14)7-12(10)18-13(15)11-3-2-6-17-11/h2-8H,1H3","FMZNELPUDIBQTR-UHFFFAOYSA-N"
3953627,"2-Formyl-6-methoxyphenyl 2-furoate",246.052826,"C13H10O5","COc1cccc(c1OC(=O)c2ccco2)C=O","InChI=1S/C13H10O5/c1-16-10-5-2-4-9(8-14)12(10)18-13(15)11-6-3-7-17-11/h2-8H,1H3","OQOHOXHQNBTZFD-UHFFFAOYSA-N"
4143603,"Methyl 3-oxo-3-(2-oxo-2H-chromen-3-yl)propanoate",246.052826,"C13H10O5","COC(=O)CC(=O)c1cc2ccccc2oc1=O","InChI=1S/C13H10O5/c1-17-12(15)7-10(14)9-6-8-4-2-3-5-11(8)18-13(9)16/h2-6H,7H2,1H3","ADEAWCRNAUBKKA-UHFFFAOYSA-N"
4273974,"Methyl 5-(5-formyl-2-furyl)-2-hydroxybenzoate",246.052826,"C13H10O5","COC(=O)c1cc(ccc1O)c2ccc(o2)C=O","InChI=1S/C13H10O5/c1-17-13(16)10-6-8(2-4-11(10)15)12-5-3-9(7-14)18-12/h2-7,15H,1H3","IKBDHUPBFRMFRT-UHFFFAOYSA-N"
4483325,"Methyl 3-methoxyfuro[3,4-b][1]benzofuran-1-carboxylate",246.052826,"C13H10O5","COc1c2c(c3ccccc3o2)c(o1)C(=O)OC","InChI=1S/C13H10O5/c1-15-12(14)10-9-7-5-3-4-6-8(7)17-11(9)13(16-2)18-10/h3-6H,1-2H3","CKXNINNGPBPXBR-UHFFFAOYSA-N"
4510177,"Hispidin",246.052826,"C13H10O5","c1cc(c(cc1/C=C/c2cc(=O)cc(o2)O)O)O","InChI=1S/C13H10O5/c14-9-6-10(18-13(17)7-9)3-1-8-2-4-11(15)12(16)5-8/h1-7,15-17H/b3-1+","QISBNGLMCHHHFG-HNQUOIGGSA-N"
4510470,"6-(Hydroxymethyl)-2-[hydroxy(phenyl)methylene]-2H-pyran-3,4-dione",246.052826,"C13H10O5","c1ccc(cc1)C(=C2C(=O)C(=O)C=C(O2)CO)O","InChI=1S/C13H10O5/c14-7-9-6-10(15)12(17)13(18-9)11(16)8-4-2-1-3-5-8/h1-6,14,16H,7H2","CNZIDQFQOXKQJB-UHFFFAOYSA-N"
4577154,"(3E)-3-[Ethoxy(hydroxy)methylene]-1,2,4(3H)-naphthalenetrione",246.052826,"C13H10O5","CCO/C(=C/1\C(=O)c2ccccc2C(=O)C1=O)/O","InChI=1S/C13H10O5/c1-2-18-13(17)9-10(14)7-5-3-4-6-8(7)11(15)12(9)16/h3-6,17H,2H2,1H3/b13-9+","HMRLUIMISOQWND-UKTHLTGXSA-N"
4578328,"(3Z)-3-[Ethoxy(hydroxy)methylene]-1,2,4(3H)-naphthalenetrione",246.052826,"C13H10O5","CCO/C(=C\1/C(=O)c2ccccc2C(=O)C1=O)/O","InChI=1S/C13H10O5/c1-2-18-13(17)9-10(14)7-5-3-4-6-8(7)11(15)12(9)16/h3-6,17H,2H2,1H3/b13-9-","HMRLUIMISOQWND-LCYFTJDESA-N"
4934177,"5,9-Dimethoxy-7H-furo[3,2-g]chromen-7-one",246.052826,"C13H10O5","COc1cc(=O)oc2c1cc3ccoc3c2OC","InChI=1S/C13H10O5/c1-15-9-6-10(14)18-12-8(9)5-7-3-4-17-11(7)13(12)16-2/h3-6H,1-2H3","KAWXJSCFXZDZAR-UHFFFAOYSA-N"
4981357,"5-(Benzyloxy)-4-oxo-4H-pyran-2-carboxylic acid",246.052826,"C13H10O5","c1ccc(cc1)COc2coc(cc2=O)C(=O)O","InChI=1S/C13H10O5/c14-10-6-11(13(15)16)18-8-12(10)17-7-9-4-2-1-3-5-9/h1-6,8H,7H2,(H,15,16)","RGZZNPNSZZJJSH-UHFFFAOYSA-N"
5487672,"6-Chloro-N-(3-methoxypropyl)-5-nitro-4-pyrimidinamine",246.051971,"C8H11ClN4O3","[O-][N+](=O)c1c(Cl)ncnc1NCCCOC","InChI=1S/C8H11ClN4O3/c1-16-4-2-3-10-8-6(13(14)15)7(9)11-5-12-8/h5H,2-4H2,1H3,(H,10,11,12)","LIZADODYIQSETG-UHFFFAOYSA-N"
5487674,"6-Chloro-N-[(2S)-1-methoxy-2-propanyl]-5-nitro-4-pyrimidinamine",246.051971,"C8H11ClN4O3","[O-][N+](=O)c1c(Cl)ncnc1N[C@H](COC)C","InChI=1S/C8H11ClN4O3/c1-5(3-16-2)12-8-6(13(14)15)7(9)10-4-11-8/h4-5H,3H2,1-2H3,(H,10,11,12)/t5-/m0/s1","YXSXVVAYRSPADR-YFKPBYRVSA-N"
5487676,"6-Chloro-N-[(2R)-1-methoxy-2-propanyl]-5-nitro-4-pyrimidinamine",246.051971,"C8H11ClN4O3","[O-][N+](=O)c1c(Cl)ncnc1N[C@@H](COC)C","InChI=1S/C8H11ClN4O3/c1-5(3-16-2)12-8-6(13(14)15)7(9)10-4-11-8/h4-5H,3H2,1-2H3,(H,10,11,12)/t5-/m1/s1","YXSXVVAYRSPADR-RXMQYKEDSA-N"
5487699,"2-Chloro-N-(3-methoxypropyl)-5-nitro-4-pyrimidinamine",246.051971,"C8H11ClN4O3","Clc1nc(NCCCOC)c(cn1)[N+]([O-])=O","InChI=1S/C8H11ClN4O3/c1-16-4-2-3-10-7-6(13(14)15)5-11-8(9)12-7/h5H,2-4H2,1H3,(H,10,11,12)","VRYBNFFLIPVQSQ-UHFFFAOYSA-N"
5487701,"2-Chloro-N-[(2S)-1-methoxy-2-propanyl]-5-nitro-4-pyrimidinamine",246.051971,"C8H11ClN4O3","Clc1nc(N[C@@H](C)COC)c(cn1)[N+]([O-])=O","InChI=1S/C8H11ClN4O3/c1-5(4-16-2)11-7-6(13(14)15)3-10-8(9)12-7/h3,5H,4H2,1-2H3,(H,10,11,12)/t5-/m0/s1","WHOQQHCFCYQWPC-YFKPBYRVSA-N"
5487702,"2-Chloro-N-[(2R)-1-methoxy-2-propanyl]-5-nitro-4-pyrimidinamine",246.051971,"C8H11ClN4O3","Clc1nc(N[C@H](C)COC)c(cn1)[N+]([O-])=O","InChI=1S/C8H11ClN4O3/c1-5(4-16-2)11-7-6(13(14)15)3-10-8(9)12-7/h3,5H,4H2,1-2H3,(H,10,11,12)/t5-/m1/s1","WHOQQHCFCYQWPC-RXMQYKEDSA-N"
5487716,"2-Chloro-N-(2-methoxyethyl)-6-methyl-5-nitro-4-pyrimidinamine",246.051971,"C8H11ClN4O3","Clc1nc(c([N+]([O-])=O)c(n1)NCCOC)C","InChI=1S/C8H11ClN4O3/c1-5-6(13(14)15)7(10-3-4-16-2)12-8(9)11-5/h3-4H2,1-2H3,(H,10,11,12)","QFKQVDDFZMQDRM-UHFFFAOYSA-N"
5530484,"(3R)-2-Oxotetrahydro-3-furanyl 1-benzofuran-2-carboxylate",246.052826,"C13H10O5","O=C3OCC[C@H]3OC(=O)c1oc2ccccc2c1","InChI=1S/C13H10O5/c14-12-10(5-6-16-12)18-13(15)11-7-8-3-1-2-4-9(8)17-11/h1-4,7,10H,5-6H2/t10-/m1/s1","JHEZMUOVGOISLE-SNVBAGLBSA-N"
5530485,"(3S)-2-Oxotetrahydro-3-furanyl 1-benzofuran-2-carboxylate",246.052826,"C13H10O5","O=C3OCC[C@@H]3OC(=O)c1oc2ccccc2c1","InChI=1S/C13H10O5/c14-12-10(5-6-16-12)18-13(15)11-7-8-3-1-2-4-9(8)17-11/h1-4,7,10H,5-6H2/t10-/m0/s1","JHEZMUOVGOISLE-JTQLQIEISA-N"
5805565,"1,3-Benzodioxol-5-ylmethyl 2-furoate",246.052826,"C13H10O5","O=C(OCc1ccc2OCOc2c1)c3occc3","InChI=1S/C13H10O5/c14-13(11-2-1-5-15-11)16-7-9-3-4-10-12(6-9)18-8-17-10/h1-6H,7-8H2","MRAMHNKNYHMVAR-UHFFFAOYSA-N"
7404048,"1,3-Benzodioxol-5-yl 2-methyl-3-furoate",246.052826,"C13H10O5","O=C(Oc1ccc2OCOc2c1)c3ccoc3C","InChI=1S/C13H10O5/c1-8-10(4-5-15-8)13(14)18-9-2-3-11-12(6-9)17-7-16-11/h2-6H,7H2,1H3","KCJZVYAQACEQRO-UHFFFAOYSA-N"
8075282,"Ethyl (1,2,3-trioxo-2,3-dihydro-1H-inden-5-yl)acetate",246.052826,"C13H10O5","O=C(OCC)Cc1ccc2C(=O)C(=O)C(=O)c2c1","InChI=1S/C13H10O5/c1-2-18-10(14)6-7-3-4-8-9(5-7)12(16)13(17)11(8)15/h3-5H,2,6H2,1H3","WHNKKKWENCYRCI-UHFFFAOYSA-N"
8182953,"2-(6-Hydroxy-1,3-benzodioxol-5-yl)-1,4-benzenediol",246.052826,"C13H10O5","O1c2cc(c(O)cc2OC1)c3cc(O)ccc3O","InChI=1S/C13H10O5/c14-7-1-2-10(15)8(3-7)9-4-12-13(5-11(9)16)18-6-17-12/h1-5,14-16H,6H2","LSDJAJTZFHQLAI-UHFFFAOYSA-N"
8190398,"1-Methyl-4-{[4-(methylsulfanyl)phenyl]sulfanyl}benzene",246.053696,"C14H14S2","S(c1ccc(SC)cc1)c2ccc(cc2)C","InChI=1S/C14H14S2/c1-11-3-5-13(6-4-11)16-14-9-7-12(15-2)8-10-14/h3-10H,1-2H3","PSLUOCBAGCWIFH-UHFFFAOYSA-N"
8213153,"1-Methyl-2-(methylsulfanyl)-3-(phenylsulfanyl)benzene",246.053696,"C14H14S2","S(c1ccccc1)c2cccc(c2SC)C","InChI=1S/C14H14S2/c1-11-7-6-10-13(14(11)15-2)16-12-8-4-3-5-9-12/h3-10H,1-2H3","GXMFBCOBXVWJSQ-UHFFFAOYSA-N"
8439398,"Ethyl 4-hydroxy-5,8-dioxo-5,8-dihydro-2-naphthalenecarboxylate",246.052826,"C13H10O5","O=C(OCC)c2cc(O)c1c(C(=O)\C=C/C1=O)c2","InChI=1S/C13H10O5/c1-2-18-13(17)7-5-8-9(14)3-4-10(15)12(8)11(16)6-7/h3-6,16H,2H2,1H3","YBDDYFGFPQFDTG-UHFFFAOYSA-N"
8439399,"Xyridin B",246.052826,"C13H10O5","O=C(C=3OC(=O)c2cc1OCOc1cc2C=3)CC","InChI=1S/C13H10O5/c1-2-9(14)10-3-7-4-11-12(17-6-16-11)5-8(7)13(15)18-10/h3-5H,2,6H2,1H3","QUGCGRKJBDNHBP-UHFFFAOYSA-N"
8439400,"Methyl 3-methoxy-1,4-dioxo-1,4-dihydro-2-naphthalenecarboxylate",246.052826,"C13H10O5","O=C\2c1c(cccc1)C(=O)C(/OC)=C/2C(=O)OC","InChI=1S/C13H10O5/c1-17-12-9(13(16)18-2)10(14)7-5-3-4-6-8(7)11(12)15/h3-6H,1-2H3","OXOFFFLIHBXRJD-UHFFFAOYSA-N"
8439450,"2-Methyl-1-(methylsulfanyl)-4-(phenylsulfanyl)benzene",246.053696,"C14H14S2","S(c2ccc(Sc1ccccc1)cc2C)C","InChI=1S/C14H14S2/c1-11-10-13(8-9-14(11)15-2)16-12-6-4-3-5-7-12/h3-10H,1-2H3","VUXWKLFFGKKXTD-UHFFFAOYSA-N"
8507600,"(1S,8R)-4-Methoxy-11,14-dioxatetracyclo[6.5.1.0~2,7~.0~9,13~]tetradeca-2,4,6-triene-10,12-dione",246.052826,"C13H10O5","O=C1OC(=O)C4C1[C@H]3O[C@@H]4c2c3ccc(OC)c2","InChI=1S/C13H10O5/c1-16-5-2-3-6-7(4-5)11-9-8(10(6)17-11)12(14)18-13(9)15/h2-4,8-11H,1H3/t8?,9?,10-,11+/m0/s1","LUOMIGCTFGQRJK-WFBLGPOFSA-N"
8552683,"3-Acetyl-5-hydroxy-2-(hydroxymethyl)-1,4-naphthoquinone",246.052826,"C13H10O5","O=C\2c1c(O)cccc1C(=O)/C(=C/2C(=O)C)CO","InChI=1S/C13H10O5/c1-6(15)10-8(5-14)12(17)7-3-2-4-9(16)11(7)13(10)18/h2-4,14,16H,5H2,1H3","PLSLMDVCBUASJN-UHFFFAOYSA-N"
8575134,"1-[(4-Methylphenyl)sulfanyl]-2-(methylsulfanyl)benzene",246.053696,"C14H14S2","S(c1ccccc1SC)c2ccc(cc2)C","InChI=1S/C14H14S2/c1-11-7-9-12(10-8-11)16-14-6-4-3-5-13(14)15-2/h3-10H,1-2H3","UGADQNPGBMCTDJ-UHFFFAOYSA-N"
8620036,"2,2'-(1,2-Ethynediyl)bis(5-ethylthiophene)",246.053696,"C14H14S2","C(#Cc1sc(cc1)CC)c2sc(cc2)CC","InChI=1S/C14H14S2/c1-3-11-5-7-13(15-11)9-10-14-8-6-12(4-2)16-14/h5-8H,3-4H2,1-2H3","JZPLIWSWJMVBEQ-UHFFFAOYSA-N"
8642489,"5-Methoxy-2,3-naphthalenedicarboxylic acid",246.052826,"C13H10O5","O=C(O)c1cc2c(cc1C(=O)O)cccc2OC","InChI=1S/C13H10O5/c1-18-11-4-2-3-7-5-9(12(14)15)10(13(16)17)6-8(7)11/h2-6H,1H3,(H,14,15)(H,16,17)","LSNWNWQKFBPREQ-UHFFFAOYSA-N"
8689955,"Ethyl difluoro[(4-methylphenyl)sulfanyl]acetate",246.052612,"C11H12F2O2S","FC(F)(Sc1ccc(cc1)C)C(=O)OCC","InChI=1S/C11H12F2O2S/c1-3-15-10(14)11(12,13)16-9-6-4-8(2)5-7-9/h4-7H,3H2,1-2H3","YDMCXAXLMOJLAP-UHFFFAOYSA-N"
8737733,"5,8-Dimethoxy-1,4-dioxo-1,4-dihydro-2-naphthalenecarbaldehyde",246.052826,"C13H10O5","O=C\2c1c(OC)ccc(OC)c1C(=O)C(=C/2)/C=O","InChI=1S/C13H10O5/c1-17-9-3-4-10(18-2)12-11(9)8(15)5-7(6-14)13(12)16/h3-6H,1-2H3","WFYRYWRISAEOMB-UHFFFAOYSA-N"
8737734,"(1R,11S,12R,16R)-5,7,14,17-Tetraoxapentacyclo[9.5.1.0~2,10~.0~4,8~.0~12,16~]heptadeca-2(10),3,8-trien-13-one",246.052826,"C13H10O5","O=C1OC[C@H]5[C@@H]1[C@@H]4O[C@H]5c3c4cc2OCOc2c3","InChI=1S/C13H10O5/c14-13-10-7(3-15-13)11-5-1-8-9(17-4-16-8)2-6(5)12(10)18-11/h1-2,7,10-12H,3-4H2/t7-,10+,11-,12+/m0/s1","WANZRKBKIPHIRV-FPQWWODTSA-N"
8761864,"2,3,4-Trihydroxy-5-(4-hydroxyphenyl)-2,4,6-cycloheptatrien-1-one",246.052826,"C13H10O5","C1=CC(=CC=C1C2=C(C(=C(C(=O)C=C2)O)O)O)O","InChI=1S/C13H10O5/c14-8-3-1-7(2-4-8)9-5-6-10(15)12(17)13(18)11(9)16/h1-6,14H,(H3,15,16,17,18)","USQGJFKSUIMTHO-UHFFFAOYSA-N"
8761918,"1-(Ethylsulfanyl)-4-(phenylsulfanyl)benzene",246.053696,"C14H14S2","S(c2ccc(Sc1ccccc1)cc2)CC","InChI=1S/C14H14S2/c1-2-15-12-8-10-14(11-9-12)16-13-6-4-3-5-7-13/h3-11H,2H2,1H3","HSBJAIPBZRSCRE-UHFFFAOYSA-N"
8809503,"(1R,5R)-1,2:4,5-Dianhydro-1,5-di-2-furyl-D-threo-pent-3-ulose",246.052826,"C13H10O5","O=C([C@@H]2O[C@H]2c1occc1)[C@@H]4O[C@H]4c3occc3","InChI=1S/C13H10O5/c14-9(12-10(17-12)7-3-1-5-15-7)13-11(18-13)8-4-2-6-16-8/h1-6,10-13H/t10-,11-,12-,13-/m0/s1","DWUCCYJAVGOORC-CYDGBPFRSA-N"
8809565,"4-(2-Ammonio-2-carboxyethyl)morpholin-4-ium dichloride",246.053802,"C7H16Cl2N2O3","[Cl-].[Cl-].O=C(O)C(C[NH+]1CCOCC1)[NH3+]","InChI=1S/C7H14N2O3.2ClH/c8-6(7(10)11)5-9-1-3-12-4-2-9;;/h6H,1-5,8H2,(H,10,11);2*1H","IHSJDYZUKDSHLH-UHFFFAOYSA-N"
8880903,"1,4-Dimethoxy-5,8-dioxo-5,8-dihydro-2-naphthalenecarbaldehyde",246.052826,"C13H10O5","COc1cc(c(c2c1C(=O)C=CC2=O)OC)C=O","InChI=1S/C13H10O5/c1-17-10-5-7(6-14)13(18-2)12-9(16)4-3-8(15)11(10)12/h3-6H,1-2H3","ZFBCSTMKNLBSGN-UHFFFAOYSA-N"
8904407,"Ethyl 4,9-dioxo-4,9-dihydrocyclohepta[b]pyran-2-carboxylate",246.052826,"C13H10O5","O=C(OCC)C=1O\C2=C(/C(=O)C=1)\C=C/C=C\C2=O","InChI=1S/C13H10O5/c1-2-17-13(16)11-7-10(15)8-5-3-4-6-9(14)12(8)18-11/h3-7H,2H2,1H3","FGTYGRKFSARJKJ-UHFFFAOYSA-N"
8928244,"8-Hydroxy-3-methyl-1,4-dioxo-1,4-dihydro-2-naphthalenyl acetate",246.052826,"C13H10O5","O=C\2c1c(c(O)ccc1)C(=O)C(/OC(=O)C)=C/2C","InChI=1S/C13H10O5/c1-6-11(16)8-4-3-5-9(15)10(8)12(17)13(6)18-7(2)14/h3-5,15H,1-2H3","BZLJEWNTOQFEOS-UHFFFAOYSA-N"
8928245,"5-(1,3-Benzodioxol-5-yl)-4-(hydroxymethyl)-3-furaldehyde",246.052826,"C13H10O5","O=Cc1c(c(oc1)c2ccc3OCOc3c2)CO","InChI=1S/C13H10O5/c14-4-9-6-16-13(10(9)5-15)8-1-2-11-12(3-8)18-7-17-11/h1-4,6,15H,5,7H2","OCBYREKCVBKXGB-UHFFFAOYSA-N"
8928258,"[(1,1-Difluoro-1-penten-2-yl)sulfonyl]benzene",246.052612,"C11H12F2O2S","O=S(=O)(/C(=C(/F)F)CCC)c1ccccc1","InChI=1S/C11H12F2O2S/c1-2-6-10(11(12)13)16(14,15)9-7-4-3-5-8-9/h3-5,7-8H,2,6H2,1H3","KOLOVWQSWWSNJK-UHFFFAOYSA-N"
8975733,"Methyl (1-hydroxy-3,4-dioxo-3,4-dihydro-2-naphthalenyl)acetate",246.052826,"C13H10O5","O=C(OC)CC\2=C(/O)c1c(cccc1)C(=O)C/2=O","InChI=1S/C13H10O5/c1-18-10(14)6-9-11(15)7-4-2-3-5-8(7)12(16)13(9)17/h2-5,15H,6H2,1H3","DDJLTRMKELUIGA-UHFFFAOYSA-N"
8999552,"1-[(1Z)-3-Methoxy-1-(methylselanyl)-1-propen-1-yl]cyclohexene",246.052292,"C11H18OSe","[Se](/C(C1=C\CCCC1)=C\COC)C","InChI=1S/C11H18OSe/c1-12-9-8-11(13-2)10-6-4-3-5-7-10/h6,8H,3-5,7,9H2,1-2H3/b11-8-","TWSYCWKSPKVTQB-FLIBITNWSA-N"
9023282,"2-Oxo-2-(1-oxo-1H-isochromen-4-yl)ethyl acetate",246.052826,"C13H10O5","O=C(OCC(=O)C\1=C\OC(=O)c2ccccc/12)C","InChI=1S/C13H10O5/c1-8(14)17-7-12(15)11-6-18-13(16)10-5-3-2-4-9(10)11/h2-6H,7H2,1H3","GPNZVRADPMUZIA-UHFFFAOYSA-N"
9023298,"Ethyl (benzylsulfanyl)(difluoro)acetate",246.052612,"C11H12F2O2S","O=C(OCC)C(F)(F)SCc1ccccc1","InChI=1S/C11H12F2O2S/c1-2-15-10(14)11(12,13)16-8-9-6-4-3-5-7-9/h3-7H,2,8H2,1H3","VGXAYBVSTTYUCL-UHFFFAOYSA-N"
9043854,"Methyl 6-acetyl-2-oxo-2H-chromene-4-carboxylate",246.052826,"C13H10O5","O=C(c2ccc1OC(=O)/C=C(\c1c2)C(=O)OC)C","InChI=1S/C13H10O5/c1-7(14)8-3-4-11-9(5-8)10(13(16)17-2)6-12(15)18-11/h3-6H,1-2H3","WHAXAXXGSCFWPO-UHFFFAOYSA-N"
9054666,"Methyl 8-methoxy-1,4-dioxo-1,4-dihydro-2-naphthalenecarboxylate",246.052826,"C13H10O5","O=C\2c1c(c(OC)ccc1)C(=O)C(=C/2)/C(=O)OC","InChI=1S/C13H10O5/c1-17-10-5-3-4-7-9(14)6-8(13(16)18-2)12(15)11(7)10/h3-6H,1-2H3","IWGXYPYJSYKWSJ-UHFFFAOYSA-N"
9065455,"2-Methoxy-1,6-naphthalenedicarboxylic acid",246.052826,"C13H10O5","COC1=C(C2=C(C=C1)C=C(C=C2)C(=O)O)C(=O)O","InChI=1S/C13H10O5/c1-18-10-5-3-7-6-8(12(14)15)2-4-9(7)11(10)13(16)17/h2-6H,1H3,(H,14,15)(H,16,17)","MUGKSGDZGKOYAU-UHFFFAOYSA-N"
9098075,"6-(Hydroxymethyl)-4-oxo-4H-pyran-3-yl benzoate",246.052826,"C13H10O5","c1ccc(cc1)C(=O)Oc2coc(cc2=O)CO","InChI=1S/C13H10O5/c14-7-10-6-11(15)12(8-17-10)18-13(16)9-4-2-1-3-5-9/h1-6,8,14H,7H2","UHVPZXREEYDBGL-UHFFFAOYSA-N"
9119938,"8-Hydroxy-6-methoxy-2H,8H-pyrano[2,3-f]chromen-2-one",246.052826,"C13H10O5","COc1cc2ccc(=O)oc2c3c1OC(C=C3)O","InChI=1S/C13H10O5/c1-16-9-6-7-2-4-10(14)17-12(7)8-3-5-11(15)18-13(8)9/h2-6,11,15H,1H3","CEIVIZWWCNRGFE-UHFFFAOYSA-N"
9131054,"5-[(E)-2-(Benzyloxy)-2-hydroxyvinyl]-2,3-furandione",246.052826,"C13H10O5","O=C1\C=C(/OC1=O)\C=C(/O)OCc2ccccc2","InChI=1S/C13H10O5/c14-11-6-10(18-13(11)16)7-12(15)17-8-9-4-2-1-3-5-9/h1-7,15H,8H2/b12-7+","WONWRSAUYWAVGT-KPKJPENVSA-N"
9174524,"Cyclohexylmethyl trifluoromethanesulfonate",246.053741,"C8H13F3O3S","FC(F)(F)S(=O)(=O)OCC1CCCCC1","InChI=1S/C8H13F3O3S/c9-8(10,11)15(12,13)14-6-7-4-2-1-3-5-7/h7H,1-6H2","WFHRDBABGRTHFX-UHFFFAOYSA-N"
9174544,"1,1'-Disulfanediylbis(3-methylbenzene)",246.053696,"C14H14S2","Cc1cccc(c1)SSc2cccc(c2)C","InChI=1S/C14H14S2/c1-11-5-3-7-13(9-11)15-16-14-8-4-6-12(2)10-14/h3-10H,1-2H3","VDWYKAMPKIFOIO-UHFFFAOYSA-N"
9229112,"Bis(phenylthio)ethane",246.053696,"C14H14S2","S(c1ccccc1)C(Sc2ccccc2)C","InChI=1S/C14H14S2/c1-12(15-13-8-4-2-5-9-13)16-14-10-6-3-7-11-14/h2-12H,1H3","RZMYXIQQKAKHHP-UHFFFAOYSA-N"
9272019,"4-Acetyl-1-oxo-1H-isochromen-8-yl acetate",246.052826,"C13H10O5","CC(=O)C\2=C\OC(=O)c1c/2cccc1OC(C)=O","InChI=1S/C13H10O5/c1-7(14)10-6-17-13(16)12-9(10)4-3-5-11(12)18-8(2)15/h3-6H,1-2H3","WRBZFNYBXFBZJF-UHFFFAOYSA-N"
9314543,"Mesityl(2-thienyl)methanethione",246.053696,"C14H14S2","S=C(c1c(cc(cc1C)C)C)c2sccc2","InChI=1S/C14H14S2/c1-9-7-10(2)13(11(3)8-9)14(15)12-5-4-6-16-12/h4-8H,1-3H3","ZRYCRUFPODEFOX-UHFFFAOYSA-N"
9359249,"2-Ethoxy-3-methyl-1-[(trifluoromethyl)sulfonyl]-2-butene",246.053741,"C8H13F3O3S","FC(F)(F)S(=O)(=O)CC(/OCC)=C(\C)C","InChI=1S/C8H13F3O3S/c1-4-14-7(6(2)3)5-15(12,13)8(9,10)11/h4-5H2,1-3H3","LFJJXTMVOKWTPZ-UHFFFAOYSA-N"
9417092,"3,3'-(1,2-Ethynediyl)bis(2,5-dimethylthiophene)",246.053696,"C14H14S2","C(#Cc1c(sc(c1)C)C)c2cc(sc2C)C","InChI=1S/C14H14S2/c1-9-7-13(11(3)15-9)5-6-14-8-10(2)16-12(14)4/h7-8H,1-4H3","JTUZSCRRMCYVMT-UHFFFAOYSA-N"
9440127,"1-(3-Chloro-3-methyl-2-nitrosobutyl)-2-nitro-1H-imidazole",246.051971,"C8H11ClN4O3","O=[N+]([O-])c1nccn1CC(N=O)C(Cl)(C)C","InChI=1S/C8H11ClN4O3/c1-8(2,9)6(11-14)5-12-4-3-10-7(12)13(15)16/h3-4,6H,5H2,1-2H3","YUNJZQNHOSNGRW-UHFFFAOYSA-N"
9463064,"2,2'-(1,2-Ethynediyl)bis(3,5-dimethylthiophene)",246.053696,"C14H14S2","s2c(C#Cc1sc(cc1C)C)c(cc2C)C","InChI=1S/C14H14S2/c1-9-7-11(3)15-13(9)5-6-14-10(2)8-12(4)16-14/h7-8H,1-4H3","CMPRPHZBDCYLNH-UHFFFAOYSA-N"
9486126,"(4-Hydroxyphenyl)(2,4,6-trihydroxyphenyl)methanone",246.052826,"C13H10O5","C1=CC(=CC=C1C(=O)C2=C(C=C(C=C2O)O)O)O","InChI=1S/C13H10O5/c14-8-3-1-7(2-4-8)13(18)12-10(16)5-9(15)6-11(12)17/h1-6,14-17H","AOJWDTJDEGSHOA-UHFFFAOYSA-N"
9622800,"1-[3-Butyl-2-(methylselanyl)-2-cyclobuten-1-yl]ethanone",246.052292,"C11H18OSe","O=C(C1C(/[Se]C)=C(/CCCC)C1)C","InChI=1S/C11H18OSe/c1-4-5-6-9-7-10(8(2)12)11(9)13-3/h10H,4-7H2,1-3H3","MTQHQMNPVROVBO-UHFFFAOYSA-N"
9696407,"Methyl 4-(5-formyl-2-furyl)-3-hydroxybenzoate",246.052826,"C13H10O5","O=Cc2oc(c1c(O)cc(C(=O)OC)cc1)cc2","InChI=1S/C13H10O5/c1-17-13(16)8-2-4-10(11(15)6-8)12-5-3-9(7-14)18-12/h2-7,15H,1H3","XXVWQZMKVWDWHU-UHFFFAOYSA-N"
9696408,"3,4-Dimethoxy-7H-furo[3,2-g]chromen-7-one",246.052826,"C13H10O5","O=C\1Oc3c(/C=C/1)c(OC)c2c(OC)coc2c3","InChI=1S/C13H10O5/c1-15-10-6-17-9-5-8-7(3-4-11(14)18-8)13(16-2)12(9)10/h3-6H,1-2H3","XZOCDLOXWXJAQX-UHFFFAOYSA-N"
9819191,"1-Methyl-3-[(4-methylphenyl)disulfanyl]benzene",246.053696,"C14H14S2","S(Sc1cc(ccc1)C)c2ccc(cc2)C","InChI=1S/C14H14S2/c1-11-6-8-13(9-7-11)15-16-14-5-3-4-12(2)10-14/h3-10H,1-2H3","VMVVNLLJDCFLLH-UHFFFAOYSA-N"
9921619,"3-Hydroxy-7-(methoxycarbonyl)-2-naphthoic acid",246.052826,"C13H10O5","O=C(OC)c1ccc2c(c1)cc(C(=O)O)c(O)c2","InChI=1S/C13H10O5/c1-18-13(17)8-3-2-7-6-11(14)10(12(15)16)5-9(7)4-8/h2-6,14H,1H3,(H,15,16)","XBCVGNNLURFMKZ-UHFFFAOYSA-N"
9945401,"6-(Carboxymethoxy)-2-naphthoic acid",246.052826,"C13H10O5","C1=CC2=C(C=CC(=C2)OCC(=O)O)C=C1C(=O)O","InChI=1S/C13H10O5/c14-12(15)7-18-11-4-3-8-5-10(13(16)17)2-1-9(8)6-11/h1-6H,7H2,(H,14,15)(H,16,17)","HEYUKCXKLQDAQQ-UHFFFAOYSA-N"
9945402,"Bis(2,3-dihydroxyphenyl)methanone",246.052826,"C13H10O5","O=C(c1cccc(O)c1O)c2cccc(O)c2O","InChI=1S/C13H10O5/c14-9-5-1-3-7(12(9)17)11(16)8-4-2-6-10(15)13(8)18/h1-6,14-15,17-18H","JHUWODOJJBBFNF-UHFFFAOYSA-N"
9966133,"Methyl 2-oxo-5,6-dihydro-2H-furo[2,3-h]chromene-3-carboxylate",246.052826,"C13H10O5","O=C(OC)C\1=C\C3=C(/OC/1=O)c2c(occ2)CC3","InChI=1S/C13H10O5/c1-16-12(14)9-6-7-2-3-10-8(4-5-17-10)11(7)18-13(9)15/h4-6H,2-3H2,1H3","AHJAVUZJFNESSW-UHFFFAOYSA-N"
10006384,"{[(Benzylsulfanyl)methyl]sulfanyl}benzene",246.053696,"C14H14S2","c1ccc(cc1)CSCSc2ccccc2","InChI=1S/C14H14S2/c1-3-7-13(8-4-1)11-15-12-16-14-9-5-2-6-10-14/h1-10H,11-12H2","JPQXEVIHIYZIEC-UHFFFAOYSA-N"
10408883,"7-Acetyl-2,8-dihydroxy-6-methyl-1,4-naphthoquinone",246.052826,"C13H10O5","CC(=O)c1c(C)cc2c(c1O)C(=O)C(/O)=C\C2=O","InChI=1S/C13H10O5/c1-5-3-7-8(15)4-9(16)12(17)11(7)13(18)10(5)6(2)14/h3-4,16,18H,1-2H3","ICFSGHWFMBXRIQ-UHFFFAOYSA-N"
10537166,"3-(Benzyloxy)-4-oxo-4H-pyran-2-carboxylic acid",246.052826,"C13H10O5","O=C2/C=C\O\C(=C2\OCc1ccccc1)C(O)=O","InChI=1S/C13H10O5/c14-10-6-7-17-12(13(15)16)11(10)18-8-9-4-2-1-3-5-9/h1-7H,8H2,(H,15,16)","KJSJBKBZMGSIPT-UHFFFAOYSA-N"
10551138,"Methyl 2-[(5-formyl-2-furyl)oxy]benzoate",246.052826,"C13H10O5","COC(=O)c2ccccc2Oc1ccc(C=O)o1","InChI=1S/C13H10O5/c1-16-13(15)10-4-2-3-5-11(10)18-12-7-6-9(8-14)17-12/h2-8H,1H3","KZZBSFXVNNAHCC-UHFFFAOYSA-N"
10854193,"Phosphinate, (1-ethyl-1H-benzimidazol-2-yl)methyl-, sodium salt",246.053955,"C10H12N2NaO2P","CCn1c2ccccc2nc1P(=O)(C)[O-].[Na]","InChI=1S/C10H13N2O2P.Na/c1-3-12-9-7-5-4-6-8(9)11-10(12)15(2,13)14;/h4-7H,3H2,1-2H3,(H,13,14);/p-1","WWOXXQIYJMCUEB-UHFFFAOYSA-M"
11078469,"2-(2-Furyl)-2-oxoethyl 3-hydroxybenzoate",246.052826,"C13H10O5","c1cc(cc(c1)O)C(=O)OCC(=O)c2ccco2","InChI=1S/C13H10O5/c14-10-4-1-3-9(7-10)13(16)18-8-11(15)12-5-2-6-17-12/h1-7,14H,8H2","PIKHCFAWEHAHBS-UHFFFAOYSA-N"
11270794,"(2,4-Dihydroxyphenyl)(3,4-dihydroxyphenyl)methanone",246.052826,"C13H10O5","c1cc(c(cc1C(=O)c2ccc(cc2O)O)O)O","InChI=1S/C13H10O5/c14-8-2-3-9(11(16)6-8)13(18)7-1-4-10(15)12(17)5-7/h1-6,14-17H","UQQYIAVMUUJWGX-UHFFFAOYSA-N"
11488913,"Euxanthoic Acid",246.052826,"C13H10O5","c1cc(c(c(c1)O)C(=O)c2cc(ccc2O)O)O","InChI=1S/C13H10O5/c14-7-4-5-9(15)8(6-7)13(18)12-10(16)2-1-3-11(12)17/h1-6,14-17H","YYZAKQYFXDJLTA-UHFFFAOYSA-N"
11541851,"2,2-Dihydroxy-1H-cyclopenta[b]naphthalene-1,3(2H)-dione hydrate (1:1)",246.052826,"C13H10O5","c1ccc2cc3c(cc2c1)C(=O)C(C3=O)(O)O.O","InChI=1S/C13H8O4.H2O/c14-11-9-5-7-3-1-2-4-8(7)6-10(9)12(15)13(11,16)17;/h1-6,16-17H;1H2","LCNHACKNQUILCO-UHFFFAOYSA-N"
11722621,"Sodium (1-ethyl-1H-benzimidazol-2-yl)methylphosphinate",246.053406,"C10H12N2NaO2P","CCn1c2ccccc2nc1P(=O)(C)[O-].[Na+]","InChI=1S/C10H13N2O2P.Na/c1-3-12-9-7-5-4-6-8(9)11-10(12)15(2,13)14;/h4-7H,3H2,1-2H3,(H,13,14);/q;+1/p-1","MOEBVDSMFCIPAO-UHFFFAOYSA-M"
11879087,"6-Chloro-N-(1-methoxy-2-propanyl)-5-nitro-4-pyrimidinamine",246.051971,"C8H11ClN4O3","CC(COC)Nc1c(c(ncn1)Cl)[N+](=O)[O-]","InChI=1S/C8H11ClN4O3/c1-5(3-16-2)12-8-6(13(14)15)7(9)10-4-11-8/h4-5H,3H2,1-2H3,(H,10,11,12)","YXSXVVAYRSPADR-UHFFFAOYSA-N"
11879093,"2-Chloro-N-(1-methoxy-2-propanyl)-5-nitro-4-pyrimidinamine",246.051971,"C8H11ClN4O3","CC(COC)Nc1c(cnc(n1)Cl)[N+](=O)[O-]","InChI=1S/C8H11ClN4O3/c1-5(4-16-2)11-7-6(13(14)15)3-10-8(9)12-7/h3,5H,4H2,1-2H3,(H,10,11,12)","WHOQQHCFCYQWPC-UHFFFAOYSA-N"
12031709,"2-[(6-Chloro-5-nitro-4-pyrimidinyl)(ethyl)amino]ethanol",246.051971,"C8H11ClN4O3","CCN(CCO)c1c(c(ncn1)Cl)[N+](=O)[O-]","InChI=1S/C8H11ClN4O3/c1-2-12(3-4-14)8-6(13(15)16)7(9)10-5-11-8/h5,14H,2-4H2,1H3","NURBYWVDRSFPJA-UHFFFAOYSA-N"
12956097,"5-(3-Carboxy-4-methylphenyl)-2-furoic acid",246.052826,"C13H10O5","Cc1ccc(cc1C(=O)O)c2ccc(o2)C(=O)O","InChI=1S/C13H10O5/c1-7-2-3-8(6-9(7)12(14)15)10-4-5-11(18-10)13(16)17/h2-6H,1H3,(H,14,15)(H,16,17)","KOKVVVXHFPIHAF-UHFFFAOYSA-N"
12956099,"5-(3-Carboxy-2-methylphenyl)-2-furoic acid",246.052826,"C13H10O5","Cc1c(cccc1C(=O)O)c2ccc(o2)C(=O)O","InChI=1S/C13H10O5/c1-7-8(3-2-4-9(7)12(14)15)10-5-6-11(18-10)13(16)17/h2-6H,1H3,(H,14,15)(H,16,17)","SNWLSSJIYPAMIS-UHFFFAOYSA-N"
12966139,"3-(Methoxycarbonyl)phenyl 2-furoate",246.052826,"C13H10O5","COC(=O)c1cccc(c1)OC(=O)c2ccco2","InChI=1S/C13H10O5/c1-16-12(14)9-4-2-5-10(8-9)18-13(15)11-6-3-7-17-11/h2-8H,1H3","ACODLONONVWMGI-UHFFFAOYSA-N"
13528620,"3-(Carboxymethoxy)-2-naphthoic acid",246.052826,"C13H10O5","c1ccc2cc(c(cc2c1)C(=O)O)OCC(=O)O","InChI=1S/C13H10O5/c14-12(15)7-18-11-6-9-4-2-1-3-8(9)5-10(11)13(16)17/h1-6H,7H2,(H,14,15)(H,16,17)","RTQQJRWQRMTKOZ-UHFFFAOYSA-N"
13598177,"1-(Carboxymethoxy)-2-naphthoic acid",246.052826,"C13H10O5","c1ccc2c(c1)ccc(c2OCC(=O)O)C(=O)O","InChI=1S/C13H10O5/c14-11(15)7-18-12-9-4-2-1-3-8(9)5-6-10(12)13(16)17/h1-6H,7H2,(H,14,15)(H,16,17)","IRYAPSGLFNPCKW-UHFFFAOYSA-N"
13975015,"Hispidin",246.052826,"C13H10O5","c1cc(c(cc1/C=C/c2cc(cc(=O)o2)O)O)O","InChI=1S/C13H10O5/c14-9-6-10(18-13(17)7-9)3-1-8-2-4-11(15)12(16)5-8/h1-7,14-16H/b3-1+","SGJNQVTUYXCBKH-HNQUOIGGSA-N"
14253769,"2-(2-Naphthyl)-1,3-dithiane",246.053696,"C14H14S2","c1ccc2cc(ccc2c1)C3SCCCS3","InChI=1S/C14H14S2/c1-2-5-12-10-13(7-6-11(12)4-1)14-15-8-3-9-16-14/h1-2,4-7,10,14H,3,8-9H2","KDQWHJYSSCTXLG-UHFFFAOYSA-N"
14813549,"Ethyl 3-hydroxy-1,4-dioxo-1,4-dihydro-2-naphthalenecarboxylate",246.052826,"C13H10O5","CCOC(=O)C1=C(C(=O)c2ccccc2C1=O)O","InChI=1S/C13H10O5/c1-2-18-13(17)9-10(14)7-5-3-4-6-8(7)11(15)12(9)16/h3-6,16H,2H2,1H3","OAVIWILLWRZQGV-UHFFFAOYSA-N"
17230251,"Methyl 2-(2-hydroxy-1,3-dioxo-2,3-dihydro-1H-inden-2-yl)acrylate",246.052826,"C13H10O5","COC(=O)C(=C)C1(C(=O)c2ccccc2C1=O)O","InChI=1S/C13H10O5/c1-7(12(16)18-2)13(17)10(14)8-5-3-4-6-9(8)11(13)15/h3-6,17H,1H2,2H3","BEFWMOKCKJVQCI-UHFFFAOYSA-N"
21533730,"9-Hydroxy-4-methoxy-7-methyl-5H-furo[3,2-g]chromen-5-one",246.052826,"C13H10O5","Cc1cc(=O)c2c(o1)c(c3c(c2OC)cco3)O","InChI=1S/C13H10O5/c1-6-5-8(14)9-11(16-2)7-3-4-17-12(7)10(15)13(9)18-6/h3-5,15H,1-2H3","NCVZWWIIWBIDQJ-UHFFFAOYSA-N"
21786516,"5-[2-(Methoxycarbonyl)phenyl]-2-furoic acid",246.052826,"C13H10O5","COC(=O)c1ccccc1c2ccc(o2)C(=O)O","InChI=1S/C13H10O5/c1-17-13(16)9-5-3-2-4-8(9)10-6-7-11(18-10)12(14)15/h2-7H,1H3,(H,14,15)","JDHNSZICDDHTFV-UHFFFAOYSA-N"
22311360,"1,3-Benzodioxol-5-yl 3-methyl-2-furoate",246.052826,"C13H10O5","Cc1ccoc1C(=O)Oc2ccc3c(c2)OCO3","InChI=1S/C13H10O5/c1-8-4-5-15-12(8)13(14)18-9-2-3-10-11(6-9)17-7-16-10/h2-6H,7H2,1H3","TWSNOGGJKVNGIA-UHFFFAOYSA-N"
23111949,"(2E)-3-(7-Methoxy-2-oxo-2H-chromen-4-yl)acrylic acid",246.052826,"C13H10O5","COc1ccc2c(cc(=O)oc2c1)/C=C/C(=O)O","InChI=1S/C13H10O5/c1-17-9-3-4-10-8(2-5-12(14)15)6-13(16)18-11(10)7-9/h2-7H,1H3,(H,14,15)/b5-2+","NPBAMEUQYPCRJC-GORDUTHDSA-N"
24797787,"7-(Allyloxy)-2-oxo-2H-chromene-4-carboxylic acid",246.052826,"C13H10O5","C=CCOc1ccc2c(cc(=O)oc2c1)C(=O)O","InChI=1S/C13H10O5/c1-2-5-17-8-3-4-9-10(13(15)16)7-12(14)18-11(9)6-8/h2-4,6-7H,1,5H2,(H,15,16)","LXQLSMGOMLUZPV-UHFFFAOYSA-N"
25082478,"(Chloroacetyl)[3-(4-morpholinyl)-1,2,3-oxadiazol-3-ium-5-yl]azanide",246.051971,"C8H11ClN4O3","c1c(on[n+]1N2CCOCC2)[N-]C(=O)CCl","InChI=1S/C8H11ClN4O3/c9-5-7(14)10-8-6-13(11-16-8)12-1-3-15-4-2-12/h6H,1-5H2","PDFIZYITTBYBEW-UHFFFAOYSA-N"
25083596,"4-[2-(2-Furyl)-2-oxoethoxy]benzoic acid",246.052826,"C13H10O5","c1cc(oc1)C(=O)COc2ccc(cc2)C(=O)O","InChI=1S/C13H10O5/c14-11(12-2-1-7-17-12)8-18-10-5-3-9(4-6-10)13(15)16/h1-7H,8H2,(H,15,16)","XCGDCZVGHPWAGB-UHFFFAOYSA-N"
26053667,"2-[(4-Formylphenoxy)methyl]-3-furoic acid",246.052826,"C13H10O5","c1cc(ccc1C=O)OCc2c(cco2)C(=O)O","InChI=1S/C13H10O5/c14-7-9-1-3-10(4-2-9)18-8-12-11(13(15)16)5-6-17-12/h1-7H,8H2,(H,15,16)","LLPYZPOQHKWXFH-UHFFFAOYSA-N"
26053687,"2-[(3-Formylphenoxy)methyl]-3-furoic acid",246.052826,"C13H10O5","c1cc(cc(c1)OCc2c(cco2)C(=O)O)C=O","InChI=1S/C13H10O5/c14-7-9-2-1-3-10(6-9)18-8-12-11(13(15)16)4-5-17-12/h1-7H,8H2,(H,15,16)","BWMVXNOPPLVQCY-UHFFFAOYSA-N"
26365959,"(3-Hydroxyphenyl)(3,4,5-trihydroxyphenyl)methanone",246.052826,"C13H10O5","c1cc(cc(c1)O)C(=O)c2cc(c(c(c2)O)O)O","InChI=1S/C13H10O5/c14-9-3-1-2-7(4-9)12(17)8-5-10(15)13(18)11(16)6-8/h1-6,14-16,18H","BGRHXPHEMQYXJP-UHFFFAOYSA-N"
26779007,"4-(4-Methoxyphenyl)-2-oxo-2H-pyran-5-carboxylic acid",246.052826,"C13H10O5","COc1ccc(cc1)c2cc(=O)occ2C(=O)O","InChI=1S/C13H10O5/c1-17-9-4-2-8(3-5-9)10-6-12(14)18-7-11(10)13(15)16/h2-7H,1H3,(H,15,16)","DSTFONRRUWCLQT-UHFFFAOYSA-N"
28598039,"2-(1,3-Benzodioxol-5-yloxy)-1-(2-furyl)ethanone",246.052826,"C13H10O5","c1cc(oc1)C(=O)COc2ccc3c(c2)OCO3","InChI=1S/C13H10O5/c14-10(11-2-1-5-15-11)7-16-9-3-4-12-13(6-9)18-8-17-12/h1-6H,7-8H2","DASSOBKVNCKBMP-UHFFFAOYSA-N"
28672383,"1-[(Methylsulfanyl)methyl]-2-(phenylsulfanyl)benzene",246.053696,"C14H14S2","CSCc1ccccc1Sc2ccccc2","InChI=1S/C14H14S2/c1-15-11-12-7-5-6-10-14(12)16-13-8-3-2-4-9-13/h2-10H,11H2,1H3","DYROOGLFXHVBEJ-UHFFFAOYSA-N"
28677013,"Methyl [(3,4-dioxo-3,4-dihydro-1-naphthalenyl)oxy]acetate",246.052826,"C13H10O5","COC(=O)COC1=CC(=O)C(=O)c2c1cccc2","InChI=1S/C13H10O5/c1-17-12(15)7-18-11-6-10(14)13(16)9-5-3-2-4-8(9)11/h2-6H,7H2,1H3","FVOCNRHRVCJUKF-UHFFFAOYSA-N"
29326272,"4-(Methoxycarbonyl)-5-phenyl-3-furoic acid",246.052826,"C13H10O5","COC(=O)c1c(coc1c2ccccc2)C(=O)O","InChI=1S/C13H10O5/c1-17-13(16)10-9(12(14)15)7-18-11(10)8-5-3-2-4-6-8/h2-7H,1H3,(H,14,15)","UBZPGKRHQHZMHT-UHFFFAOYSA-N"
30323466,"2,2-Difluoroethyl 4,5,6,7-tetrahydro-1-benzothiophene-2-carboxylate",246.052612,"C11H12F2O2S","c1c2c(sc1C(=O)OCC(F)F)CCCC2","InChI=1S/C11H12F2O2S/c12-10(13)6-15-11(14)9-5-7-3-1-2-4-8(7)16-9/h5,10H,1-4,6H2","ZBPCUPRSGMUTFA-UHFFFAOYSA-N"
30907117,"Dibenzo[b,d]thiophen-2-ylboronic acid hydrate (1:1)",246.0522,"C12H11BO3S","B(c1ccc2c(c1)c3ccccc3s2)(O)O.O","InChI=1S/C12H9BO2S.H2O/c14-13(15)8-5-6-12-10(7-8)9-3-1-2-4-11(9)16-12;/h1-7,14-15H;1H2","RVHLVYPZSLCOPV-UHFFFAOYSA-N"
31692900,"Methyl 4-[(3,4-difluorophenyl)sulfanyl]butanoate",246.052612,"C11H12F2O2S","COC(=O)CCCSc1ccc(c(c1)F)F","InChI=1S/C11H12F2O2S/c1-15-11(14)3-2-6-16-8-4-5-9(12)10(13)7-8/h4-5,7H,2-3,6H2,1H3","VDCRQIRFAMJRSO-UHFFFAOYSA-N"
32841084,"2-(2-Fluorophenyl)-5-(trifluoromethyl)-2H-1,2,3-triazol-4-amine",246.052856,"C9H6F4N4","c1ccc(c(c1)n2nc(c(n2)N)C(F)(F)F)F","InChI=1S/C9H6F4N4/c10-5-3-1-2-4-6(5)17-15-7(8(14)16-17)9(11,12)13/h1-4H,(H2,14,16)","RRSMDQZJXOYDDB-UHFFFAOYSA-N"
32841086,"2-(4-Fluorophenyl)-5-(trifluoromethyl)-2H-1,2,3-triazol-4-amine",246.052856,"C9H6F4N4","c1cc(ccc1n2nc(c(n2)N)C(F)(F)F)F","InChI=1S/C9H6F4N4/c10-5-1-3-6(4-2-5)17-15-7(8(14)16-17)9(11,12)13/h1-4H,(H2,14,16)","WWNGIJOTMXGVAZ-UHFFFAOYSA-N"
33270183,"(2E)-3-[6-(2-Propyn-1-yloxy)-1,3-benzodioxol-5-yl]acrylic acid",246.052826,"C13H10O5","C#CCOc1cc2c(cc1/C=C/C(=O)O)OCO2","InChI=1S/C13H10O5/c1-2-5-16-10-7-12-11(17-8-18-12)6-9(10)3-4-13(14)15/h1,3-4,6-7H,5,8H2,(H,14,15)/b4-3+","LXNKMGGVGJVYRT-ONEGZZNKSA-N"
34174083,"5-[(3-Formylphenoxy)methyl]-3-furoic acid",246.052826,"C13H10O5","c1cc(cc(c1)OCc2cc(co2)C(=O)O)C=O","InChI=1S/C13H10O5/c14-6-9-2-1-3-11(4-9)18-8-12-5-10(7-17-12)13(15)16/h1-7H,8H2,(H,15,16)","ZAMDNOLAEFDJEG-UHFFFAOYSA-N"
34475625,"3-[(4-Formylphenoxy)methyl]-2-furoic acid",246.052826,"C13H10O5","c1cc(ccc1C=O)OCc2ccoc2C(=O)O","InChI=1S/C13H10O5/c14-7-9-1-3-11(4-2-9)18-8-10-5-6-17-12(10)13(15)16/h1-7H,8H2,(H,15,16)","RCTOGTYHEAYZBT-UHFFFAOYSA-N"
34475626,"3-[(3-Formylphenoxy)methyl]-2-furoic acid",246.052826,"C13H10O5","c1cc(cc(c1)OCc2ccoc2C(=O)O)C=O","InChI=1S/C13H10O5/c14-7-9-2-1-3-11(6-9)18-8-10-4-5-17-12(10)13(15)16/h1-7H,8H2,(H,15,16)","FXSNTIFIOGZQAD-UHFFFAOYSA-N"
35480084,"7-(Allyloxy)-2-oxo-2H-chromene-3-carboxylic acid",246.052826,"C13H10O5","C=CCOc1ccc2cc(c(=O)oc2c1)C(=O)O","InChI=1S/C13H10O5/c1-2-5-17-9-4-3-8-6-10(12(14)15)13(16)18-11(8)7-9/h2-4,6-7H,1,5H2,(H,14,15)","XEAUVTNEDZMVNE-UHFFFAOYSA-N"
35485920,"5-(1,3-Benzodioxol-5-ylmethyl)-2-furoic acid",246.052826,"C13H10O5","c1cc2c(cc1Cc3ccc(o3)C(=O)O)OCO2","InChI=1S/C13H10O5/c14-13(15)11-4-2-9(18-11)5-8-1-3-10-12(6-8)17-7-16-10/h1-4,6H,5,7H2,(H,14,15)","IHPSNUVDRAHWHY-UHFFFAOYSA-N"
35486159,"5-(2-Methoxybenzoyl)-2-furoic acid",246.052826,"C13H10O5","COc1ccccc1C(=O)c2ccc(o2)C(=O)O","InChI=1S/C13H10O5/c1-17-9-5-3-2-4-8(9)12(14)10-6-7-11(18-10)13(15)16/h2-7H,1H3,(H,15,16)","NAXUAVGDEDTOHS-UHFFFAOYSA-N"
35486160,"5-(3-Methoxybenzoyl)-2-furoic acid",246.052826,"C13H10O5","COc1cccc(c1)C(=O)c2ccc(o2)C(=O)O","InChI=1S/C13H10O5/c1-17-9-4-2-3-8(7-9)12(14)10-5-6-11(18-10)13(15)16/h2-7H,1H3,(H,15,16)","OSBIQUANNFGSAH-UHFFFAOYSA-N"
35496387,"5-(3-Acetylphenoxy)-2-furoic acid",246.052826,"C13H10O5","CC(=O)c1cccc(c1)Oc2ccc(o2)C(=O)O","InChI=1S/C13H10O5/c1-8(14)9-3-2-4-10(7-9)17-12-6-5-11(18-12)13(15)16/h2-7H,1H3,(H,15,16)","LFZDSHYFEDWKDU-UHFFFAOYSA-N"
35496388,"5-(4-Acetylphenoxy)-2-furoic acid",246.052826,"C13H10O5","CC(=O)c1ccc(cc1)Oc2ccc(o2)C(=O)O","InChI=1S/C13H10O5/c1-8(14)9-2-4-10(5-3-9)17-12-7-6-11(18-12)13(15)16/h2-7H,1H3,(H,15,16)","OVWRMHJKGPHSPN-UHFFFAOYSA-N"
35501263,"5-(2,3-Dihydro-1,4-benzodioxin-5-yl)-2-furoic acid",246.052826,"C13H10O5","c1cc(c2c(c1)OCCO2)c3ccc(o3)C(=O)O","InChI=1S/C13H10O5/c14-13(15)11-5-4-9(18-11)8-2-1-3-10-12(8)17-7-6-16-10/h1-5H,6-7H2,(H,14,15)","YUDIGHNOQRIHCZ-UHFFFAOYSA-N"
35508345,"1-(4-Fluorophenyl)-5-(trifluoromethyl)-1H-1,2,3-triazol-4-amine",246.052856,"C9H6F4N4","c1cc(ccc1n2c(c(nn2)N)C(F)(F)F)F","InChI=1S/C9H6F4N4/c10-5-1-3-6(4-2-5)17-7(9(11,12)13)8(14)15-16-17/h1-4H,14H2","XZFQOCGSRBXSFX-UHFFFAOYSA-N"
35529763,"(3,5-Difluorophenyl)(1,4-oxathian-2-yl)methanol",246.052612,"C11H12F2O2S","c1c(cc(cc1F)F)C(C2CSCCO2)O","InChI=1S/C11H12F2O2S/c12-8-3-7(4-9(13)5-8)11(14)10-6-16-2-1-15-10/h3-5,10-11,14H,1-2,6H2","BGULFZQMMGUOKG-UHFFFAOYSA-N"
35529785,"(2,3-Difluorophenyl)(1,4-oxathian-2-yl)methanol",246.052612,"C11H12F2O2S","c1cc(c(c(c1)F)F)C(C2CSCCO2)O","InChI=1S/C11H12F2O2S/c12-8-3-1-2-7(10(8)13)11(14)9-6-16-5-4-15-9/h1-3,9,11,14H,4-6H2","HBGALBVMFSPFPR-UHFFFAOYSA-N"
35597234,"(2E)-4-(2-Naphthylsulfanyl)-2-butene-1-thiol",246.053696,"C14H14S2","c1ccc2cc(ccc2c1)SC/C=C/CS","InChI=1S/C14H14S2/c15-9-3-4-10-16-14-8-7-12-5-1-2-6-13(12)11-14/h1-8,11,15H,9-10H2/b4-3+","XWOBGZXTHVBQQL-ONEGZZNKSA-N"
35625579,"4-(3,5-Dimethyl-1H-1,2,4-triazol-1-yl)-2,3,5,6-tetrafluoropyridine",246.052856,"C9H6F4N4","Cc1nc(n(n1)c2c(c(nc(c2F)F)F)F)C","InChI=1S/C9H6F4N4/c1-3-14-4(2)17(16-3)7-5(10)8(12)15-9(13)6(7)11/h1-2H3","KHQJWWAAJAVTSZ-UHFFFAOYSA-N"
35698104,"2,3,5,6-Tetrafluoro-N-(1-methyl-1H-pyrazol-4-yl)-4-pyridinamine",246.052856,"C9H6F4N4","Cn1cc(cn1)Nc2c(c(nc(c2F)F)F)F","InChI=1S/C9H6F4N4/c1-17-3-4(2-14-17)15-7-5(10)8(12)16-9(13)6(7)11/h2-3H,1H3,(H,15,16)","FGFDSVKEGBOOBF-UHFFFAOYSA-N"
35781358,"Methyl [(5,6-dioxo-5,6-dihydro-1-naphthalenyl)oxy]acetate",246.052826,"C13H10O5","COC(=O)COc1cccc2c1C=CC(=O)C2=O","InChI=1S/C13H10O5/c1-17-12(15)7-18-11-4-2-3-9-8(11)5-6-10(14)13(9)16/h2-6H,7H2,1H3","PEBKKGNCPABTFP-UHFFFAOYSA-N"
35787181,"2,6-Biphenyldiyldimethanethiol",246.053696,"C14H14S2","c1ccc(cc1)c2c(cccc2CS)CS","InChI=1S/C14H14S2/c15-9-12-7-4-8-13(10-16)14(12)11-5-2-1-3-6-11/h1-8,15-16H,9-10H2","AUCIAKHCQWXLCD-UHFFFAOYSA-N"
35799876,"8-Methoxy-1,4-dioxo-1,4-dihydro-2-naphthalenyl acetate",246.052826,"C13H10O5","CC(=O)OC1=CC(=O)c2cccc(c2C1=O)OC","InChI=1S/C13H10O5/c1-7(14)18-11-6-9(15)8-4-3-5-10(17-2)12(8)13(11)16/h3-6H,1-2H3","AEGVQHSVRJJVJP-UHFFFAOYSA-N"
37410330,"2-[(2,5-Difluorobenzyl)sulfanyl]-2-methylpropanoic acid",246.052612,"C11H12F2O2S","CC(C)(C(=O)O)SCc1cc(ccc1F)F","InChI=1S/C11H12F2O2S/c1-11(2,10(14)15)16-6-7-5-8(12)3-4-9(7)13/h3-5H,6H2,1-2H3,(H,14,15)","TVHKSBREMVJZTE-UHFFFAOYSA-N"
37410373,"2-Methyl-2-{[2-(2,2,2-trifluoroethoxy)ethyl]sulfanyl}propanoic acid",246.053741,"C8H13F3O3S","CC(C)(C(=O)O)SCCOCC(F)(F)F","InChI=1S/C8H13F3O3S/c1-7(2,6(12)13)15-4-3-14-5-8(9,10)11/h3-5H2,1-2H3,(H,12,13)","UWUVDYFIZCOLBX-UHFFFAOYSA-N"
37410410,"2-[(2,4-Difluorobenzyl)sulfanyl]-2-methylpropanoic acid",246.052612,"C11H12F2O2S","CC(C)(C(=O)O)SCc1ccc(cc1F)F","InChI=1S/C11H12F2O2S/c1-11(2,10(14)15)16-6-7-3-4-8(12)5-9(7)13/h3-5H,6H2,1-2H3,(H,14,15)","FDBHYZUEXYFGEQ-UHFFFAOYSA-N"
37410454,"2-[(2,3-Difluorobenzyl)sulfanyl]-2-methylpropanoic acid",246.052612,"C11H12F2O2S","CC(C)(C(=O)O)SCc1cccc(c1F)F","InChI=1S/C11H12F2O2S/c1-11(2,10(14)15)16-6-7-4-3-5-8(12)9(7)13/h3-5H,6H2,1-2H3,(H,14,15)","VEHLFQIWTPLFTJ-UHFFFAOYSA-N"
37893794,"Isopropyl [(3,4-difluorophenyl)sulfanyl]acetate",246.052612,"C11H12F2O2S","CC(C)OC(=O)CSc1ccc(c(c1)F)F","InChI=1S/C11H12F2O2S/c1-7(2)15-11(14)6-16-8-3-4-9(12)10(13)5-8/h3-5,7H,6H2,1-2H3","AUPSQHNARDRCTO-UHFFFAOYSA-N"
37900003,"Methyl 3-[(2,4-difluorophenyl)sulfanyl]-2-methylpropanoate",246.052612,"C11H12F2O2S","CC(CSc1ccc(cc1F)F)C(=O)OC","InChI=1S/C11H12F2O2S/c1-7(11(14)15-2)6-16-10-4-3-8(12)5-9(10)13/h3-5,7H,6H2,1-2H3","ONJNXIRPYITQPC-UHFFFAOYSA-N"
37900004,"Ethyl 3-[(2,4-difluorophenyl)sulfanyl]propanoate",246.052612,"C11H12F2O2S","CCOC(=O)CCSc1ccc(cc1F)F","InChI=1S/C11H12F2O2S/c1-2-15-11(14)5-6-16-10-4-3-8(12)7-9(10)13/h3-4,7H,2,5-6H2,1H3","YVXORXUYVXMLND-UHFFFAOYSA-N"
37900027,"Methyl 3-[(2,5-difluorophenyl)sulfanyl]-2-methylpropanoate",246.052612,"C11H12F2O2S","CC(CSc1cc(ccc1F)F)C(=O)OC","InChI=1S/C11H12F2O2S/c1-7(11(14)15-2)6-16-10-5-8(12)3-4-9(10)13/h3-5,7H,6H2,1-2H3","IMEGECUAOBBLOC-UHFFFAOYSA-N"
37900028,"Ethyl 3-[(2,5-difluorophenyl)sulfanyl]propanoate",246.052612,"C11H12F2O2S","CCOC(=O)CCSc1cc(ccc1F)F","InChI=1S/C11H12F2O2S/c1-2-15-11(14)5-6-16-10-7-8(12)3-4-9(10)13/h3-4,7H,2,5-6H2,1H3","GVJWYNKJWQGNLC-UHFFFAOYSA-N"
37900042,"Methyl 3-[(3,4-difluorophenyl)sulfanyl]-2-methylpropanoate",246.052612,"C11H12F2O2S","CC(CSc1ccc(c(c1)F)F)C(=O)OC","InChI=1S/C11H12F2O2S/c1-7(11(14)15-2)6-16-8-3-4-9(12)10(13)5-8/h3-5,7H,6H2,1-2H3","OYTBMIGEHABKNW-UHFFFAOYSA-N"
37900043,"Ethyl 3-[(3,4-difluorophenyl)sulfanyl]propanoate",246.052612,"C11H12F2O2S","CCOC(=O)CCSc1ccc(c(c1)F)F","InChI=1S/C11H12F2O2S/c1-2-15-11(14)5-6-16-8-3-4-9(12)10(13)7-8/h3-4,7H,2,5-6H2,1H3","JDFWPDJPGBFLIQ-UHFFFAOYSA-N"
37938883,"1-(2,4-Difluorophenyl)-2-[(2-hydroxyethyl)sulfanyl]-1-propanone",246.052612,"C11H12F2O2S","CC(C(=O)c1ccc(cc1F)F)SCCO","InChI=1S/C11H12F2O2S/c1-7(16-5-4-14)11(15)9-3-2-8(12)6-10(9)13/h2-3,6-7,14H,4-5H2,1H3","JITYQKMMZMCQLJ-UHFFFAOYSA-N"
38110237,"5-[(3,4-Difluorophenyl)sulfanyl]pentanoic acid",246.052612,"C11H12F2O2S","c1cc(c(cc1SCCCCC(=O)O)F)F","InChI=1S/C11H12F2O2S/c12-9-5-4-8(7-10(9)13)16-6-2-1-3-11(14)15/h4-5,7H,1-3,6H2,(H,14,15)","XRPKFEOPGUPJGC-UHFFFAOYSA-N"
38110238,"2-[(3,4-Difluorophenyl)sulfanyl]-3-methylbutanoic acid",246.052612,"C11H12F2O2S","CC(C)C(C(=O)O)Sc1ccc(c(c1)F)F","InChI=1S/C11H12F2O2S/c1-6(2)10(11(14)15)16-7-3-4-8(12)9(13)5-7/h3-6,10H,1-2H3,(H,14,15)","VIDCAXPFRNRNOE-UHFFFAOYSA-N"
38110543,"5-[(2,5-Difluorophenyl)sulfanyl]pentanoic acid",246.052612,"C11H12F2O2S","c1cc(c(cc1F)SCCCCC(=O)O)F","InChI=1S/C11H12F2O2S/c12-8-4-5-9(13)10(7-8)16-6-2-1-3-11(14)15/h4-5,7H,1-3,6H2,(H,14,15)","GFYHIVDDRVQBBM-UHFFFAOYSA-N"
38110544,"2-[(2,5-Difluorophenyl)sulfanyl]-3-methylbutanoic acid",246.052612,"C11H12F2O2S","CC(C)C(C(=O)O)Sc1cc(ccc1F)F","InChI=1S/C11H12F2O2S/c1-6(2)10(11(14)15)16-9-5-7(12)3-4-8(9)13/h3-6,10H,1-2H3,(H,14,15)","FBAMGVHKOXLERF-UHFFFAOYSA-N"
38110547,"5-[(2,4-Difluorophenyl)sulfanyl]pentanoic acid",246.052612,"C11H12F2O2S","c1cc(c(cc1F)F)SCCCCC(=O)O","InChI=1S/C11H12F2O2S/c12-8-4-5-10(9(13)7-8)16-6-2-1-3-11(14)15/h4-5,7H,1-3,6H2,(H,14,15)","IRGSNUDLAZPUPE-UHFFFAOYSA-N"
38110548,"2-[(2,4-Difluorophenyl)sulfanyl]-3-methylbutanoic acid",246.052612,"C11H12F2O2S","CC(C)C(C(=O)O)Sc1ccc(cc1F)F","InChI=1S/C11H12F2O2S/c1-6(2)10(11(14)15)16-9-4-3-7(12)5-8(9)13/h3-6,10H,1-2H3,(H,14,15)","MOBFLBYCPXCYIG-UHFFFAOYSA-N"
38319485,"1-(2,4-Difluorophenyl)-2-[(2-methoxyethyl)sulfanyl]ethanone",246.052612,"C11H12F2O2S","COCCSCC(=O)c1ccc(cc1F)F","InChI=1S/C11H12F2O2S/c1-15-4-5-16-7-11(14)9-3-2-8(12)6-10(9)13/h2-3,6H,4-5,7H2,1H3","CAMFZVBDNJLGIB-UHFFFAOYSA-N"
38319502,"1-(2,5-Difluorophenyl)-2-[(2-methoxyethyl)sulfanyl]ethanone",246.052612,"C11H12F2O2S","COCCSCC(=O)c1cc(ccc1F)F","InChI=1S/C11H12F2O2S/c1-15-4-5-16-7-11(14)9-6-8(12)2-3-10(9)13/h2-3,6H,4-5,7H2,1H3","QLHNQJHDXXBNKI-UHFFFAOYSA-N"
38319521,"1-(3,4-Difluorophenyl)-2-[(2-methoxyethyl)sulfanyl]ethanone",246.052612,"C11H12F2O2S","COCCSCC(=O)c1ccc(c(c1)F)F","InChI=1S/C11H12F2O2S/c1-15-4-5-16-7-11(14)8-2-3-9(12)10(13)6-8/h2-3,6H,4-5,7H2,1H3","YZHDMPMOAXSFGF-UHFFFAOYSA-N"
38319527,"1-(2,6-Difluorophenyl)-2-[(2-methoxyethyl)sulfanyl]ethanone",246.052612,"C11H12F2O2S","COCCSCC(=O)c1c(cccc1F)F","InChI=1S/C11H12F2O2S/c1-15-5-6-16-7-10(14)11-8(12)3-2-4-9(11)13/h2-4H,5-7H2,1H3","KHOKAFGIWJUMLM-UHFFFAOYSA-N"
38319681,"1-(3,4-Difluorophenyl)-2-[(2-hydroxyethyl)sulfanyl]-1-propanone",246.052612,"C11H12F2O2S","CC(C(=O)c1ccc(c(c1)F)F)SCCO","InChI=1S/C11H12F2O2S/c1-7(16-5-4-14)11(15)8-2-3-9(12)10(13)6-8/h2-3,6-7,14H,4-5H2,1H3","UPFSHPVHHLHVBH-UHFFFAOYSA-N"
38446125,"N~2~-[(2-Hydrazino-5-pyrimidinyl)sulfonyl]glycinamide",246.053513,"C6H10N6O3S","c1c(cnc(n1)NN)S(=O)(=O)NCC(=O)N","InChI=1S/C6H10N6O3S/c7-5(13)3-11-16(14,15)4-1-9-6(12-8)10-2-4/h1-2,11H,3,8H2,(H2,7,13)(H,9,10,12)","XEFKPMGIBZYWOA-UHFFFAOYSA-N"
38949612,"2-Chloro-N-{[(3-methyl-1,2,4-oxadiazol-5-yl)methyl]carbamoyl}propanamide",246.051971,"C8H11ClN4O3","Cc1nc(on1)CNC(=O)NC(=O)C(C)Cl","InChI=1S/C8H11ClN4O3/c1-4(9)7(14)12-8(15)10-3-6-11-5(2)13-16-6/h4H,3H2,1-2H3,(H2,10,12,14,15)","VNMWSTDVQWSZBZ-UHFFFAOYSA-N"
38949613,"3-Chloro-N-{[(3-methyl-1,2,4-oxadiazol-5-yl)methyl]carbamoyl}propanamide",246.051971,"C8H11ClN4O3","Cc1nc(on1)CNC(=O)NC(=O)CCCl","InChI=1S/C8H11ClN4O3/c1-5-11-7(16-13-5)4-10-8(15)12-6(14)2-3-9/h2-4H2,1H3,(H2,10,12,14,15)","KKPUMUNVEUYPFE-UHFFFAOYSA-N"
39752314,"5-[(4-Formylphenoxy)methyl]-3-furoic acid",246.052826,"C13H10O5","c1cc(ccc1C=O)OCc2cc(co2)C(=O)O","InChI=1S/C13H10O5/c14-6-9-1-3-11(4-2-9)18-8-12-5-10(7-17-12)13(15)16/h1-7H,8H2,(H,15,16)","VCEYMTVNJGGWST-UHFFFAOYSA-N"
39821217,"1-[(6-Chloro-5-nitro-4-pyrimidinyl)(methyl)amino]-2-propanol",246.051971,"C8H11ClN4O3","CC(CN(C)c1c(c(ncn1)Cl)[N+](=O)[O-])O","InChI=1S/C8H11ClN4O3/c1-5(14)3-12(2)8-6(13(15)16)7(9)10-4-11-8/h4-5,14H,3H2,1-2H3","GYWLHFGKFKOPSM-UHFFFAOYSA-N"
39891729,"4-[(3,4-Difluorophenyl)sulfanyl]pentanoic acid",246.052612,"C11H12F2O2S","CC(CCC(=O)O)Sc1ccc(c(c1)F)F","InChI=1S/C11H12F2O2S/c1-7(2-5-11(14)15)16-8-3-4-9(12)10(13)6-8/h3-4,6-7H,2,5H2,1H3,(H,14,15)","CBKHWCOEZQAGOA-UHFFFAOYSA-N"
39891732,"4-[(2,5-Difluorophenyl)sulfanyl]pentanoic acid",246.052612,"C11H12F2O2S","CC(CCC(=O)O)Sc1cc(ccc1F)F","InChI=1S/C11H12F2O2S/c1-7(2-5-11(14)15)16-10-6-8(12)3-4-9(10)13/h3-4,6-7H,2,5H2,1H3,(H,14,15)","AGSASIAHFVRISM-UHFFFAOYSA-N"
39891733,"4-[(2,4-Difluorophenyl)sulfanyl]pentanoic acid",246.052612,"C11H12F2O2S","CC(CCC(=O)O)Sc1ccc(cc1F)F","InChI=1S/C11H12F2O2S/c1-7(2-5-11(14)15)16-10-4-3-8(12)6-9(10)13/h3-4,6-7H,2,5H2,1H3,(H,14,15)","XDJPUFAMFAIZCP-UHFFFAOYSA-N"
40177017,"3-[(3,4-Difluorophenyl)sulfanyl]pentanoic acid",246.052612,"C11H12F2O2S","CCC(CC(=O)O)Sc1ccc(c(c1)F)F","InChI=1S/C11H12F2O2S/c1-2-7(6-11(14)15)16-8-3-4-9(12)10(13)5-8/h3-5,7H,2,6H2,1H3,(H,14,15)","ZAFLBHVHHYKUOO-UHFFFAOYSA-N"
40177029,"3-[(2,4-Difluorophenyl)sulfanyl]pentanoic acid",246.052612,"C11H12F2O2S","CCC(CC(=O)O)Sc1ccc(cc1F)F","InChI=1S/C11H12F2O2S/c1-2-8(6-11(14)15)16-10-4-3-7(12)5-9(10)13/h3-5,8H,2,6H2,1H3,(H,14,15)","OIFZBDCEPYQSCL-UHFFFAOYSA-N"
40177092,"3-[(2,5-Difluorophenyl)sulfanyl]pentanoic acid",246.052612,"C11H12F2O2S","CCC(CC(=O)O)Sc1cc(ccc1F)F","InChI=1S/C11H12F2O2S/c1-2-8(6-11(14)15)16-10-5-7(12)3-4-9(10)13/h3-5,8H,2,6H2,1H3,(H,14,15)","AIPMCUMGCGXSAP-UHFFFAOYSA-N"
40386773,"Methyl N-(4-chloro-6-methoxy-1,3,5-triazin-2-yl)alaninate",246.051971,"C8H11ClN4O3","CC(C(=O)OC)Nc1nc(nc(n1)Cl)OC","InChI=1S/C8H11ClN4O3/c1-4(5(14)15-2)10-7-11-6(9)12-8(13-7)16-3/h4H,1-3H3,(H,10,11,12,13)","RAUVRFZXASSNBR-UHFFFAOYSA-N"
40386811,"Ethyl N-(4-chloro-6-methoxy-1,3,5-triazin-2-yl)glycinate",246.051971,"C8H11ClN4O3","CCOC(=O)CNc1nc(nc(n1)Cl)OC","InChI=1S/C8H11ClN4O3/c1-3-16-5(14)4-10-7-11-6(9)12-8(13-7)15-2/h3-4H2,1-2H3,(H,10,11,12,13)","GEZXWQQFUQQVNP-UHFFFAOYSA-N"
40386855,"Methyl N-(4-chloro-6-methoxy-1,3,5-triazin-2-yl)-beta-alaninate",246.051971,"C8H11ClN4O3","COc1nc(nc(n1)Cl)NCCC(=O)OC","InChI=1S/C8H11ClN4O3/c1-15-5(14)3-4-10-7-11-6(9)12-8(13-7)16-2/h3-4H2,1-2H3,(H,10,11,12,13)","JIKNGVGIVGNBAD-UHFFFAOYSA-N"
40387361,"Methyl N-(4-chloro-6-methoxy-1,3,5-triazin-2-yl)-N-methylglycinate",246.051971,"C8H11ClN4O3","CN(CC(=O)OC)c1nc(nc(n1)Cl)OC","InChI=1S/C8H11ClN4O3/c1-13(4-5(14)15-2)7-10-6(9)11-8(12-7)16-3/h4H2,1-3H3","AZSASOCBFVVGLU-UHFFFAOYSA-N"
40565262,"5-(2,3-Dihydro-1,4-benzodioxin-6-yl)-2-furoic acid",246.052826,"C13H10O5","c1cc2c(cc1c3ccc(o3)C(=O)O)OCCO2","InChI=1S/C13H10O5/c14-13(15)11-4-3-9(18-11)8-1-2-10-12(7-8)17-6-5-16-10/h1-4,7H,5-6H2,(H,14,15)","UFKKDBVXCJLIRH-UHFFFAOYSA-N"
40910016,"4-{5-[(2,2-Difluoroethoxy)methyl]-3-thienyl}-3-butyn-1-ol",246.052612,"C11H12F2O2S","c1c(csc1COCC(F)F)C#CCCO","InChI=1S/C11H12F2O2S/c12-11(13)7-15-6-10-5-9(8-16-10)3-1-2-4-14/h5,8,11,14H,2,4,6-7H2","IJYUCEGMHYLUEU-UHFFFAOYSA-N"
40910017,"4-{2-[(2,2-Difluoroethoxy)methyl]-3-thienyl}-3-butyn-1-ol",246.052612,"C11H12F2O2S","c1csc(c1C#CCCO)COCC(F)F","InChI=1S/C11H12F2O2S/c12-11(13)8-15-7-10-9(4-6-16-10)3-1-2-5-14/h4,6,11,14H,2,5,7-8H2","ONYYMCXKIAHHKG-UHFFFAOYSA-N"
41128479,"1-(1,1-Dioxidotetrahydro-3-thiophenyl)-4,4,4-trifluoro-1-butanol",246.053741,"C8H13F3O3S","C1CS(=O)(=O)CC1C(CCC(F)(F)F)O","InChI=1S/C8H13F3O3S/c9-8(10,11)3-1-7(12)6-2-4-15(13,14)5-6/h6-7,12H,1-5H2","VSPQZWRAHSICGP-UHFFFAOYSA-N"
41485451,"Methyl 3-[(3,4-difluorophenyl)sulfanyl]butanoate",246.052612,"C11H12F2O2S","CC(CC(=O)OC)Sc1ccc(c(c1)F)F","InChI=1S/C11H12F2O2S/c1-7(5-11(14)15-2)16-8-3-4-9(12)10(13)6-8/h3-4,6-7H,5H2,1-2H3","MRJMFQPMFVRAOO-UHFFFAOYSA-N"
41485455,"Methyl 3-[(2,5-difluorophenyl)sulfanyl]butanoate",246.052612,"C11H12F2O2S","CC(CC(=O)OC)Sc1cc(ccc1F)F","InChI=1S/C11H12F2O2S/c1-7(5-11(14)15-2)16-10-6-8(12)3-4-9(10)13/h3-4,6-7H,5H2,1-2H3","HUDGOEYCPWEXRH-UHFFFAOYSA-N"
41485456,"Methyl 3-[(2,4-difluorophenyl)sulfanyl]butanoate",246.052612,"C11H12F2O2S","CC(CC(=O)OC)Sc1ccc(cc1F)F","InChI=1S/C11H12F2O2S/c1-7(5-11(14)15-2)16-10-4-3-8(12)6-9(10)13/h3-4,6-7H,5H2,1-2H3","JVRCAUQKPZUJID-UHFFFAOYSA-N"
41704292,"7,7,7-Trifluoro-2-(methylsulfonyl)-3-heptanone",246.053741,"C8H13F3O3S","CC(C(=O)CCCC(F)(F)F)S(=O)(=O)C","InChI=1S/C8H13F3O3S/c1-6(15(2,13)14)7(12)4-3-5-8(9,10)11/h6H,3-5H2,1-2H3","OUTHYWAUGUCECV-UHFFFAOYSA-N"
41810143,"3,5-Difluoro-4-[3-(methylsulfanyl)propoxy]benzaldehyde",246.052612,"C11H12F2O2S","CSCCCOc1c(cc(cc1F)C=O)F","InChI=1S/C11H12F2O2S/c1-16-4-2-3-15-11-9(12)5-8(7-14)6-10(11)13/h5-7H,2-4H2,1H3","PCYCIMIODZZKSG-UHFFFAOYSA-N"
42345303,"4-[2-(Ethylsulfanyl)ethoxy]-3,5-difluorobenzaldehyde",246.052612,"C11H12F2O2S","CCSCCOc1c(cc(cc1F)C=O)F","InChI=1S/C11H12F2O2S/c1-2-16-4-3-15-11-9(12)5-8(7-14)6-10(11)13/h5-7H,2-4H2,1H3","DHLMKMKJAYRXSC-UHFFFAOYSA-N"
42824144,"N~2~-[5-Chloro-1-(2-hydroxyethyl)-6-oxo-1,6-dihydro-4-pyridazinyl]glycinamide",246.051971,"C8H11ClN4O3","c1c(c(c(=O)n(n1)CCO)Cl)NCC(=O)N","InChI=1S/C8H11ClN4O3/c9-7-5(11-4-6(10)15)3-12-13(1-2-14)8(7)16/h3,11,14H,1-2,4H2,(H2,10,15)","QFXWEDZPAWMXHP-UHFFFAOYSA-N"
43045583,"2-[(5-Chloro-1-methyl-6-oxo-1,6-dihydro-4-pyridazinyl)amino]ethyl carbamate",246.051971,"C8H11ClN4O3","Cn1c(=O)c(c(cn1)NCCOC(=O)N)Cl","InChI=1S/C8H11ClN4O3/c1-13-7(14)6(9)5(4-12-13)11-2-3-16-8(10)15/h4,11H,2-3H2,1H3,(H2,10,15)","HNMDPBXDZRWUGH-UHFFFAOYSA-N"
541887,"4,5-Diethyl-2,2,3-trimethyl-1,2,5-selenasilaborolane-3,4-diide",246.052521,"C9H19BSeSi","B1([C-]([C-]([Si]([Se]1)(C)C)C)CC)CC","InChI=1S/C9H19BSeSi/c1-6-9-8(3)12(4,5)11-10(9)7-2/h6-7H2,1-5H3/q-2","CZNMISNAZQQDQQ-UHFFFAOYSA-N"
1572885,"3-(2-Amino-2-oxoethyl)-4-oxo-3,4-dihydro-1-phthalazinecarboxylate",246.052032,"C11H8N3O4","c1ccc2c(c1)c(nn(c2=O)CC(=O)N)C(=O)[O-]","InChI=1S/C11H9N3O4/c12-8(15)5-14-10(16)7-4-2-1-3-6(7)9(13-14)11(17)18/h1-4H,5H2,(H2,12,15)(H,17,18)/p-1","AWEBXVWWCOWPQP-UHFFFAOYSA-M"
1765793,"[(S)-Ammonio(3,4-dimethoxyphenyl)methyl]phosphonate",246.05368,"C9H13NO5P","COc1ccc(cc1OC)[C@@H]([NH3+])P(=O)([O-])[O-]","InChI=1S/C9H14NO5P/c1-14-7-4-3-6(5-8(7)15-2)9(10)16(11,12)13/h3-5,9H,10H2,1-2H3,(H2,11,12,13)/p-1/t9-/m0/s1","AMMIPTZQPRJUAU-VIFPVBQESA-M"
1765796,"[(R)-Ammonio(3,4-dimethoxyphenyl)methyl]phosphonate",246.05368,"C9H13NO5P","COc1ccc(cc1OC)[C@H]([NH3+])P(=O)([O-])[O-]","InChI=1S/C9H14NO5P/c1-14-7-4-3-6(5-8(7)15-2)9(10)16(11,12)13/h3-5,9H,10H2,1-2H3,(H2,11,12,13)/p-1/t9-/m1/s1","AMMIPTZQPRJUAU-SECBINFHSA-M"
1811655,"4-[(3-Nitro-1H-pyrazol-1-yl)methyl]benzoate",246.052032,"C11H8N3O4","c1cc(ccc1Cn2ccc(n2)[N+](=O)[O-])C(=O)[O-]","InChI=1S/C11H9N3O4/c15-11(16)9-3-1-8(2-4-9)7-13-6-5-10(12-13)14(17)18/h1-6H,7H2,(H,15,16)/p-1","DBMACUOANYJOMN-UHFFFAOYSA-M"
1882207,"(4-Carbamoyl-1-oxo-2(1H)-phthalazinyl)acetate",246.052032,"C11H8N3O4","c1ccc2c(c1)c(nn(c2=O)CC(=O)[O-])C(=O)N","InChI=1S/C11H9N3O4/c12-10(17)9-6-3-1-2-4-7(6)11(18)14(13-9)5-8(15)16/h1-4H,5H2,(H2,12,17)(H,15,16)/p-1","GRDZGLIHJSPUIL-UHFFFAOYSA-M"
3024885,"[(2-Oxo-1-pyrrolidinyl)methyl](5-oxotetrahydro-3-furanyl)phosphinate",246.05368,"C9H13NO5P","C1CC(=O)N(C1)CP(=O)(C2CC(=O)OC2)[O-]","InChI=1S/C9H14NO5P/c11-8-2-1-3-10(8)6-16(13,14)7-4-9(12)15-5-7/h7H,1-6H2,(H,13,14)/p-1","TWGZMJXSKBBEGD-UHFFFAOYSA-M"
3931222,"3-[(4-Nitro-1H-pyrazol-1-yl)methyl]benzoate",246.052032,"C11H8N3O4","c1cc(cc(c1)C(=O)[O-])Cn2cc(cn2)[N+](=O)[O-]","InChI=1S/C11H9N3O4/c15-11(16)9-3-1-2-8(4-9)6-13-7-10(5-12-13)14(17)18/h1-5,7H,6H2,(H,15,16)/p-1","QDXCLKKKDQFNQR-UHFFFAOYSA-M"
3932059,"4-[(4-Nitro-1H-pyrazol-1-yl)methyl]benzoate",246.052032,"C11H8N3O4","c1cc(ccc1Cn2cc(cn2)[N+](=O)[O-])C(=O)[O-]","InChI=1S/C11H9N3O4/c15-11(16)9-3-1-8(2-4-9)6-13-7-10(5-12-13)14(17)18/h1-5,7H,6H2,(H,15,16)/p-1","RXZUBSJMBVABMA-UHFFFAOYSA-M"
5036178,"2-[(Z)-2-(3,4-Dihydroxyphenyl)vinyl]-6-hydroxy-4H-pyran-4-one",246.052826,"C13H10O5","c1cc(c(cc1/C=C\c2cc(=O)cc(o2)O)O)O","InChI=1S/C13H10O5/c14-9-6-10(18-13(17)7-9)3-1-8-2-4-11(15)12(16)5-8/h1-7,15-17H/b3-1-","QISBNGLMCHHHFG-IWQZZHSRSA-N"
5356412,"1-Benzyl-3-nitro-1H-pyrazole-5-carboxylate",246.052032,"C11H8N3O4","[O-][N+](=O)c1nn(c(c1)C([O-])=O)Cc2ccccc2","InChI=1S/C11H9N3O4/c15-11(16)9-6-10(14(17)18)12-13(9)7-8-4-2-1-3-5-8/h1-6H,7H2,(H,15,16)/p-1","GOCFKHJXPFKGHX-UHFFFAOYSA-M"
5380437,"2-[(4-Nitro-1H-pyrazol-1-yl)methyl]benzoate",246.052032,"C11H8N3O4","[O-]C(=O)c1ccccc1Cn2ncc(c2)[N+]([O-])=O","InChI=1S/C11H9N3O4/c15-11(16)10-4-2-1-3-8(10)6-13-7-9(5-12-13)14(17)18/h1-5,7H,6H2,(H,15,16)/p-1","VZAQMWCFGKUZAB-UHFFFAOYSA-M"
5381911,"3-[(5-Methyl-1,2-oxazol-3-yl)carbamoyl]-2-pyridinecarboxylate",246.052032,"C11H8N3O4","O=C(Nc1noc(c1)C)c2cccnc2C([O-])=O","InChI=1S/C11H9N3O4/c1-6-5-8(14-18-6)13-10(15)7-3-2-4-12-9(7)11(16)17/h2-5H,1H3,(H,16,17)(H,13,14,15)/p-1","WKVNXKKXYJYPCW-UHFFFAOYSA-M"
5391357,"4-[(1E)-2-Cyano-3-(methylamino)-3-oxo-1-propen-1-yl]-2-nitrophenolate",246.052032,"C11H8N3O4","O=[N+]([O-])c1cc(ccc1[O-])\C=C(/C#N)C(=O)NC","InChI=1S/C11H9N3O4/c1-13-11(16)8(6-12)4-7-2-3-10(15)9(5-7)14(17)18/h2-5,15H,1H3,(H,13,16)/p-1/b8-4+","HDKSTULCLQLIMT-XBXARRHUSA-M"
5414511,"2-[(Z)-(3-Methyl-5-oxo-1,5-dihydro-4H-pyrazol-4-ylidene)methyl]-4-nitrophenolate",246.052032,"C11H8N3O4","O=C2C(=C\c1c([O-])ccc([N+]([O-])=O)c1)/C(=N\N2)C","InChI=1S/C11H9N3O4/c1-6-9(11(16)13-12-6)5-7-4-8(14(17)18)2-3-10(7)15/h2-5,15H,1H3,(H,13,16)/p-1/b9-5-","OIPKOPFPMRJBIZ-UITAMQMPSA-M"
5592216,"[(2E)-3-(3-Methoxyphenyl)-2-propen-1-ylidene]malonate",246.053925,"C13H10O5","[O-]C(=O)/C(C([O-])=O)=C\C=C\c1cc(OC)ccc1","InChI=1S/C13H12O5/c1-18-10-6-2-4-9(8-10)5-3-7-11(12(14)15)13(16)17/h2-8H,1H3,(H,14,15)(H,16,17)/p-2/b5-3+","MGLHHXROZCJFQL-HWKANZROSA-L"
5700791,"2-{(E)-[(5-Methyl-1,2-oxazol-3-yl)imino]methyl}-4-nitrophenolate",246.052032,"C11H8N3O4","[O-][N+](=O)c1cc(c([O-])cc1)/C=N/c2noc(c2)C","InChI=1S/C11H9N3O4/c1-7-4-11(13-18-7)12-6-8-5-9(14(16)17)2-3-10(8)15/h2-6,15H,1H3/p-1/b12-6+","GHHBANVFFHKWMM-WUXMJOGZSA-M"
8952163,"Diamino-N-{[5-(methoxycarbonyl)-1H-pyrrol-2-yl]carbonyl}methaniminium chloride",246.051971,"C8H11ClN4O3","[Cl-].O=C(c1ccc(C(=O)OC)n1)\[NH+]=C(/N)N","InChI=1S/C8H10N4O3.ClH/c1-15-7(14)5-3-2-4(11-5)6(13)12-8(9)10;/h2-3,11H,1H3,(H4,9,10,12,13);1H","GWCNDOGACBMLBC-UHFFFAOYSA-N"
9505692,"4-Methyl-2-[(4-methylphenyl)sulfanyl]benzenethiol",246.053696,"C14H14S2","S(c1ccc(cc1)C)c2cc(ccc2S)C","InChI=1S/C14H14S2/c1-10-3-6-12(7-4-10)16-14-9-11(2)5-8-13(14)15/h3-9,15H,1-2H3","JGAMZNAZYLCPEJ-UHFFFAOYSA-N"
10136332,"Sodium 2-(3,4-dihydroxycyclohexyl)ethanesulfonate",246.053787,"C8H15NaO5S","C1CC(C(CC1CCS(=O)(=O)[O-])O)O.[Na+]","InChI=1S/C8H16O5S.Na/c9-7-2-1-6(5-8(7)10)3-4-14(11,12)13;/h6-10H,1-5H2,(H,11,12,13);/q;+1/p-1","VKYXVDYSSMCOTN-UHFFFAOYSA-M"
10240539,"Ethyl 4,5-dioxo-2-phenyl-4,5-dihydro-3-furancarboxylate",246.052826,"C13H10O5","CCOC(=O)C1=C(OC(=O)C1=O)c2ccccc2","InChI=1S/C13H10O5/c1-2-17-12(15)9-10(14)13(16)18-11(9)8-6-4-3-5-7-8/h3-7H,2H2,1H3","RQJKFUUNGJSOID-UHFFFAOYSA-N"
10544628,"Methyl 4-hydroxy-2-oxo-6-phenyl-2H-pyran-3-carboxylate",246.052826,"C13H10O5","O=C(OC)\C1=C(/O)\C=C(/OC1=O)c2ccccc2","InChI=1S/C13H10O5/c1-17-12(15)11-9(14)7-10(18-13(11)16)8-5-3-2-4-6-8/h2-7,14H,1H3","GWOHZUSGDLXCPI-UHFFFAOYSA-N"
10559653,"1-(4-Hydroxy-2-oxo-2H-chromen-3-yl)-1,3-butanedione",246.052826,"C13H10O5","CC(=O)CC(=O)C\1=C(/O)c2ccccc2OC/1=O","InChI=1S/C13H10O5/c1-7(14)6-9(15)11-12(16)8-4-2-3-5-10(8)18-13(11)17/h2-5,16H,6H2,1H3","OSTKEWCVGRYJIB-UHFFFAOYSA-N"
10561887,"3-({(2E)-2-[(5-Nitro-2-furyl)methylene]hydrazino}carbonyl)-2,4-cyclopentadienide",246.052032,"C11H8N3O4","O=[N+]([O-])c2ccc(/C=N/NC(=O)c1c[c-]cc1)o2","InChI=1S/C11H7N3O4/c15-11(8-3-1-2-4-8)13-12-7-9-5-6-10(18-9)14(16)17/h1,3-7H,(H,13,15)/q-1/b12-7+","LMKXWWJCKFKUMK-KPKJPENVSA-N"
12966134,"2-(Methoxycarbonyl)phenyl 2-furoate",246.052826,"C13H10O5","COC(=O)c1ccccc1OC(=O)c2ccco2","InChI=1S/C13H10O5/c1-16-12(14)9-5-2-3-6-10(9)18-13(15)11-7-4-8-17-11/h2-8H,1H3","AZCYHCRIWFXNKD-UHFFFAOYSA-N"
14020982,"Isoeuxanthonic Acid",246.052826,"C13H10O5","c1cc(c(c(c1)O)C(=O)c2ccc(cc2O)O)O","InChI=1S/C13H10O5/c14-7-4-5-8(11(17)6-7)13(18)12-9(15)2-1-3-10(12)16/h1-6,14-17H","BXCCTBSOLIQYPG-UHFFFAOYSA-N"
15663854,"(5-Hydroxy-4-oxo-4H-pyran-2-yl)methyl benzoate",246.052826,"C13H10O5","c1ccc(cc1)C(=O)OCc2cc(=O)c(co2)O","InChI=1S/C13H10O5/c14-11-6-10(17-8-12(11)15)7-18-13(16)9-4-2-1-3-5-9/h1-6,8,15H,7H2","VXIKPSLGUZSZPG-UHFFFAOYSA-N"
17249813,"5-[(Benzyloxy)carbonyl]-2-furoic acid",246.052826,"C13H10O5","c1ccc(cc1)COC(=O)c2ccc(o2)C(=O)O","InChI=1S/C13H10O5/c14-12(15)10-6-7-11(18-10)13(16)17-8-9-4-2-1-3-5-9/h1-7H,8H2,(H,14,15)","MMJOSUGXCKBUQH-UHFFFAOYSA-N"
17285014,"8'H-Spiro[1,3-dioxolane-2,5'-naphtho[2,3-d][1,3]dioxol]-8'-one",246.052826,"C13H10O5","c1c2c(cc3c1OCO3)C4(C=CC2=O)OCCO4","InChI=1S/C13H10O5/c14-10-1-2-13(17-3-4-18-13)9-6-12-11(5-8(9)10)15-7-16-12/h1-2,5-6H,3-4,7H2","MBXVRFBCMUDGQV-UHFFFAOYSA-N"
19422580,"3-[(2E)-3-(2-Furyl)-2-propenoyl]-4-hydroxy-6-methyl-2H-pyran-2-one",246.052826,"C13H10O5","Cc1cc(c(c(=O)o1)C(=O)/C=C/c2ccco2)O","InChI=1S/C13H10O5/c1-8-7-11(15)12(13(16)18-8)10(14)5-4-9-3-2-6-17-9/h2-7,15H,1H3/b5-4+","JOKYBSHKGJXSGH-SNAWJCMRSA-N"
20086220,"4-Hydroxy-6-methyl-2-oxo-3-phenyl-2H-pyran-5-carboxylic acid",246.052826,"C13H10O5","Cc1c(c(c(c(=O)o1)c2ccccc2)O)C(=O)O","InChI=1S/C13H10O5/c1-7-9(12(15)16)11(14)10(13(17)18-7)8-5-3-2-4-6-8/h2-6,14H,1H3,(H,15,16)","AYCIAJVLWFLBBJ-UHFFFAOYSA-N"
20121062,"2-Benzoyl-3-hydroxy-6-(hydroxymethyl)-4H-pyran-4-one",246.052826,"C13H10O5","OC=2C(=O)/C=C(/CO)OC=2C(=O)c1ccccc1","InChI=1S/C13H10O5/c14-7-9-6-10(15)12(17)13(18-9)11(16)8-4-2-1-3-5-8/h1-6,14,17H,7H2","IEWFDZBYAUUDMW-UHFFFAOYSA-N"
21240995,"[3-(4-Chlorophenoxy)-2-hydroxypropoxy](oxo)methanaminium",246.052765,"C10H13ClNO4","c1cc(ccc1OCC(COC(=[NH2+])O)O)Cl","InChI=1S/C10H12ClNO4/c11-7-1-3-9(4-2-7)15-5-8(13)6-16-10(12)14/h1-4,8,13H,5-6H2,(H2,12,14)/p+1","SKPLBLUECSEIFO-UHFFFAOYSA-O"
21408664,"1-(Benzyldisulfanyl)-4-methylbenzene",246.053696,"C14H14S2","Cc1ccc(cc1)SSCc2ccccc2","InChI=1S/C14H14S2/c1-12-7-9-14(10-8-12)16-15-11-13-5-3-2-4-6-13/h2-10H,11H2,1H3","KWQLEOWKLGVAET-UHFFFAOYSA-N"
21416409,"5-Ethyl-3-(4-methylphenyl)-2H-thiopyran-2-thione",246.053696,"C14H14S2","CCc1cc(c(=S)sc1)c2ccc(cc2)C","InChI=1S/C14H14S2/c1-3-11-8-13(14(15)16-9-11)12-6-4-10(2)5-7-12/h4-9H,3H2,1-2H3","HEKUYBLASLZIKP-UHFFFAOYSA-N"
23107505,"9-(2-Hydroxyethoxy)-7H-furo[3,2-g]chromen-7-one",246.052826,"C13H10O5","c1cc(=O)oc2c1cc3ccoc3c2OCCO","InChI=1S/C13H10O5/c14-4-6-17-13-11-9(3-5-16-11)7-8-1-2-10(15)18-12(8)13/h1-3,5,7,14H,4,6H2","HUPKLLISRSOIBX-UHFFFAOYSA-N"
23140450,"4,9-Dimethoxy-5H-furo[3,2-g]chromen-5-one",246.052826,"C13H10O5","COc1c2ccoc2c(c3c1c(=O)cco3)OC","InChI=1S/C13H10O5/c1-15-10-7-3-5-17-11(7)13(16-2)12-9(10)8(14)4-6-18-12/h3-6H,1-2H3","NXQIHFAUMFVSSP-UHFFFAOYSA-N"
23327525,"8,9-Dihydroxy-6-methoxynaphtho[2,3-c]furan-1(3H)-one",246.052826,"C13H10O5","COc1cc2cc3c(c(c2c(c1)O)O)C(=O)OC3","InChI=1S/C13H10O5/c1-17-8-3-6-2-7-5-18-13(16)11(7)12(15)10(6)9(14)4-8/h2-4,14-15H,5H2,1H3","HOHPIALGJUPOAZ-UHFFFAOYSA-N"
24612091,"(2S)-2-Amino-4-{[(1R)-1-aminoethyl](hydroxy)phosphoryl}butanoic acid hydrochloride (1:1)",246.053619,"C6H16ClN2O4P","C[C@H](N)P(=O)(CC[C@@H](C(=O)O)N)O.Cl","InChI=1S/C6H15N2O4P.ClH/c1-4(7)13(11,12)3-2-5(8)6(9)10;/h4-5H,2-3,7-8H2,1H3,(H,9,10)(H,11,12);1H/t4-,5+;/m1./s1","UQLYWMMBBDDWEV-JBUOLDKXSA-N"
24621789,"(2S)-2-Amino-4-{[(1S)-1-aminoethyl](hydroxy)phosphoryl}butanoic acid hydrochloride (1:1)",246.053619,"C6H16ClN2O4P","C[C@@H](N)P(=O)(CC[C@@H](C(=O)O)N)O.Cl","InChI=1S/C6H15N2O4P.ClH/c1-4(7)13(11,12)3-2-5(8)6(9)10;/h4-5H,2-3,7-8H2,1H3,(H,9,10)(H,11,12);1H/t4-,5-;/m0./s1","UQLYWMMBBDDWEV-FHAQVOQBSA-N"
24781361,"2,6,8-Trihydroxy-9,9a-dihydro-3H-xanthen-3-one",246.052826,"C13H10O5","c1c(cc2c(c1O)CC3C=C(C(=O)C=C3O2)O)O","InChI=1S/C13H10O5/c14-7-3-9(15)8-1-6-2-10(16)11(17)5-12(6)18-13(8)4-7/h2-6,14-16H,1H2","WMJDXNVCVFCAIW-UHFFFAOYSA-N"
24820917,"3-(3-Hydroxy-1,4-dioxo-1,4-dihydro-2-naphthalenyl)propanoic acid",246.052826,"C13H10O5","c1ccc2c(c1)C(=O)C(=C(C2=O)O)CCC(=O)O","InChI=1S/C13H10O5/c14-10(15)6-5-9-11(16)7-3-1-2-4-8(7)12(17)13(9)18/h1-4,18H,5-6H2,(H,14,15)","VIOFDOQCCDMFCQ-UHFFFAOYSA-N"
26354318,"Methyl (2Z)-(3-hydroxy-5-oxo-4-phenyl-2(5H)-furanylidene)acetate",246.052826,"C13H10O5","COC(=O)/C=C\1/C(=C(C(=O)O1)c2ccccc2)O","InChI=1S/C13H10O5/c1-17-10(14)7-9-12(15)11(13(16)18-9)8-5-3-2-4-6-8/h2-7,15H,1H3/b9-7-","RLGJTZHOAFYTDY-CLFYSBASSA-N"
26356140,"6-[(Z)-2-(3,4-Dihydroxyphenyl)vinyl]-4-hydroxy-2H-pyran-2-one",246.052826,"C13H10O5","c1cc(c(cc1/C=C\c2cc(cc(=O)o2)O)O)O","InChI=1S/C13H10O5/c14-9-6-10(18-13(17)7-9)3-1-8-2-4-11(15)12(16)5-8/h1-7,14-16H/b3-1-","SGJNQVTUYXCBKH-IWQZZHSRSA-N"
26480661,"3-(6-Methyl-4-oxo-4H-chromen-2-yl)-3-oxopropanoic acid",246.052826,"C13H10O5","Cc1ccc2c(c1)c(=O)cc(o2)C(=O)CC(=O)O","InChI=1S/C13H10O5/c1-7-2-3-11-8(4-7)9(14)5-12(18-11)10(15)6-13(16)17/h2-5H,6H2,1H3,(H,16,17)","QCVHQJYJRZAJFJ-UHFFFAOYSA-N"
26555989,"3-[5-(Methoxycarbonyl)-2-furyl]benzoic acid",246.052826,"C13H10O5","COC(=O)c1ccc(o1)c2cccc(c2)C(=O)O","InChI=1S/C13H10O5/c1-17-13(16)11-6-5-10(18-11)8-3-2-4-9(7-8)12(14)15/h2-7H,1H3,(H,14,15)","WFOWPSINAKSJMJ-UHFFFAOYSA-N"
26574349,"(1R,2R)-1-[(1R)-1-Ammonio-2-methoxy-2-oxoethyl]-2-(hydroxymethyl)cyclopropanaminium dichloride",246.053802,"C7H16Cl2N2O3","COC(=O)[C@@H]([C@]1(C[C@H]1CO)[NH3+])[NH3+].[Cl-].[Cl-]","InChI=1S/C7H14N2O3.2ClH/c1-12-6(11)5(8)7(9)2-4(7)3-10;;/h4-5,10H,2-3,8-9H2,1H3;2*1H/t4-,5-,7+;;/m0../s1","HBVGPVHXCASFPE-GVPQIBTISA-N"
26996908,"7,8-Dihydroxy-3,6-dimethyl-1H-pyrano[4,3-b][1]benzofuran-1-one",246.052826,"C13H10O5","Cc1cc2c(c3cc(c(c(c3o2)C)O)O)c(=O)o1","InChI=1S/C13H10O5/c1-5-3-9-10(13(16)17-5)7-4-8(14)11(15)6(2)12(7)18-9/h3-4,14-15H,1-2H3","BMJUCLFEGCYYSA-UHFFFAOYSA-N"
26997776,"1H-Pyrrole-1-hexanoic acid, 2,5-dihydro-2,5-dioxo-, chloride (1:1)",246.053864,"C10H13ClNO4","C1=CC(=O)N(C1=O)CCCCCC(=O)O.[Cl-]","InChI=1S/C10H13NO4.ClH/c12-8-5-6-9(13)11(8)7-3-1-2-4-10(14)15;/h5-6H,1-4,7H2,(H,14,15);1H/p-1","RGTUTDCJZRNQHL-UHFFFAOYSA-M"
28283024,"6,9-Dimethoxy-7H-furo[3,2-g]chromen-7-one",246.052826,"C13H10O5","COc1cc2cc3ccoc3c(c2oc1=O)OC","InChI=1S/C13H10O5/c1-15-9-6-8-5-7-3-4-17-10(7)12(16-2)11(8)18-13(9)14/h3-6H,1-2H3","XMAACIOVOFLIMM-UHFFFAOYSA-N"
28556227,"(2E)-3-(6-Methoxy-2-oxo-2H-chromen-3-yl)acrylic acid",246.052826,"C13H10O5","COc1ccc2c(c1)cc(c(=O)o2)/C=C/C(=O)O","InChI=1S/C13H10O5/c1-17-10-3-4-11-9(7-10)6-8(13(16)18-11)2-5-12(14)15/h2-7H,1H3,(H,14,15)/b5-2+","SHAQUVGKFUZHSI-GORDUTHDSA-N"
28578418,"3,3'-Dimethyl-2,2'-biphenyldithiol",246.053696,"C14H14S2","Cc1cccc(c1S)c2cccc(c2S)C","InChI=1S/C14H14S2/c1-9-5-3-7-11(13(9)15)12-8-4-6-10(2)14(12)16/h3-8,15-16H,1-2H3","HNDCHLYDFBZPAV-UHFFFAOYSA-N"
28717296,"1-Hepten-2-yl trifluoromethanesulfonate",246.053741,"C8H13F3O3S","CCCCCC(=C)OS(=O)(=O)C(F)(F)F","InChI=1S/C8H13F3O3S/c1-3-4-5-6-7(2)14-15(12,13)8(9,10)11/h2-6H2,1H3","YPQOVFNQUGNYFD-UHFFFAOYSA-N"
29325935,"3-(5-Formyl-2-furyl)-4-methoxybenzoic acid",246.052826,"C13H10O5","COc1ccc(cc1c2ccc(o2)C=O)C(=O)O","InChI=1S/C13H10O5/c1-17-11-4-2-8(13(15)16)6-10(11)12-5-3-9(7-14)18-12/h2-7H,1H3,(H,15,16)","MTZWGKZPLKWYEC-UHFFFAOYSA-N"
29338441,"2,2'-(1,2-Ethanediyl)dibenzenethiol",246.053696,"C14H14S2","c1ccc(c(c1)CCc2ccccc2S)S","InChI=1S/C14H14S2/c15-13-7-3-1-5-11(13)9-10-12-6-2-4-8-14(12)16/h1-8,15-16H,9-10H2","IDZQBGKWFUEQSV-UHFFFAOYSA-N"
30777576,"7-(Hydroxymethyl)-4-methoxy-5H-furo[2,3-g]isochromen-5-one",246.052826,"C13H10O5","COc1c2ccoc2cc3c1c(=O)oc(c3)CO","InChI=1S/C13H10O5/c1-16-12-9-2-3-17-10(9)5-7-4-8(6-14)18-13(15)11(7)12/h2-5,14H,6H2,1H3","KFOFBVHBCDBMPK-UHFFFAOYSA-N"
31004356,"(5E)-5-(1,3-Benzodioxol-5-ylmethylene)-4-methoxy-2(5H)-furanone",246.052826,"C13H10O5","COC\1=CC(=O)O/C1=C/c2ccc3c(c2)OCO3","InChI=1S/C13H10O5/c1-15-10-6-13(14)18-12(10)5-8-2-3-9-11(4-8)17-7-16-9/h2-6H,7H2,1H3/b12-5+","GDKBHALBJARBSS-LFYBBSHMSA-N"
31010162,"4-[(5-Methyl-2-furoyl)oxy]benzoic acid",246.052826,"C13H10O5","Cc1ccc(o1)C(=O)Oc2ccc(cc2)C(=O)O","InChI=1S/C13H10O5/c1-8-2-7-11(17-8)13(16)18-10-5-3-9(4-6-10)12(14)15/h2-7H,1H3,(H,14,15)","FAPCPNKRGXBXAC-UHFFFAOYSA-N"
31109477,"(4-Methyl-2,5-dioxo-2,5-dihydro-3-furanyl)methyl benzoate",246.052826,"C13H10O5","CC1=C(C(=O)OC1=O)COC(=O)c2ccccc2","InChI=1S/C13H10O5/c1-8-10(13(16)18-11(8)14)7-17-12(15)9-5-3-2-4-6-9/h2-6H,7H2,1H3","UGBQFJBACDBWPQ-UHFFFAOYSA-N"
31113700,"2-[(E)-2-(3,4-Dihydroxyphenyl)vinyl]-5-hydroxy-4H-pyran-4-one",246.052826,"C13H10O5","c1cc(c(cc1/C=C/c2cc(=O)c(co2)O)O)O","InChI=1S/C13H10O5/c14-10-4-2-8(5-11(10)15)1-3-9-6-12(16)13(17)7-18-9/h1-7,14-15,17H/b3-1+","OXUWEEULKCXKJC-HNQUOIGGSA-N"
31142602,"Sodium 1-hydroxy-3-oxo-1-octanesulfonate",246.053787,"C8H15NaO5S","CCCCCC(=O)CC(O)S(=O)(=O)[O-].[Na+]","InChI=1S/C8H16O5S.Na/c1-2-3-4-5-7(9)6-8(10)14(11,12)13;/h8,10H,2-6H2,1H3,(H,11,12,13);/q;+1/p-1","ADMQBOGJUJLIOE-UHFFFAOYSA-M"
31413947,"Methyl 2-[(2,3-difluorobenzyl)sulfanyl]propanoate",246.052612,"C11H12F2O2S","CC(C(=O)OC)SCc1cccc(c1F)F","InChI=1S/C11H12F2O2S/c1-7(11(14)15-2)16-6-8-4-3-5-9(12)10(8)13/h3-5,7H,6H2,1-2H3","BGXRSPXBLBOHJU-UHFFFAOYSA-N"
31428944,"Propyl 4-[(difluoromethyl)sulfanyl]benzoate",246.052612,"C11H12F2O2S","CCCOC(=O)c1ccc(cc1)SC(F)F","InChI=1S/C11H12F2O2S/c1-2-7-15-10(14)8-3-5-9(6-4-8)16-11(12)13/h3-6,11H,2,7H2,1H3","HNQBZOBKXLSRAB-UHFFFAOYSA-N"
31521187,"Ethyl [(2,3-difluorobenzyl)sulfanyl]acetate",246.052612,"C11H12F2O2S","CCOC(=O)CSCc1cccc(c1F)F","InChI=1S/C11H12F2O2S/c1-2-15-10(14)7-16-6-8-4-3-5-9(12)11(8)13/h3-5H,2,6-7H2,1H3","HNIWSEBABLVCPW-UHFFFAOYSA-N"
32418737,"{4-[(4-Chlorobutanoyl)amino]-1H-1,2,3-triazol-1-yl}acetic acid",246.051971,"C8H11ClN4O3","c1c(nnn1CC(=O)O)NC(=O)CCCCl","InChI=1S/C8H11ClN4O3/c9-3-1-2-7(14)10-6-4-13(12-11-6)5-8(15)16/h4H,1-3,5H2,(H,10,14)(H,15,16)","AYAMLOQOROACIR-UHFFFAOYSA-N"
32418738,"{4-[(4-Chlorobutanoyl)amino]-2H-1,2,3-triazol-2-yl}acetic acid",246.051971,"C8H11ClN4O3","c1c(nn(n1)CC(=O)O)NC(=O)CCCCl","InChI=1S/C8H11ClN4O3/c9-3-1-2-7(14)11-6-4-10-13(12-6)5-8(15)16/h4H,1-3,5H2,(H,15,16)(H,11,12,14)","ALHJIEHLWZBBQY-UHFFFAOYSA-N"
32681345,"5,5',6,6'-Tetrahydro-4H,4'H-6,6'-bicyclopenta[b]thiophene",246.053696,"C14H14S2","c1csc2c1CCC2C3CCc4c3scc4","InChI=1S/C14H14S2/c1-3-11(13-9(1)5-7-15-13)12-4-2-10-6-8-16-14(10)12/h5-8,11-12H,1-4H2","HAYYXGOBDJOTFX-UHFFFAOYSA-N"
34218100,"{3-[(1E)-3-Oxo-1-buten-1-yl]-1-benzothiophen-2-yl}boronic acid",246.0522,"C12H11BO3S","B(c1c(c2ccccc2s1)/C=C/C(=O)C)(O)O","InChI=1S/C12H11BO3S/c1-8(14)6-7-10-9-4-2-3-5-11(9)17-12(10)13(15)16/h2-7,15-16H,1H3/b7-6+","SVEZHNFFVFGEDX-VOTSOKGWSA-N"
34272839,"4-[4-(Methoxycarbonyl)-2-furyl]benzoic acid",246.052826,"C13H10O5","COC(=O)c1cc(oc1)c2ccc(cc2)C(=O)O","InChI=1S/C13H10O5/c1-17-13(16)10-6-11(18-7-10)8-2-4-9(5-3-8)12(14)15/h2-7H,1H3,(H,14,15)","USPFQAAYZUKTNN-UHFFFAOYSA-N"
34973859,"7-Acetyl-8-hydroxy-6-methyl-1,2,4(3H)-naphthalenetrione",246.052826,"C13H10O5","Cc1cc2c(c(c1C(=O)C)O)C(=O)C(=O)CC2=O","InChI=1S/C13H10O5/c1-5-3-7-8(15)4-9(16)12(17)11(7)13(18)10(5)6(2)14/h3,18H,4H2,1-2H3","SOAJKGNKTHIIIJ-UHFFFAOYSA-N"
35492896,"(1-Ethylcyclobutyl)methyl trifluoromethanesulfonate",246.053741,"C8H13F3O3S","CCC1(CCC1)COS(=O)(=O)C(F)(F)F","InChI=1S/C8H13F3O3S/c1-2-7(4-3-5-7)6-14-15(12,13)8(9,10)11/h2-6H2,1H3","BMBBAHJQWXWDQX-UHFFFAOYSA-N"
35492904,"(1,3-Dimethylcyclobutyl)methyl trifluoromethanesulfonate",246.053741,"C8H13F3O3S","CC1CC(C1)(C)COS(=O)(=O)C(F)(F)F","InChI=1S/C8H13F3O3S/c1-6-3-7(2,4-6)5-14-15(12,13)8(9,10)11/h6H,3-5H2,1-2H3","XSJJFQXDCDVIKW-UHFFFAOYSA-N"
35529473,"(2,4-Difluorophenyl)(1,4-oxathian-2-yl)methanol",246.052612,"C11H12F2O2S","c1cc(c(cc1F)F)C(C2CSCCO2)O","InChI=1S/C11H12F2O2S/c12-7-1-2-8(9(13)5-7)11(14)10-6-16-4-3-15-10/h1-2,5,10-11,14H,3-4,6H2","LVVMCKYEFNVMSQ-UHFFFAOYSA-N"
35529541,"(2,6-Difluorophenyl)(1,4-oxathian-2-yl)methanol",246.052612,"C11H12F2O2S","c1cc(c(c(c1)F)C(C2CSCCO2)O)F","InChI=1S/C11H12F2O2S/c12-7-2-1-3-8(13)10(7)11(14)9-6-16-5-4-15-9/h1-3,9,11,14H,4-6H2","CMLBIQJSZZKEDT-UHFFFAOYSA-N"
35529666,"(2,5-Difluorophenyl)(1,4-oxathian-2-yl)methanol",246.052612,"C11H12F2O2S","c1cc(c(cc1F)C(C2CSCCO2)O)F","InChI=1S/C11H12F2O2S/c12-7-1-2-9(13)8(5-7)11(14)10-6-16-4-3-15-10/h1-2,5,10-11,14H,3-4,6H2","QDXVVSSEKZAGAR-UHFFFAOYSA-N"
35529681,"(3,4-Difluorophenyl)(1,4-oxathian-2-yl)methanol",246.052612,"C11H12F2O2S","c1cc(c(cc1C(C2CSCCO2)O)F)F","InChI=1S/C11H12F2O2S/c12-8-2-1-7(5-9(8)13)11(14)10-6-16-4-3-15-10/h1-2,5,10-11,14H,3-4,6H2","CCUFNLSUAYCTTD-UHFFFAOYSA-N"
35605840,"5-[2-Fluoro-3-(trifluoromethyl)phenyl]-4H-1,2,4-triazol-3-amine",246.052856,"C9H6F4N4","c1cc(c(c(c1)C(F)(F)F)F)c2[nH]c(nn2)N","InChI=1S/C9H6F4N4/c10-6-4(7-15-8(14)17-16-7)2-1-3-5(6)9(11,12)13/h1-3H,(H3,14,15,16,17)","PNQKYOWGEUYUKX-UHFFFAOYSA-N"
35625563,"2,3,5,6-Tetrafluoro-N-(1-methyl-1H-pyrazol-3-yl)-4-pyridinamine",246.052856,"C9H6F4N4","Cn1ccc(n1)Nc2c(c(nc(c2F)F)F)F","InChI=1S/C9H6F4N4/c1-17-3-2-4(16-17)14-7-5(10)8(12)15-9(13)6(7)11/h2-3H,1H3,(H,14,15,16)","LEMNKOJPVBTKCI-UHFFFAOYSA-N"
35760961,"1,1,1-Trifluoro-7-(methylsulfonyl)-4-heptanone",246.053741,"C8H13F3O3S","CS(=O)(=O)CCCC(=O)CCC(F)(F)F","InChI=1S/C8H13F3O3S/c1-15(13,14)6-2-3-7(12)4-5-8(9,10)11/h2-6H2,1H3","NMJBUBBGFPIVOP-UHFFFAOYSA-N"
35797155,"4-Methoxy-5,8-dioxo-5,8-dihydro-1-naphthalenyl acetate",246.052826,"C13H10O5","CC(=O)Oc1ccc(c2c1C(=O)C=CC2=O)OC","InChI=1S/C13H10O5/c1-7(14)18-11-6-5-10(17-2)12-8(15)3-4-9(16)13(11)12/h3-6H,1-2H3","IVQYPWAYMLKHQL-UHFFFAOYSA-N"
35806974,"(1R,3S,4S)-1,7,7-Trimethyl-3-(methylselanyl)bicyclo[2.2.1]heptan-2-one",246.052292,"C11H18OSe","C[C@@]12CC[C@@H](C1(C)C)[C@@H](C2=O)[Se]C","InChI=1S/C11H18OSe/c1-10(2)7-5-6-11(10,3)9(12)8(7)13-4/h7-8H,5-6H2,1-4H3/t7-,8+,11+/m1/s1","LVXFBMIGNANTKF-FYBVGQRMSA-N"
36216039,"3-[(3,4-Difluorophenyl)sulfanyl]-2,2-dimethylpropanoic acid",246.052612,"C11H12F2O2S","CC(C)(CSc1ccc(c(c1)F)F)C(=O)O","InChI=1S/C11H12F2O2S/c1-11(2,10(14)15)6-16-7-3-4-8(12)9(13)5-7/h3-5H,6H2,1-2H3,(H,14,15)","LLNQPZAVWIJQJH-UHFFFAOYSA-N"
36216043,"3-[(2,5-Difluorophenyl)sulfanyl]-2,2-dimethylpropanoic acid",246.052612,"C11H12F2O2S","CC(C)(CSc1cc(ccc1F)F)C(=O)O","InChI=1S/C11H12F2O2S/c1-11(2,10(14)15)6-16-9-5-7(12)3-4-8(9)13/h3-5H,6H2,1-2H3,(H,14,15)","OTVUUDIKBCGDKN-UHFFFAOYSA-N"
36216045,"3-[(2,4-Difluorophenyl)sulfanyl]-2,2-dimethylpropanoic acid",246.052612,"C11H12F2O2S","CC(C)(CSc1ccc(cc1F)F)C(=O)O","InChI=1S/C11H12F2O2S/c1-11(2,10(14)15)6-16-9-4-3-7(12)5-8(9)13/h3-5H,6H2,1-2H3,(H,14,15)","ZJUDMSILBSBNTH-UHFFFAOYSA-N"
36736552,"3,3,3-Trifluoro-2-{[(3-methoxypropyl)sulfanyl]methyl}propanoic acid",246.053741,"C8H13F3O3S","COCCCSCC(C(=O)O)C(F)(F)F","InChI=1S/C8H13F3O3S/c1-14-3-2-4-15-5-6(7(12)13)8(9,10)11/h6H,2-5H2,1H3,(H,12,13)","PRFYPWYBNVECLR-UHFFFAOYSA-N"
36736560,"3,3,3-Trifluoro-2-{[(3-hydroxy-2-methylpropyl)sulfanyl]methyl}propanoic acid",246.053741,"C8H13F3O3S","CC(CO)CSCC(C(=O)O)C(F)(F)F","InChI=1S/C8H13F3O3S/c1-5(2-12)3-15-4-6(7(13)14)8(9,10)11/h5-6,12H,2-4H2,1H3,(H,13,14)","ZLXDKAUIIHONHX-UHFFFAOYSA-N"
36736561,"3,3,3-Trifluoro-2-{[(4-hydroxy-2-butanyl)sulfanyl]methyl}propanoic acid",246.053741,"C8H13F3O3S","CC(CCO)SCC(C(=O)O)C(F)(F)F","InChI=1S/C8H13F3O3S/c1-5(2-3-12)15-4-6(7(13)14)8(9,10)11/h5-6,12H,2-4H2,1H3,(H,13,14)","CQIYYNNOKOOWPS-UHFFFAOYSA-N"
36737020,"2-[(sec-Butylsulfinyl)methyl]-3,3,3-trifluoropropanoic acid",246.053741,"C8H13F3O3S","CCC(C)S(=O)CC(C(=O)O)C(F)(F)F","InChI=1S/C8H13F3O3S/c1-3-5(2)15(14)4-6(7(12)13)8(9,10)11/h5-6H,3-4H2,1-2H3,(H,12,13)","OJEWOOHTSBWURS-UHFFFAOYSA-N"
36737022,"3,3,3-Trifluoro-2-{[(2-methyl-2-propanyl)sulfinyl]methyl}propanoic acid",246.053741,"C8H13F3O3S","CC(C)(C)S(=O)CC(C(=O)O)C(F)(F)F","InChI=1S/C8H13F3O3S/c1-7(2,3)15(14)4-5(6(12)13)8(9,10)11/h5H,4H2,1-3H3,(H,12,13)","VHNMTRJHHQQXMA-UHFFFAOYSA-N"
36737031,"3,3,3-Trifluoro-2-[(isobutylsulfinyl)methyl]propanoic acid",246.053741,"C8H13F3O3S","CC(C)CS(=O)CC(C(=O)O)C(F)(F)F","InChI=1S/C8H13F3O3S/c1-5(2)3-15(14)4-6(7(12)13)8(9,10)11/h5-6H,3-4H2,1-2H3,(H,12,13)","PBICPKBOXGDXQQ-UHFFFAOYSA-N"
36737036,"2-[(Butylsulfinyl)methyl]-3,3,3-trifluoropropanoic acid",246.053741,"C8H13F3O3S","CCCCS(=O)CC(C(=O)O)C(F)(F)F","InChI=1S/C8H13F3O3S/c1-2-3-4-15(14)5-6(7(12)13)8(9,10)11/h6H,2-5H2,1H3,(H,12,13)","FSTIXVAJZKPVLG-UHFFFAOYSA-N"
37400015,"Difluoro[(4-isopropylphenyl)sulfanyl]acetic acid",246.052612,"C11H12F2O2S","CC(C)c1ccc(cc1)SC(C(=O)O)(F)F","InChI=1S/C11H12F2O2S/c1-7(2)8-3-5-9(6-4-8)16-11(12,13)10(14)15/h3-7H,1-2H3,(H,14,15)","OMNNNTKOQVLYDE-UHFFFAOYSA-N"
37400155,"[(3,5-Dimethylbenzyl)sulfanyl](difluoro)acetic acid",246.052612,"C11H12F2O2S","Cc1cc(cc(c1)CSC(C(=O)O)(F)F)C","InChI=1S/C11H12F2O2S/c1-7-3-8(2)5-9(4-7)6-16-11(12,13)10(14)15/h3-5H,6H2,1-2H3,(H,14,15)","RKODXLCMASTLLL-UHFFFAOYSA-N"
37721818,"6-(2-Methoxyphenyl)-4-oxo-4H-pyran-2-carboxylic acid",246.052826,"C13H10O5","COc1ccccc1c2cc(=O)cc(o2)C(=O)O","InChI=1S/C13H10O5/c1-17-10-5-3-2-4-9(10)11-6-8(14)7-12(18-11)13(15)16/h2-7H,1H3,(H,15,16)","IPDQRBHAXADRGX-UHFFFAOYSA-N"
37721819,"6-(3-Methoxyphenyl)-4-oxo-4H-pyran-2-carboxylic acid",246.052826,"C13H10O5","COc1cccc(c1)c2cc(=O)cc(o2)C(=O)O","InChI=1S/C13H10O5/c1-17-10-4-2-3-8(5-10)11-6-9(14)7-12(18-11)13(15)16/h2-7H,1H3,(H,15,16)","OANFRUVBBUVVNX-UHFFFAOYSA-N"
37773191,"5-[2-Fluoro-6-(trifluoromethyl)phenyl]-4H-1,2,4-triazol-3-amine",246.052856,"C9H6F4N4","c1cc(c(c(c1)F)c2[nH]c(nn2)N)C(F)(F)F","InChI=1S/C9H6F4N4/c10-5-3-1-2-4(9(11,12)13)6(5)7-15-8(14)17-16-7/h1-3H,(H3,14,15,16,17)","BSZAHCNFEOPUNW-UHFFFAOYSA-N"
37773192,"5-[2-Fluoro-5-(trifluoromethyl)phenyl]-4H-1,2,4-triazol-3-amine",246.052856,"C9H6F4N4","c1cc(c(cc1C(F)(F)F)c2[nH]c(nn2)N)F","InChI=1S/C9H6F4N4/c10-6-2-1-4(9(11,12)13)3-5(6)7-15-8(14)17-16-7/h1-3H,(H3,14,15,16,17)","IJMIIBOUONPZBN-UHFFFAOYSA-N"
37788467,"Methyl 4-(1-benzofuran-3-yl)-2,4-dioxobutanoate",246.052826,"C13H10O5","COC(=O)C(=O)CC(=O)c1coc2c1cccc2","InChI=1S/C13H10O5/c1-17-13(16)11(15)6-10(14)9-7-18-12-5-3-2-4-8(9)12/h2-5,7H,6H2,1H3","KXWBLDIBRUXIIM-UHFFFAOYSA-N"
37893616,"Isopropyl [(2,4-difluorophenyl)sulfanyl]acetate",246.052612,"C11H12F2O2S","CC(C)OC(=O)CSc1ccc(cc1F)F","InChI=1S/C11H12F2O2S/c1-7(2)15-11(14)6-16-10-4-3-8(12)5-9(10)13/h3-5,7H,6H2,1-2H3","HTKVRZPVOKYTFG-UHFFFAOYSA-N"
37893706,"Isopropyl [(2,5-difluorophenyl)sulfanyl]acetate",246.052612,"C11H12F2O2S","CC(C)OC(=O)CSc1cc(ccc1F)F","InChI=1S/C11H12F2O2S/c1-7(2)15-11(14)6-16-10-5-8(12)3-4-9(10)13/h3-5,7H,6H2,1-2H3","DNZDNHRKKZTJFM-UHFFFAOYSA-N"
38200302,"Methyl 4-[(2,5-difluorophenyl)sulfanyl]butanoate",246.052612,"C11H12F2O2S","COC(=O)CCCSc1cc(ccc1F)F","InChI=1S/C11H12F2O2S/c1-15-11(14)3-2-6-16-10-7-8(12)4-5-9(10)13/h4-5,7H,2-3,6H2,1H3","VAXNOCRSOALYPQ-UHFFFAOYSA-N"
38200303,"Methyl 4-[(2,4-difluorophenyl)sulfanyl]butanoate",246.052612,"C11H12F2O2S","COC(=O)CCCSc1ccc(cc1F)F","InChI=1S/C11H12F2O2S/c1-15-11(14)3-2-6-16-10-5-4-8(12)7-9(10)13/h4-5,7H,2-3,6H2,1H3","JUZSLVARKZOGBZ-UHFFFAOYSA-N"
38617191,"2-{[3-(2,2,2-Trifluoroethoxy)propyl]sulfanyl}propanoic acid",246.053741,"C8H13F3O3S","CC(C(=O)O)SCCCOCC(F)(F)F","InChI=1S/C8H13F3O3S/c1-6(7(12)13)15-4-2-3-14-5-8(9,10)11/h6H,2-5H2,1H3,(H,12,13)","BUDNVHYOYDUUHR-UHFFFAOYSA-N"
38617192,"3-{[3-(2,2,2-Trifluoroethoxy)propyl]sulfanyl}propanoic acid",246.053741,"C8H13F3O3S","C(COCC(F)(F)F)CSCCC(=O)O","InChI=1S/C8H13F3O3S/c9-8(10,11)6-14-3-1-4-15-5-2-7(12)13/h1-6H2,(H,12,13)","VIUOLPXLVFKQKN-UHFFFAOYSA-N"
38652262,"2-[(2,2-Difluoroethyl)sulfanyl]-3-phenylpropanoic acid",246.052612,"C11H12F2O2S","c1ccc(cc1)CC(C(=O)O)SCC(F)F","InChI=1S/C11H12F2O2S/c12-10(13)7-16-9(11(14)15)6-8-4-2-1-3-5-8/h1-5,9-10H,6-7H2,(H,14,15)","YZARPLGGDFGAGB-UHFFFAOYSA-N"
38791360,"5-[4-Fluoro-3-(trifluoromethyl)phenyl]-4H-1,2,4-triazol-3-amine",246.052856,"C9H6F4N4","c1cc(c(cc1c2[nH]c(nn2)N)C(F)(F)F)F","InChI=1S/C9H6F4N4/c10-6-2-1-4(3-5(6)9(11,12)13)7-15-8(14)17-16-7/h1-3H,(H3,14,15,16,17)","GSWLSAKOSPIXNZ-UHFFFAOYSA-N"
38806011,"Ethyl 2-[(3,4-difluorophenyl)sulfanyl]propanoate",246.052612,"C11H12F2O2S","CCOC(=O)C(C)Sc1ccc(c(c1)F)F","InChI=1S/C11H12F2O2S/c1-3-15-11(14)7(2)16-8-4-5-9(12)10(13)6-8/h4-7H,3H2,1-2H3","YIYGCTNRCCPMQR-UHFFFAOYSA-N"
38806012,"Ethyl 2-[(2,5-difluorophenyl)sulfanyl]propanoate",246.052612,"C11H12F2O2S","CCOC(=O)C(C)Sc1cc(ccc1F)F","InChI=1S/C11H12F2O2S/c1-3-15-11(14)7(2)16-10-6-8(12)4-5-9(10)13/h4-7H,3H2,1-2H3","AGIOSKAOEWJDGZ-UHFFFAOYSA-N"
38806013,"Ethyl 2-[(2,4-difluorophenyl)sulfanyl]propanoate",246.052612,"C11H12F2O2S","CCOC(=O)C(C)Sc1ccc(cc1F)F","InChI=1S/C11H12F2O2S/c1-3-15-11(14)7(2)16-10-5-4-8(12)6-9(10)13/h4-7H,3H2,1-2H3","IPJLXKCOPKWBAV-UHFFFAOYSA-N"
39606764,"2-[(6-Chloro-5-nitro-4-pyrimidinyl)oxy]-N,N-dimethylethanamine",246.051971,"C8H11ClN4O3","CN(C)CCOc1c(c(ncn1)Cl)[N+](=O)[O-]","InChI=1S/C8H11ClN4O3/c1-12(2)3-4-16-8-6(13(14)15)7(9)10-5-11-8/h5H,3-4H2,1-2H3","MYRJQNXYRKGNIA-UHFFFAOYSA-N"
39607856,"2-[(6-Chloro-5-nitro-4-pyrimidinyl)amino]-1-butanol",246.051971,"C8H11ClN4O3","CCC(CO)Nc1c(c(ncn1)Cl)[N+](=O)[O-]","InChI=1S/C8H11ClN4O3/c1-2-5(3-14)12-8-6(13(15)16)7(9)10-4-11-8/h4-5,14H,2-3H2,1H3,(H,10,11,12)","JOOYOKBAOFLTNP-UHFFFAOYSA-N"
39607890,"6-Chloro-N-(2-ethoxyethyl)-5-nitro-4-pyrimidinamine",246.051971,"C8H11ClN4O3","CCOCCNc1c(c(ncn1)Cl)[N+](=O)[O-]","InChI=1S/C8H11ClN4O3/c1-2-16-4-3-10-8-6(13(14)15)7(9)11-5-12-8/h5H,2-4H2,1H3,(H,10,11,12)","FHBSTNASYRUSDZ-UHFFFAOYSA-N"
39607945,"6-Chloro-N-(2-methoxyethyl)-N-methyl-5-nitro-4-pyrimidinamine",246.051971,"C8H11ClN4O3","CN(CCOC)c1c(c(ncn1)Cl)[N+](=O)[O-]","InChI=1S/C8H11ClN4O3/c1-12(3-4-16-2)8-6(13(14)15)7(9)10-5-11-8/h5H,3-4H2,1-2H3","GQANFMKSLQRSAK-UHFFFAOYSA-N"
40283243,"4-(sec-Butylsulfanyl)-3,5-difluorobenzoic acid",246.052612,"C11H12F2O2S","CCC(C)Sc1c(cc(cc1F)C(=O)O)F","InChI=1S/C11H12F2O2S/c1-3-6(2)16-10-8(12)4-7(11(14)15)5-9(10)13/h4-6H,3H2,1-2H3,(H,14,15)","QXUMUFVDGVWBRP-UHFFFAOYSA-N"
40283246,"3,5-Difluoro-4-[(2-methyl-2-propanyl)sulfanyl]benzoic acid",246.052612,"C11H12F2O2S","CC(C)(C)Sc1c(cc(cc1F)C(=O)O)F","InChI=1S/C11H12F2O2S/c1-11(2,3)16-9-7(12)4-6(10(14)15)5-8(9)13/h4-5H,1-3H3,(H,14,15)","AXIKHFBUHRBMQI-UHFFFAOYSA-N"
40283254,"3,5-Difluoro-4-(isobutylsulfanyl)benzoic acid",246.052612,"C11H12F2O2S","CC(C)CSc1c(cc(cc1F)C(=O)O)F","InChI=1S/C11H12F2O2S/c1-6(2)5-16-10-8(12)3-7(11(14)15)4-9(10)13/h3-4,6H,5H2,1-2H3,(H,14,15)","NXGLWXXILCXIPZ-UHFFFAOYSA-N"
40283268,"4-(Butylsulfanyl)-3,5-difluorobenzoic acid",246.052612,"C11H12F2O2S","CCCCSc1c(cc(cc1F)C(=O)O)F","InChI=1S/C11H12F2O2S/c1-2-3-4-16-10-8(12)5-7(11(14)15)6-9(10)13/h5-6H,2-4H2,1H3,(H,14,15)","RQOREPVAILHXBY-UHFFFAOYSA-N"
40386561,"4-[(4-Chloro-6-methoxy-1,3,5-triazin-2-yl)amino]butanoic acid",246.051971,"C8H11ClN4O3","COc1nc(nc(n1)Cl)NCCCC(=O)O","InChI=1S/C8H11ClN4O3/c1-16-8-12-6(9)11-7(13-8)10-4-2-3-5(14)15/h2-4H2,1H3,(H,14,15)(H,10,11,12,13)","YXULGVVIUCGBQB-UHFFFAOYSA-N"
40386564,"3-[(4-Chloro-6-methoxy-1,3,5-triazin-2-yl)amino]butanoic acid",246.051971,"C8H11ClN4O3","CC(CC(=O)O)Nc1nc(nc(n1)Cl)OC","InChI=1S/C8H11ClN4O3/c1-4(3-5(14)15)10-7-11-6(9)12-8(13-7)16-2/h4H,3H2,1-2H3,(H,14,15)(H,10,11,12,13)","PCBJRNVYEIDPMJ-UHFFFAOYSA-N"
40386567,"2-[(4-Chloro-6-methoxy-1,3,5-triazin-2-yl)amino]butanoic acid",246.051971,"C8H11ClN4O3","CCC(C(=O)O)Nc1nc(nc(n1)Cl)OC","InChI=1S/C8H11ClN4O3/c1-3-4(5(14)15)10-7-11-6(9)12-8(13-7)16-2/h4H,3H2,1-2H3,(H,14,15)(H,10,11,12,13)","IPGYBYLCLFCZJS-UHFFFAOYSA-N"
40386588,"N-(4-Chloro-6-methoxy-1,3,5-triazin-2-yl)-N-methyl-beta-alanine",246.051971,"C8H11ClN4O3","CN(CCC(=O)O)c1nc(nc(n1)Cl)OC","InChI=1S/C8H11ClN4O3/c1-13(4-3-5(14)15)7-10-6(9)11-8(12-7)16-2/h3-4H2,1-2H3,(H,14,15)","ABDXROAOZVFKGE-UHFFFAOYSA-N"
40386589,"N-(4-Chloro-6-methoxy-1,3,5-triazin-2-yl)-N-ethylglycine",246.051971,"C8H11ClN4O3","CCN(CC(=O)O)c1nc(nc(n1)Cl)OC","InChI=1S/C8H11ClN4O3/c1-3-13(4-5(14)15)7-10-6(9)11-8(12-7)16-2/h3-4H2,1-2H3,(H,14,15)","VCIPUINFCCECCC-UHFFFAOYSA-N"
40386622,"3-[(4-Chloro-6-methoxy-1,3,5-triazin-2-yl)amino]-2-methylpropanoic acid",246.051971,"C8H11ClN4O3","CC(CNc1nc(nc(n1)Cl)OC)C(=O)O","InChI=1S/C8H11ClN4O3/c1-4(5(14)15)3-10-7-11-6(9)12-8(13-7)16-2/h4H,3H2,1-2H3,(H,14,15)(H,10,11,12,13)","QSXBEPFMPZXUEE-UHFFFAOYSA-N"
40387900,"Methyl N-(4-chloro-6-ethoxy-1,3,5-triazin-2-yl)glycinate",246.051971,"C8H11ClN4O3","CCOc1nc(nc(n1)Cl)NCC(=O)OC","InChI=1S/C8H11ClN4O3/c1-3-16-8-12-6(9)11-7(13-8)10-4-5(14)15-2/h3-4H2,1-2H3,(H,10,11,12,13)","YMZOIJLMZLCUGU-UHFFFAOYSA-N"
40655036,"Ethyl {4-[(difluoromethyl)sulfanyl]phenyl}acetate",246.052612,"C11H12F2O2S","CCOC(=O)Cc1ccc(cc1)SC(F)F","InChI=1S/C11H12F2O2S/c1-2-15-10(14)7-8-3-5-9(6-4-8)16-11(12)13/h3-6,11H,2,7H2,1H3","XMLMTGZVNXGHGQ-UHFFFAOYSA-N"
40655040,"Methyl 2-{4-[(difluoromethyl)sulfanyl]phenyl}propanoate",246.052612,"C11H12F2O2S","CC(c1ccc(cc1)SC(F)F)C(=O)OC","InChI=1S/C11H12F2O2S/c1-7(10(14)15-2)8-3-5-9(6-4-8)16-11(12)13/h3-7,11H,1-2H3","KBRRKAWIMZSVKX-UHFFFAOYSA-N"
40655042,"2-{4-[(Difluoromethyl)sulfanyl]phenyl}butanoic acid",246.052612,"C11H12F2O2S","CCC(c1ccc(cc1)SC(F)F)C(=O)O","InChI=1S/C11H12F2O2S/c1-2-9(10(14)15)7-3-5-8(6-4-7)16-11(12)13/h3-6,9,11H,2H2,1H3,(H,14,15)","JENZJYNVVRHUIS-UHFFFAOYSA-N"
40655043,"2-{4-[(Difluoromethyl)sulfanyl]phenyl}-2-methylpropanoic acid",246.052612,"C11H12F2O2S","CC(C)(c1ccc(cc1)SC(F)F)C(=O)O","InChI=1S/C11H12F2O2S/c1-11(2,9(14)15)7-3-5-8(6-4-7)16-10(12)13/h3-6,10H,1-2H3,(H,14,15)","UGEXAWKWRFCNJI-UHFFFAOYSA-N"
40909688,"2-(2,2-Difluoroethoxy)-1-[4-(methylsulfanyl)phenyl]ethanone",246.052612,"C11H12F2O2S","CSc1ccc(cc1)C(=O)COCC(F)F","InChI=1S/C11H12F2O2S/c1-16-9-4-2-8(3-5-9)10(14)6-15-7-11(12)13/h2-5,11H,6-7H2,1H3","WOHGBADRSPUMAW-UHFFFAOYSA-N"
40910010,"4-{5-[(2,2-Difluoroethoxy)methyl]-2-thienyl}-3-butyn-1-ol",246.052612,"C11H12F2O2S","c1cc(sc1COCC(F)F)C#CCCO","InChI=1S/C11H12F2O2S/c12-11(13)8-15-7-10-5-4-9(16-10)3-1-2-6-14/h4-5,11,14H,2,6-8H2","YSHDQZBVUAKEGQ-UHFFFAOYSA-N"
41876127,"3-(4,4,4-Trifluorobutyl)tetrahydro-3-thiopheneol 1,1-dioxide",246.053741,"C8H13F3O3S","C1CS(=O)(=O)CC1(CCCC(F)(F)F)O","InChI=1S/C8H13F3O3S/c9-8(10,11)3-1-2-7(12)4-5-15(13,14)6-7/h12H,1-6H2","JRZZVQIVPIRLCN-UHFFFAOYSA-N"
41878639,"2-Methyl-3-[(4,4,4-trifluorobutyl)sulfinyl]propanoic acid",246.053741,"C8H13F3O3S","CC(CS(=O)CCCC(F)(F)F)C(=O)O","InChI=1S/C8H13F3O3S/c1-6(7(12)13)5-15(14)4-2-3-8(9,10)11/h6H,2-5H2,1H3,(H,12,13)","DACKMDPFWPBUJD-UHFFFAOYSA-N"
41878643,"3-[(4,4,4-Trifluorobutyl)sulfinyl]butanoic acid",246.053741,"C8H13F3O3S","CC(CC(=O)O)S(=O)CCCC(F)(F)F","InChI=1S/C8H13F3O3S/c1-6(5-7(12)13)15(14)4-2-3-8(9,10)11/h6H,2-5H2,1H3,(H,12,13)","FFZDSTWTKLIKCX-UHFFFAOYSA-N"
41878650,"2-Methyl-2-[(4,4,4-trifluorobutyl)sulfinyl]propanoic acid",246.053741,"C8H13F3O3S","CC(C)(C(=O)O)S(=O)CCCC(F)(F)F","InChI=1S/C8H13F3O3S/c1-7(2,6(12)13)15(14)5-3-4-8(9,10)11/h3-5H2,1-2H3,(H,12,13)","ZKPPINVXMOUZMP-UHFFFAOYSA-N"
42237992,"1-[(6-Chloro-5-nitro-4-pyrimidinyl)amino]-2-butanol",246.051971,"C8H11ClN4O3","CCC(CNc1c(c(ncn1)Cl)[N+](=O)[O-])O","InChI=1S/C8H11ClN4O3/c1-2-5(14)3-10-8-6(13(15)16)7(9)11-4-12-8/h4-5,14H,2-3H2,1H3,(H,10,11,12)","IWRRBCLDPPGVCN-UHFFFAOYSA-N"
42981580,"7-Cyclopropylfuro[2,3-f][1,3]benzodioxole-6-carboxylic acid",246.052826,"C13H10O5","c1c2c(cc3c1OCO3)oc(c2C4CC4)C(=O)O","InChI=1S/C13H10O5/c14-13(15)12-11(6-1-2-6)7-3-9-10(17-5-16-9)4-8(7)18-12/h3-4,6H,1-2,5H2,(H,14,15)","GRVJPADJEFJOJW-UHFFFAOYSA-N"
