"Identifier","CompoundName","MonoisotopicMass","MolecularFormula","SMILES","InChI","InChIKey"
10241,"Sodium hexonate",218.040253,"C6H11NaO7","C(C(C(C(C(C(=O)[O-])O)O)O)O)O.[Na+]","InChI=1S/C6H12O7.Na/c7-1-2(8)3(9)4(10)5(11)6(12)13;/h2-5,7-11H,1H2,(H,12,13);/q;+1/p-1","UPMFZISCCZSDND-UHFFFAOYSA-M"
16612,"4,4′-Thiodiphenol",218.040146,"C12H10O2S","c1cc(ccc1O)Sc2ccc(cc2)O","InChI=1S/C12H10O2S/c13-9-1-5-11(6-2-9)15-12-7-3-10(14)4-8-12/h1-8,13-14H","VWGKEVWFBOUAND-UHFFFAOYSA-N"
29117,"Diphenyl sulfone",218.040146,"C12H10O2S","c1ccc(cc1)S(=O)(=O)c2ccccc2","InChI=1S/C12H10O2S/c13-15(14,11-7-3-1-4-8-11)12-9-5-2-6-10-12/h1-10H","KZTYYGOKRVBIMI-UHFFFAOYSA-N"
32520,"4-Chloro-N-ethyl-6-(ethylsulfanyl)-1,3,5-triazin-2-amine",218.039291,"C7H11ClN4S","CCNc1nc(nc(n1)Cl)SCC","InChI=1S/C7H11ClN4S/c1-3-9-6-10-5(8)11-7(12-6)13-4-2/h3-4H2,1-2H3,(H,9,10,11,12)","LXNPKBBVKOYXSB-UHFFFAOYSA-N"
60094,"(2-Naphthylsulfanyl)acetic acid",218.040146,"C12H10O2S","c1ccc2cc(ccc2c1)SCC(=O)O","InChI=1S/C12H10O2S/c13-12(14)8-15-11-6-5-9-3-1-2-4-10(9)7-11/h1-7H,8H2,(H,13,14)","VMZMOCBDKZHRGU-UHFFFAOYSA-N"
67436,"sodium trimethylsilylpropylsulfonate",218.040878,"C6H15NaO3SSi","C[Si](C)(C)CCCS(=O)(=O)[O-].[Na+]","InChI=1S/C6H16O3SSi.Na/c1-11(2,3)6-4-5-10(7,8)9;/h4-6H2,1-3H3,(H,7,8,9);/q;+1/p-1","HWEXKRHYVOGVDA-UHFFFAOYSA-M"
70208,"2-(p-Methoxybenzoyl)thiophene",218.040146,"C12H10O2S","COc1ccc(cc1)C(=O)c2cccs2","InChI=1S/C12H10O2S/c1-14-10-6-4-9(5-7-10)12(13)11-3-2-8-15-11/h2-8H,1H3","KYVBFEMQEUXVQB-UHFFFAOYSA-N"
75488,"THIOBISPHENOL",218.040146,"C12H10O2S","c1ccc(c(c1)O)Sc2ccccc2O","InChI=1S/C12H10O2S/c13-9-5-1-3-7-11(9)15-12-8-4-2-6-10(12)14/h1-8,13-14H","BLDLRWQLBOJPEB-UHFFFAOYSA-N"
76397,"Sodium Gluconate",218.040253,"C6H11NaO7","C([C@H]([C@H]([C@@H]([C@H](C(=O)[O-])O)O)O)O)O.[Na+]","InChI=1S/C6H12O7.Na/c7-1-2(8)3(9)4(10)5(11)6(12)13;/h2-5,7-11H,1H2,(H,12,13);/q;+1/p-1/t2-,3-,4+,5-;/m1./s1","UPMFZISCCZSDND-JJKGCWMISA-M"
78746,"Phenol, 2-((4-hydroxyphenyl)thio)-",218.040146,"C12H10O2S","c1ccc(c(c1)O)Sc2ccc(cc2)O","InChI=1S/C12H10O2S/c13-9-5-7-10(8-6-9)15-12-4-2-1-3-11(12)14/h1-8,13-14H","HHGJAYGHIYSKEE-UHFFFAOYSA-N"
111029,"6-Chloro-N~2~-ethyl-5-(methylsulfanyl)-2,4-pyrimidinediamine",218.039291,"C7H11ClN4S","CCNc1nc(c(c(n1)Cl)SC)N","InChI=1S/C7H11ClN4S/c1-3-10-7-11-5(8)4(13-2)6(9)12-7/h3H2,1-2H3,(H3,9,10,11,12)","NUVUCPLQXPKFJS-UHFFFAOYSA-N"
181649,"2-Hydroxy-6-methyl-3-phenyl-4H-thiopyran-4-one",218.040146,"C12H10O2S","Cc1cc(=O)c(c(s1)O)c2ccccc2","InChI=1S/C12H10O2S/c1-8-7-10(13)11(12(14)15-8)9-5-3-2-4-6-9/h2-7,14H,1H3","UBHAONKQFDUQOB-UHFFFAOYSA-N"
190978,"1,2-Dihydronaphtho[2,1-b]thiophene 3,3-dioxide",218.040146,"C12H10O2S","c1ccc2c(c1)ccc3c2CCS3(=O)=O","InChI=1S/C12H10O2S/c13-15(14)8-7-11-10-4-2-1-3-9(10)5-6-12(11)15/h1-6H,7-8H2","RTXZMJJSWSORLS-UHFFFAOYSA-N"
193163,"4-Methylphenyl 2-thiophenecarboxylate",218.040146,"C12H10O2S","Cc1ccc(cc1)OC(=O)c2cccs2","InChI=1S/C12H10O2S/c1-9-4-6-10(7-5-9)14-12(13)11-3-2-8-15-11/h2-8H,1H3","YNCUDRJCROJELR-UHFFFAOYSA-N"
193413,"2-Naphthyl(sulfanyl)acetic acid",218.040146,"C12H10O2S","c1ccc2cc(ccc2c1)C(C(=O)O)S","InChI=1S/C12H10O2S/c13-12(14)11(15)10-6-5-8-3-1-2-4-9(8)7-10/h1-7,11,15H,(H,13,14)","DGZKIYVMIQKIPB-UHFFFAOYSA-N"
196628,"Phenyl(2-thienyl)acetic acid",218.040146,"C12H10O2S","c1ccc(cc1)C(c2cccs2)C(=O)O","InChI=1S/C12H10O2S/c13-12(14)11(10-7-4-8-15-10)9-5-2-1-3-6-9/h1-8,11H,(H,13,14)","QIMHOHNDXHYFIP-UHFFFAOYSA-N"
210944,"2-(Ethylsulfanyl)-1,4-naphthoquinone",218.040146,"C12H10O2S","CCSC1=CC(=O)c2ccccc2C1=O","InChI=1S/C12H10O2S/c1-2-15-11-7-10(13)8-5-3-4-6-9(8)12(11)14/h3-7H,2H2,1H3","JTIVMHQHPSUHGV-UHFFFAOYSA-N"
217778,"2-Methyl-3-(methylsulfanyl)-1,4-naphthoquinone",218.040146,"C12H10O2S","CC1=C(C(=O)c2ccccc2C1=O)SC","InChI=1S/C12H10O2S/c1-7-10(13)8-5-3-4-6-9(8)11(14)12(7)15-2/h3-6H,1-2H3","LQCRQSQHGKVTCR-UHFFFAOYSA-N"
236391,"2-Hydroxy-2-phenyl-1-(3-thienyl)ethanone",218.040146,"C12H10O2S","c1ccc(cc1)C(C(=O)c2ccsc2)O","InChI=1S/C12H10O2S/c13-11(9-4-2-1-3-5-9)12(14)10-6-7-15-8-10/h1-8,11,13H","JIJZGGQFINQAPK-UHFFFAOYSA-N"
254444,"4-Benzyl-3-thiophenecarboxylic acid",218.040146,"C12H10O2S","c1ccc(cc1)Cc2cscc2C(=O)O","InChI=1S/C12H10O2S/c13-12(14)11-8-15-7-10(11)6-9-4-2-1-3-5-9/h1-5,7-8H,6H2,(H,13,14)","YQOJOOWCCUYKSQ-UHFFFAOYSA-N"
254468,"3-Benzyl-2-thiophenecarboxylic acid",218.040146,"C12H10O2S","c1ccc(cc1)Cc2ccsc2C(=O)O","InChI=1S/C12H10O2S/c13-12(14)11-10(6-7-15-11)8-9-4-2-1-3-5-9/h1-7H,8H2,(H,13,14)","UGIIACGASYCKOR-UHFFFAOYSA-N"
270146,"2-(Vinylsulfonyl)naphthalene",218.040146,"C12H10O2S","C=CS(=O)(=O)c1ccc2ccccc2c1","InChI=1S/C12H10O2S/c1-2-15(13,14)12-8-7-10-5-3-4-6-11(10)9-12/h2-9H,1H2","MUJRPOWKCLTMDN-UHFFFAOYSA-N"
279285,"2-(2-Thienylmethyl)benzoic acid",218.040146,"C12H10O2S","c1ccc(c(c1)Cc2cccs2)C(=O)O","InChI=1S/C12H10O2S/c13-12(14)11-6-2-1-4-9(11)8-10-5-3-7-15-10/h1-7H,8H2,(H,13,14)","HPADQOOYORSPFA-UHFFFAOYSA-N"
295959,"O-Phenyl phosphorodihydrazidothioate",218.039124,"C6H11N4OPS","c1ccc(cc1)OP(=S)(NN)NN","InChI=1S/C6H11N4OPS/c7-9-12(13,10-8)11-6-4-2-1-3-5-6/h1-5H,7-8H2,(H2,9,10,13)","LAPIUCXITZBJQC-UHFFFAOYSA-N"
297414,"1-(4-Hydroxyphenyl)-2-(2-thienyl)ethanone",218.040146,"C12H10O2S","c1cc(sc1)CC(=O)c2ccc(cc2)O","InChI=1S/C12H10O2S/c13-10-5-3-9(4-6-10)12(14)8-11-2-1-7-15-11/h1-7,13H,8H2","KIVDCXLRQHTIRL-UHFFFAOYSA-N"
389942,"(1S,2R)-1,2-Dihydrodibenzo[b,d]thiophene-1,2-diol",218.040146,"C12H10O2S","c1ccc2c(c1)c3c(s2)C=C[C@H]([C@H]3O)O","InChI=1S/C12H10O2S/c13-8-5-6-10-11(12(8)14)7-3-1-2-4-9(7)15-10/h1-6,8,12-14H/t8-,12-/m1/s1","OOOXLVUNFHBSNL-PRHODGIISA-N"
464134,"3-Methylphenyl 2-thiophenecarboxylate",218.040146,"C12H10O2S","Cc1cccc(c1)OC(=O)c2cccs2","InChI=1S/C12H10O2S/c1-9-4-2-5-10(8-9)14-12(13)11-6-3-7-15-11/h2-8H,1H3","KBQQRBXIAWUSAW-UHFFFAOYSA-N"
488810,"Benzyl 2-thiophenecarboxylate",218.040146,"C12H10O2S","c1ccc(cc1)COC(=O)c2cccs2","InChI=1S/C12H10O2S/c13-12(11-7-4-8-15-11)14-9-10-5-2-1-3-6-10/h1-8H,9H2","XEAATKLXMMFXDN-UHFFFAOYSA-N"
491891,"Furazan-3,4-diamine, N,N'-dimethyl-N,N'-dinitro-",218.039963,"C4H6N6O5","CN(c1c(non1)N(C)[N+](=O)[O-])[N+](=O)[O-]","InChI=1S/C4H6N6O5/c1-7(9(11)12)3-4(6-15-5-3)8(2)10(13)14/h1-2H3","RWLWMEJXWYKXMZ-UHFFFAOYSA-N"
492365,"Phenyl 2-thienylacetate ",218.040146,"C12H10O2S","c1ccc(cc1)OC(=O)Cc2cccs2","InChI=1S/C12H10O2S/c13-12(9-11-7-4-8-15-11)14-10-5-2-1-3-6-10/h1-8H,9H2","MBSPNHLFSMFNJK-UHFFFAOYSA-N"
498856,"2-Methylphenyl 2-thiophenecarboxylate",218.040146,"C12H10O2S","Cc1ccccc1OC(=O)c2cccs2","InChI=1S/C12H10O2S/c1-9-5-2-3-6-10(9)14-12(13)11-7-4-8-15-11/h2-8H,1H3","GMPPUOGQRVKMAE-UHFFFAOYSA-N"
500443,"O-Methyl O-1-naphthyl carbonothioate",218.040146,"C12H10O2S","COC(=S)Oc1cccc2c1cccc2","InChI=1S/C12H10O2S/c1-13-12(15)14-11-8-4-6-9-5-2-3-7-10(9)11/h2-8H,1H3","HOWCBJQIQREGAB-UHFFFAOYSA-N"
500444,"O-Methyl O-2-naphthyl carbonothioate",218.040146,"C12H10O2S","COC(=S)Oc1ccc2ccccc2c1","InChI=1S/C12H10O2S/c1-13-12(15)14-11-7-6-9-4-2-3-5-10(9)8-11/h2-8H,1H3","ZKMHCMSEUXUZMX-UHFFFAOYSA-N"
500446,"2-(1-naphthylthio)acetic acid",218.040146,"C12H10O2S","c1ccc2c(c1)cccc2SCC(=O)O","InChI=1S/C12H10O2S/c13-12(14)8-15-11-7-3-5-9-4-1-2-6-10(9)11/h1-7H,8H2,(H,13,14)","PIQCZHHPDSYZPP-UHFFFAOYSA-N"
555284,"(2-Methoxyphenyl)(2-thienyl)methanone",218.040146,"C12H10O2S","COc1ccccc1C(=O)c2cccs2","InChI=1S/C12H10O2S/c1-14-10-6-3-2-5-9(10)12(13)11-7-4-8-15-11/h2-8H,1H3","HBTWCIUCSZGWDX-UHFFFAOYSA-N"
664358,"5-[(4-Methylphenyl)sulfanyl]-2-furaldehyde",218.040146,"C12H10O2S","Cc1ccc(cc1)Sc2ccc(o2)C=O","InChI=1S/C12H10O2S/c1-9-2-5-11(6-3-9)15-12-7-4-10(8-13)14-12/h2-8H,1H3","RQCQYRQPIGDHKV-UHFFFAOYSA-N"
715692,"Methyl 5-phenyl-3-thiophenecarboxylate",218.040146,"C12H10O2S","COC(=O)c1cc(sc1)c2ccccc2","InChI=1S/C12H10O2S/c1-14-12(13)10-7-11(15-8-10)9-5-3-2-4-6-9/h2-8H,1H3","RDVCVYFYEUWTGC-UHFFFAOYSA-N"
718004,"4-Methyl-5-phenyl-2-thiophenecarboxylic acid",218.040146,"C12H10O2S","Cc1cc(sc1c2ccccc2)C(=O)O","InChI=1S/C12H10O2S/c1-8-7-10(12(13)14)15-11(8)9-5-3-2-4-6-9/h2-7H,1H3,(H,13,14)","HBQAYKRLPQFBBP-UHFFFAOYSA-N"
718015,"5-Methyl-4-phenyl-2-thiophenecarboxylic acid",218.040146,"C12H10O2S","Cc1c(cc(s1)C(=O)O)c2ccccc2","InChI=1S/C12H10O2S/c1-8-10(7-11(15-8)12(13)14)9-5-3-2-4-6-9/h2-7H,1H3,(H,13,14)","QRIRUPDZWDDHQE-UHFFFAOYSA-N"
722705,"(2-Phenyl-3-thienyl)acetic acid",218.040146,"C12H10O2S","c1ccc(cc1)c2c(ccs2)CC(=O)O","InChI=1S/C12H10O2S/c13-11(14)8-10-6-7-15-12(10)9-4-2-1-3-5-9/h1-7H,8H2,(H,13,14)","DPRPHVXSOLDTAE-UHFFFAOYSA-N"
788763,"2-Methyl-4-phenyl-3-thiophenecarboxylic acid",218.040146,"C12H10O2S","Cc1c(c(cs1)c2ccccc2)C(=O)O","InChI=1S/C12H10O2S/c1-8-11(12(13)14)10(7-15-8)9-5-3-2-4-6-9/h2-7H,1H3,(H,13,14)","QPZSLLHHWJARHE-UHFFFAOYSA-N"
788764,"4-Methyl-2-phenyl-3-thiophenecarboxylic acid",218.040146,"C12H10O2S","Cc1csc(c1C(=O)O)c2ccccc2","InChI=1S/C12H10O2S/c1-8-7-15-11(10(8)12(13)14)9-5-3-2-4-6-9/h2-7H,1H3,(H,13,14)","NHKMYMPYOBJAIQ-UHFFFAOYSA-N"
788765,"2-Benzyl-3-thiophenecarboxylic acid",218.040146,"C12H10O2S","c1ccc(cc1)Cc2c(ccs2)C(=O)O","InChI=1S/C12H10O2S/c13-12(14)10-6-7-15-11(10)8-9-4-2-1-3-5-9/h1-7H,8H2,(H,13,14)","XBXURZAMLKGFJE-UHFFFAOYSA-N"
1039226,"1,3-Dihydronaphtho[2,3-c]thiophene 2,2-dioxide",218.040146,"C12H10O2S","c1ccc2cc3c(cc2c1)CS(=O)(=O)C3","InChI=1S/C12H10O2S/c13-15(14)7-11-5-9-3-1-2-4-10(9)6-12(11)8-15/h1-6H,7-8H2","GVRKIZJTWOAMRZ-UHFFFAOYSA-N"
1073743,"6-Benzyl-3-thioxo-2,3-dihydro-1,2,4-triazin-5-olate",218.039352,"C10H8N3OS","c1ccc(cc1)Cc2c(nc(=S)[nH]n2)[O-]","InChI=1S/C10H9N3OS/c14-9-8(12-13-10(15)11-9)6-7-4-2-1-3-5-7/h1-5H,6H2,(H2,11,13,14,15)/p-1","FVLMRSJALFJPOF-UHFFFAOYSA-M"
1266491,"2,2'-(1-Propen-2-yl-3-ylidene)dihydrazinecarbothioamide",218.040833,"C5H10N6S2","C=C(C=NNC(=S)N)NNC(=S)N","InChI=1S/C5H10N6S2/c1-3(9-11-5(7)13)2-8-10-4(6)12/h2,9H,1H2,(H3,6,10,12)(H3,7,11,13)","BHYQRSALTAQYBU-UHFFFAOYSA-N"
1597256,"S-(4-Methylphenyl) 2-furancarbothioate",218.040146,"C12H10O2S","Cc1ccc(cc1)SC(=O)c2ccco2","InChI=1S/C12H10O2S/c1-9-4-6-10(7-5-9)15-12(13)11-3-2-8-14-11/h2-8H,1H3","LGMDWAVLRZKTPT-UHFFFAOYSA-N"
2023077,"Methyl 5-phenyl-2-thiophenecarboxylate",218.040146,"C12H10O2S","COC(=O)c1ccc(s1)c2ccccc2","InChI=1S/C12H10O2S/c1-14-12(13)11-8-7-10(15-11)9-5-3-2-4-6-9/h2-8H,1H3","UTTYIXTVWNXIDC-UHFFFAOYSA-N"
2033917,"1H,3H-Benzo[de]isothiochromene 2,2-dioxide",218.040146,"C12H10O2S","c1cc2cccc3c2c(c1)CS(=O)(=O)C3","InChI=1S/C12H10O2S/c13-15(14)7-10-5-1-3-9-4-2-6-11(8-15)12(9)10/h1-6H,7-8H2","GRCAQMPUBVXMFJ-UHFFFAOYSA-N"
2040769,"Methyl 4-phenyl-2-thiophenecarboxylate",218.040146,"C12H10O2S","COC(=O)c1cc(cs1)c2ccccc2","InChI=1S/C12H10O2S/c1-14-12(13)11-7-10(8-15-11)9-5-3-2-4-6-9/h2-8H,1H3","MVHSKIOLDZOPEF-UHFFFAOYSA-N"
2052569,"1-(4-Chloro-1,2,5-thiadiazol-3-yl)-4-methylpiperazine",218.039291,"C7H11ClN4S","CN1CCN(CC1)c2c(nsn2)Cl","InChI=1S/C7H11ClN4S/c1-11-2-4-12(5-3-11)7-6(8)9-13-10-7/h2-5H2,1H3","ZRMQQSPQSSQVRR-UHFFFAOYSA-N"
2058085,"1,3-Cyclopentadiene-1-methanol, compd. with 1,3-cyclopentadiene, iron salt (1:1:1)",218.039413,"C11H14FeO","C1C=CC=C1.C1C=CC=C1CO.[Fe]","InChI=1S/C6H8O.C5H6.Fe/c7-5-6-3-1-2-4-6;1-2-4-5-3-1;/h1-3,7H,4-5H2;1-4H,5H2;","IUVXWTXWRFVGPE-UHFFFAOYSA-N"
2076601,"5-(4-Methoxyphenyl)-2-thiophenecarbaldehyde",218.040146,"C12H10O2S","COc1ccc(cc1)c2ccc(s2)C=O","InChI=1S/C12H10O2S/c1-14-10-4-2-9(3-5-10)12-7-6-11(8-13)15-12/h2-8H,1H3","ODLOZSNXTQAWGQ-UHFFFAOYSA-N"
2256835,"4-(2-Thienylmethoxy)benzaldehyde",218.040146,"C12H10O2S","c1cc(sc1)COc2ccc(cc2)C=O","InChI=1S/C12H10O2S/c13-8-10-3-5-11(6-4-10)14-9-12-2-1-7-15-12/h1-8H,9H2","SJILVQWRIRLHLC-UHFFFAOYSA-N"
2287554,"2-Thienylmethyl benzoate",218.040146,"C12H10O2S","c1ccc(cc1)C(=O)OCc2cccs2","InChI=1S/C12H10O2S/c13-12(10-5-2-1-3-6-10)14-9-11-7-4-8-15-11/h1-8H,9H2","QFKZQXHPVSHDMJ-UHFFFAOYSA-N"
2778088,"1-{2-[(Diaminomethylene)amino]-1,3-thiazol-4-yl}methanesulfinimidamide",218.040833,"C5H10N6S2","[H]/N=S(/Cc1csc(n1)N=C(N)N)\N","InChI=1S/C5H10N6S2/c6-4(7)11-5-10-3(1-12-5)2-13(8)9/h1H,2H2,(H3,8,9)(H4,6,7,10,11)","FOCIEJULSRSNBJ-UHFFFAOYSA-N"
2801621,"Methyl 2-(2-thienyl)benzoate",218.040146,"C12H10O2S","COC(=O)c1ccccc1c2cccs2","InChI=1S/C12H10O2S/c1-14-12(13)10-6-3-2-5-9(10)11-7-4-8-15-11/h2-8H,1H3","VQXUOSBYSHTDNR-UHFFFAOYSA-N"
2801625,"Methyl 3-(3-thienyl)benzoate",218.040146,"C12H10O2S","COC(=O)c1cccc(c1)c2ccsc2","InChI=1S/C12H10O2S/c1-14-12(13)10-4-2-3-9(7-10)11-5-6-15-8-11/h2-8H,1H3","QCJSGZSOXQHJAB-UHFFFAOYSA-N"
2823559,"5-(3-Methoxyphenyl)-2-thiophenecarbaldehyde",218.040146,"C12H10O2S","COc1cccc(c1)c2ccc(s2)C=O","InChI=1S/C12H10O2S/c1-14-10-4-2-3-9(7-10)12-6-5-11(8-13)15-12/h2-8H,1H3","DLXLICDIIBNILO-UHFFFAOYSA-N"
2823560,"5-(2-Methoxyphenyl)-2-thiophenecarbaldehyde",218.040146,"C12H10O2S","COc1ccccc1c2ccc(s2)C=O","InChI=1S/C12H10O2S/c1-14-11-5-3-2-4-10(11)12-7-6-9(8-13)15-12/h2-8H,1H3","DYZXRQXNOYTTLY-UHFFFAOYSA-N"
2839497,"2-Hydroxy-2-phenyl-1-(2-thienyl)ethanone",218.040146,"C12H10O2S","c1ccc(cc1)C(C(=O)c2cccs2)O","InChI=1S/C12H10O2S/c13-11(9-5-2-1-3-6-9)12(14)10-7-4-8-15-10/h1-8,11,13H","YFZMKLUEORCQRT-UHFFFAOYSA-N"
2929492,"Methyl 4-(2-thienyl)benzoate",218.040146,"C12H10O2S","COC(=O)c1ccc(cc1)c2cccs2","InChI=1S/C12H10O2S/c1-14-12(13)10-6-4-9(5-7-10)11-3-2-8-15-11/h2-8H,1H3","KQKUJLJBJZNZIZ-UHFFFAOYSA-N"
2965631,"5-Methyl-4-phenyl-3-thiophenecarboxylic acid",218.040146,"C12H10O2S","Cc1c(c(cs1)C(=O)O)c2ccccc2","InChI=1S/C12H10O2S/c1-8-11(9-5-3-2-4-6-9)10(7-15-8)12(13)14/h2-7H,1H3,(H,13,14)","GIGSDQGBKJYLFV-UHFFFAOYSA-N"
3090422,"N-[(5-Chloro-2-thienyl)methyl]-2-(vinyloxy)ethanaminium",218.040085,"C9H13ClNOS","C=COCC[NH2+]Cc1ccc(s1)Cl","InChI=1S/C9H12ClNOS/c1-2-12-6-5-11-7-8-3-4-9(10)13-8/h2-4,11H,1,5-7H2/p+1","UBCBNBCWHKQRKD-UHFFFAOYSA-O"
3213549,"(4-Chlorophenyl)[dimethyl(oxido)-lambda~6~-sulfanylidene]methylammonium",218.040085,"C9H13ClNOS","C[N+](=S(=O)(C)C)c1ccc(cc1)Cl","InChI=1S/C9H13ClNOS/c1-11(13(2,3)12)9-6-4-8(10)5-7-9/h4-7H,1-3H3/q+1","JLGMEMQUGAZTTP-UHFFFAOYSA-N"
3341447,"Methyl 3-(2-thienyl)benzoate",218.040146,"C12H10O2S","COC(=O)c1cccc(c1)c2cccs2","InChI=1S/C12H10O2S/c1-14-12(13)10-5-2-4-9(8-10)11-6-3-7-15-11/h2-8H,1H3","MTYCPVXBEPSDOY-UHFFFAOYSA-N"
3343253,"Methyl 4-(3-thienyl)benzoate",218.040146,"C12H10O2S","COC(=O)c1ccc(cc1)c2ccsc2","InChI=1S/C12H10O2S/c1-14-12(13)10-4-2-9(3-5-10)11-6-7-15-8-11/h2-8H,1H3","NTBKCEONBLOPPY-UHFFFAOYSA-N"
3461012,"S-Benzyl 2-furancarbothioate",218.040146,"C12H10O2S","c1ccc(cc1)CSC(=O)c2ccco2","InChI=1S/C12H10O2S/c13-12(11-7-4-8-14-11)15-9-10-5-2-1-3-6-10/h1-8H,9H2","CGSSMUWNFHQHCD-UHFFFAOYSA-N"
3863256,"5-[4-(Methylsulfanyl)phenyl]-2-furaldehyde",218.040146,"C12H10O2S","CSc1ccc(cc1)c2ccc(o2)C=O","InChI=1S/C12H10O2S/c1-15-11-5-2-9(3-6-11)12-7-4-10(8-13)14-12/h2-8H,1H3","AAUWFBPPDTZHNP-UHFFFAOYSA-N"
3899084,"8-(Methylsulfanyl)-1-naphthoic acid",218.040146,"C12H10O2S","CSc1cccc2c1c(ccc2)C(=O)O","InChI=1S/C12H10O2S/c1-15-10-7-3-5-8-4-2-6-9(11(8)10)12(13)14/h2-7H,1H3,(H,13,14)","URUWHXADQZIDIW-UHFFFAOYSA-N"
4144007,"3-(4-Methylphenyl)-2-thiophenecarboxylic acid",218.040146,"C12H10O2S","Cc1ccc(cc1)c2ccsc2C(=O)O","InChI=1S/C12H10O2S/c1-8-2-4-9(5-3-8)10-6-7-15-11(10)12(13)14/h2-7H,1H3,(H,13,14)","GCEHBBDKPSCJCF-UHFFFAOYSA-N"
4295771,"1,2-Dihydrodibenzo[b,d]thiophene-1,2-diol",218.040146,"C12H10O2S","c1ccc2c(c1)c3c(s2)C=CC(C3O)O","InChI=1S/C12H10O2S/c13-8-5-6-10-11(12(8)14)7-3-1-2-4-9(7)15-10/h1-6,8,12-14H","OOOXLVUNFHBSNL-UHFFFAOYSA-N"
4525532,"(2E)-3-(7-Methyl-1-benzothiophen-3-yl)acrylic acid",218.040146,"C12H10O2S","Cc1cccc2c1scc2/C=C/C(=O)O","InChI=1S/C12H10O2S/c1-8-3-2-4-10-9(5-6-11(13)14)7-15-12(8)10/h2-7H,1H3,(H,13,14)/b6-5+","ATXPTYRFAUTYAQ-AATRIKPKSA-N"
4573765,"(1R,2S)-1,2-Dihydrodibenzo[b,d]thiophene-1,2-diol",218.040146,"C12H10O2S","c1ccc2c(c1)c3c(s2)C=C[C@@H]([C@@H]3O)O","InChI=1S/C12H10O2S/c13-8-5-6-10-11(12(8)14)7-3-1-2-4-9(7)15-10/h1-6,8,12-14H/t8-,12-/m0/s1","OOOXLVUNFHBSNL-UFBFGSQYSA-N"
4917974,"(2Z)-2-[(1Z)-1-(Carbamothioylhydrazono)-2-propanylidene]hydrazinecarbothioamide",218.040833,"C5H10N6S2","C/C(=N/NC(=S)N)/C=N\NC(=S)N","InChI=1S/C5H10N6S2/c1-3(9-11-5(7)13)2-8-10-4(6)12/h2H,1H3,(H3,6,10,12)(H3,7,11,13)/b8-2-,9-3-","STHSEWZEHYXRIB-LAWPVJTFSA-N"
4985108,"3-(2-Thienylmethoxy)benzaldehyde",218.040146,"C12H10O2S","c1cc(cc(c1)OCc2cccs2)C=O","InChI=1S/C12H10O2S/c13-8-10-3-1-4-11(7-10)14-9-12-5-2-6-15-12/h1-8H,9H2","WPEZXXPEJWPGLZ-UHFFFAOYSA-N"
7822450,"2-Biphenylsulfinic acid",218.040146,"C12H10O2S","O=S(O)c2ccccc2c1ccccc1","InChI=1S/C12H10O2S/c13-15(14)12-9-5-4-8-11(12)10-6-2-1-3-7-10/h1-9H,(H,13,14)","LZCLZDCSBDVAOV-UHFFFAOYSA-N"
7837353,"(2'E)-2,2'-[(2E)-1,2-Propanediylidene]dihydrazinecarbothioamide",218.040833,"C5H10N6S2","S=C(N\N=C(\C=NNC(=S)N)C)N","InChI=1S/C5H10N6S2/c1-3(9-11-5(7)13)2-8-10-4(6)12/h2H,1H3,(H3,6,10,12)(H3,7,11,13)/b8-2?,9-3+","STHSEWZEHYXRIB-XKTQGDMASA-N"
8013053,"6-Deoxy-6,6,6-trifluoro-L-galactopyranose",218.040207,"C6H9F3O5","FC(F)(F)[C@@H]1OC(O)[C@@H](O)[C@H](O)[C@@H]1O","InChI=1S/C6H9F3O5/c7-6(8,9)4-2(11)1(10)3(12)5(13)14-4/h1-5,10-13H/t1-,2+,3+,4-,5?/m1/s1","SRVQWWYFZSMHGJ-QKTVDURKSA-N"
8034943,"6-Deoxy-6,6,6-trifluoro-beta-L-galactopyranose",218.040207,"C6H9F3O5","FC(F)(F)[C@@H]1O[C@H](O)[C@@H](O)[C@H](O)[C@@H]1O","InChI=1S/C6H9F3O5/c7-6(8,9)4-2(11)1(10)3(12)5(13)14-4/h1-5,10-13H/t1-,2+,3+,4-,5+/m1/s1","SRVQWWYFZSMHGJ-SEEKMWBPSA-N"
8234807,"5-Amino-N'-methyl-3-(methylsulfanyl)-1H-1,2,4-triazole-1-carbothiohydrazide",218.040833,"C5H10N6S2","S=C(n1nc(SC)nc1N)NNC","InChI=1S/C5H10N6S2/c1-7-9-5(12)11-3(6)8-4(10-11)13-2/h7H,1-2H3,(H,9,12)(H2,6,8,10)","UEEJDZMNXBXCCF-UHFFFAOYSA-N"
8257649,"S-(2-Furylmethyl) benzenecarbothioate",218.040146,"C12H10O2S","O=C(SCc1occc1)c2ccccc2","InChI=1S/C12H10O2S/c13-12(10-5-2-1-3-6-10)15-9-11-7-4-8-14-11/h1-8H,9H2","ZHJTXTWMSRKTAX-UHFFFAOYSA-N"
8352287,"Sodium D-talonate",218.040253,"C6H11NaO7","[Na+].[O-]C(=O)[C@@H](O)[C@@H](O)[C@@H](O)[C@H](O)CO","InChI=1S/C6H12O7.Na/c7-1-2(8)3(9)4(10)5(11)6(12)13;/h2-5,7-11H,1H2,(H,12,13);/q;+1/p-1/t2-,3+,4+,5+;/m1./s1","UPMFZISCCZSDND-WRQOPGLOSA-M"
8418000,"5-Amino-N-methyl-3-(methylsulfanyl)-1H-1,2,4-triazole-1-carbothiohydrazide",218.040833,"C5H10N6S2","S=C(n1nc(SC)nc1N)N(N)C","InChI=1S/C5H10N6S2/c1-10(7)5(12)11-3(6)8-4(9-11)13-2/h7H2,1-2H3,(H2,6,8,9)","OKRSUCXNAHSJNU-UHFFFAOYSA-N"
8438314,"(3-Methoxyphenyl)(2-thienyl)methanone",218.040146,"C12H10O2S","O=C(c1cc(OC)ccc1)c2sccc2","InChI=1S/C12H10O2S/c1-14-10-5-2-4-9(8-10)12(13)11-6-3-7-15-11/h2-8H,1H3","PQZSHFPAVJVGKE-UHFFFAOYSA-N"
8528784,"2-[Hydroxy(phenyl)methyl]-3-thiophenecarbaldehyde",218.040146,"C12H10O2S","O=Cc1c(scc1)C(O)c2ccccc2","InChI=1S/C12H10O2S/c13-8-10-6-7-15-12(10)11(14)9-4-2-1-3-5-9/h1-8,11,14H","RWZJDUGRQVMICA-UHFFFAOYSA-N"
8688412,"(6S,7S)-6,7-Dihydronaphtho[1,2-b]thiophene-6,7-diol",218.040146,"C12H10O2S","O[C@H]1c3c(\C=C/[C@@H]1O)c2sccc2cc3","InChI=1S/C12H10O2S/c13-10-4-3-9-8(11(10)14)2-1-7-5-6-15-12(7)9/h1-6,10-11,13-14H/t10-,11-/m0/s1","ALGPRUOFHOBPMX-QWRGUYRKSA-N"
8712193,"2-Phenoxy-1-(2-thienyl)ethanone",218.040146,"C12H10O2S","O=C(c1sccc1)COc2ccccc2","InChI=1S/C12H10O2S/c13-11(12-7-4-8-15-12)9-14-10-5-2-1-3-6-10/h1-8H,9H2","XJEMBJMHKYPWKU-UHFFFAOYSA-N"
8712194,"5-(3-Methylphenyl)-2-thiophenecarboxylic acid",218.040146,"C12H10O2S","O=C(O)c2sc(c1cc(ccc1)C)cc2","InChI=1S/C12H10O2S/c1-8-3-2-4-9(7-8)10-5-6-11(15-10)12(13)14/h2-7H,1H3,(H,13,14)","RWYDBBASVZAWFT-UHFFFAOYSA-N"
8997994,"2-Methoxy-5-(3-thienyl)benzaldehyde",218.040146,"C12H10O2S","O=Cc1c(OC)ccc(c1)c2ccsc2","InChI=1S/C12H10O2S/c1-14-12-3-2-9(6-11(12)7-13)10-4-5-15-8-10/h2-8H,1H3","HNSLDZHNYAQVMZ-UHFFFAOYSA-N"
9075341,"Diethyl{[(trifluoromethyl)sulfonyl]oxy}borane",218.039581,"C5H10BF3O3S","FC(F)(F)S(=O)(=O)OB(CC)CC","InChI=1S/C5H10BF3O3S/c1-3-6(4-2)12-13(10,11)5(7,8)9/h3-4H2,1-2H3","KOSMUFYDLUVLDO-UHFFFAOYSA-N"
9097202,"2-C-(Trifluoromethyl)-L-ribofuranose",218.040207,"C6H9F3O5","C(C1C(C(C(O1)O)(C(F)(F)F)O)O)O","InChI=1S/C6H9F3O5/c7-6(8,9)5(13)3(11)2(1-10)14-4(5)12/h2-4,10-13H,1H2","DVWOQVXDKLFZIR-UHFFFAOYSA-N"
9184614,"Phenyl(3-thienyl)acetic acid",218.040146,"C12H10O2S","c1ccc(cc1)C(c2ccsc2)C(=O)O","InChI=1S/C12H10O2S/c13-12(14)11(10-6-7-15-8-10)9-4-2-1-3-5-9/h1-8,11H,(H,13,14)","YVGXAIUREHNKRW-UHFFFAOYSA-N"
9302856,"2-(Phenylsulfanyl)-1,4-benzenediol",218.040146,"C12H10O2S","S(c1ccccc1)c2cc(O)ccc2O","InChI=1S/C12H10O2S/c13-9-6-7-11(14)12(8-9)15-10-4-2-1-3-5-10/h1-8,13-14H","RRWYVSNRZFXBOC-UHFFFAOYSA-N"
9302857,"[3-(2-Propyn-1-ylsulfonyl)-1-propyn-1-yl]benzene",218.040146,"C12H10O2S","O=S(=O)(CC#Cc1ccccc1)CC#C","InChI=1S/C12H10O2S/c1-2-10-15(13,14)11-6-9-12-7-4-3-5-8-12/h1,3-5,7-8H,10-11H2","FYMUTHRESKHAOS-UHFFFAOYSA-N"
9323783,"2-(Phenylsulfinyl)phenol",218.040146,"C12H10O2S","O=S(c1ccccc1O)c2ccccc2","InChI=1S/C12H10O2S/c13-11-8-4-5-9-12(11)15(14)10-6-2-1-3-7-10/h1-9,13H","LHYFMWGDNOTXEL-UHFFFAOYSA-N"
9381798,"4-(4-Methoxyphenyl)-2-thiophenecarbaldehyde",218.040146,"C12H10O2S","O=Cc2scc(c1ccc(OC)cc1)c2","InChI=1S/C12H10O2S/c1-14-11-4-2-9(3-5-11)10-6-12(7-13)15-8-10/h2-8H,1H3","QHFFOHGKCLHHFU-UHFFFAOYSA-N"
9462401,"(2E)-3-(1-Benzothiophen-6-yl)-2-butenoic acid",218.040146,"C12H10O2S","O=C(O)\C=C(\c2ccc1c(scc1)c2)C","InChI=1S/C12H10O2S/c1-8(6-12(13)14)10-3-2-9-4-5-15-11(9)7-10/h2-7H,1H3,(H,13,14)/b8-6+","BFUDPJKWLBLXIM-SOFGYWHQSA-N"
9565240,"5-(2-Thienylmethyl)-1,3-benzodioxole",218.040146,"C12H10O2S","O1c2c(OC1)cc(cc2)Cc3sccc3","InChI=1S/C12H10O2S/c1-2-10(15-5-1)6-9-3-4-11-12(7-9)14-8-13-11/h1-5,7H,6,8H2","LVIIPZMPCSJAMC-UHFFFAOYSA-N"
9576586,"2-C-(Trifluoromethyl)-D-ribofuranose",218.040207,"C6H9F3O5","FC(F)(F)[C@@]1(O)[C@H](O)[C@H](OC1O)CO","InChI=1S/C6H9F3O5/c7-6(8,9)5(13)3(11)2(1-10)14-4(5)12/h2-4,10-13H,1H2/t2-,3-,4?,5-/m1/s1","DVWOQVXDKLFZIR-PINPHNIDSA-N"
9599386,"2-Methyl-2,3-dihydro-4H-thieno[3,2-c]chromen-4-one",218.040146,"C12H10O2S","O=C2Oc3c(C=1SC(CC=12)C)cccc3","InChI=1S/C12H10O2S/c1-7-6-9-11(15-7)8-4-2-3-5-10(8)14-12(9)13/h2-5,7H,6H2,1H3","KFAXKFXCORVLTM-UHFFFAOYSA-N"
10285506,"2-C-(Trifluoromethyl)-beta-D-ribopyranose",218.040207,"C6H9F3O5","C1[C@H]([C@H]([C@@]([C@@H](O1)O)(C(F)(F)F)O)O)O","InChI=1S/C6H9F3O5/c7-6(8,9)5(13)3(11)2(10)1-14-4(5)12/h2-4,10-13H,1H2/t2-,3-,4-,5-/m1/s1","GQCMCJYGRDKXJC-TXICZTDVSA-N"
10352455,"2-{[Methyl(nitro)amino]methyl}-5-nitro-1,2-dihydro-3H-1,2,4-triazol-3-one",218.039963,"C4H6N6O5","CN(Cn1c(=O)[nH]c(n1)[N+](=O)[O-])[N+](=O)[O-]","InChI=1S/C4H6N6O5/c1-7(10(14)15)2-8-4(11)5-3(6-8)9(12)13/h2H2,1H3,(H,5,6,11)","KZUFAAZHCZWVRQ-UHFFFAOYSA-N"
10534882,"2-(3-Thienylmethyl)benzoic acid",218.040146,"C12H10O2S","OC(=O)c2ccccc2Cc1ccsc1","InChI=1S/C12H10O2S/c13-12(14)11-4-2-1-3-10(11)7-9-5-6-15-8-9/h1-6,8H,7H2,(H,13,14)","DRZXIQUOTRKIQF-UHFFFAOYSA-N"
10539488,"2-(2-Thienylmethoxy)-2,4,6-cycloheptatrien-1-one",218.040146,"C12H10O2S","O=C2/C=C\C=C/C=C2/OCc1cccs1","InChI=1S/C12H10O2S/c13-11-6-2-1-3-7-12(11)14-9-10-5-4-8-15-10/h1-8H,9H2","LMXLQPFCJRGBMX-UHFFFAOYSA-N"
10539491,"2-Hydroxy-5-(2-thienylmethyl)-2,4,6-cycloheptatrien-1-one",218.040146,"C12H10O2S","O=C1\C=C/C(=C\C=C1\O)/Cc2cccs2","InChI=1S/C12H10O2S/c13-11-5-3-9(4-6-12(11)14)8-10-2-1-7-15-10/h1-7H,8H2,(H,13,14)","PQDQCODJOAJGOC-UHFFFAOYSA-N"
10539492,"2-Hydroxy-3-(2-thienylmethyl)-2,4,6-cycloheptatrien-1-one",218.040146,"C12H10O2S","O=C2/C=C\C=C/C(/Cc1cccs1)=C2/O","InChI=1S/C12H10O2S/c13-11-6-2-1-4-9(12(11)14)8-10-5-3-7-15-10/h1-7H,8H2,(H,13,14)","WUADDSIPISDAQE-UHFFFAOYSA-N"
10544656,"4-(Methylsulfanyl)-6-phenyl-2H-pyran-2-one",218.040146,"C12H10O2S","CSC=1/C=C(\OC(=O)C=1)c2ccccc2","InChI=1S/C12H10O2S/c1-15-10-7-11(14-12(13)8-10)9-5-3-2-4-6-9/h2-8H,1H3","IPMFYUFJTADCSW-UHFFFAOYSA-N"
10546120,"3-Methyl-5-phenyl-2-thiophenecarboxylic acid",218.040146,"C12H10O2S","Cc1cc(sc1C(=O)O)c2ccccc2","InChI=1S/C12H10O2S/c1-8-7-10(15-11(8)12(13)14)9-5-3-2-4-6-9/h2-7H,1H3,(H,13,14)","HKLGQHBZEAPLDC-UHFFFAOYSA-N"
10553360,"(4-Methoxyphenyl)(3-thienyl)methanone",218.040146,"C12H10O2S","COC1=CC=C(C=C1)C(=O)C2=CSC=C2","InChI=1S/C12H10O2S/c1-14-11-4-2-9(3-5-11)12(13)10-6-7-15-8-10/h2-8H,1H3","KRAFKJLSLUZFSZ-UHFFFAOYSA-N"
10579161,"7,8-Dihydro-6H-indeno[5,4-b]thiophene-2-carboxylic acid",218.040146,"C12H10O2S","OC(=O)c3cc2c(ccc1CCCc12)s3","InChI=1S/C12H10O2S/c13-12(14)11-6-9-8-3-1-2-7(8)4-5-10(9)15-11/h4-6H,1-3H2,(H,13,14)","ALBIZOQBXGTLFL-UHFFFAOYSA-N"
10579163,"6,7-Dihydro-5H-indeno[5,6-b]thiophene-2-carboxylic acid",218.040146,"C12H10O2S","OC(=O)c1cc2cc3CCCc3cc2s1","InChI=1S/C12H10O2S/c13-12(14)11-6-9-4-7-2-1-3-8(7)5-10(9)15-11/h4-6H,1-3H2,(H,13,14)","ZWJASXAMLNHTQE-UHFFFAOYSA-N"
10579167,"7,8-Dihydro-6H-indeno[4,5-b]thiophene-2-carboxylic acid",218.040146,"C12H10O2S","OC(=O)c1cc2ccc3CCCc3c2s1","InChI=1S/C12H10O2S/c13-12(14)10-6-8-5-4-7-2-1-3-9(7)11(8)15-10/h4-6H,1-3H2,(H,13,14)","AYBQPAMKTWCGKL-UHFFFAOYSA-N"
10594909,"2-C-(Trifluoromethyl)-D-ribopyranose",218.040207,"C6H9F3O5","O[C@@]1([C@H](O)[C@H](O)COC1O)C(F)(F)F","InChI=1S/C6H9F3O5/c7-6(8,9)5(13)3(11)2(10)1-14-4(5)12/h2-4,10-13H,1H2/t2-,3-,4?,5-/m1/s1","GQCMCJYGRDKXJC-PINPHNIDSA-N"
10594910,"2-C-(Trifluoromethyl)-D-ribofuranose",218.040207,"C6H9F3O5","FC(F)(F)[C@@]1(O)[C@H](O)[C@@H](CO)OC1O","InChI=1S/C6H9F3O5/c7-6(8,9)5(13)3(11)2(1-10)14-4(5)12/h2-4,10-13H,1H2/t2-,3-,4?,5-/m1/s1","DVWOQVXDKLFZIR-PINPHNIDSA-N"
10594913,"2-C-(Trifluoromethyl)-L-ribopyranose",218.040207,"C6H9F3O5","O[C@]1([C@@H](O)[C@@H](O)COC1O)C(F)(F)F","InChI=1S/C6H9F3O5/c7-6(8,9)5(13)3(11)2(10)1-14-4(5)12/h2-4,10-13H,1H2/t2-,3-,4?,5-/m0/s1","GQCMCJYGRDKXJC-FQJSNDFQSA-N"
10594914,"2-C-(Trifluoromethyl)-L-ribofuranose",218.040207,"C6H9F3O5","FC(F)(F)[C@]1(O)[C@@H](O)[C@H](CO)OC1O","InChI=1S/C6H9F3O5/c7-6(8,9)5(13)3(11)2(1-10)14-4(5)12/h2-4,10-13H,1H2/t2-,3-,4?,5-/m0/s1","DVWOQVXDKLFZIR-FQJSNDFQSA-N"
10705814,"5-(4-Methylphenyl)-2-thiophenecarboxylic acid",218.040146,"C12H10O2S","O=C(O)c1ccc(s1)c2ccc(C)cc2","InChI=1S/C12H10O2S/c1-8-2-4-9(5-3-8)10-6-7-11(15-10)12(13)14/h2-7H,1H3,(H,13,14)","HAJCITVNZKDTPX-UHFFFAOYSA-N"
10736565,"2-methoxy-5-thien-2-ylbenzaldehyde",218.040146,"C12H10O2S","COc1ccc(cc1C=O)c2cccs2","InChI=1S/C12H10O2S/c1-14-11-5-4-9(7-10(11)8-13)12-3-2-6-15-12/h2-8H,1H3","CEEHLUXOBWGLOP-UHFFFAOYSA-N"
11123191,"Methyl 3-phenyl-2-thiophenecarboxylate",218.040146,"C12H10O2S","COC(=O)c1c(ccs1)c2ccccc2","InChI=1S/C12H10O2S/c1-14-12(13)11-10(7-8-15-11)9-5-3-2-4-6-9/h2-8H,1H3","TUSSOROTMWPECZ-UHFFFAOYSA-N"
11210652,"2-Chloro-1,3-dimethyl-1H-imidazol-3-ium tetrafluoroborate",218.040527,"C5H8BClF4N2","[B-](F)(F)(F)F.Cn1cc[n+](c1Cl)C","InChI=1S/C5H8ClN2.BF4/c1-7-3-4-8(2)5(7)6;2-1(3,4)5/h3-4H,1-2H3;/q+1;-1","CGOQUHFRTZEQIX-UHFFFAOYSA-N"
11333003,"[4-(3-Thienyl)phenyl]acetic acid",218.040146,"C12H10O2S","c1cc(ccc1CC(=O)O)c2ccsc2","InChI=1S/C12H10O2S/c13-12(14)7-9-1-3-10(4-2-9)11-5-6-15-8-11/h1-6,8H,7H2,(H,13,14)","BUVVMCSDRGHLCC-UHFFFAOYSA-N"
11345353,"[2-(2-Thienyl)phenyl]acetic acid",218.040146,"C12H10O2S","c1ccc(c(c1)CC(=O)O)c2cccs2","InChI=1S/C12H10O2S/c13-12(14)8-9-4-1-2-5-10(9)11-6-3-7-15-11/h1-7H,8H2,(H,13,14)","JJJRVOAWTBMQAR-UHFFFAOYSA-N"
11510455,"2-(1-Benzothiophen-3-yl)cyclopropanecarboxylic acid",218.040146,"C12H10O2S","OC(=O)C3CC3c2csc1ccccc12","InChI=1S/C12H10O2S/c13-12(14)9-5-8(9)10-6-15-11-4-2-1-3-7(10)11/h1-4,6,8-9H,5H2,(H,13,14)","BGLFDQXTYAKQCJ-UHFFFAOYSA-N"
11634924,"4-Methoxy-3-(3-thienyl)benzaldehyde",218.040146,"C12H10O2S","COc1ccc(cc1c2ccsc2)C=O","InChI=1S/C12H10O2S/c1-14-12-3-2-9(7-13)6-11(12)10-4-5-15-8-10/h2-8H,1H3","WWOLTFUCHBEIRM-UHFFFAOYSA-N"
11853401,"1-(2-hydroxy-5-thien-2-ylphenyl)ethanone",218.040146,"C12H10O2S","CC(=O)c1cc(ccc1O)c2cccs2","InChI=1S/C12H10O2S/c1-8(13)10-7-9(4-5-11(10)14)12-3-2-6-15-12/h2-7,14H,1H3","ITSBBWWLOLWQPX-UHFFFAOYSA-N"
12479957,"(2E)-3-(5-Methyl-2-furyl)-1-(2-thienyl)-2-propen-1-one",218.040146,"C12H10O2S","Cc1ccc(o1)/C=C/C(=O)c2cccs2","InChI=1S/C12H10O2S/c1-9-4-5-10(14-9)6-7-11(13)12-3-2-8-15-12/h2-8H,1H3/b7-6+","LZBVVVYKXVTRGU-VOTSOKGWSA-N"
12562893,"4-[(2-furylmethyl)thio]benzaldehyde",218.040146,"C12H10O2S","c1cc(oc1)CSc2ccc(cc2)C=O","InChI=1S/C12H10O2S/c13-8-10-3-5-12(6-4-10)15-9-11-2-1-7-14-11/h1-8H,9H2","ANNHDAYIWZHTSS-UHFFFAOYSA-N"
12564230,"5-Benzyl-2-thiophenecarboxylic acid",218.040146,"C12H10O2S","c1ccc(cc1)Cc2ccc(s2)C(=O)O","InChI=1S/C12H10O2S/c13-12(14)11-7-6-10(15-11)8-9-4-2-1-3-5-9/h1-7H,8H2,(H,13,14)","NECSFWXPSYUWGX-UHFFFAOYSA-N"
12927355,"5-(Phenoxymethyl)-2-thiophenecarbaldehyde",218.040146,"C12H10O2S","c1ccc(cc1)OCc2ccc(s2)C=O","InChI=1S/C12H10O2S/c13-8-11-6-7-12(15-11)9-14-10-4-2-1-3-5-10/h1-8H,9H2","CCQDEJJPHAICMH-UHFFFAOYSA-N"
12927415,"4-(Phenoxymethyl)-2-thiophenecarbaldehyde",218.040146,"C12H10O2S","c1ccc(cc1)OCc2cc(sc2)C=O","InChI=1S/C12H10O2S/c13-7-12-6-10(9-15-12)8-14-11-4-2-1-3-5-11/h1-7,9H,8H2","CNXVKWUCWLYGID-UHFFFAOYSA-N"
12929102,"5-(2-Methylphenyl)-2-thiophenecarboxylic acid",218.040146,"C12H10O2S","Cc1ccccc1c2ccc(s2)C(=O)O","InChI=1S/C12H10O2S/c1-8-4-2-3-5-9(8)10-6-7-11(15-10)12(13)14/h2-7H,1H3,(H,13,14)","BSOIGQKKGJNDJD-UHFFFAOYSA-N"
12929557,"4-(3-Methoxyphenyl)-2-thiophenecarbaldehyde",218.040146,"C12H10O2S","COc1cccc(c1)c2cc(sc2)C=O","InChI=1S/C12H10O2S/c1-14-11-4-2-3-9(5-11)10-6-12(7-13)15-8-10/h2-8H,1H3","YOWHPHLMKMGQFV-UHFFFAOYSA-N"
12929558,"4-(2-Methoxyphenyl)-2-thiophenecarbaldehyde",218.040146,"C12H10O2S","COc1ccccc1c2cc(sc2)C=O","InChI=1S/C12H10O2S/c1-14-12-5-3-2-4-11(12)9-6-10(7-13)15-8-9/h2-8H,1H3","JBVZPJZYJGHLIM-UHFFFAOYSA-N"
12930152,"6-(2-Thienyl)-2,3-dihydro-1,4-benzodioxine",218.040146,"C12H10O2S","c1cc(sc1)c2ccc3c(c2)OCCO3","InChI=1S/C12H10O2S/c1-2-12(15-7-1)9-3-4-10-11(8-9)14-6-5-13-10/h1-4,7-8H,5-6H2","BUSIQQXNPQFPCP-UHFFFAOYSA-N"
12930154,"Methyl 2-(3-thienyl)benzoate",218.040146,"C12H10O2S","COC(=O)c1ccccc1c2ccsc2","InChI=1S/C12H10O2S/c1-14-12(13)11-5-3-2-4-10(11)9-6-7-15-8-9/h2-8H,1H3","PARKTCBUEOYYIP-UHFFFAOYSA-N"
12930160,"6-(3-Thienyl)-2,3-dihydro-1,4-benzodioxine",218.040146,"C12H10O2S","c1cc2c(cc1c3ccsc3)OCCO2","InChI=1S/C12H10O2S/c1-2-11-12(14-5-4-13-11)7-9(1)10-3-6-15-8-10/h1-3,6-8H,4-5H2","XGRXNWDSEKTNIX-UHFFFAOYSA-N"
12950646,"1-[2-Hydroxy-5-(3-thienyl)phenyl]ethanone",218.040146,"C12H10O2S","CC(=O)c1cc(ccc1O)c2ccsc2","InChI=1S/C12H10O2S/c1-8(13)11-6-9(2-3-12(11)14)10-4-5-15-7-10/h2-7,14H,1H3","MOBHCUUHMUEXHQ-UHFFFAOYSA-N"
13597906,"3,3'-Sulfanediyldiphenol",218.040146,"C12H10O2S","c1cc(cc(c1)Sc2cccc(c2)O)O","InChI=1S/C12H10O2S/c13-9-3-1-5-11(7-9)15-12-6-2-4-10(14)8-12/h1-8,13-14H","GOWCECVOTUONTI-UHFFFAOYSA-N"
13809024,"3-(5-Methyl-2-thienyl)benzoic acid",218.040146,"C12H10O2S","Cc1ccc(s1)c2cccc(c2)C(=O)O","InChI=1S/C12H10O2S/c1-8-5-6-11(15-8)9-3-2-4-10(7-9)12(13)14/h2-7H,1H3,(H,13,14)","VDCABPDQBAMLFC-UHFFFAOYSA-N"
14303918,"Methyl-5-vinyl-1-benzothiophen-2-carboxylat",218.040146,"C12H10O2S","COC(=O)c1cc2cc(ccc2s1)C=C","InChI=1S/C12H10O2S/c1-3-8-4-5-10-9(6-8)7-11(15-10)12(13)14-2/h3-7H,1H2,2H3","JOVFHZZJKTXMHN-UHFFFAOYSA-N"
14304085,"Methyl-4-vinyl-1-benzothiophen-2-carboxylat",218.040146,"C12H10O2S","COC(=O)c1cc2c(cccc2s1)C=C","InChI=1S/C12H10O2S/c1-3-8-5-4-6-10-9(8)7-11(15-10)12(13)14-2/h3-7H,1H2,2H3","DUNIJBRTEQGMQH-UHFFFAOYSA-N"
14693572,"4-(2-Thienylmethyl)benzoic acid",218.040146,"C12H10O2S","c1cc(sc1)Cc2ccc(cc2)C(=O)O","InChI=1S/C12H10O2S/c13-12(14)10-5-3-9(4-6-10)8-11-2-1-7-15-11/h1-7H,8H2,(H,13,14)","OAIBKSRZDOMJKZ-UHFFFAOYSA-N"
15066150,"2-Methyl-3-(2-thienyl)benzoic acid",218.040146,"C12H10O2S","Cc1c(cccc1C(=O)O)c2cccs2","InChI=1S/C12H10O2S/c1-8-9(11-6-3-7-15-11)4-2-5-10(8)12(13)14/h2-7H,1H3,(H,13,14)","NOOAFJXPUUWYGO-UHFFFAOYSA-N"
16108159,"5-[4-(Hydroxymethyl)phenyl]-2-thiophenecarbaldehyde",218.040146,"C12H10O2S","c1cc(ccc1CO)c2ccc(s2)C=O","InChI=1S/C12H10O2S/c13-7-9-1-3-10(4-2-9)12-6-5-11(8-14)15-12/h1-6,8,13H,7H2","NBFLMAYFXVNFSV-UHFFFAOYSA-N"
16159278,"5-(Benzyloxy)-2-thiophenecarbaldehyde",218.040146,"C12H10O2S","c1ccc(cc1)COc2ccc(s2)C=O","InChI=1S/C12H10O2S/c13-8-11-6-7-12(15-11)14-9-10-4-2-1-3-5-10/h1-8H,9H2","MUKRPFROZYCZPR-UHFFFAOYSA-N"
18665930,"Hydrazinecarbothioamide, 2,2'- (1-methyl-1,2-ethanediylidene)bis-",218.040833,"C5H10N6S2","C/C(=N\NC(=S)N)/C=N/NC(=S)N","InChI=1S/C5H10N6S2/c1-3(9-11-5(7)13)2-8-10-4(6)12/h2H,1H3,(H3,6,10,12)(H3,7,11,13)/b8-2+,9-3+","STHSEWZEHYXRIB-CPJVMOPCSA-N"
19997626,"4-Hydroxy-6-methyl-3-phenyl-2H-thiopyran-2-one",218.040146,"C12H10O2S","Cc1cc(c(c(=O)s1)c2ccccc2)O","InChI=1S/C12H10O2S/c1-8-7-10(13)11(12(14)15-8)9-5-3-2-4-6-9/h2-7,13H,1H3","NUZZXYJTPCEILR-UHFFFAOYSA-N"
20034966,"Sodium galactonate",218.040253,"C6H11NaO7","C([C@H]([C@@H]([C@@H]([C@H](C(=O)[O-])O)O)O)O)O.[Na+]","InChI=1S/C6H12O7.Na/c7-1-2(8)3(9)4(10)5(11)6(12)13;/h2-5,7-11H,1H2,(H,12,13);/q;+1/p-1/t2-,3+,4+,5-;/m1./s1","UPMFZISCCZSDND-FLGKMABCSA-M"
21256007,"2,4-Diamino-7,8-dihydro-6H-pyrimido[2,1-b][1,3]thiazin-5-ium chloride",218.039291,"C7H11ClN4S","C1CN=C2[N+](=C(C=C(S2)N)N)C1.[Cl-]","InChI=1S/C7H10N4S.ClH/c8-5-4-6(9)12-7-10-2-1-3-11(5)7;/h4H,1-3H2,(H3,8,9);1H","XRDFJTJZZDQLSY-UHFFFAOYSA-N"
21374627,"6,7-Dihydronaphtho[1,2-b]thiophene-6,7-diol",218.040146,"C12H10O2S","c1cc2c(c3c1ccs3)C=CC(C2O)O","InChI=1S/C12H10O2S/c13-10-4-3-9-8(11(10)14)2-1-7-5-6-15-12(7)9/h1-6,10-11,13-14H","ALGPRUOFHOBPMX-UHFFFAOYSA-N"
21398080,"(2-Methoxyphenyl)(3-thienyl)methanone",218.040146,"C12H10O2S","COc1ccccc1C(=O)c2ccsc2","InChI=1S/C12H10O2S/c1-14-11-5-3-2-4-10(11)12(13)9-6-7-15-8-9/h2-8H,1H3","CZAKRXIKWPTTPI-UHFFFAOYSA-N"
21398081,"(3-Methoxyphenyl)(3-thienyl)methanone",218.040146,"C12H10O2S","COc1cccc(c1)C(=O)c2ccsc2","InChI=1S/C12H10O2S/c1-14-11-4-2-3-9(7-11)12(13)10-5-6-15-8-10/h2-8H,1H3","NPAJLYAHYZLZNQ-UHFFFAOYSA-N"
21409273,"4-Benzyl-2-thiophenecarboxylic acid",218.040146,"C12H10O2S","c1ccc(cc1)Cc2cc(sc2)C(=O)O","InChI=1S/C12H10O2S/c13-12(14)11-7-10(8-15-11)6-9-4-2-1-3-5-9/h1-5,7-8H,6H2,(H,13,14)","CVTUZGDJYOVVOT-UHFFFAOYSA-N"
21410953,"1-{5-[(E)-2-(2-Furyl)vinyl]-2-thienyl}ethanone",218.040146,"C12H10O2S","CC(=O)c1ccc(s1)/C=C/c2ccco2","InChI=1S/C12H10O2S/c1-9(13)12-7-6-11(15-12)5-4-10-3-2-8-14-10/h2-8H,1H3/b5-4+","HIHADIDOVXSGCO-SNAWJCMRSA-N"
21413741,"(2E,4E)-4-Benzylidene-2-ethylidene-1,3-oxathiolan-5-one",218.040146,"C12H10O2S","C/C=c/1\oc(=O)/c(=C\c2ccccc2)/s1","InChI=1S/C12H10O2S/c1-2-11-14-12(13)10(15-11)8-9-6-4-3-5-7-9/h2-8H,1H3/b10-8+,11-2+","NIJMGQCYTVZGBJ-ZYDFQSQRSA-N"
21474125,"Methyl 4-phenyl-3-thiophenecarboxylate",218.040146,"C12H10O2S","COC(=O)c1cscc1c2ccccc2","InChI=1S/C12H10O2S/c1-14-12(13)11-8-15-7-10(11)9-5-3-2-4-6-9/h2-8H,1H3","AJMHUFVILVTYTG-UHFFFAOYSA-N"
21491567,"1-[5-(Phenylsulfanyl)-2-furyl]ethanone",218.040146,"C12H10O2S","CC(=O)c1ccc(o1)Sc2ccccc2","InChI=1S/C12H10O2S/c1-9(13)11-7-8-12(14-11)15-10-5-3-2-4-6-10/h2-8H,1H3","NEHXCSMMJGKPLK-UHFFFAOYSA-N"
21763101,"2-Methyl-2H-naphtho[2,3-b]thiete 1,1-dioxide",218.040146,"C12H10O2S","CC1c2cc3ccccc3cc2S1(=O)=O","InChI=1S/C12H10O2S/c1-8-11-6-9-4-2-3-5-10(9)7-12(11)15(8,13)14/h2-8H,1H3","SLHSKYQPKSHENQ-UHFFFAOYSA-N"
21763247,"13-Thiatricyclo[6.4.1.0~2,7~]trideca-2,4,6,9,11-pentaene 13,13-dioxide",218.040146,"C12H10O2S","c1ccc2c(c1)C3C=CC=CC2S3(=O)=O","InChI=1S/C12H10O2S/c13-15(14)11-7-3-4-8-12(15)10-6-2-1-5-9(10)11/h1-8,11-12H","LXLBCNMDWBUZTO-UHFFFAOYSA-N"
23349795,"Sodium L-gluconate",218.040253,"C6H11NaO7","C([C@@H]([C@@H]([C@H]([C@@H](C(=O)[O-])O)O)O)O)O.[Na+]","InChI=1S/C6H12O7.Na/c7-1-2(8)3(9)4(10)5(11)6(12)13;/h2-5,7-11H,1H2,(H,12,13);/q;+1/p-1/t2-,3-,4+,5-;/m0./s1","UPMFZISCCZSDND-OSQBQZLYSA-M"
23359774,"(4-Phenyl-2-thienyl)acetic acid",218.040146,"C12H10O2S","c1ccc(cc1)c2cc(sc2)CC(=O)O","InChI=1S/C12H10O2S/c13-12(14)7-11-6-10(8-15-11)9-4-2-1-3-5-9/h1-6,8H,7H2,(H,13,14)","JAUUBSHDLYJVEW-UHFFFAOYSA-N"
24571716,"TCMDC-131748",218.039291,"C7H11ClN4S","Cc1csc(n1)NC2=NCCN2.Cl","InChI=1S/C7H10N4S.ClH/c1-5-4-12-7(10-5)11-6-8-2-3-9-6;/h4H,2-3H2,1H3,(H2,8,9,10,11);1H","UCZPGQPHBLHIJD-UHFFFAOYSA-N"
24831747,"5-[2-(Methylsulfanyl)phenyl]-2-furaldehyde",218.040146,"C12H10O2S","CSc1ccccc1c2ccc(o2)C=O","InChI=1S/C12H10O2S/c1-15-12-5-3-2-4-10(12)11-7-6-9(8-13)14-11/h2-8H,1H3","XWUMFNRYCWAVIJ-UHFFFAOYSA-N"
26284489,"(2E)-3-(1-Benzothiophen-2-yl)-2-methylacrylic acid",218.040146,"C12H10O2S","C/C(=C\c1cc2ccccc2s1)/C(=O)O","InChI=1S/C12H10O2S/c1-8(12(13)14)6-10-7-9-4-2-3-5-11(9)15-10/h2-7H,1H3,(H,13,14)/b8-6+","HNESGONEXBQQTB-SOFGYWHQSA-N"
26284610,"(2E)-3-(1-Benzothiophen-3-yl)-2-methylacrylic acid",218.040146,"C12H10O2S","C/C(=C\c1csc2c1cccc2)/C(=O)O","InChI=1S/C12H10O2S/c1-8(12(13)14)6-9-7-15-11-5-3-2-4-10(9)11/h2-7H,1H3,(H,13,14)/b8-6+","WYNVMGPTMPJITE-SOFGYWHQSA-N"
26477838,"(2E)-3-(3-Methyl-1-benzothiophen-2-yl)acrylic acid",218.040146,"C12H10O2S","Cc1c2ccccc2sc1/C=C/C(=O)O","InChI=1S/C12H10O2S/c1-8-9-4-2-3-5-11(9)15-10(8)6-7-12(13)14/h2-7H,1H3,(H,13,14)/b7-6+","KMSKQJRSDFLDQM-VOTSOKGWSA-N"
26485345,"Methyl (2E)-3-(1-benzothiophen-3-yl)acrylate",218.040146,"C12H10O2S","COC(=O)/C=C/c1csc2c1cccc2","InChI=1S/C12H10O2S/c1-14-12(13)7-6-9-8-15-11-5-3-2-4-10(9)11/h2-8H,1H3/b7-6+","SBHBQZMEVPCHFZ-VOTSOKGWSA-N"
26499507,"5-[3-(Hydroxymethyl)phenyl]-2-thiophenecarbaldehyde",218.040146,"C12H10O2S","c1cc(cc(c1)c2ccc(s2)C=O)CO","InChI=1S/C12H10O2S/c13-7-9-2-1-3-10(6-9)12-5-4-11(8-14)15-12/h1-6,8,13H,7H2","QPKDXFFXZHPBRI-UHFFFAOYSA-N"
26522746,"2-Methyl-3-(3-thienyl)benzoic acid",218.040146,"C12H10O2S","Cc1c(cccc1C(=O)O)c2ccsc2","InChI=1S/C12H10O2S/c1-8-10(9-5-6-15-7-9)3-2-4-11(8)12(13)14/h2-7H,1H3,(H,13,14)","NXSNZZJUHJFEHT-UHFFFAOYSA-N"
26544854,"2-(2-Methyl-3-thienyl)benzoic acid",218.040146,"C12H10O2S","Cc1c(ccs1)c2ccccc2C(=O)O","InChI=1S/C12H10O2S/c1-8-9(6-7-15-8)10-4-2-3-5-11(10)12(13)14/h2-7H,1H3,(H,13,14)","VVYSHUBEEYYGJK-UHFFFAOYSA-N"
26544909,"2-(4-Methyl-2-thienyl)benzoic acid",218.040146,"C12H10O2S","Cc1cc(sc1)c2ccccc2C(=O)O","InChI=1S/C12H10O2S/c1-8-6-11(15-7-8)9-4-2-3-5-10(9)12(13)14/h2-7H,1H3,(H,13,14)","JWSOHDMXBNHAKQ-UHFFFAOYSA-N"
26544974,"2-Hydroxy-5-(3-methyl-2-thienyl)benzaldehyde",218.040146,"C12H10O2S","Cc1ccsc1c2ccc(c(c2)C=O)O","InChI=1S/C12H10O2S/c1-8-4-5-15-12(8)9-2-3-11(14)10(6-9)7-13/h2-7,14H,1H3","JURJNCKRYSVRCT-UHFFFAOYSA-N"
26544978,"2-Hydroxy-4-(4-methyl-2-thienyl)benzaldehyde",218.040146,"C12H10O2S","Cc1cc(sc1)c2ccc(c(c2)O)C=O","InChI=1S/C12H10O2S/c1-8-4-12(15-7-8)9-2-3-10(6-13)11(14)5-9/h2-7,14H,1H3","NWCKVAXKWXKCEH-UHFFFAOYSA-N"
26545134,"4-(4-Methyl-2-thienyl)benzoic acid",218.040146,"C12H10O2S","Cc1cc(sc1)c2ccc(cc2)C(=O)O","InChI=1S/C12H10O2S/c1-8-6-11(15-7-8)9-2-4-10(5-3-9)12(13)14/h2-7H,1H3,(H,13,14)","GWOIHBAXOXUPNH-UHFFFAOYSA-N"
26579924,"2-(5-Methyl-2-thienyl)benzoic acid",218.040146,"C12H10O2S","Cc1ccc(s1)c2ccccc2C(=O)O","InChI=1S/C12H10O2S/c1-8-6-7-11(15-8)9-4-2-3-5-10(9)12(13)14/h2-7H,1H3,(H,13,14)","MGXZTUTVRMIWOQ-UHFFFAOYSA-N"
26633904,"4-Chloro-6-[(2-methyl-2-propanyl)amino]-1,3,5-triazine-2(1H)-thione",218.039291,"C7H11ClN4S","CC(C)(C)Nc1nc(nc(n1)Cl)S","InChI=1S/C7H11ClN4S/c1-7(2,3)12-5-9-4(8)10-6(13)11-5/h1-3H3,(H2,9,10,11,12,13)","HGNMOKRHCVCTPD-UHFFFAOYSA-N"
26635021,"1,4-Dihydronaphtho[2,3-d][1,2]oxathiine 3-oxide",218.040146,"C12H10O2S","c1ccc2cc3c(cc2c1)COS(=O)C3","InChI=1S/C12H10O2S/c13-15-8-12-6-10-4-2-1-3-9(10)5-11(12)7-14-15/h1-6H,7-8H2","IOZAAMXGULYYBS-UHFFFAOYSA-N"
26994727,"(5-Methoxy-2-thienyl)(phenyl)methanone",218.040146,"C12H10O2S","COc1ccc(s1)C(=O)c2ccccc2","InChI=1S/C12H10O2S/c1-14-11-8-7-10(15-11)12(13)9-5-3-2-4-6-9/h2-8H,1H3","UVOXBVUBTDYQAH-UHFFFAOYSA-N"
27731291,"(2E)-1-(2-Furyl)-3-(3-methyl-2-thienyl)-2-propen-1-one",218.040146,"C12H10O2S","Cc1ccsc1/C=C/C(=O)c2ccco2","InChI=1S/C12H10O2S/c1-9-6-8-15-12(9)5-4-10(13)11-3-2-7-14-11/h2-8H,1H3/b5-4+","SRQPGVBSYRSIRH-SNAWJCMRSA-N"
28494434,"6-(Allyloxy)-2H-chromene-2-thione",218.040146,"C12H10O2S","C=CCOc1ccc2c(c1)ccc(=S)o2","InChI=1S/C12H10O2S/c1-2-7-13-10-4-5-11-9(8-10)3-6-12(15)14-11/h2-6,8H,1,7H2","BFJPCOLVRFNXSH-UHFFFAOYSA-N"
28496751,"7-(Allyloxy)-2H-chromene-2-thione",218.040146,"C12H10O2S","C=CCOc1ccc2ccc(=S)oc2c1","InChI=1S/C12H10O2S/c1-2-7-13-10-5-3-9-4-6-12(15)14-11(9)8-10/h2-6,8H,1,7H2","JKHHDRMDQLMVSB-UHFFFAOYSA-N"
28498361,"4-(Allyloxy)-2H-chromene-2-thione",218.040146,"C12H10O2S","C=CCOc1cc(=S)oc2c1cccc2","InChI=1S/C12H10O2S/c1-2-7-13-11-8-12(15)14-10-6-4-3-5-9(10)11/h2-6,8H,1,7H2","MEMTWQDEDUVXIJ-UHFFFAOYSA-N"
28687069,"3-(Methylsulfanyl)-1-oxo-1,4-dihydro-2-naphthalenecarbaldehyde",218.040146,"C12H10O2S","CSC1=C(C(=O)c2ccccc2C1)C=O","InChI=1S/C12H10O2S/c1-15-11-6-8-4-2-3-5-9(8)12(14)10(11)7-13/h2-5,7H,6H2,1H3","NYAKAPGRUQXPLP-UHFFFAOYSA-N"
28702679,"3-(Methylsulfanyl)-2-naphthoic acid",218.040146,"C12H10O2S","CSc1cc2ccccc2cc1C(=O)O","InChI=1S/C12H10O2S/c1-15-11-7-9-5-3-2-4-8(9)6-10(11)12(13)14/h2-7H,1H3,(H,13,14)","ZPXSHJQFMKPLPR-UHFFFAOYSA-N"
29314040,"2-(2-Methylimidazo[2,1-b][1,3,4]thiadiazol-5-yl)ethanamine hydrochloride (1:1)",218.039291,"C7H11ClN4S","Cc1nn2c(cnc2s1)CCN.Cl","InChI=1S/C7H10N4S.ClH/c1-5-10-11-6(2-3-8)4-9-7(11)12-5;/h4H,2-3,8H2,1H3;1H","MDVQNDGBCIRABQ-UHFFFAOYSA-N"
29808357,"(2E)-1-(2-Furyl)-3-(5-methyl-2-thienyl)-2-propen-1-one",218.040146,"C12H10O2S","Cc1ccc(s1)/C=C/C(=O)c2ccco2","InChI=1S/C12H10O2S/c1-9-4-5-10(15-9)6-7-11(13)12-3-2-8-14-12/h2-8H,1H3/b7-6+","ZXFHKINNEZMZMH-VOTSOKGWSA-N"
29808365,"(2E)-1-(5-Methyl-2-furyl)-3-(2-thienyl)-2-propen-1-one",218.040146,"C12H10O2S","Cc1ccc(o1)C(=O)/C=C/c2cccs2","InChI=1S/C12H10O2S/c1-9-4-7-12(14-9)11(13)6-5-10-3-2-8-15-10/h2-8H,1H3/b6-5+","QPXDKTVOMRXGRK-AATRIKPKSA-N"
29842703,"2-(5-Amino-3-nitro-1H-1,2,4-triazol-1-yl)ethyl nitrate",218.039963,"C4H6N6O5","C(CO[N+](=O)[O-])n1c(nc(n1)[N+](=O)[O-])N","InChI=1S/C4H6N6O5/c5-3-6-4(9(11)12)7-8(3)1-2-15-10(13)14/h1-2H2,(H2,5,6,7)","ZAIKIYBAVMDJNQ-UHFFFAOYSA-N"
30619632,"(2E)-1-(5-Methyl-2-furyl)-3-(3-thienyl)-2-propen-1-one",218.040146,"C12H10O2S","Cc1ccc(o1)C(=O)/C=C/c2ccsc2","InChI=1S/C12H10O2S/c1-9-2-5-12(14-9)11(13)4-3-10-6-7-15-8-10/h2-8H,1H3/b4-3+","NSBJSAKJDXUGPW-ONEGZZNKSA-N"
30689021,"4-(3-Methyl-2-thienyl)benzoic acid",218.040146,"C12H10O2S","Cc1ccsc1c2ccc(cc2)C(=O)O","InChI=1S/C12H10O2S/c1-8-6-7-15-11(8)9-2-4-10(5-3-9)12(13)14/h2-7H,1H3,(H,13,14)","VDNRRWXFWOZAGP-UHFFFAOYSA-N"
30784723,"5-(4-Hydroxy-3-methylphenyl)-2-thiophenecarbaldehyde",218.040146,"C12H10O2S","Cc1cc(ccc1O)c2ccc(s2)C=O","InChI=1S/C12H10O2S/c1-8-6-9(2-4-11(8)14)12-5-3-10(7-13)15-12/h2-7,14H,1H3","WMFSUIOAALVBME-UHFFFAOYSA-N"
30996895,"2-Methyl-6-(2-thienyl)benzoic acid",218.040146,"C12H10O2S","Cc1cccc(c1C(=O)O)c2cccs2","InChI=1S/C12H10O2S/c1-8-4-2-5-9(11(8)12(13)14)10-6-3-7-15-10/h2-7H,1H3,(H,13,14)","VSWSGVVFRSNYES-UHFFFAOYSA-N"
30996896,"3-Methyl-4-(2-thienyl)benzoic acid",218.040146,"C12H10O2S","Cc1cc(ccc1c2cccs2)C(=O)O","InChI=1S/C12H10O2S/c1-8-7-9(12(13)14)4-5-10(8)11-3-2-6-15-11/h2-7H,1H3,(H,13,14)","MXLMZUBZNVEBTQ-UHFFFAOYSA-N"
30996897,"5-Methyl-2-(2-thienyl)benzoic acid",218.040146,"C12H10O2S","Cc1ccc(c(c1)C(=O)O)c2cccs2","InChI=1S/C12H10O2S/c1-8-4-5-9(10(7-8)12(13)14)11-3-2-6-15-11/h2-7H,1H3,(H,13,14)","AFACZXPFUPXBEO-UHFFFAOYSA-N"
30996908,"2-Methyl-6-(3-thienyl)benzoic acid",218.040146,"C12H10O2S","Cc1cccc(c1C(=O)O)c2ccsc2","InChI=1S/C12H10O2S/c1-8-3-2-4-10(11(8)12(13)14)9-5-6-15-7-9/h2-7H,1H3,(H,13,14)","NJKZTKOJKWOKLQ-UHFFFAOYSA-N"
30996909,"3-Methyl-4-(3-thienyl)benzoic acid",218.040146,"C12H10O2S","Cc1cc(ccc1c2ccsc2)C(=O)O","InChI=1S/C12H10O2S/c1-8-6-9(12(13)14)2-3-11(8)10-4-5-15-7-10/h2-7H,1H3,(H,13,14)","YUCNTHWVFZQSRL-UHFFFAOYSA-N"
30996910,"5-Methyl-2-(3-thienyl)benzoic acid",218.040146,"C12H10O2S","Cc1ccc(c(c1)C(=O)O)c2ccsc2","InChI=1S/C12H10O2S/c1-8-2-3-10(9-4-5-15-7-9)11(6-8)12(13)14/h2-7H,1H3,(H,13,14)","BJSZSZPUOAQYAT-UHFFFAOYSA-N"
30999090,"4-(4-Hydroxy-3-methylphenyl)-2-thiophenecarbaldehyde",218.040146,"C12H10O2S","Cc1cc(ccc1O)c2cc(sc2)C=O","InChI=1S/C12H10O2S/c1-8-4-9(2-3-12(8)14)10-5-11(6-13)15-7-10/h2-7,14H,1H3","XDXPGVHVRJEKDA-UHFFFAOYSA-N"
30999091,"4-(3-Hydroxy-4-methylphenyl)-2-thiophenecarbaldehyde",218.040146,"C12H10O2S","Cc1ccc(cc1O)c2cc(sc2)C=O","InChI=1S/C12H10O2S/c1-8-2-3-9(5-12(8)14)10-4-11(6-13)15-7-10/h2-7,14H,1H3","QVLJSMQLKFZWEJ-UHFFFAOYSA-N"
30999092,"4-(3-Hydroxy-5-methylphenyl)-2-thiophenecarbaldehyde",218.040146,"C12H10O2S","Cc1cc(cc(c1)O)c2cc(sc2)C=O","InChI=1S/C12H10O2S/c1-8-2-9(4-11(14)3-8)10-5-12(6-13)15-7-10/h2-7,14H,1H3","PAYLLCLDAOMVMD-UHFFFAOYSA-N"
30999093,"5-(3-Hydroxy-4-methylphenyl)-2-thiophenecarbaldehyde",218.040146,"C12H10O2S","Cc1ccc(cc1O)c2ccc(s2)C=O","InChI=1S/C12H10O2S/c1-8-2-3-9(6-11(8)14)12-5-4-10(7-13)15-12/h2-7,14H,1H3","BTHFKRFMNPUHJK-UHFFFAOYSA-N"
30999094,"5-(3-Hydroxy-5-methylphenyl)-2-thiophenecarbaldehyde",218.040146,"C12H10O2S","Cc1cc(cc(c1)O)c2ccc(s2)C=O","InChI=1S/C12H10O2S/c1-8-4-9(6-10(14)5-8)12-3-2-11(7-13)15-12/h2-7,14H,1H3","DNQJLOKVHNUKRC-UHFFFAOYSA-N"
32786356,"3-(5-Methyl-2-furyl)-1-(2-thienyl)-2-propen-1-one",218.040146,"C12H10O2S","Cc1ccc(o1)C=CC(=O)c2cccs2","InChI=1S/C12H10O2S/c1-9-4-5-10(14-9)6-7-11(13)12-3-2-8-15-12/h2-8H,1H3","LZBVVVYKXVTRGU-UHFFFAOYSA-N"
32865457,"2-(4-Thiomorpholinyl)ethanamine dihydrochloride",218.041122,"C6H16Cl2N2S","C1CSCCN1CCN.Cl.Cl","InChI=1S/C6H14N2S.2ClH/c7-1-2-8-3-5-9-6-4-8;;/h1-7H2;2*1H","PXXUFYAHPGDAHS-UHFFFAOYSA-N"
35326372,"2-Furyl[2-(methylsulfanyl)phenyl]methanone",218.040146,"C12H10O2S","CSc1ccccc1C(=O)c2ccco2","InChI=1S/C12H10O2S/c1-15-11-7-3-2-5-9(11)12(13)10-6-4-8-14-10/h2-8H,1H3","FVPZLIZAGFVFNE-UHFFFAOYSA-N"
35326919,"2-Furyl[4-(methylsulfanyl)phenyl]methanone",218.040146,"C12H10O2S","CSc1ccc(cc1)C(=O)c2ccco2","InChI=1S/C12H10O2S/c1-15-10-6-4-9(5-7-10)12(13)11-3-2-8-14-11/h2-8H,1H3","UDZNAQBLAHNASU-UHFFFAOYSA-N"
35486303,"5-[(Phenylsulfanyl)methyl]-2-furaldehyde",218.040146,"C12H10O2S","c1ccc(cc1)SCc2ccc(o2)C=O","InChI=1S/C12H10O2S/c13-8-10-6-7-11(14-10)9-15-12-4-2-1-3-5-12/h1-8H,9H2","VQFUFNYNDLCCSC-UHFFFAOYSA-N"
35665589,"2-(4-Hydroxyphenyl)-1-(2-thienyl)ethanone",218.040146,"C12H10O2S","c1cc(sc1)C(=O)Cc2ccc(cc2)O","InChI=1S/C12H10O2S/c13-10-5-3-9(4-6-10)8-11(14)12-2-1-7-15-12/h1-7,13H,8H2","ATZJJCVTSKLFLR-UHFFFAOYSA-N"
35665590,"2-(3-Hydroxyphenyl)-1-(2-thienyl)ethanone",218.040146,"C12H10O2S","c1cc(cc(c1)O)CC(=O)c2cccs2","InChI=1S/C12H10O2S/c13-10-4-1-3-9(7-10)8-11(14)12-5-2-6-15-12/h1-7,13H,8H2","ZOIPRHWBLFBESE-UHFFFAOYSA-N"
35665610,"2-(4-Hydroxyphenyl)-1-(3-thienyl)ethanone",218.040146,"C12H10O2S","c1cc(ccc1CC(=O)c2ccsc2)O","InChI=1S/C12H10O2S/c13-11-3-1-9(2-4-11)7-12(14)10-5-6-15-8-10/h1-6,8,13H,7H2","QMIVISLMFXLOIX-UHFFFAOYSA-N"
35665611,"2-(3-Hydroxyphenyl)-1-(3-thienyl)ethanone",218.040146,"C12H10O2S","c1cc(cc(c1)O)CC(=O)c2ccsc2","InChI=1S/C12H10O2S/c13-11-3-1-2-9(6-11)7-12(14)10-4-5-15-8-10/h1-6,8,13H,7H2","VRYSGCUNKKCMNL-UHFFFAOYSA-N"
35805232,"2,4-Cyclopentadiene-1-methanol, compd. with 1,3-cyclopentadiene, iron salt (1:1:1)",218.039413,"C11H14FeO","C1C=CC=C1.C1=CC(C=C1)CO.[Fe]","InChI=1S/C6H8O.C5H6.Fe/c7-5-6-3-1-2-4-6;1-2-4-5-3-1;/h1-4,6-7H,5H2;1-4H,5H2;","WBRNEUSDVRHTQK-UHFFFAOYSA-N"
35995193,"5-(Chloromethyl)-1-(tetrahydro-2-thiophenylmethyl)-1H-tetrazole",218.039291,"C7H11ClN4S","C1CC(SC1)Cn2c(nnn2)CCl","InChI=1S/C7H11ClN4S/c8-4-7-9-10-11-12(7)5-6-2-1-3-13-6/h6H,1-5H2","GNMMDWJTCYOFRL-UHFFFAOYSA-N"
36052581,"5-(2-Methylphenyl)-3-thiophenecarboxylic acid",218.040146,"C12H10O2S","Cc1ccccc1c2cc(cs2)C(=O)O","InChI=1S/C12H10O2S/c1-8-4-2-3-5-10(8)11-6-9(7-15-11)12(13)14/h2-7H,1H3,(H,13,14)","BPWYEYHLGMETPE-UHFFFAOYSA-N"
36052587,"5-(3-Methylphenyl)-3-thiophenecarboxylic acid",218.040146,"C12H10O2S","Cc1cccc(c1)c2cc(cs2)C(=O)O","InChI=1S/C12H10O2S/c1-8-3-2-4-9(5-8)11-6-10(7-15-11)12(13)14/h2-7H,1H3,(H,13,14)","LWDQOKMHLDPOEI-UHFFFAOYSA-N"
36450970,"5-Chloro-N~4~-[2-(methylsulfanyl)ethyl]-2,4-pyrimidinediamine",218.039291,"C7H11ClN4S","CSCCNc1c(cnc(n1)N)Cl","InChI=1S/C7H11ClN4S/c1-13-3-2-10-6-5(8)4-11-7(9)12-6/h4H,2-3H2,1H3,(H3,9,10,11,12)","QCPQRGLXNJVTLH-UHFFFAOYSA-N"
36495491,"4-Chloro-6-(isobutylsulfanyl)-1,3,5-triazin-2-amine",218.039291,"C7H11ClN4S","CC(C)CSc1nc(nc(n1)Cl)N","InChI=1S/C7H11ClN4S/c1-4(2)3-13-7-11-5(8)10-6(9)12-7/h4H,3H2,1-2H3,(H2,9,10,11,12)","RRQCYJUTHSGEDI-UHFFFAOYSA-N"
36496245,"4-(sec-Butylsulfanyl)-6-chloro-1,3,5-triazin-2-amine",218.039291,"C7H11ClN4S","CCC(C)Sc1nc(nc(n1)Cl)N","InChI=1S/C7H11ClN4S/c1-3-4(2)13-7-11-5(8)10-6(9)12-7/h4H,3H2,1-2H3,(H2,9,10,11,12)","LRTDQPHPOVYSNN-UHFFFAOYSA-N"
36496484,"4-Chloro-6-[(2-methyl-2-propanyl)sulfanyl]-1,3,5-triazin-2-amine",218.039291,"C7H11ClN4S","CC(C)(C)Sc1nc(nc(n1)Cl)N","InChI=1S/C7H11ClN4S/c1-7(2,3)13-6-11-4(8)10-5(9)12-6/h1-3H3,(H2,9,10,11,12)","IXLYXRGIJXRZGL-UHFFFAOYSA-N"
36496575,"4-Chloro-N-methyl-6-(propylsulfanyl)-1,3,5-triazin-2-amine",218.039291,"C7H11ClN4S","CCCSc1nc(nc(n1)Cl)NC","InChI=1S/C7H11ClN4S/c1-3-4-13-7-11-5(8)10-6(9-2)12-7/h3-4H2,1-2H3,(H,9,10,11,12)","ODOADRKNMZZRAA-UHFFFAOYSA-N"
36499487,"4-(Butylsulfanyl)-6-chloro-1,3,5-triazin-2-amine",218.039291,"C7H11ClN4S","CCCCSc1nc(nc(n1)Cl)N","InChI=1S/C7H11ClN4S/c1-2-3-4-13-7-11-5(8)10-6(9)12-7/h2-4H2,1H3,(H2,9,10,11,12)","IQXKPUGYJOATIH-UHFFFAOYSA-N"
36613489,"(3-Methoxy-2-thienyl)(phenyl)methanone",218.040146,"C12H10O2S","COc1ccsc1C(=O)c2ccccc2","InChI=1S/C12H10O2S/c1-14-10-7-8-15-12(10)11(13)9-5-3-2-4-6-9/h2-8H,1H3","WWKBYYOFXSJWHR-UHFFFAOYSA-N"
36613490,"(4-Methoxy-2-thienyl)(phenyl)methanone",218.040146,"C12H10O2S","COc1cc(sc1)C(=O)c2ccccc2","InChI=1S/C12H10O2S/c1-14-10-7-11(15-8-10)12(13)9-5-3-2-4-6-9/h2-8H,1H3","PWBVILCUHNPUEY-UHFFFAOYSA-N"
36711588,"5-Chloro-2-hydrazino-4-(propylsulfanyl)pyrimidine",218.039291,"C7H11ClN4S","CCCSc1c(cnc(n1)NN)Cl","InChI=1S/C7H11ClN4S/c1-2-3-13-6-5(8)4-10-7(11-6)12-9/h4H,2-3,9H2,1H3,(H,10,11,12)","NIBGOLKSARDQLJ-UHFFFAOYSA-N"
36735655,"5-Chloro-2-hydrazino-4-(isopropylsulfanyl)pyrimidine",218.039291,"C7H11ClN4S","CC(C)Sc1c(cnc(n1)NN)Cl","InChI=1S/C7H11ClN4S/c1-4(2)13-6-5(8)3-10-7(11-6)12-9/h3-4H,9H2,1-2H3,(H,10,11,12)","GBTMIVVGFHLURD-UHFFFAOYSA-N"
37014997,"4-Methyl-3-(3-thienyl)benzoic acid",218.040146,"C12H10O2S","Cc1ccc(cc1c2ccsc2)C(=O)O","InChI=1S/C12H10O2S/c1-8-2-3-9(12(13)14)6-11(8)10-4-5-15-7-10/h2-7H,1H3,(H,13,14)","OQHFIHAQLGCGRO-UHFFFAOYSA-N"
37391762,"1,2-Dihydro[1]benzothieno[2,3-d]oxepin-5(4H)-one",218.040146,"C12H10O2S","c1ccc2c(c1)c3c(s2)C(=O)COCC3","InChI=1S/C12H10O2S/c13-10-7-14-6-5-9-8-3-1-2-4-11(8)15-12(9)10/h1-4H,5-7H2","YGHWTOJJYKJOFU-UHFFFAOYSA-N"
37563706,"5-(2-Hydroxy-5-methylphenyl)-2-thiophenecarbaldehyde",218.040146,"C12H10O2S","Cc1ccc(c(c1)c2ccc(s2)C=O)O","InChI=1S/C12H10O2S/c1-8-2-4-11(14)10(6-8)12-5-3-9(7-13)15-12/h2-7,14H,1H3","TWWAPNRWULJZLD-UHFFFAOYSA-N"
37874967,"1-(2-Furyl)-2-(phenylsulfanyl)ethanone",218.040146,"C12H10O2S","c1ccc(cc1)SCC(=O)c2ccco2","InChI=1S/C12H10O2S/c13-11(12-7-4-8-14-12)9-15-10-5-2-1-3-6-10/h1-8H,9H2","QROGFZOBDXAVGF-UHFFFAOYSA-N"
37889112,"N''-[(E)-(3-Methyl-2-thienyl)methylene]carbonohydrazonic diamide hydrochloride (1:1)",218.039291,"C7H11ClN4S","Cc1ccsc1/C=N/N=C(N)N.Cl","InChI=1S/C7H10N4S.ClH/c1-5-2-3-12-6(5)4-10-11-7(8)9;/h2-4H,1H3,(H4,8,9,11);1H/b10-4+;","ABWBNWFFPIRZHW-FCVRUTMISA-N"
38082982,"3-(3-Methylphenyl)-2-thiophenecarboxylic acid",218.040146,"C12H10O2S","Cc1cccc(c1)c2ccsc2C(=O)O","InChI=1S/C12H10O2S/c1-8-3-2-4-9(7-8)10-5-6-15-11(10)12(13)14/h2-7H,1H3,(H,13,14)","PVWQBVLSNRUPOM-UHFFFAOYSA-N"
38082985,"3-(2-Methylphenyl)-2-thiophenecarboxylic acid",218.040146,"C12H10O2S","Cc1ccccc1c2ccsc2C(=O)O","InChI=1S/C12H10O2S/c1-8-4-2-3-5-9(8)10-6-7-15-11(10)12(13)14/h2-7H,1H3,(H,13,14)","HTIUDBOQESCMPU-UHFFFAOYSA-N"
38211189,"5-[(3-Chloropropyl)sulfanyl]-1-cyclopropyl-1H-tetrazole",218.039291,"C7H11ClN4S","C1CC1n2c(nnn2)SCCCCl","InChI=1S/C7H11ClN4S/c8-4-1-5-13-7-9-10-11-12(7)6-2-3-6/h6H,1-5H2","MCICCLUDUXETED-UHFFFAOYSA-N"
38241177,"4-(5-Methyl-2-thienyl)benzoic acid",218.040146,"C12H10O2S","Cc1ccc(s1)c2ccc(cc2)C(=O)O","InChI=1S/C12H10O2S/c1-8-2-7-11(15-8)9-3-5-10(6-4-9)12(13)14/h2-7H,1H3,(H,13,14)","RSTUSBYLOMFLJK-UHFFFAOYSA-N"
38802379,"5,6-Dihydro-4H-cyclopenta[b]thiophen-2-yl(2-furyl)methanone",218.040146,"C12H10O2S","c1cc(oc1)C(=O)c2cc3c(s2)CCC3","InChI=1S/C12H10O2S/c13-12(9-4-2-6-14-9)11-7-8-3-1-5-10(8)15-11/h2,4,6-7H,1,3,5H2","FGEDXSDKBHVMER-UHFFFAOYSA-N"
40395133,"4-Chloro-6-(ethylsulfanyl)-N,N-dimethyl-1,3,5-triazin-2-amine",218.039291,"C7H11ClN4S","CCSc1nc(nc(n1)Cl)N(C)C","InChI=1S/C7H11ClN4S/c1-4-13-7-10-5(8)9-6(11-7)12(2)3/h4H2,1-3H3","BIKMDEMOCUKTOR-UHFFFAOYSA-N"
41067072,"(3R)-1-[(5-Chloro-1,2,3-thiadiazol-4-yl)methyl]-3-pyrrolidinamine",218.039291,"C7H11ClN4S","C1CN(C[C@@H]1N)Cc2c(snn2)Cl","InChI=1S/C7H11ClN4S/c8-7-6(10-11-13-7)4-12-2-1-5(9)3-12/h5H,1-4,9H2/t5-/m1/s1","JICOSZFWLNFKGF-RXMQYKEDSA-N"
41069372,"(3S)-1-[(5-Chloro-1,2,3-thiadiazol-4-yl)methyl]-3-pyrrolidinamine",218.039291,"C7H11ClN4S","C1CN(C[C@H]1N)Cc2c(snn2)Cl","InChI=1S/C7H11ClN4S/c8-7-6(10-11-13-7)4-12-2-1-5(9)3-12/h5H,1-4,9H2/t5-/m0/s1","JICOSZFWLNFKGF-YFKPBYRVSA-N"
41094549,"(3R)-1-[(5-Chloro-1,3,4-thiadiazol-2-yl)methyl]-3-pyrrolidinamine",218.039291,"C7H11ClN4S","C1CN(C[C@@H]1N)Cc2nnc(s2)Cl","InChI=1S/C7H11ClN4S/c8-7-11-10-6(13-7)4-12-2-1-5(9)3-12/h5H,1-4,9H2/t5-/m1/s1","UZBAHMWVUBCHPI-RXMQYKEDSA-N"
41095316,"(3S)-1-[(5-Chloro-1,3,4-thiadiazol-2-yl)methyl]-3-pyrrolidinamine",218.039291,"C7H11ClN4S","C1CN(C[C@H]1N)Cc2nnc(s2)Cl","InChI=1S/C7H11ClN4S/c8-7-11-10-6(13-7)4-12-2-1-5(9)3-12/h5H,1-4,9H2/t5-/m0/s1","UZBAHMWVUBCHPI-YFKPBYRVSA-N"
41403381,"4-Methyl-2-(2-thienyl)benzoic acid",218.040146,"C12H10O2S","Cc1ccc(c(c1)c2cccs2)C(=O)O","InChI=1S/C12H10O2S/c1-8-4-5-9(12(13)14)10(7-8)11-3-2-6-15-11/h2-7H,1H3,(H,13,14)","NUOXLTOTRXWVBT-UHFFFAOYSA-N"
41403419,"4-Methyl-2-(3-thienyl)benzoic acid",218.040146,"C12H10O2S","Cc1ccc(c(c1)c2ccsc2)C(=O)O","InChI=1S/C12H10O2S/c1-8-2-3-10(12(13)14)11(6-8)9-4-5-15-7-9/h2-7H,1H3,(H,13,14)","HQNRSURHDITOBQ-UHFFFAOYSA-N"
41568482,"4-(3-Thienylmethoxy)benzaldehyde",218.040146,"C12H10O2S","c1cc(ccc1C=O)OCc2ccsc2","InChI=1S/C12H10O2S/c13-7-10-1-3-12(4-2-10)14-8-11-5-6-15-9-11/h1-7,9H,8H2","HBWZJLPYZQOMHM-UHFFFAOYSA-N"
41568484,"3-(3-Thienylmethoxy)benzaldehyde",218.040146,"C12H10O2S","c1cc(cc(c1)OCc2ccsc2)C=O","InChI=1S/C12H10O2S/c13-7-10-2-1-3-12(6-10)14-8-11-4-5-15-9-11/h1-7,9H,8H2","VPJQOMRDZSKAEV-UHFFFAOYSA-N"
41568487,"2-(3-Thienylmethoxy)benzaldehyde",218.040146,"C12H10O2S","c1ccc(c(c1)C=O)OCc2ccsc2","InChI=1S/C12H10O2S/c13-7-11-3-1-2-4-12(11)14-8-10-5-6-15-9-10/h1-7,9H,8H2","GAGCTDBKRLNBOE-UHFFFAOYSA-N"
42306991,"5-(Chloromethyl)-1-(tetrahydro-2H-thiopyran-3-yl)-1H-tetrazole",218.039291,"C7H11ClN4S","C1CC(CSC1)n2c(nnn2)CCl","InChI=1S/C7H11ClN4S/c8-4-7-9-10-11-12(7)6-2-1-3-13-5-6/h6H,1-5H2","TYLJKJRIUFCKMR-UHFFFAOYSA-N"
42306992,"5-(Chloromethyl)-1-(tetrahydro-2H-thiopyran-4-yl)-1H-tetrazole",218.039291,"C7H11ClN4S","C1CSCCC1n2c(nnn2)CCl","InChI=1S/C7H11ClN4S/c8-5-7-9-10-11-12(7)6-1-3-13-4-2-6/h6H,1-5H2","KAZUHUDBSWVIHS-UHFFFAOYSA-N"
42746050,"N-[(5-Chloro-2-thienyl)methyl]-N'-methylcarbonohydrazonic diamide",218.039291,"C7H11ClN4S","CN/C(=N/N)/NCc1ccc(s1)Cl","InChI=1S/C7H11ClN4S/c1-10-7(12-9)11-4-5-2-3-6(8)13-5/h2-3H,4,9H2,1H3,(H2,10,11,12)","RJQYBLKWWFSLNT-UHFFFAOYSA-N"
42981774,"3-Cyclopropyl-1-benzothiophene-2-carboxylic acid",218.040146,"C12H10O2S","c1ccc2c(c1)c(c(s2)C(=O)O)C3CC3","InChI=1S/C12H10O2S/c13-12(14)11-10(7-5-6-7)8-3-1-2-4-9(8)15-11/h1-4,7H,5-6H2,(H,13,14)","MJJJSCLRAOGJJT-UHFFFAOYSA-N"
28571173,"4-Thiatricyclo[5.2.2.0~2,6~]undeca-2,5,8-triene-3,5-dicarbaldehyde",218.040146,"C12H10O2S","C1CC2C=CC1c3c2c(sc3C=O)C=O","InChI=1S/C12H10O2S/c13-5-9-11-7-1-2-8(4-3-7)12(11)10(6-14)15-9/h1-2,5-8H,3-4H2","DODTXGRUJWMCFC-UHFFFAOYSA-N"
28579217,"2-Phenyl-2,3-dihydrothieno[3,4-b][1,4]dioxine",218.040146,"C12H10O2S","c1ccc(cc1)C2COc3cscc3O2","InChI=1S/C12H10O2S/c1-2-4-9(5-3-1)10-6-13-11-7-15-8-12(11)14-10/h1-5,7-8,10H,6H2","NLXVUYQUKGBIEQ-UHFFFAOYSA-N"
29335176,"Diethylboranylium trifluoromethanesulfonate",218.039581,"C5H10BF3O3S","[B+](CC)CC.C(F)(F)(F)S(=O)(=O)[O-]","InChI=1S/C4H10B.CHF3O3S/c1-3-5-4-2;2-1(3,4)8(5,6)7/h3-4H2,1-2H3;(H,5,6,7)/q+1;/p-1","URCOJXIDJTUNEU-UHFFFAOYSA-M"
29341210,"2-Thioxo-1,2-dihydro-1-naphthalenyl acetate",218.040146,"C12H10O2S","CC(=O)OC1c2ccccc2C=CC1=S","InChI=1S/C12H10O2S/c1-8(13)14-12-10-5-3-2-4-9(10)6-7-11(12)15/h2-7,12H,1H3","NGEQJSURGPSPIQ-UHFFFAOYSA-N"
29369030,"1,1'-[Sulfanediylbis(oxy)]dibenzene",218.040146,"C12H10O2S","c1ccc(cc1)OSOc2ccccc2","InChI=1S/C12H10O2S/c1-3-7-11(8-4-1)13-15-14-12-9-5-2-6-10-12/h1-10H","JHYBWOJWPAOJDQ-UHFFFAOYSA-N"
32681463,"(5-Phenyl-3-thienyl)acetic acid",218.040146,"C12H10O2S","c1ccc(cc1)c2cc(cs2)CC(=O)O","InChI=1S/C12H10O2S/c13-12(14)7-9-6-11(15-8-9)10-4-2-1-3-5-10/h1-6,8H,7H2,(H,13,14)","BXDOHNGIWHJPEA-UHFFFAOYSA-N"
32687831,"4-Hydroxy-3-(3-methyl-2-thienyl)benzaldehyde",218.040146,"C12H10O2S","Cc1ccsc1c2cc(ccc2O)C=O","InChI=1S/C12H10O2S/c1-8-4-5-15-12(8)10-6-9(7-13)2-3-11(10)14/h2-7,14H,1H3","VQDARPLFQIDHPH-UHFFFAOYSA-N"
32756118,"(2E)-2-[1-(2-Thienyl)ethylidene]hydrazinecarboximidamide hydrochloride (1:1)",218.039291,"C7H11ClN4S","C/C(=N\NC(=N)N)/c1cccs1.Cl","InChI=1S/C7H10N4S.ClH/c1-5(10-11-7(8)9)6-3-2-4-12-6;/h2-4H,1H3,(H4,8,9,11);1H/b10-5+;","QWIMDOYNSOPSPI-OAZHBLANSA-N"
34962924,"5-[(E)-2-(3-Thienyl)vinyl]-1,3-benzenediol",218.040146,"C12H10O2S","c1cscc1/C=C/c2cc(cc(c2)O)O","InChI=1S/C12H10O2S/c13-11-5-10(6-12(14)7-11)2-1-9-3-4-15-8-9/h1-8,13-14H/b2-1+","RZUMIQSUTCXKMW-OWOJBTEDSA-N"
34983466,"Sodium D-gulonate",218.040253,"C6H11NaO7","C([C@H]([C@@H]([C@H]([C@H](C(=O)[O-])O)O)O)O)O.[Na+]","InChI=1S/C6H12O7.Na/c7-1-2(8)3(9)4(10)5(11)6(12)13;/h2-5,7-11H,1H2,(H,12,13);/q;+1/p-1/t2-,3+,4-,5-;/m1./s1","UPMFZISCCZSDND-BZWNWTOPSA-M"
34987865,"Sodium L-gulonate",218.040253,"C6H11NaO7","C([C@@H]([C@H]([C@@H]([C@@H](C(=O)[O-])O)O)O)O)O.[Na+]","InChI=1S/C6H12O7.Na/c7-1-2(8)3(9)4(10)5(11)6(12)13;/h2-5,7-11H,1H2,(H,12,13);/q;+1/p-1/t2-,3+,4-,5-;/m0./s1","UPMFZISCCZSDND-JSCKKFHOSA-M"
35324044,"1-(5-Methyl-2-furyl)-3-(2-thienyl)-2-propen-1-one",218.040146,"C12H10O2S","Cc1ccc(o1)C(=O)C=Cc2cccs2","InChI=1S/C12H10O2S/c1-9-4-7-12(14-9)11(13)6-5-10-3-2-8-15-10/h2-8H,1H3","QPXDKTVOMRXGRK-UHFFFAOYSA-N"
35324045,"1-(5-Methyl-2-furyl)-3-(3-thienyl)-2-propen-1-one",218.040146,"C12H10O2S","Cc1ccc(o1)C(=O)C=Cc2ccsc2","InChI=1S/C12H10O2S/c1-9-2-5-12(14-9)11(13)4-3-10-6-7-15-8-10/h2-8H,1H3","NSBJSAKJDXUGPW-UHFFFAOYSA-N"
36014814,"1-[(5-Chloro-1,3,4-thiadiazol-2-yl)methyl]piperazine",218.039291,"C7H11ClN4S","C1CN(CCN1)Cc2nnc(s2)Cl","InChI=1S/C7H11ClN4S/c8-7-11-10-6(13-7)5-12-3-1-9-2-4-12/h9H,1-5H2","ULXYDCLFSBPCKU-UHFFFAOYSA-N"
36015870,"1-[(5-Chloro-1,3,4-thiadiazol-2-yl)methyl]-3-pyrrolidinamine",218.039291,"C7H11ClN4S","C1CN(CC1N)Cc2nnc(s2)Cl","InChI=1S/C7H11ClN4S/c8-7-11-10-6(13-7)4-12-2-1-5(9)3-12/h5H,1-4,9H2","UZBAHMWVUBCHPI-UHFFFAOYSA-N"
36015917,"N-[(5-Chloro-1,3,4-thiadiazol-2-yl)methyl]-N-methyl-3-azetidinamine",218.039291,"C7H11ClN4S","CN(Cc1nnc(s1)Cl)C2CNC2","InChI=1S/C7H11ClN4S/c1-12(5-2-9-3-5)4-6-10-11-7(8)13-6/h5,9H,2-4H2,1H3","GNRDGXFGGGLAHG-UHFFFAOYSA-N"
36500251,"4-Chloro-6-(isopropylsulfanyl)-N-methyl-1,3,5-triazin-2-amine",218.039291,"C7H11ClN4S","CC(C)Sc1nc(nc(n1)Cl)NC","InChI=1S/C7H11ClN4S/c1-4(2)13-7-11-5(8)10-6(9-3)12-7/h4H,1-3H3,(H,9,10,11,12)","UMYABGWHOAIJGV-UHFFFAOYSA-N"
36500516,"4-Chloro-6-(methylsulfanyl)-N-propyl-1,3,5-triazin-2-amine",218.039291,"C7H11ClN4S","CCCNc1nc(nc(n1)Cl)SC","InChI=1S/C7H11ClN4S/c1-3-4-9-6-10-5(8)11-7(12-6)13-2/h3-4H2,1-2H3,(H,9,10,11,12)","PDDOAVNVKXLLGJ-UHFFFAOYSA-N"
37785163,"1-(1-Benzothiophen-3-yl)-1,2-butanedione",218.040146,"C12H10O2S","CCC(=O)C(=O)c1csc2c1cccc2","InChI=1S/C12H10O2S/c1-2-10(13)12(14)9-7-15-11-6-4-3-5-8(9)11/h3-7H,2H2,1H3","FEHGUMRIAZDMDQ-UHFFFAOYSA-N"
37785164,"3-(3,4-Dihydro-2H-thiochromen-6-yl)-2-propynoic acid",218.040146,"C12H10O2S","c1cc2c(cc1C#CC(=O)O)CCCS2","InChI=1S/C12H10O2S/c13-12(14)6-4-9-3-5-11-10(8-9)2-1-7-15-11/h3,5,8H,1-2,7H2,(H,13,14)","GZNRLHUKYUIQPJ-UHFFFAOYSA-N"
37785165,"(3E)-4-(1-Benzothiophen-3-yl)-3-butenoic acid",218.040146,"C12H10O2S","c1ccc2c(c1)c(cs2)/C=C/CC(=O)O","InChI=1S/C12H10O2S/c13-12(14)7-3-4-9-8-15-11-6-2-1-5-10(9)11/h1-6,8H,7H2,(H,13,14)/b4-3+","LJGTUUYSYWLQNO-ONEGZZNKSA-N"
43478694,"1-(5-{[(2E)-3-Chloro-2-propen-1-yl]sulfanyl}-4-methyl-4H-1,2,4-triazol-3-yl)methanamine",218.039291,"C7H11ClN4S","Cn1c(nnc1SC/C=C/Cl)CN","InChI=1S/C7H11ClN4S/c1-12-6(5-9)10-11-7(12)13-4-2-3-8/h2-3H,4-5,9H2,1H3/b3-2+","AICQYOULKCSKSJ-NSCUHMNNSA-N"
43478699,"1-{5-[(2-Chloro-2-propen-1-yl)sulfanyl]-4-methyl-4H-1,2,4-triazol-3-yl}methanamine",218.039291,"C7H11ClN4S","Cn1c(nnc1SCC(=C)Cl)CN","InChI=1S/C7H11ClN4S/c1-5(8)4-13-7-11-10-6(3-9)12(7)2/h1,3-4,9H2,2H3","OBRVVQPHZBBOFY-UHFFFAOYSA-N"
