"Identifier","CompoundName","MonoisotopicMass","MolecularFormula","SMILES","InChI","InChIKey"
5740,"4-Nitroquinoline 1-oxide",190.037842,"C9H6N2O3","c1ccc2c(c1)c(cc[n+]2[O-])[N+](=O)[O-]","InChI=1S/C9H6N2O3/c12-10-6-5-9(11(13)14)7-3-1-2-4-8(7)10/h1-6H","YHQDZJICGQWFHK-UHFFFAOYSA-N"
18756,"Nitroxoline",190.037842,"C9H6N2O3","c1cc2c(ccc(c2nc1)O)[N+](=O)[O-]","InChI=1S/C9H6N2O3/c12-8-4-3-7(11(13)14)6-2-1-5-10-9(6)8/h1-5,12H","RJIWZDNTCBHXAL-UHFFFAOYSA-N"
64162,"3-hydroxyquinoxaline-2-carboxylic acid",190.037842,"C9H6N2O3","c1ccc2c(c1)nc(c(n2)O)C(=O)O","InChI=1S/C9H6N2O3/c12-8-7(9(13)14)10-5-3-1-2-4-6(5)11-8/h1-4H,(H,11,12)(H,13,14)","NMOWGWOAPRKWIR-UHFFFAOYSA-N"
73941,"3-Nitroquinoline 1-oxide",190.037842,"C9H6N2O3","c1ccc2c(c1)cc(c[n+]2[O-])[N+](=O)[O-]","InChI=1S/C9H6N2O3/c12-10-6-8(11(13)14)5-7-3-1-2-4-9(7)10/h1-6H","JHPHHDGOLBLRRM-UHFFFAOYSA-N"
74083,"5-Nitroquinoline 1-oxide",190.037842,"C9H6N2O3","c1cc2c(ccc[n+]2[O-])c(c1)[N+](=O)[O-]","InChI=1S/C9H6N2O3/c12-10-6-2-3-7-8(10)4-1-5-9(7)11(13)14/h1-6H","CMZRGZILWKLDMH-UHFFFAOYSA-N"
75470,"6-Nitroquinoline 1-oxide",190.037842,"C9H6N2O3","c1cc2cc(ccc2[n+](c1)[O-])[N+](=O)[O-]","InChI=1S/C9H6N2O3/c12-10-5-1-2-7-6-8(11(13)14)3-4-9(7)10/h1-6H","FABIKJYANKLSLU-UHFFFAOYSA-N"
76345,"7-Nitroquinoline 1-oxide",190.037842,"C9H6N2O3","c1cc2ccc(cc2[n+](c1)[O-])[N+](=O)[O-]","InChI=1S/C9H6N2O3/c12-10-5-1-2-7-3-4-8(11(13)14)6-9(7)10/h1-6H","MUOCQTVDQHFBEA-UHFFFAOYSA-N"
94357,"4-Hydroxy-1,5-naphthyridine-3-carboxylic acid",190.037842,"C9H6N2O3","c1cc2c(c(c(cn2)C(=O)O)O)nc1","InChI=1S/C9H6N2O3/c12-8-5(9(13)14)4-11-6-2-1-3-10-7(6)8/h1-4H,(H,11,12)(H,13,14)","LODIKMSUDZMCFF-UHFFFAOYSA-N"
110030,"3-Benzoyl-1,2,4-oxadiazol-5(2H)-one",190.037842,"C9H6N2O3","c1ccc(cc1)C(=O)c2[nH]oc(=O)n2","InChI=1S/C9H6N2O3/c12-7(6-4-2-1-3-5-6)8-10-9(13)14-11-8/h1-5H,(H,10,11,13)","QVWHUXTXFTZSKG-UHFFFAOYSA-N"
125821,"5-Benzoyl-1,2,4-oxadiazol-3(2H)-one",190.037842,"C9H6N2O3","c1ccc(cc1)C(=O)c2nc(=O)[nH]o2","InChI=1S/C9H6N2O3/c12-7(6-4-2-1-3-5-6)8-10-9(13)11-14-8/h1-5H,(H,11,13)","VWNHDZBGJCWIPM-UHFFFAOYSA-N"
161702,"3-Formyl-1-oxoquinoxalin-1-ium-4(1H)-olate",190.037842,"C9H6N2O3","c1ccc2c(c1)n(c(c[n+]2=O)C=O)[O-]","InChI=1S/C9H6N2O3/c12-6-7-5-10(13)8-3-1-2-4-9(8)11(7)14/h1-6H","JZJFIUXMPBVEFS-UHFFFAOYSA-N"
178206,"7-Nitro-8-quinolinol",190.037842,"C9H6N2O3","c1cc2ccc(c(c2nc1)O)[N+](=O)[O-]","InChI=1S/C9H6N2O3/c12-9-7(11(13)14)4-3-6-2-1-5-10-8(6)9/h1-5,12H","RPJWQGVDVSVGPQ-UHFFFAOYSA-N"
191069,"5-Phenyl-2H-1,3,4-oxadiazine-2,6(3H)-dione",190.037842,"C9H6N2O3","c1ccc(cc1)c2c(=O)oc(=O)[nH]n2","InChI=1S/C9H6N2O3/c12-8-7(10-11-9(13)14-8)6-4-2-1-3-5-6/h1-5H,(H,11,13)","ZBYLFXRPTLGLIW-UHFFFAOYSA-N"
196752,"8-Nitro-6-quinolinol",190.037842,"C9H6N2O3","c1cc2cc(cc(c2nc1)[N+](=O)[O-])O","InChI=1S/C9H6N2O3/c12-7-4-6-2-1-3-10-9(6)8(5-7)11(13)14/h1-5,12H","AZDVQVFOHUFHOP-UHFFFAOYSA-N"
201591,"5-Nitro-1(2H)-isoquinolinone",190.037842,"C9H6N2O3","c1cc2c(cc[nH]c2=O)c(c1)[N+](=O)[O-]","InChI=1S/C9H6N2O3/c12-9-7-2-1-3-8(11(13)14)6(7)4-5-10-9/h1-5H,(H,10,12)","GMDPUTAUKHHDCI-UHFFFAOYSA-N"
204226,"4-Nitroso-3-phenyl-1,2-oxazol-5(2H)-one",190.037842,"C9H6N2O3","c1ccc(cc1)c2c(c(=O)o[nH]2)N=O","InChI=1S/C9H6N2O3/c12-9-8(10-13)7(11-14-9)6-4-2-1-3-5-6/h1-5,11H","ZYSBGNYJJJCEGU-UHFFFAOYSA-N"
204312,"7-Nitro-4(1H)-quinolinone",190.037842,"C9H6N2O3","c1cc2c(=O)cc[nH]c2cc1[N+](=O)[O-]","InChI=1S/C9H6N2O3/c12-9-3-4-10-8-5-6(11(13)14)1-2-7(8)9/h1-5H,(H,10,12)","MLPKSYLYDHCVOI-UHFFFAOYSA-N"
213158,"5-Nitro-2(1H)-quinolinone",190.037842,"C9H6N2O3","c1cc2c(ccc(n2)O)c(c1)[N+](=O)[O-]","InChI=1S/C9H6N2O3/c12-9-5-4-6-7(10-9)2-1-3-8(6)11(13)14/h1-5H,(H,10,12)","NRZABPOFVNBWMI-UHFFFAOYSA-N"
215268,"5-Nitro-1H-indole-3-carbaldehyde",190.037842,"C9H6N2O3","c1cc2c(cc1[N+](=O)[O-])c(c[nH]2)C=O","InChI=1S/C9H6N2O3/c12-5-6-4-10-9-2-1-7(11(13)14)3-8(6)9/h1-5,10H","PHKYMSLVWLYDKP-UHFFFAOYSA-N"
222883,"6-Nitro-4-quinolinol",190.037842,"C9H6N2O3","c1cc2c(cc1[N+](=O)[O-])c(ccn2)O","InChI=1S/C9H6N2O3/c12-9-3-4-10-8-2-1-6(11(13)14)5-7(8)9/h1-5H,(H,10,12)","MGCGVNRWZOHFTO-UHFFFAOYSA-N"
223427,"3-(2-Nitrophenyl)-3-oxopropanenitrile",190.037842,"C9H6N2O3","c1ccc(c(c1)C(=O)CC#N)[N+](=O)[O-]","InChI=1S/C9H6N2O3/c10-6-5-9(12)7-3-1-2-4-8(7)11(13)14/h1-4H,5H2","WHJVFNZAENXWGO-UHFFFAOYSA-N"
253237,"6-Nitro-4(3H)-quinolinone",190.037842,"C9H6N2O3","c1cc2c(cc1[N+](=O)[O-])C(=O)CC=N2","InChI=1S/C9H6N2O3/c12-9-3-4-10-8-2-1-6(11(13)14)5-7(8)9/h1-2,4-5H,3H2","LNTXADAGZCZXGO-UHFFFAOYSA-N"
254499,"8-Nitro-4(1H)-quinolinone",190.037842,"C9H6N2O3","c1cc2c(=O)cc[nH]c2c(c1)[N+](=O)[O-]","InChI=1S/C9H6N2O3/c12-8-4-5-10-9-6(8)2-1-3-7(9)11(13)14/h1-5H,(H,10,12)","MMLGHJCPFCGNEY-UHFFFAOYSA-N"
257216,"4-Oxo-4H-pyrido[1,2-a]pyrimidine-3-carboxylic acid",190.037842,"C9H6N2O3","c1ccn2c(c1)ncc(c2=O)C(=O)O","InChI=1S/C9H6N2O3/c12-8-6(9(13)14)5-10-7-3-1-2-4-11(7)8/h1-5H,(H,13,14)","YGHFAYBPBVHKHY-UHFFFAOYSA-N"
258865,"4-Oxo-1,4-dihydro-2-quinazolinecarboxylic acid",190.037842,"C9H6N2O3","c1ccc2c(c1)c(=O)[nH]c(n2)C(=O)O","InChI=1S/C9H6N2O3/c12-8-5-3-1-2-4-6(5)10-7(11-8)9(13)14/h1-4H,(H,13,14)(H,10,11,12)","KVXWXOHXKMKMTR-UHFFFAOYSA-N"
259085,"5-Amino-N-(2-chloroethyl)-1H-tetrazole-1-carboxamide",190.036987,"C4H7ClN6O","C(CCl)NC(=O)n1c(nnn1)N","InChI=1S/C4H7ClN6O/c5-1-2-7-4(12)11-3(6)8-9-10-11/h1-2H2,(H,7,12)(H2,6,8,10)","ADOXSTLMWXMWLZ-UHFFFAOYSA-N"
261755,"2-Oxo-1,2-dihydro-1,6-naphthyridine-3-carboxylic acid",190.037842,"C9H6N2O3","c1cncc2c1[nH]c(=O)c(c2)C(=O)O","InChI=1S/C9H6N2O3/c12-8-6(9(13)14)3-5-4-10-2-1-7(5)11-8/h1-4H,(H,11,12)(H,13,14)","KPFCPYVACMZIEF-UHFFFAOYSA-N"
280550,"3-Nitro-4-quinolinol",190.037842,"C9H6N2O3","c1ccc2c(c1)c(c(cn2)[N+](=O)[O-])O","InChI=1S/C9H6N2O3/c12-9-6-3-1-2-4-7(6)10-5-8(9)11(13)14/h1-5H,(H,10,12)","ZWISCKSGNCMAQO-UHFFFAOYSA-N"
282140,"4-Hydroxy-3-cinnolinecarboxylic acid",190.037842,"C9H6N2O3","c1ccc2c(c1)c(c(nn2)C(=O)O)O","InChI=1S/C9H6N2O3/c12-8-5-3-1-2-4-6(5)10-11-7(8)9(13)14/h1-4H,(H,10,12)(H,13,14)","ZIPLRYYWAXPVMG-UHFFFAOYSA-N"
291698,"5-Oxo-1,5-dihydro-1,7-naphthyridine-6-carboxylic acid",190.037842,"C9H6N2O3","c1cc-2c(=O)c(ncc2[nH]c1)C(=O)O","InChI=1S/C9H6N2O3/c12-8-5-2-1-3-10-6(5)4-11-7(8)9(13)14/h1-4,10H,(H,13,14)","SJJOZQWYBXOZKU-UHFFFAOYSA-N"
307401,"8-Nitro-2(1H)-quinolinone",190.037842,"C9H6N2O3","c1cc2ccc(=O)[nH]c2c(c1)[N+](=O)[O-]","InChI=1S/C9H6N2O3/c12-8-5-4-6-2-1-3-7(11(13)14)9(6)10-8/h1-5H,(H,10,12)","LPIFZNBFLQNYIA-UHFFFAOYSA-N"
327457,"3-(Nitromethylene)-1-isoindolinone",190.037842,"C9H6N2O3","c1ccc2c(c1)C(=C[N+](=O)[O-])NC2=O","InChI=1S/C9H6N2O3/c12-9-7-4-2-1-3-6(7)8(10-9)5-11(13)14/h1-5H,(H,10,12)","QULTWTXKICJKPZ-UHFFFAOYSA-N"
471929,"2-Oxo-1,2-dihydro-4-quinazolinecarboxylic acid",190.037842,"C9H6N2O3","c1ccc2c(c1)c(nc(=O)[nH]2)C(=O)O","InChI=1S/C9H6N2O3/c12-8(13)7-5-3-1-2-4-6(5)10-9(14)11-7/h1-4H,(H,12,13)(H,10,11,14)","JMRRYHBZGAQICA-UHFFFAOYSA-N"
501822,"1-Phenyl-2,4,5-imidazolidinetrione",190.037842,"C9H6N2O3","c1ccc(cc1)N2C(=O)C(=O)NC2=O","InChI=1S/C9H6N2O3/c12-7-8(13)11(9(14)10-7)6-4-2-1-3-5-6/h1-5H,(H,10,12,14)","AVIPDXGMHBJIGG-UHFFFAOYSA-N"
514169,"(p-Nitrobenzoyl)acetonitrile",190.037842,"C9H6N2O3","c1cc(ccc1C(=O)CC#N)[N+](=O)[O-]","InChI=1S/C9H6N2O3/c10-6-5-9(12)7-1-3-8(4-2-7)11(13)14/h1-4H,5H2","DXYPCBNFJFSXFY-UHFFFAOYSA-N"
526163,"8-Nitroquinoline 1-oxide",190.037842,"C9H6N2O3","c1cc2ccc[n+](c2c(c1)[N+](=O)[O-])[O-]","InChI=1S/C9H6N2O3/c12-10-6-2-4-7-3-1-5-8(9(7)10)11(13)14/h1-6H","XKMPRDAFNNEZEM-UHFFFAOYSA-N"
526186,"6-Nitro-8-quinolinol",190.037842,"C9H6N2O3","c1cc2cc(cc(c2nc1)O)[N+](=O)[O-]","InChI=1S/C9H6N2O3/c12-8-5-7(11(13)14)4-6-2-1-3-10-9(6)8/h1-5,12H","BVBQGQLGXJDKLZ-UHFFFAOYSA-N"
526274,"[1,3]Dioxolo[4,5-g]quinazolin-8(5H)-one",190.037842,"C9H6N2O3","c1c2c(cc3c1OCO3)[nH]cnc2=O","InChI=1S/C9H6N2O3/c12-9-5-1-7-8(14-4-13-7)2-6(5)10-3-11-9/h1-3H,4H2,(H,10,11,12)","DOWPGVIKVJMLNI-UHFFFAOYSA-N"
526275,"3-(4-NITROPHENYL)ISOXAZOLE",190.037842,"C9H6N2O3","c1cc(ccc1c2ccon2)[N+](=O)[O-]","InChI=1S/C9H6N2O3/c12-11(13)8-3-1-7(2-4-8)9-5-6-14-10-9/h1-6H","XXAAKZGOIOIOQB-UHFFFAOYSA-N"
679104,"4-Hydroxyphthalazine-1-carboxylic acid",190.037842,"C9H6N2O3","c1ccc2c(c1)c(n[nH]c2=O)C(=O)O","InChI=1S/C9H6N2O3/c12-8-6-4-2-1-3-5(6)7(9(13)14)10-11-8/h1-4H,(H,11,12)(H,13,14)","YHNOBCUFJJRVOP-UHFFFAOYSA-N"
720337,"4-nitro-1-isoquinolinol",190.037842,"C9H6N2O3","c1ccc2c(c1)c(c[nH]c2=O)[N+](=O)[O-]","InChI=1S/C9H6N2O3/c12-9-7-4-2-1-3-6(7)8(5-10-9)11(13)14/h1-5H,(H,10,12)","HBIRBNQMLAPWOH-UHFFFAOYSA-N"
733830,"5-(2-Furyl)-2-nitro-2,4-pentadienenitrile",190.037842,"C9H6N2O3","c1cc(oc1)C=CC=C(C#N)[N+](=O)[O-]","InChI=1S/C9H6N2O3/c10-7-8(11(12)13)3-1-4-9-5-2-6-14-9/h1-6H","KRPLFAQMZYLWFV-UHFFFAOYSA-N"
733831,"(2E,4E)-5-(2-Furyl)-2-nitro-2,4-pentadienenitrile",190.037842,"C9H6N2O3","c1cc(oc1)/C=C/C=C(\C#N)/[N+](=O)[O-]","InChI=1S/C9H6N2O3/c10-7-8(11(12)13)3-1-4-9-5-2-6-14-9/h1-6H/b4-1+,8-3+","KRPLFAQMZYLWFV-ZOVTWTBISA-N"
733833,"5-Furan-2-yl-2-nitro-penta-2,4-dienenitrile",190.037842,"C9H6N2O3","c1cc(oc1)/C=C/C=C(/C#N)\[N+](=O)[O-]","InChI=1S/C9H6N2O3/c10-7-8(11(12)13)3-1-4-9-5-2-6-14-9/h1-6H/b4-1+,8-3-","KRPLFAQMZYLWFV-CBZARTANSA-N"
787339,"6-nitroquinolin-2-ol",190.037842,"C9H6N2O3","c1cc(nc2c1cc(cc2)[N+](=O)[O-])O","InChI=1S/C9H6N2O3/c12-9-4-1-6-5-7(11(13)14)2-3-8(6)10-9/h1-5H,(H,10,12)","OYLJUJGLDPDXHP-UHFFFAOYSA-N"
787407,"4-Hydroxy-1,6-naphthyridine-3-carboxylic acid",190.037842,"C9H6N2O3","c1cncc2c1ncc(c2O)C(=O)O","InChI=1S/C9H6N2O3/c12-8-5-3-10-2-1-7(5)11-4-6(8)9(13)14/h1-4H,(H,11,12)(H,13,14)","XWHYSVFRPYIDHP-UHFFFAOYSA-N"
796566,"2-[(Difluoromethyl)sulfanyl]-4,6-dimethylpyrimidine",190.037628,"C7H8F2N2S","Cc1cc(nc(n1)SC(F)F)C","InChI=1S/C7H8F2N2S/c1-4-3-5(2)11-7(10-4)12-6(8)9/h3,6H,1-2H3","RYDMJZBQXDNFOA-UHFFFAOYSA-N"
1039191,"4-nitroquinolin-3-ol",190.037842,"C9H6N2O3","c1ccc2c(c1)c(c(cn2)O)[N+](=O)[O-]","InChI=1S/C9H6N2O3/c12-8-5-10-7-4-2-1-3-6(7)9(8)11(13)14/h1-5,12H","MLUXQSRULOUMJF-UHFFFAOYSA-N"
1772571,"2-(1,3-Benzodioxol-5-yl)-1,3,4-oxadiazole",190.037842,"C9H6N2O3","c1cc2c(cc1c3nnco3)OCO2","InChI=1S/C9H6N2O3/c1-2-7-8(14-5-13-7)3-6(1)9-11-10-4-12-9/h1-4H,5H2","ZVZVERHQRHUEKO-UHFFFAOYSA-N"
2008269,"4-Phenyl-1,2,5-oxadiazole-3-carboxylic acid",190.037842,"C9H6N2O3","c1ccc(cc1)c2c(non2)C(=O)O","InChI=1S/C9H6N2O3/c12-9(13)8-7(10-14-11-8)6-4-2-1-3-5-6/h1-5H,(H,12,13)","FDEAHLMCVJUBBZ-UHFFFAOYSA-N"
2018713,"5-(3-Nitrophenyl)-1,2-oxazole",190.037842,"C9H6N2O3","c1cc(cc(c1)[N+](=O)[O-])c2ccno2","InChI=1S/C9H6N2O3/c12-11(13)8-3-1-2-7(6-8)9-4-5-10-14-9/h1-6H","RGDHTIOOORKVRQ-UHFFFAOYSA-N"
2018714,"5-(4-Nitrophenyl)-1,2-oxazole",190.037842,"C9H6N2O3","c1cc(ccc1c2ccno2)[N+](=O)[O-]","InChI=1S/C9H6N2O3/c12-11(13)8-3-1-7(2-4-8)9-5-6-10-14-9/h1-6H","FVRVKMWZTNJREY-UHFFFAOYSA-N"
2018716,"5-(3-Nitrophenyl)-1,3-oxazole",190.037842,"C9H6N2O3","c1cc(cc(c1)[N+](=O)[O-])c2cnco2","InChI=1S/C9H6N2O3/c12-11(13)8-3-1-2-7(4-8)9-5-10-6-14-9/h1-6H","ALXACHUFQSLYBV-UHFFFAOYSA-N"
2018717,"5-(4-Nitrophenyl)-1,3-oxazole",190.037842,"C9H6N2O3","c1cc(ccc1c2cnco2)[N+](=O)[O-]","InChI=1S/C9H6N2O3/c12-11(13)8-3-1-7(2-4-8)9-5-10-6-14-9/h1-6H","JJFHVOMPLSSUEC-UHFFFAOYSA-N"
2043155,"7-NITROINDOLE-3-CARBOXALDEHYDE",190.037842,"C9H6N2O3","c1cc2c(c[nH]c2c(c1)[N+](=O)[O-])C=O","InChI=1S/C9H6N2O3/c12-5-6-4-10-9-7(6)2-1-3-8(9)11(13)14/h1-5,10H","ADGKBVRTGVODMM-UHFFFAOYSA-N"
2051795,"2,4-Dioxo-3,4-dihydro-2H-pyrido[1,2-a]pyrimidine-3-carbaldehyde",190.037842,"C9H6N2O3","C1=CC2=NC(=O)C(C(=O)N2C=C1)C=O","InChI=1S/C9H6N2O3/c12-5-6-8(13)10-7-3-1-2-4-11(7)9(6)14/h1-6H","GWMOMNJYLABQQH-UHFFFAOYSA-N"
2057557,"5-(2-NITROPHENYL)-1,3-OXAZOLE",190.037842,"C9H6N2O3","c1ccc(c(c1)c2cnco2)[N+](=O)[O-]","InChI=1S/C9H6N2O3/c12-11(13)8-4-2-1-3-7(8)9-5-10-6-14-9/h1-6H","PUDNRGZVFKPHNG-UHFFFAOYSA-N"
2274611,"(3Z)-3-(Nitromethylene)-1-isoindolinone",190.037842,"C9H6N2O3","c1ccc2c(c1)/C(=C/[N+](=O)[O-])/NC2=O","InChI=1S/C9H6N2O3/c12-9-7-4-2-1-3-6(7)8(10-9)5-11(13)14/h1-5H,(H,10,12)/b8-5-","QULTWTXKICJKPZ-YVMONPNESA-N"
2291063,"1-(2-Chloroethyl)-3-(2H-tetrazol-5-yl)urea",190.036987,"C4H7ClN6O","C(CCl)NC(=O)Nc1n[nH]nn1","InChI=1S/C4H7ClN6O/c5-1-2-6-4(12)7-3-8-10-11-9-3/h1-2H2,(H3,6,7,8,9,10,11,12)","ZSZMIWBEVPLYTC-UHFFFAOYSA-N"
2530422,"3-Amino-2-nitro-1H-inden-1-one",190.037842,"C9H6N2O3","c1ccc2c(c1)C(=C(C2=O)[N+](=O)[O-])N","InChI=1S/C9H6N2O3/c10-7-5-3-1-2-4-6(5)9(12)8(7)11(13)14/h1-4H,10H2","SYFZFOTVARSUJM-UHFFFAOYSA-N"
2748313,"1H-Benzimidazol-2-yl(oxo)acetic acid",190.037842,"C9H6N2O3","c1ccc2c(c1)[nH]c(n2)C(=O)C(=O)O","InChI=1S/C9H6N2O3/c12-7(9(13)14)8-10-5-3-1-2-4-6(5)11-8/h1-4H,(H,10,11)(H,13,14)","UKQJEQZOFFQAQL-UHFFFAOYSA-N"
2976135,"4-Nitro-3-phenyl-1,2-oxazole",190.037842,"C9H6N2O3","c1ccc(cc1)c2c(con2)[N+](=O)[O-]","InChI=1S/C9H6N2O3/c12-11(13)8-6-14-10-9(8)7-4-2-1-3-5-7/h1-6H","AMMAGHYZRLGORW-UHFFFAOYSA-N"
3125698,"8-Nitro-5(1H)-quinolinone",190.037842,"C9H6N2O3","c1cc-2c(=O)ccc(c2[nH]c1)[N+](=O)[O-]","InChI=1S/C9H6N2O3/c12-8-4-3-7(11(13)14)9-6(8)2-1-5-10-9/h1-5,10H","STMKWPDSRNBOFI-UHFFFAOYSA-N"
3216394,"5-Nitro-6-quinolinol",190.037842,"C9H6N2O3","c1cc2c(ccc(c2[N+](=O)[O-])O)nc1","InChI=1S/C9H6N2O3/c12-8-4-3-7-6(2-1-5-10-7)9(8)11(13)14/h1-5,12H","VNTMHRXHQYOVLK-UHFFFAOYSA-N"
3380156,"3-(2-Nitrophenyl)-2-propynamide",190.037842,"C9H6N2O3","c1ccc(c(c1)C#CC(=O)N)[N+](=O)[O-]","InChI=1S/C9H6N2O3/c10-9(12)6-5-7-3-1-2-4-8(7)11(13)14/h1-4H,(H2,10,12)","RLXKWRHDYOZXGY-UHFFFAOYSA-N"
3463620,"4-Hydroxyquinazoline-7-carboxylic acid",190.037842,"C9H6N2O3","c1cc2c(cc1C(=O)O)nc[nH]c2=O","InChI=1S/C9H6N2O3/c12-8-6-2-1-5(9(13)14)3-7(6)10-4-11-8/h1-4H,(H,13,14)(H,10,11,12)","ICASWNVSUDFGRH-UHFFFAOYSA-N"
3658817,"3-(Nitromethylene)-1,3-dihydro-2H-indol-2-one",190.037842,"C9H6N2O3","c1ccc2c(c1)C(=C[N+](=O)[O-])C(=O)N2","InChI=1S/C9H6N2O3/c12-9-7(5-11(13)14)6-3-1-2-4-8(6)10-9/h1-5H,(H,10,12)","IHDQEOHNEFAXSM-UHFFFAOYSA-N"
3937103,"2-Oxo-1,2-dihydro-6-quinoxalinecarboxylic acid",190.037842,"C9H6N2O3","c1cc2c(cc1C(=O)O)ncc(=O)[nH]2","InChI=1S/C9H6N2O3/c12-8-4-10-7-3-5(9(13)14)1-2-6(7)11-8/h1-4H,(H,11,12)(H,13,14)","ZJPCUQHSLWJVOS-UHFFFAOYSA-N"
4380974,"6-Nitro-1H-indole-3-carbaldehyde",190.037842,"C9H6N2O3","c1cc2c(cc1[N+](=O)[O-])[nH]cc2C=O","InChI=1S/C9H6N2O3/c12-5-6-4-10-9-3-7(11(13)14)1-2-8(6)9/h1-5,10H","KYFZSGBVGJNEPN-UHFFFAOYSA-N"
4383704,"5-Nitro-8(2H)-isoquinolinone",190.037842,"C9H6N2O3","c1cc(=O)c-2c[nH]ccc2c1[N+](=O)[O-]","InChI=1S/C9H6N2O3/c12-9-2-1-8(11(13)14)6-3-4-10-5-7(6)9/h1-5,10H","MJRIHSRLQOMPND-UHFFFAOYSA-N"
4481893,"3H-isoxazolo[3,4,5-ef][1,4]benzoxazepin-4(5H)-one",190.037842,"C9H6N2O3","c1cc2c3c(c1)ONC3=NC(=O)CO2","InChI=1S/C9H6N2O3/c12-7-4-13-5-2-1-3-6-8(5)9(10-7)11-14-6/h1-3H,4H2,(H,10,11,12)","ZCSFFCAARZWVOS-UHFFFAOYSA-N"
4589098,"7-(Hydroxyamino)-5,8-quinolinedione",190.037842,"C9H6N2O3","c1cc2c(nc1)C(=O)C(=CC2=O)NO","InChI=1S/C9H6N2O3/c12-7-4-6(11-14)9(13)8-5(7)2-1-3-10-8/h1-4,11,14H","XCKCFSDZJNCTRV-UHFFFAOYSA-N"
4814403,"(3Z)-3-(Nitromethylene)-1,3-dihydro-2H-indol-2-one",190.037842,"C9H6N2O3","[O-][N+](=O)/C=C2/c1ccccc1NC2=O","InChI=1S/C9H6N2O3/c12-9-7(5-11(13)14)6-3-1-2-4-8(6)10-9/h1-5H,(H,10,12)/b7-5-","IHDQEOHNEFAXSM-ALCCZGGFSA-N"
4911387,"(3Z)-3-(Hydroxyimino)-2,4(1H,3H)-quinolinedione",190.037842,"C9H6N2O3","c1ccc2c(c1)C(=O)/C(=N/O)/C(=O)N2","InChI=1S/C9H6N2O3/c12-8-5-3-1-2-4-6(5)10-9(13)7(8)11-14/h1-4,14H,(H,10,13)/b11-7-","KGXLSJFRVKWADK-XFFZJAGNSA-N"
4911528,"(3E)-3-(Hydroxyimino)-2,4(1H,3H)-quinolinedione",190.037842,"C9H6N2O3","c1ccc2c(c1)C(=O)/C(=N\O)/C(=O)N2","InChI=1S/C9H6N2O3/c12-8-5-3-1-2-4-6(5)10-9(13)7(8)11-14/h1-4,14H,(H,10,13)/b11-7+","KGXLSJFRVKWADK-YRNVUSSQSA-N"
5043494,"(3E)-3-Imino-2-nitro-1-indanone",190.037842,"C9H6N2O3","[H]/N=C/1\c2ccccc2C(=O)C1[N+](=O)[O-]","InChI=1S/C9H6N2O3/c10-7-5-3-1-2-4-6(5)9(12)8(7)11(13)14/h1-4,8,10H","RNDAUFCXFQDPLN-UHFFFAOYSA-N"
5474612,"4-(1,3,4-Oxadiazol-2-yl)benzoic acid",190.037842,"C9H6N2O3","C1=CC(=CC=C1C2=NN=CO2)C(=O)O","InChI=1S/C9H6N2O3/c12-9(13)7-3-1-6(2-4-7)8-11-10-5-14-8/h1-5H,(H,12,13)","IZTWSORAYAOGDE-UHFFFAOYSA-N"
5495288,"5-(4-Nitrophenyl)tetrazol-1-ide",190.037048,"C7H4N5O2","[O-][N+](=O)c2ccc(c1nnn[n-]1)cc2","InChI=1S/C7H4N5O2/c13-12(14)6-3-1-5(2-4-6)7-8-10-11-9-7/h1-4H/q-1","INYOJXPYJDCDIC-UHFFFAOYSA-N"
7843828,"(4Z)-4-(Hydroxyimino)-1,3(2H,4H)-isoquinolinedione",190.037842,"C9H6N2O3","O=C2c1c(cccc1)\C(=N\O)C(=O)N2","InChI=1S/C9H6N2O3/c12-8-6-4-2-1-3-5(6)7(11-14)9(13)10-8/h1-4,14H,(H,10,12,13)/b11-7-","BWPYTDNPPASDPA-XFFZJAGNSA-N"
8096231,"6-[(E)-2-Nitrovinyl]-1,3-benzoxazole",190.037842,"C9H6N2O3","[O-][N+](=O)\C=C\c1ccc2ncoc2c1","InChI=1S/C9H6N2O3/c12-11(13)4-3-7-1-2-8-9(5-7)14-6-10-8/h1-6H/b4-3+","BRSGCZAVUHOBKO-ONEGZZNKSA-N"
8165643,"3-Nitro-2(1H)-quinolinone",190.037842,"C9H6N2O3","[O-][N+](=O)C\2=C\c1c(cccc1)NC/2=O","InChI=1S/C9H6N2O3/c12-9-8(11(13)14)5-6-3-1-2-4-7(6)10-9/h1-5H,(H,10,12)","MZVAAWXYMDEDLD-UHFFFAOYSA-N"
8188302,"5-(2-Nitrophenyl)-1,2-oxazole",190.037842,"C9H6N2O3","[O-][N+](=O)c1ccccc1c2oncc2","InChI=1S/C9H6N2O3/c12-11(13)8-4-2-1-3-7(8)9-5-6-10-14-9/h1-6H","IHCXQRLFNIQDPI-UHFFFAOYSA-N"
8233884,"3-(2-Nitrophenyl)-1,2-oxazole",190.037842,"C9H6N2O3","[O-][N+](=O)c1ccccc1c2nocc2","InChI=1S/C9H6N2O3/c12-11(13)9-4-2-1-3-7(9)8-5-6-14-10-8/h1-6H","JKJQJCLACAVJSQ-UHFFFAOYSA-N"
8527948,"4-Phenyl-1,2,5-oxadiazole-3-carbaldehyde 2-oxide",190.037842,"C9H6N2O3","C1=CC=C(C=C1)C2=NO[N+](=C2C=O)[O-]","InChI=1S/C9H6N2O3/c12-6-8-9(10-14-11(8)13)7-4-2-1-3-5-7/h1-6H","MNNADPGXJASGIU-UHFFFAOYSA-N"
8734952,"4H-[1,2,4]Oxadiazolo[3,4-c][1,4]benzoxazin-1-one",190.037842,"C9H6N2O3","O=C3O\N=C1/N3c2c(OC1)cccc2","InChI=1S/C9H6N2O3/c12-9-11-6-3-1-2-4-7(6)13-5-8(11)10-14-9/h1-4H,5H2","MWMOULADPDVSBX-UHFFFAOYSA-N"
8759196,"(2E)-1,3-Benzodioxol-5-yl(hydroxyimino)acetonitrile",190.037842,"C9H6N2O3","N#C\C(=N\O)c1ccc2OCOc2c1","InChI=1S/C9H6N2O3/c10-4-7(11-12)6-1-2-8-9(3-6)14-5-13-8/h1-3,12H,5H2/b11-7-","RFCZDOHNLGDODG-XFFZJAGNSA-N"
8854566,"1,3-Dioxo-5-isoindolinecarboxamide",190.037842,"C9H6N2O3","O=C(c1ccc2C(=O)NC(=O)c2c1)N","InChI=1S/C9H6N2O3/c10-7(12)4-1-2-5-6(3-4)9(14)11-8(5)13/h1-3H,(H2,10,12)(H,11,13,14)","HWUDVZCMZSHYQZ-UHFFFAOYSA-N"
8854576,"3-Methoxy-6-[(~2~H_1_)methylsulfonyl](4-~2~H)pyridazine",190.038116,"C6H6D2N2O3S","[2H]c1c(OC)nnc(c1)S(=O)(=O)C[2H]","InChI=1S/C6H8N2O3S/c1-11-5-3-4-6(8-7-5)12(2,9)10/h3-4H,1-2H3/i2D,3D","OKQYFVLLHQVVIY-PBNXXWCMSA-N"
8949335,"5-Nitro-4(1H)-quinolinone",190.037842,"C9H6N2O3","[O-][N+](=O)c2cccc1c2C(=O)\C=C/N1","InChI=1S/C9H6N2O3/c12-8-4-5-10-6-2-1-3-7(9(6)8)11(13)14/h1-5H,(H,10,12)","BVZBDPJGFIMXLC-UHFFFAOYSA-N"
8973039,"4-(1,2,4-Oxadiazol-3-yl)benzoic acid",190.037842,"C9H6N2O3","O=C(O)c2ccc(c1ncon1)cc2","InChI=1S/C9H6N2O3/c12-9(13)7-3-1-6(2-4-7)8-10-5-14-11-8/h1-5H,(H,12,13)","SNWYSDYAFFVDKV-UHFFFAOYSA-N"
8973050,"6-Methoxy-3-[(~2~H_1_)methylsulfonyl](4-~2~H)pyridazine",190.038116,"C6H6D2N2O3S","[2H]c1cc(OC)nnc1S(=O)(=O)C[2H]","InChI=1S/C6H8N2O3S/c1-11-5-3-4-6(8-7-5)12(2,9)10/h3-4H,1-2H3/i2D,4D","OKQYFVLLHQVVIY-XRIVEGAOSA-N"
9053198,"(Z)-1-(1,3-Benzodioxol-5-yl)-2-diazonioethenolate",190.037842,"C9H6N2O3","[O-]/C(c1ccc2OCOc2c1)=C\[N+]#N","InChI=1S/C9H6N2O3/c10-11-4-7(12)6-1-2-8-9(3-6)14-5-13-8/h1-4H,5H2/b7-4-","UBWGXCGSHPWIMS-DAXSKMNVSA-N"
9074696,"4-Nitro-2-phenyl-1,3-oxazole",190.037842,"C9H6N2O3","[O-][N+](=O)c1nc(oc1)c2ccccc2","InChI=1S/C9H6N2O3/c12-11(13)8-6-14-9(10-8)7-4-2-1-3-5-7/h1-6H","BLLCMHXXPYOXIH-UHFFFAOYSA-N"
9151477,"2-(4-Nitrophenyl)-1,3-oxazole",190.037842,"C9H6N2O3","C1=CC(=CC=C1C2=NC=CO2)[N+](=O)[O-]","InChI=1S/C9H6N2O3/c12-11(13)8-3-1-7(2-4-8)9-10-5-6-14-9/h1-6H","XHBVYYMFLQGIJX-UHFFFAOYSA-N"
9194820,"7-Nitro-1(2H)-isoquinolinone",190.037842,"C9H6N2O3","[O-][N+](=O)c1ccc2\C=C/NC(=O)c2c1","InChI=1S/C9H6N2O3/c12-9-8-5-7(11(13)14)2-1-6(8)3-4-10-9/h1-5H,(H,10,12)","YJZDQXBQGAXXGP-UHFFFAOYSA-N"
9270539,"4-Nitro-1H-indole-3-carbaldehyde",190.037842,"C9H6N2O3","C1=CC2=C(C(=C1)[N+](=O)[O-])C(=CN2)C=O","InChI=1S/C9H6N2O3/c12-5-6-4-10-7-2-1-3-8(9(6)7)11(13)14/h1-5,10H","CGXVTWQTGQAMMX-UHFFFAOYSA-N"
9291953,"2,3-Dioxo-4-indolinecarboxamide",190.037842,"C9H6N2O3","O=C(c1cccc2c1C(=O)C(=O)N2)N","InChI=1S/C9H6N2O3/c10-8(13)4-2-1-3-5-6(4)7(12)9(14)11-5/h1-3H,(H2,10,13)(H,11,12,14)","NAQGZLOWJPKUEQ-UHFFFAOYSA-N"
9302183,"4-(3-Nitrophenyl)-1,3-oxazole",190.037842,"C9H6N2O3","[O-][N+](=O)c1cccc(c1)c2ncoc2","InChI=1S/C9H6N2O3/c12-11(13)8-3-1-2-7(4-8)9-5-14-6-10-9/h1-6H","XZAOBFPZZWWNMY-UHFFFAOYSA-N"
9323295,"(2E)-3-(4-Hydroxyphenyl)-2-nitroacrylonitrile",190.037842,"C9H6N2O3","[O-][N+](=O)C(/C#N)=C/c1ccc(O)cc1","InChI=1S/C9H6N2O3/c10-6-8(11(13)14)5-7-1-3-9(12)4-2-7/h1-5,12H/b8-5+","SVSUVLVWXWEPPH-VMPITWQZSA-N"
9542408,"(Z)-(5-Oxo-3-phenyl-1,2,3-oxadiazol-3-ium-4(5H)-ylidene)methanolate",190.037842,"C9H6N2O3","O=C2O\N=[N+](\c1ccccc1)/C2=[C@H][O-]","InChI=1S/C9H6N2O3/c12-6-8-9(13)14-10-11(8)7-4-2-1-3-5-7/h1-6H","FAJWCIJHURGJSA-UHFFFAOYSA-N"
9797224,"2,3-Dioxo-5-indolinecarboxamide",190.037842,"C9H6N2O3","C1=CC2=C(C=C1C(=O)N)C(=O)C(=O)N2","InChI=1S/C9H6N2O3/c10-8(13)4-1-2-6-5(3-4)7(12)9(14)11-6/h1-3H,(H2,10,13)(H,11,12,14)","AARFXJVACBOQII-UHFFFAOYSA-N"
10004852,"4-Cinnolinecarboxylic acid 1-oxide",190.037842,"C9H6N2O3","c1ccc2c(c1)c(cn[n+]2[O-])C(=O)O","InChI=1S/C9H6N2O3/c12-9(13)7-5-10-11(14)8-4-2-1-3-6(7)8/h1-5H,(H,12,13)","KREWBTZJJOMXOH-UHFFFAOYSA-N"
10031740,"4-Nitro-8-quinolinol",190.037842,"C9H6N2O3","c1cc2c(ccnc2c(c1)O)[N+](=O)[O-]","InChI=1S/C9H6N2O3/c12-8-3-1-2-6-7(11(13)14)4-5-10-9(6)8/h1-5,12H","ZOXVSVOXTSGAFN-UHFFFAOYSA-N"
10190475,"(3E)-3-(Nitromethylene)-1,3-dihydro-2H-indol-2-one",190.037842,"C9H6N2O3","c1ccc2c(c1)/C(=C\[N+](=O)[O-])/C(=O)N2","InChI=1S/C9H6N2O3/c12-9-7(5-11(13)14)6-3-1-2-4-8(6)10-9/h1-5H,(H,10,12)/b7-5+","IHDQEOHNEFAXSM-FNORWQNLSA-N"
10219077,"4-Nitro-5-phenyl-1,2-oxazole",190.037842,"C9H6N2O3","O=[N+]([O-])c2cnoc2c1ccccc1","InChI=1S/C9H6N2O3/c12-11(13)8-6-10-14-9(8)7-4-2-1-3-5-7/h1-6H","VLEKUWXKWPKJPP-UHFFFAOYSA-N"
10248473,"2-Quinoxalinecarboxylic acid 4-oxide",190.037842,"C9H6N2O3","c1ccc2c(c1)nc(c[n+]2[O-])C(=O)O","InChI=1S/C9H6N2O3/c12-9(13)7-5-11(14)8-4-2-1-3-6(8)10-7/h1-5H,(H,12,13)","MCZOWPIYXHWAHN-UHFFFAOYSA-N"
10398796,"[1,3]Dioxolo[4,5-g]cinnolin-4-ol",190.037842,"C9H6N2O3","c1c2c(cc3c1OCO3)nncc2O","InChI=1S/C9H6N2O3/c12-7-3-10-11-6-2-9-8(1-5(6)7)13-4-14-9/h1-3H,4H2,(H,11,12)","JYLILOXPNNBOBA-UHFFFAOYSA-N"
10401516,"1-Nitro-4H-quinolizin-4-one",190.037842,"C9H6N2O3","c1ccn2c(c1)c(ccc2=O)[N+](=O)[O-]","InChI=1S/C9H6N2O3/c12-9-5-4-8(11(13)14)7-3-1-2-6-10(7)9/h1-6H","FBGVYDOLUAAPFQ-UHFFFAOYSA-N"
10413445,"5-Nitro-3-quinolinol",190.037842,"C9H6N2O3","c1cc2c(cc(cn2)O)c(c1)[N+](=O)[O-]","InChI=1S/C9H6N2O3/c12-6-4-7-8(10-5-6)2-1-3-9(7)11(13)14/h1-5,12H","SISRQKHBPIZTNW-UHFFFAOYSA-N"
10413446,"7-Nitro-3-quinolinol",190.037842,"C9H6N2O3","[O-][N+](=O)c1cc2ncc(O)cc2cc1","InChI=1S/C9H6N2O3/c12-8-3-6-1-2-7(11(13)14)4-9(6)10-5-8/h1-5,12H","BUCAKAPAKULUNT-UHFFFAOYSA-N"
10431010,"4-(4-Nitrophenyl)-1,3-oxazole",190.037842,"C9H6N2O3","c1cc(ccc1c2cocn2)[N+](=O)[O-]","InChI=1S/C9H6N2O3/c12-11(13)8-3-1-7(2-4-8)9-5-14-6-10-9/h1-6H","STSISQMFQWBGLZ-UHFFFAOYSA-N"
10432003,"5-Nitro-2-phenyl-1,3-oxazole",190.037842,"C9H6N2O3","c1ccc(cc1)c2ncc(o2)[N+](=O)[O-]","InChI=1S/C9H6N2O3/c12-11(13)8-6-10-9(14-8)7-4-2-1-3-5-7/h1-6H","AVTDRPBVMWHLPP-UHFFFAOYSA-N"
10434216,"3-Nitro-5-phenyl-1,2-oxazole",190.037842,"C9H6N2O3","c1ccc(cc1)c2cc(no2)[N+](=O)[O-]","InChI=1S/C9H6N2O3/c12-11(13)9-6-8(14-10-9)7-4-2-1-3-5-7/h1-6H","PLUQOUOCDHNPPT-UHFFFAOYSA-N"
10438037,"4-Phenyl-1,2,5-oxadiazole-3-carbaldehyde 5-oxide",190.037842,"C9H6N2O3","c1ccc(cc1)c2c(no[n+]2[O-])C=O","InChI=1S/C9H6N2O3/c12-6-8-9(11(13)14-10-8)7-4-2-1-3-5-7/h1-6H","DLXWGLICLICZTB-UHFFFAOYSA-N"
10468304,"3-(3-Nitrophenyl)-3-oxopropanenitrile",190.037842,"C9H6N2O3","C1=CC(=CC(=C1)[N+](=O)[O-])C(=O)CC#N","InChI=1S/C9H6N2O3/c10-5-4-9(12)7-2-1-3-8(6-7)11(13)14/h1-3,6H,4H2","OTZUXMACTFIJAZ-UHFFFAOYSA-N"
10487334,"3-(2-Formylphenyl)-1,2,3-oxadiazol-3-ium-5-olate",190.037842,"C9H6N2O3","O=Cc1ccccc1[n+]2cc([O-])on2","InChI=1S/C9H6N2O3/c12-6-7-3-1-2-4-8(7)11-5-9(13)14-10-11/h1-6H","DHXYPKXVWSHCJV-UHFFFAOYSA-N"
10514824,"5-Nitro-4-phenyl-1,3-oxazole",190.037842,"C9H6N2O3","[O-][N+](=O)c2ocnc2c1ccccc1","InChI=1S/C9H6N2O3/c12-11(13)9-8(10-6-14-9)7-4-2-1-3-5-7/h1-6H","OSIAABZGSONHNR-UHFFFAOYSA-N"
10528600,"2-(2-Nitrophenyl)-2-oxiranecarbonitrile",190.037842,"C9H6N2O3","N#CC1(CO1)c2ccccc2[N+]([O-])=O","InChI=1S/C9H6N2O3/c10-5-9(6-14-9)7-3-1-2-4-8(7)11(12)13/h1-4H,6H2","ILYSBCYNRGTEDJ-UHFFFAOYSA-N"
10557806,"2-Hydroxy-4-oxo-4H-pyrido[1,2-a]pyrimidine-3-carbaldehyde",190.037842,"C9H6N2O3","OC=1\N=C2\C=C/C=C\N2C(=O)C=1C=O","InChI=1S/C9H6N2O3/c12-5-6-8(13)10-7-3-1-2-4-11(7)9(6)14/h1-5,13H","VMVJCJRSIVYTHP-UHFFFAOYSA-N"
10605187,"7-Nitroisoquinoline 2-oxide",190.037842,"C9H6N2O3","[O-][N+](=O)c1cc2c[n+]([O-])ccc2cc1","InChI=1S/C9H6N2O3/c12-10-4-3-7-1-2-9(11(13)14)5-8(7)6-10/h1-6H","ORFXPBGTZXCOBS-UHFFFAOYSA-N"
10624088,"3-Formyl-1H-indazole-6-carboxylic acid",190.037842,"C9H6N2O3","C1=CC2=C(C=C1C(=O)O)NN=C2C=O","InChI=1S/C9H6N2O3/c12-4-8-6-2-1-5(9(13)14)3-7(6)10-11-8/h1-4H,(H,10,11)(H,13,14)","HSRKNZOHAZLZKQ-UHFFFAOYSA-N"
10663787,"Oxo(1H-pyrrolo[2,3-b]pyridin-3-yl)acetic acid",190.037842,"C9H6N2O3","C1=CC2=C(NC=C2C(=O)C(=O)O)N=C1","InChI=1S/C9H6N2O3/c12-7(9(13)14)6-4-11-8-5(6)2-1-3-10-8/h1-4H,(H,10,11)(H,13,14)","XKRQAICSWGTWRE-UHFFFAOYSA-N"
10736475,"5-Nitro-1H-indole-2-carbaldehyde",190.037842,"C9H6N2O3","C1=CC2=C(C=C1[N+](=O)[O-])C=C(N2)C=O","InChI=1S/C9H6N2O3/c12-5-7-3-6-4-8(11(13)14)1-2-9(6)10-7/h1-5,10H","GQBZFTRMWRYAMS-UHFFFAOYSA-N"
11354346,"5-Nitro-3-isoquinolinol",190.037842,"C9H6N2O3","c1cc2cnc(cc2c(c1)N(=O)=O)O","InChI=1S/C9H6N2O3/c12-9-4-7-6(5-10-9)2-1-3-8(7)11(13)14/h1-5H,(H,10,12)","UYBCPYMDLOIXDQ-UHFFFAOYSA-N"
11361450,"8-Hydroxy-1,6-naphthyridine-7-carboxylic acid",190.037842,"C9H6N2O3","c1cc2cnc(c(c2nc1)O)C(=O)O","InChI=1S/C9H6N2O3/c12-8-6-5(2-1-3-10-6)4-11-7(8)9(13)14/h1-4,12H,(H,13,14)","YKJPPGSOGMPOFH-UHFFFAOYSA-N"
11421470,"3-Formyl-1H-indazole-4-carboxylic acid",190.037842,"C9H6N2O3","c1cc(c2c(c1)[nH]nc2C=O)C(=O)O","InChI=1S/C9H6N2O3/c12-4-7-8-5(9(13)14)2-1-3-6(8)10-11-7/h1-4H,(H,10,11)(H,13,14)","DAPWQPGPGVUFLB-UHFFFAOYSA-N"
11429224,"2-(2-Nitrophenyl)-1,3-oxazole",190.037842,"C9H6N2O3","c1ccc(c(c1)c2ncco2)N(=O)=O","InChI=1S/C9H6N2O3/c12-11(13)8-4-2-1-3-7(8)9-10-5-6-14-9/h1-6H","JWLIPOOAITVBES-UHFFFAOYSA-N"
11431035,"3-Formyl-1H-indazole-5-carboxylic acid",190.037842,"C9H6N2O3","c1cc2c(cc1C(=O)O)c(n[nH]2)C=O","InChI=1S/C9H6N2O3/c12-4-8-6-3-5(9(13)14)1-2-7(6)10-11-8/h1-4H,(H,10,11)(H,13,14)","MAPWHWRNFRJKFI-UHFFFAOYSA-N"
11499107,"4-Oxo-1,4-dihydro-6-quinazolinecarboxylic acid",190.037842,"C9H6N2O3","c1cc2c(cc1C(=O)O)c(=O)[nH]cn2","InChI=1S/C9H6N2O3/c12-8-6-3-5(9(13)14)1-2-7(6)10-4-11-8/h1-4H,(H,13,14)(H,10,11,12)","WARFZQDQEUGANF-UHFFFAOYSA-N"
11554710,"4-Oxo-3(4H)-quinazolinecarboxylic acid",190.037842,"C9H6N2O3","c1ccc2c(c1)c(=O)n(cn2)C(=O)O","InChI=1S/C9H6N2O3/c12-8-6-3-1-2-4-7(6)10-5-11(8)9(13)14/h1-5H,(H,13,14)","GOSQLDSINBDXBD-UHFFFAOYSA-N"
11554729,"4-Oxo-1,4-dihydro-1,8-naphthyridine-3-carboxylic acid",190.037842,"C9H6N2O3","c1cc2c(=O)c(c[nH]c2nc1)C(=O)O","InChI=1S/C9H6N2O3/c12-7-5-2-1-3-10-8(5)11-4-6(7)9(13)14/h1-4H,(H,13,14)(H,10,11,12)","KBPHGYUXEIDPPV-UHFFFAOYSA-N"
11971026,"8-Nitro-5-quinolinol",190.037842,"C9H6N2O3","c1cc2c(ccc(c2nc1)[N+](=O)[O-])O","InChI=1S/C9H6N2O3/c12-8-4-3-7(11(13)14)9-6(8)2-1-5-10-9/h1-5,12H","GBFQOBPPJULZSN-UHFFFAOYSA-N"
11971034,"5-Nitro-8-isoquinolinol",190.037842,"C9H6N2O3","c1cc(c2cnccc2c1[N+](=O)[O-])O","InChI=1S/C9H6N2O3/c12-9-2-1-8(11(13)14)6-3-4-10-5-7(6)9/h1-5,12H","DSQTWEZSQUMIAB-UHFFFAOYSA-N"
12950621,"5-(5-Pyrimidinyl)-2-furoic acid",190.037842,"C9H6N2O3","c1cc(oc1c2cncnc2)C(=O)O","InChI=1S/C9H6N2O3/c12-9(13)8-2-1-7(14-8)6-3-10-5-11-4-6/h1-5H,(H,12,13)","QYOGEGCPTJHXLC-UHFFFAOYSA-N"
12952214,"5-(2-Pyridinyl)-1,2-oxazole-3-carboxylic acid",190.037842,"C9H6N2O3","c1ccnc(c1)c2cc(no2)C(=O)O","InChI=1S/C9H6N2O3/c12-9(13)7-5-8(14-11-7)6-3-1-2-4-10-6/h1-5H,(H,12,13)","QFFJIQXUQHIATM-UHFFFAOYSA-N"
12952215,"5-pyridin-3-ylisoxazole-3-carboxylic acid",190.037842,"C9H6N2O3","c1cc(cnc1)c2cc(no2)C(=O)O","InChI=1S/C9H6N2O3/c12-9(13)7-4-8(14-11-7)6-2-1-3-10-5-6/h1-5H,(H,12,13)","RAKJDFVYCYOGJO-UHFFFAOYSA-N"
12952216,"5-pyridin-4-ylisoxazole-3-carboxylic acid",190.037842,"C9H6N2O3","c1cnccc1c2cc(no2)C(=O)O","InChI=1S/C9H6N2O3/c12-9(13)7-5-8(14-11-7)6-1-3-10-4-2-6/h1-5H,(H,12,13)","HTIKJHQMKVJKCZ-UHFFFAOYSA-N"
13240030,"3-Phenyl-1,2,4-oxadiazole-5-carboxylic acid",190.037842,"C9H6N2O3","c1ccc(cc1)c2nc(on2)C(=O)O","InChI=1S/C9H6N2O3/c12-9(13)8-10-7(11-14-8)6-4-2-1-3-5-6/h1-5H,(H,12,13)","OMPOBDCBGHUPBD-UHFFFAOYSA-N"
13383403,"2-oxo-1,2-dihydro-1,8-naphthyridine-3-carboxylic acid",190.037842,"C9H6N2O3","c1cc2cc(c(=O)[nH]c2nc1)C(=O)O","InChI=1S/C9H6N2O3/c12-8-6(9(13)14)4-5-2-1-3-10-7(5)11-8/h1-4H,(H,13,14)(H,10,11,12)","BFVQMOCETIVORP-UHFFFAOYSA-N"
13533958,"4-Oxo-1,4-dihydro-5-quinazolinecarboxylic acid",190.037842,"C9H6N2O3","c1cc(c2c(c1)nc[nH]c2=O)C(=O)O","InChI=1S/C9H6N2O3/c12-8-7-5(9(13)14)2-1-3-6(7)10-4-11-8/h1-4H,(H,13,14)(H,10,11,12)","PYDJYFCOBRLDMO-UHFFFAOYSA-N"
13552889,"3-Nitroso-2,4-quinolinediol",190.037842,"C9H6N2O3","c1ccc2c(c1)c(c(c(n2)O)N=O)O","InChI=1S/C9H6N2O3/c12-8-5-3-1-2-4-6(5)10-9(13)7(8)11-14/h1-4H,(H2,10,12,13)","QOWGKOOAVPYSPT-UHFFFAOYSA-N"
13696963,"7-Nitro-2(1H)-quinolinone",190.037842,"C9H6N2O3","c1cc(cc2c1ccc(=O)[nH]2)[N+](=O)[O-]","InChI=1S/C9H6N2O3/c12-9-4-2-6-1-3-7(11(13)14)5-8(6)10-9/h1-5H,(H,10,12)","ZZVKOBBRQRBYRF-UHFFFAOYSA-N"
13813452,"7-Hydroxy-6-quinoxalinecarboxylic acid",190.037842,"C9H6N2O3","c1cnc2cc(c(cc2n1)C(=O)O)O","InChI=1S/C9H6N2O3/c12-8-4-7-6(10-1-2-11-7)3-5(8)9(13)14/h1-4,12H,(H,13,14)","IRTGHOZPSJSVDS-UHFFFAOYSA-N"
13940550,"8-Nitro-7-isoquinolinol",190.037842,"C9H6N2O3","c1cc(c(c2c1ccnc2)N(=O)=O)O","InChI=1S/C9H6N2O3/c12-8-2-1-6-3-4-10-5-7(6)9(8)11(13)14/h1-5,12H","CGGWVNPZEGPHLP-UHFFFAOYSA-N"
14011999,"3-Nitro-7-quinolinol",190.037842,"C9H6N2O3","c1cc(cc2c1cc(cn2)N(=O)=O)O","InChI=1S/C9H6N2O3/c12-8-2-1-6-3-7(11(13)14)5-10-9(6)4-8/h1-5,12H","ZPXQGAAMLVFFOC-UHFFFAOYSA-N"
14058005,"4-nitroquinolin-2-ol",190.037842,"C9H6N2O3","c1ccc2c(c1)c(cc(n2)O)N(=O)=O","InChI=1S/C9H6N2O3/c12-9-5-8(11(13)14)6-3-1-2-4-7(6)10-9/h1-5H,(H,10,12)","MPEJQOZQJUKWCU-UHFFFAOYSA-N"
14107151,"5-Phenyl-1,3,4-oxadiazole-2-carboxylic acid",190.037842,"C9H6N2O3","c1ccc(cc1)c2nnc(o2)C(=O)O","InChI=1S/C9H6N2O3/c12-9(13)8-11-10-7(14-8)6-4-2-1-3-5-6/h1-5H,(H,12,13)","HCTMDIVCEAEJOQ-UHFFFAOYSA-N"
14241333,"(4E)-4-(Hydroxyimino)-3-phenyl-1,2-oxazol-5(4H)-one",190.037842,"C9H6N2O3","c1ccc(cc1)C\2=NOC(=O)/C2=N/O","InChI=1S/C9H6N2O3/c12-9-8(10-13)7(11-14-9)6-4-2-1-3-5-6/h1-5,13H/b10-8+","WIHOWDUPQDKFQB-CSKARUKUSA-N"
14592332,"6-Nitro-5-quinolinol",190.037842,"C9H6N2O3","O=N(=O)c1ccc2ncccc2c1O","InChI=1S/C9H6N2O3/c12-9-6-2-1-5-10-7(6)3-4-8(9)11(13)14/h1-5,12H","WJPDFXSKFMLYSH-UHFFFAOYSA-N"
14688946,"4-Nitro-3(2H)-isoquinolinone",190.037842,"C9H6N2O3","c1ccc2c(c1)cnc(c2N(=O)=O)O","InChI=1S/C9H6N2O3/c12-9-8(11(13)14)7-4-2-1-3-6(7)5-10-9/h1-5H,(H,10,12)","HOPLUHLCXCKSEI-UHFFFAOYSA-N"
14988554,"4-(2-Nitrophenyl)-1,3-oxazole",190.037842,"C9H6N2O3","c1ccc(c(c1)c2cocn2)N(=O)=O","InChI=1S/C9H6N2O3/c12-11(13)9-4-2-1-3-7(9)8-5-14-6-10-8/h1-6H","DGQGIMSTNHUPGW-UHFFFAOYSA-N"
15171288,"4-Oxo-4H-pyrido[1,2-a]pyrimidine-7-carboxylic acid",190.037842,"C9H6N2O3","c1cc2nccc(=O)n2cc1C(=O)O","InChI=1S/C9H6N2O3/c12-8-3-4-10-7-2-1-6(9(13)14)5-11(7)8/h1-5H,(H,13,14)","IXXDBGSSNAQIJA-UHFFFAOYSA-N"
15319361,"[(3-Cyanophenyl)amino](oxo)acetic acid",190.037842,"C9H6N2O3","c1cc(cc(c1)NC(=O)C(=O)O)C#N","InChI=1S/C9H6N2O3/c10-5-6-2-1-3-7(4-6)11-8(12)9(13)14/h1-4H,(H,11,12)(H,13,14)","NYMDIRYPHOOUDB-UHFFFAOYSA-N"
15319371,"[(4-Cyanophenyl)amino](oxo)acetic acid",190.037842,"C9H6N2O3","N#Cc1ccc(NC(=O)C(O)=O)cc1","InChI=1S/C9H6N2O3/c10-5-6-1-3-7(4-2-6)11-8(12)9(13)14/h1-4H,(H,11,12)(H,13,14)","RWVOWHKIWAZXQX-UHFFFAOYSA-N"
15328268,"[(2-Cyanophenyl)amino](oxo)acetic acid",190.037842,"C9H6N2O3","c1ccc(c(c1)C#N)NC(=O)C(=O)O","InChI=1S/C9H6N2O3/c10-5-6-3-1-2-4-7(6)11-8(12)9(13)14/h1-4H,(H,11,12)(H,13,14)","CUOCPSSQPCPPKY-UHFFFAOYSA-N"
15403908,"3-(1,3,4-Oxadiazol-2-yl)benzoic acid",190.037842,"C9H6N2O3","c1cc(cc(c1)C(=O)O)c2nnco2","InChI=1S/C9H6N2O3/c12-9(13)7-3-1-2-6(4-7)8-11-10-5-14-8/h1-5H,(H,12,13)","MJPAHMZEXVECGY-UHFFFAOYSA-N"
15767982,"5-Phenyl-1,2,4-oxadiazole-3-carboxylic acid",190.037842,"C9H6N2O3","c1ccc(cc1)c2nc(no2)C(=O)O","InChI=1S/C9H6N2O3/c12-9(13)7-10-8(14-11-7)6-4-2-1-3-5-6/h1-5H,(H,12,13)","FBWZBUNNSOZSSJ-UHFFFAOYSA-N"
16498553,"3-Acetyl-5-nitrobenzonitrile",190.037842,"C9H6N2O3","CC(=O)c1cc(cc(c1)[N+](=O)[O-])C#N","InChI=1S/C9H6N2O3/c1-6(12)8-2-7(5-10)3-9(4-8)11(13)14/h2-4H,1H3","VYWLVCPVZAGZNQ-UHFFFAOYSA-N"
17950547,"4-hydroxy-2-oxo-1H-1,8-naphthyridine-3-carbaldehyde",190.037842,"C9H6N2O3","c1cc2c(c(c(=O)[nH]c2nc1)C=O)O","InChI=1S/C9H6N2O3/c12-4-6-7(13)5-2-1-3-10-8(5)11-9(6)14/h1-4H,(H2,10,11,13,14)","KBGDIEDHXFKYSO-UHFFFAOYSA-N"
20000838,"(4Z)-3-Phenylisoxazole-4,5-dione 4-oxime",190.037842,"C9H6N2O3","c1ccc(cc1)C\2=NOC(=O)/C2=N\O","InChI=1S/C9H6N2O3/c12-9-8(10-13)7(11-14-9)6-4-2-1-3-5-6/h1-5,13H/b10-8-","WIHOWDUPQDKFQB-NTMALXAHSA-N"
20109410,"Inden-1-ol, 3-imino-2-nitro-",190.037842,"C9H6N2O3","c1ccc2c(c1)C(=C(C2=N)[N+](=O)[O-])O","InChI=1S/C9H6N2O3/c10-7-5-3-1-2-4-6(5)9(12)8(7)11(13)14/h1-4,10,12H","KCIOTIIPBWXBPL-UHFFFAOYSA-N"
20153247,"4-Hydroxy-2-oxo-2H-pyrido[1,2-a]pyrimidine-3-carbaldehyde",190.037842,"C9H6N2O3","c1ccn2c(c1)nc(=O)c(c2O)C=O","InChI=1S/C9H6N2O3/c12-5-6-8(13)10-7-3-1-2-4-11(7)9(6)14/h1-5,14H","PACUTBLNXIPGHX-UHFFFAOYSA-N"
20193558,"5-(2-Pyridinyl)-1,2-oxazole-4-carboxylic acid",190.037842,"C9H6N2O3","c1ccnc(c1)c2c(cno2)C(=O)O","InChI=1S/C9H6N2O3/c12-9(13)6-5-11-14-8(6)7-3-1-2-4-10-7/h1-5H,(H,12,13)","HXQQVCGFKYOZBY-UHFFFAOYSA-N"
20193560,"5-(3-Pyridinyl)-1,2-oxazole-4-carboxylic acid",190.037842,"C9H6N2O3","c1cc(cnc1)c2c(cno2)C(=O)O","InChI=1S/C9H6N2O3/c12-9(13)7-5-11-14-8(7)6-2-1-3-10-4-6/h1-5H,(H,12,13)","YOPMPAJYZCBIRA-UHFFFAOYSA-N"
20193562,"5-(4-Pyridinyl)-1,2-oxazole-4-carboxylic acid",190.037842,"C9H6N2O3","c1cnccc1c2c(cno2)C(=O)O","InChI=1S/C9H6N2O3/c12-9(13)7-5-11-14-8(7)6-1-3-10-4-2-6/h1-5H,(H,12,13)","NEZPRLJYOUWEGC-UHFFFAOYSA-N"
20234217,"3-(1,3-Benzodioxol-5-yl)-1,2,4-oxadiazole",190.037842,"C9H6N2O3","c1cc2c(cc1c3ncon3)OCO2","InChI=1S/C9H6N2O3/c1-2-7-8(13-5-12-7)3-6(1)9-10-4-14-11-9/h1-4H,5H2","DRSMMFRQVBBZSR-UHFFFAOYSA-N"
21073940,"3-Formyl-1H-pyrrolo[3,2-c]pyridine-2-carboxylic acid",190.037842,"C9H6N2O3","c1cncc2c1[nH]c(c2C=O)C(=O)O","InChI=1S/C9H6N2O3/c12-4-6-5-3-10-2-1-7(5)11-8(6)9(13)14/h1-4,11H,(H,13,14)","HGDCCTZCPFJACF-UHFFFAOYSA-N"
21379781,"5-Nitroisoquinoline 2-oxide",190.037842,"C9H6N2O3","c1cc2c[n+](ccc2c(c1)[N+](=O)[O-])[O-]","InChI=1S/C9H6N2O3/c12-10-5-4-8-7(6-10)2-1-3-9(8)11(13)14/h1-6H","WBAQSNZRHXVIOH-UHFFFAOYSA-N"
21404003,"6-Methoxy-5,8-quinazolinedione",190.037842,"C9H6N2O3","COC1=CC(=O)c2c(cncn2)C1=O","InChI=1S/C9H6N2O3/c1-14-7-2-6(12)8-5(9(7)13)3-10-4-11-8/h2-4H,1H3","UZEALEUNRCKWTA-UHFFFAOYSA-N"
21406802,"1-(2-Chloro-1,1,2-trifluoroethoxy)butane",190.037231,"C6H10ClF3O","CCCCOC(C(F)Cl)(F)F","InChI=1S/C6H10ClF3O/c1-2-3-4-11-6(9,10)5(7)8/h5H,2-4H2,1H3","RAIRJHMHXFZQEO-UHFFFAOYSA-N"
21501009,"2-Nitro-3-quinolinol",190.037842,"C9H6N2O3","c1ccc2c(c1)cc(c(n2)[N+](=O)[O-])O","InChI=1S/C9H6N2O3/c12-8-5-6-3-1-2-4-7(6)10-9(8)11(13)14/h1-5,12H","OGOILUMEKYDWHQ-UHFFFAOYSA-N"
21507681,"Methyl 2-cyano-6H-furo[2,3-b]pyrrole-5-carboxylate",190.037842,"C9H6N2O3","COC(=O)c1cc2cc(oc2[nH]1)C#N","InChI=1S/C9H6N2O3/c1-13-9(12)7-3-5-2-6(4-10)14-8(5)11-7/h2-3,11H,1H3","LEXHMRMUXIOBTR-UHFFFAOYSA-N"
21591276,"5-(4-Pyridinyl)-1,3-oxazole-4-carboxylic acid",190.037842,"C9H6N2O3","c1cnccc1c2c(nco2)C(=O)O","InChI=1S/C9H6N2O3/c12-9(13)7-8(14-5-11-7)6-1-3-10-4-2-6/h1-5H,(H,12,13)","RSIXBZMVZGQXAH-UHFFFAOYSA-N"
21591277,"5-(3-Pyridinyl)-1,3-oxazole-4-carboxylic acid",190.037842,"C9H6N2O3","c1cc(cnc1)c2c(nco2)C(=O)O","InChI=1S/C9H6N2O3/c12-9(13)7-8(14-5-11-7)6-2-1-3-10-4-6/h1-5H,(H,12,13)","PKMQJMXWFIAFBO-UHFFFAOYSA-N"
21784771,"3-formylimidazo[1,2-a]pyridine-2-carboxylic acid",190.037842,"C9H6N2O3","c1ccn2c(c1)nc(c2C=O)C(=O)O","InChI=1S/C9H6N2O3/c12-5-6-8(9(13)14)10-7-3-1-2-4-11(6)7/h1-5H,(H,13,14)","AHMRVKNHZLTVMN-UHFFFAOYSA-N"
21787226,"2-(2-Furyl)-5-pyrimidinecarboxylic acid",190.037842,"C9H6N2O3","c1cc(oc1)c2ncc(cn2)C(=O)O","InChI=1S/C9H6N2O3/c12-9(13)6-4-10-8(11-5-6)7-2-1-3-14-7/h1-5H,(H,12,13)","GVRCLBMNNYVPKE-UHFFFAOYSA-N"
23346570,"4-Oxo-1,4-dihydro-8-quinazolinecarboxylic acid",190.037842,"C9H6N2O3","c1cc2c(c(c1)C(=O)O)nc[nH]c2=O","InChI=1S/C9H6N2O3/c12-8-5-2-1-3-6(9(13)14)7(5)10-4-11-8/h1-4H,(H,13,14)(H,10,11,12)","YMZRVSIMAIQEJB-UHFFFAOYSA-N"
23913735,"7-Isocyanato-3-methyl-1,3-benzoxazol-2(3H)-one",190.037842,"C9H6N2O3","Cn1c2cccc(c2oc1=O)N=C=O","InChI=1S/C9H6N2O3/c1-11-7-4-2-3-6(10-5-12)8(7)14-9(11)13/h2-4H,1H3","ZCHDSDBRKVYGFG-UHFFFAOYSA-N"
23913737,"5-Isocyanato-3-methyl-1,3-benzoxazol-2(3H)-one",190.037842,"C9H6N2O3","Cn1c2cc(ccc2oc1=O)N=C=O","InChI=1S/C9H6N2O3/c1-11-7-4-6(10-5-12)2-3-8(7)14-9(11)13/h2-4H,1H3","XRNKQPIKMBEALE-UHFFFAOYSA-N"
23913739,"6-Isocyanato-3-methyl-1,3-benzoxazol-2(3H)-one",190.037842,"C9H6N2O3","Cn1c2ccc(cc2oc1=O)N=C=O","InChI=1S/C9H6N2O3/c1-11-7-3-2-6(10-5-12)4-8(7)14-9(11)13/h2-4H,1H3","CGUMMVJYPNURTM-UHFFFAOYSA-N"
24183113,"Methyl 2-oxo-2H-benzimidazole-5-carboxylate",190.037842,"C9H6N2O3","COC(=O)c1ccc2=NC(=O)N=c2c1","InChI=1S/C9H6N2O3/c1-14-8(12)5-2-3-6-7(4-5)11-9(13)10-6/h2-4H,1H3","INXRPDOXGKVDLA-UHFFFAOYSA-N"
24217864,"4-Hydroxy-1,7-naphthyridine-3-carboxylic acid",190.037842,"C9H6N2O3","c1cncc2c1c(c(cn2)C(=O)O)O","InChI=1S/C9H6N2O3/c12-8-5-1-2-10-4-7(5)11-3-6(8)9(13)14/h1-4H,(H,11,12)(H,13,14)","JFPAVWVNTKZNCJ-UHFFFAOYSA-N"
24217868,"5-Hydroxy-1,7-naphthyridine-6-carboxylic acid",190.037842,"C9H6N2O3","c1cc2c(cnc(c2O)C(=O)O)nc1","InChI=1S/C9H6N2O3/c12-8-5-2-1-3-10-6(5)4-11-7(8)9(13)14/h1-4,12H,(H,13,14)","QYFVOXBHCZWRNW-UHFFFAOYSA-N"
24220394,"6-Acetyl-5H-pyrrolo[3,4-b]pyridine-5,7(6H)-dione",190.037842,"C9H6N2O3","CC(=O)N1C(=O)c2cccnc2C1=O","InChI=1S/C9H6N2O3/c1-5(12)11-8(13)6-3-2-4-10-7(6)9(11)14/h2-4H,1H3","BCDUFBQXLLSBOY-UHFFFAOYSA-N"
24339293,"3-(4-Pyridinyl)-1,2-oxazole-5-carboxylic acid",190.037842,"C9H6N2O3","c1cnccc1c2cc(on2)C(=O)O","InChI=1S/C9H6N2O3/c12-9(13)8-5-7(11-14-8)6-1-3-10-4-2-6/h1-5H,(H,12,13)","NCEMWBWHXHUGKT-UHFFFAOYSA-N"
24599590,"Oxo(1H-pyrrolo[3,2-b]pyridin-3-yl)acetic acid",190.037842,"C9H6N2O3","c1cc2c(c(c[nH]2)C(=O)C(=O)O)nc1","InChI=1S/C9H6N2O3/c12-8(9(13)14)5-4-11-6-2-1-3-10-7(5)6/h1-4,11H,(H,13,14)","KZECFOSVDBEZOG-UHFFFAOYSA-N"
24793543,"4-(Cyanomethyl)-4H-furo[3,2-b]pyrrole-5-carboxylic acid",190.037842,"C9H6N2O3","c1coc2c1n(c(c2)C(=O)O)CC#N","InChI=1S/C9H6N2O3/c10-2-3-11-6-1-4-14-8(6)5-7(11)9(12)13/h1,4-5H,3H2,(H,12,13)","NNCGMQSXMPGCOK-UHFFFAOYSA-N"
24794019,"8-Nitro-7-quinolinol",190.037842,"C9H6N2O3","c1cc2ccc(c(c2nc1)[N+](=O)[O-])O","InChI=1S/C9H6N2O3/c12-7-4-3-6-2-1-5-10-8(6)9(7)11(13)14/h1-5,12H","KPTTVUDUBTYPQT-UHFFFAOYSA-N"
25720405,"2-(4-Pyridinyl)-1,3-oxazole-5-carboxylic acid",190.038,"C9H6N2O3","c1cnccc1c2ncc(o2)C(=O)O","InChI=1S/C9H6N2O3/c12-9(13)7-5-11-8(14-7)6-1-3-10-4-2-6/h1-5H,(H,12,13)","ACIRKNIPCRUAAR-UHFFFAOYSA-N"
26283237,"(2E)-3-(2,1,3-Benzoxadiazol-5-yl)acrylic acid",190.037842,"C9H6N2O3","c1cc2c(cc1/C=C/C(=O)O)non2","InChI=1S/C9H6N2O3/c12-9(13)4-2-6-1-3-7-8(5-6)11-14-10-7/h1-5H,(H,12,13)/b4-2+","ZPDIINYFXCHDRO-DUXPYHPUSA-N"
26464635,"4-Formyl-1H-indazole-3-carboxylic acid",190.037842,"C9H6N2O3","c1cc(c2c(c1)[nH]nc2C(=O)O)C=O","InChI=1S/C9H6N2O3/c12-4-5-2-1-3-6-7(5)8(9(13)14)11-10-6/h1-4H,(H,10,11)(H,13,14)","CAXPLHNPOMKHLU-UHFFFAOYSA-N"
26667091,"1-(2-Pyridinyl)-1H-tetrazole-5-carboxylate",190.037048,"C7H4N5O2","c1ccnc(c1)n2c(nnn2)C(=O)[O-]","InChI=1S/C7H5N5O2/c13-7(14)6-9-10-11-12(6)5-3-1-2-4-8-5/h1-4H,(H,13,14)/p-1","PACHAKWLRAVJFK-UHFFFAOYSA-M"
26947314,"Imidazo[1,2-a]pyridin-2-yl(oxo)acetic acid",190.037842,"C9H6N2O3","c1ccn2cc(nc2c1)C(=O)C(=O)O","InChI=1S/C9H6N2O3/c12-8(9(13)14)6-5-11-4-2-1-3-7(11)10-6/h1-5H,(H,13,14)","LXXBSNVZCXLLJG-UHFFFAOYSA-N"
27243748,"3-formyl-1H-pyrrolo[2,3-b]pyridine-4-carboxylic acid",190.037842,"C9H6N2O3","c1cnc2c(c1C(=O)O)c(c[nH]2)C=O","InChI=1S/C9H6N2O3/c12-4-5-3-11-8-7(5)6(9(13)14)1-2-10-8/h1-4H,(H,10,11)(H,13,14)","VGKXTCSGDWIWKB-UHFFFAOYSA-N"
27243749,"3-Formylpyrazolo[1,5-a]pyridine-5-carboxylic acid",190.037842,"C9H6N2O3","c1cn2c(cc1C(=O)O)c(cn2)C=O","InChI=1S/C9H6N2O3/c12-5-7-4-10-11-2-1-6(9(13)14)3-8(7)11/h1-5H,(H,13,14)","HLAIFYPVBLQHGX-UHFFFAOYSA-N"
27243761,"3-Formylimidazo[1,2-a]pyridine-8-carboxylic acid",190.037842,"C9H6N2O3","c1cc(c2ncc(n2c1)C=O)C(=O)O","InChI=1S/C9H6N2O3/c12-5-6-4-10-8-7(9(13)14)2-1-3-11(6)8/h1-5H,(H,13,14)","JJOLYHSDTHOKBP-UHFFFAOYSA-N"
27243763,"1H-[1,3]Dioxolo[4,5-f]indazole-3-carbaldehyde",190.037842,"C9H6N2O3","c1c2c(cc3c1OCO3)[nH]nc2C=O","InChI=1S/C9H6N2O3/c12-3-7-5-1-8-9(14-4-13-8)2-6(5)10-11-7/h1-3H,4H2,(H,10,11)","ZBEQQPRDHLMGCG-UHFFFAOYSA-N"
27243768,"5-(3-Pyridinyl)-1,3-oxazole-2-carboxylic acid",190.037842,"C9H6N2O3","c1cc(cnc1)c2cnc(o2)C(=O)O","InChI=1S/C9H6N2O3/c12-9(13)8-11-5-7(14-8)6-2-1-3-10-4-6/h1-5H,(H,12,13)","ZEKMJOJELHQXED-UHFFFAOYSA-N"
27243769,"5-(4-Pyridinyl)-1,3-oxazole-2-carboxylic acid",190.037842,"C9H6N2O3","c1cnccc1c2cnc(o2)C(=O)O","InChI=1S/C9H6N2O3/c12-9(13)8-11-5-7(14-8)6-1-3-10-4-2-6/h1-5H,(H,12,13)","AIZAUOQHJVVJJL-UHFFFAOYSA-N"
27243792,"3-Formylimidazo[1,2-a]pyridine-7-carboxylic acid",190.037842,"C9H6N2O3","c1cn2c(cc1C(=O)O)ncc2C=O","InChI=1S/C9H6N2O3/c12-5-7-4-10-8-3-6(9(13)14)1-2-11(7)8/h1-5H,(H,13,14)","DJHJGBQQSIXSRV-UHFFFAOYSA-N"
27243793,"3-Formylimidazo[1,2-a]pyridine-6-carboxylic acid",190.037842,"C9H6N2O3","c1cc2ncc(n2cc1C(=O)O)C=O","InChI=1S/C9H6N2O3/c12-5-7-3-10-8-2-1-6(9(13)14)4-11(7)8/h1-5H,(H,13,14)","NLOXAROKNFAFIW-UHFFFAOYSA-N"
27885948,"6-Nitro-1(2H)-isoquinolinone",190.037842,"C9H6N2O3","c1cc2c(cc[nH]c2=O)cc1[N+](=O)[O-]","InChI=1S/C9H6N2O3/c12-9-8-2-1-7(11(13)14)5-6(8)3-4-10-9/h1-5H,(H,10,12)","DWFJQUBPWKLJNA-UHFFFAOYSA-N"
28087842,"3-(1,2,4-Oxadiazol-3-yl)benzoic acid",190.037842,"C9H6N2O3","c1cc(cc(c1)C(=O)O)c2ncon2","InChI=1S/C9H6N2O3/c12-9(13)7-3-1-2-6(4-7)8-10-5-14-11-8/h1-5H,(H,12,13)","NZZZFWKBYIYYQN-UHFFFAOYSA-N"
28534578,"Hydrazinecarboximidamide sulfate hydrate (1:1:1)",190.037186,"CH10N4O5S","C(=N)(N)NN.O.OS(=O)(=O)O","InChI=1S/CH6N4.H2O4S.H2O/c2-1(3)5-4;1-5(2,3)4;/h4H2,(H4,2,3,5);(H2,1,2,3,4);1H2","CZZHJQQLODKQEU-UHFFFAOYSA-N"
28536679,"6-Nitro-2(3H)-quinolinone",190.037842,"C9H6N2O3","c1cc2=NC(=O)CC=c2cc1[N+](=O)[O-]","InChI=1S/C9H6N2O3/c12-9-4-1-6-5-7(11(13)14)2-3-8(6)10-9/h1-3,5H,4H2","SVAJGQURIQFPMO-UHFFFAOYSA-N"
28536680,"8-Nitro-2(3H)-quinolinone",190.037842,"C9H6N2O3","c1cc2=CCC(=O)N=c2c(c1)[N+](=O)[O-]","InChI=1S/C9H6N2O3/c12-8-5-4-6-2-1-3-7(11(13)14)9(6)10-8/h1-4H,5H2","XTEPTIMAPAHMJX-UHFFFAOYSA-N"
28536712,"5-Nitro-2(3H)-quinolinone",190.037842,"C9H6N2O3","c1cc2=NC(=O)CC=c2c(c1)[N+](=O)[O-]","InChI=1S/C9H6N2O3/c12-9-5-4-6-7(10-9)2-1-3-8(6)11(13)14/h1-4H,5H2","UXLTWFSFLFTYER-UHFFFAOYSA-N"
28536886,"5-Acetyl-2-nitrobenzonitrile",190.037842,"C9H6N2O3","CC(=O)c1ccc(c(c1)C#N)[N+](=O)[O-]","InChI=1S/C9H6N2O3/c1-6(12)7-2-3-9(11(13)14)8(4-7)5-10/h2-4H,1H3","SRKUTGLZOMIYJD-UHFFFAOYSA-N"
28537841,"3-Oxo-3,4-dihydro-6-quinoxalinecarboxylic acid",190.037842,"C9H6N2O3","c1cc2c(cc1C(=O)O)[nH]c(=O)cn2","InChI=1S/C9H6N2O3/c12-8-4-10-6-2-1-5(9(13)14)3-7(6)11-8/h1-4H,(H,11,12)(H,13,14)","LGEUOBVKRJATPX-UHFFFAOYSA-N"
28635479,"7-Methoxy-2-oxo-2,3-dihydro-1,3-benzoxazole-5-carbonitrile",190.037842,"C9H6N2O3","COc1cc(cc2c1oc(=O)[nH]2)C#N","InChI=1S/C9H6N2O3/c1-13-7-3-5(4-10)2-6-8(7)14-9(12)11-6/h2-3H,1H3,(H,11,12)","ZYMWJQINBFEONM-UHFFFAOYSA-N"
28942906,"8-Oxo-7,8-dihydro-1,7-naphthyridine-5-carboxylic acid",190.037842,"C9H6N2O3","c1cc2c(cnc(c2nc1)O)C(=O)O","InChI=1S/C9H6N2O3/c12-8-7-5(2-1-3-10-7)6(4-11-8)9(13)14/h1-4H,(H,11,12)(H,13,14)","SIDHUTDNQWEIQE-UHFFFAOYSA-N"
29420757,"3-Imino-2-nitro-1-indanone",190.037842,"C9H6N2O3","c1ccc2c(c1)C(=N)C(C2=O)[N+](=O)[O-]","InChI=1S/C9H6N2O3/c10-7-5-3-1-2-4-6(5)9(12)8(7)11(13)14/h1-4,8,10H","RNDAUFCXFQDPLN-UHFFFAOYSA-N"
29774453,"3-Formyl-1H-pyrrolo[3,2-b]pyridine-5-carboxylic acid",190.037842,"C9H6N2O3","c1cc(nc2c1[nH]cc2C=O)C(=O)O","InChI=1S/C9H6N2O3/c12-4-5-3-10-6-1-2-7(9(13)14)11-8(5)6/h1-4,10H,(H,13,14)","CXELYIWRQFSJJY-UHFFFAOYSA-N"
29774492,"3-Formyl-1H-pyrrolo[3,2-b]pyridine-6-carboxylic acid",190.037842,"C9H6N2O3","c1c(cnc2c1[nH]cc2C=O)C(=O)O","InChI=1S/C9H6N2O3/c12-4-6-3-10-7-1-5(9(13)14)2-11-8(6)7/h1-4,10H,(H,13,14)","ZDUDEJITPSMUBY-UHFFFAOYSA-N"
29774687,"3-Formyl-1H-pyrrolo[2,3-c]pyridine-7-carboxylic acid",190.037842,"C9H6N2O3","c1cnc(c2c1c(c[nH]2)C=O)C(=O)O","InChI=1S/C9H6N2O3/c12-4-5-3-11-7-6(5)1-2-10-8(7)9(13)14/h1-4,11H,(H,13,14)","VJNOOKLWHLYNMQ-UHFFFAOYSA-N"
29774747,"3-Formyl-1H-pyrrolo[2,3-c]pyridine-4-carboxylic acid",190.037842,"C9H6N2O3","c1c(c2c(cncc2[nH]1)C(=O)O)C=O","InChI=1S/C9H6N2O3/c12-4-5-1-11-7-3-10-2-6(8(5)7)9(13)14/h1-4,11H,(H,13,14)","CXGFFXIDPOSHGE-UHFFFAOYSA-N"
30209217,"2-Hydroxy-1,8-naphthyridine-4-carboxylic acid",190.037842,"C9H6N2O3","c1cc2c(cc(nc2nc1)O)C(=O)O","InChI=1S/C9H6N2O3/c12-7-4-6(9(13)14)5-2-1-3-10-8(5)11-7/h1-4H,(H,13,14)(H,10,11,12)","UYOVSVZTJDDUKI-UHFFFAOYSA-N"
30783391,"5-(2-Pyridinyl)-1,3-oxazole-2-carboxylic acid",190.037842,"C9H6N2O3","c1ccnc(c1)c2cnc(o2)C(=O)O","InChI=1S/C9H6N2O3/c12-9(13)8-11-5-7(14-8)6-3-1-2-4-10-6/h1-5H,(H,12,13)","VLFOTPHQDUVXFF-UHFFFAOYSA-N"
30799517,"3-(5-Oxo-4,5-dihydro-1,3,4-oxadiazol-2-yl)benzaldehyde",190.037842,"C9H6N2O3","c1cc(cc(c1)c2n[nH]c(=O)o2)C=O","InChI=1S/C9H6N2O3/c12-5-6-2-1-3-7(4-6)8-10-11-9(13)14-8/h1-5H,(H,11,13)","ZBNAJLVTLKONIY-UHFFFAOYSA-N"
30915325,"6-Formylimidazo[1,2-a]pyridine-3-carboxylic acid",190.037842,"C9H6N2O3","c1cc2ncc(n2cc1C=O)C(=O)O","InChI=1S/C9H6N2O3/c12-5-6-1-2-8-10-3-7(9(13)14)11(8)4-6/h1-5H,(H,13,14)","DXEJOIZRDNDQTL-UHFFFAOYSA-N"
31005252,"2-Oxo-2H-pyrano[3,2-b]pyridine-3-carboxamide",190.037842,"C9H6N2O3","c1cc2c(cc(c(=O)o2)C(=O)N)nc1","InChI=1S/C9H6N2O3/c10-8(12)5-4-6-7(14-9(5)13)2-1-3-11-6/h1-4H,(H2,10,12)","VNQROOQQDAUJIK-UHFFFAOYSA-N"
32681514,"3-Nitro-4-phenyl-1,2-oxazole",190.037842,"C9H6N2O3","c1ccc(cc1)c2conc2[N+](=O)[O-]","InChI=1S/C9H6N2O3/c12-11(13)9-8(6-14-10-9)7-4-2-1-3-5-7/h1-6H","XPGCMCZUYKDNBZ-UHFFFAOYSA-N"
32683321,"5-Nitro-3-phenyl-1,2-oxazole",190.037842,"C9H6N2O3","c1ccc(cc1)c2cc(on2)[N+](=O)[O-]","InChI=1S/C9H6N2O3/c12-11(13)9-6-8(10-14-9)7-4-2-1-3-5-7/h1-6H","VRZRJLLPODXCDP-UHFFFAOYSA-N"
32695020,"3-(2-Furyl)-2-pyrazinecarboxylic acid",190.037842,"C9H6N2O3","c1cc(oc1)c2c(nccn2)C(=O)O","InChI=1S/C9H6N2O3/c12-9(13)8-7(10-3-4-11-8)6-2-1-5-14-6/h1-5H,(H,12,13)","XUJJTKKQJVSHTQ-UHFFFAOYSA-N"
32730327,"3-Formyl-1H-pyrrolo[3,2-c]pyridine-4-carboxylic acid",190.037842,"C9H6N2O3","c1cnc(c2c1[nH]cc2C=O)C(=O)O","InChI=1S/C9H6N2O3/c12-4-5-3-11-6-1-2-10-8(7(5)6)9(13)14/h1-4,11H,(H,13,14)","JKIROQPQNIXUPM-UHFFFAOYSA-N"
32762163,"2,4,5-Trioxo-3-(1-pyridiniumyl)pyrrolidin-3-ide",190.037842,"C9H6N2O3","c1cc[n+](cc1)[C-]2C(=O)C(=O)NC2=O","InChI=1S/C9H6N2O3/c12-7-6(8(13)10-9(7)14)11-4-2-1-3-5-11/h1-5H,(H,10,13,14)","IWEVZYGRKXPUMF-UHFFFAOYSA-N"
32968590,"{4-[(Difluoromethyl)sulfanyl]phenyl}hydrazine",190.037628,"C7H8F2N2S","c1cc(ccc1NN)SC(F)F","InChI=1S/C7H8F2N2S/c8-7(9)12-6-3-1-5(11-10)2-4-6/h1-4,7,11H,10H2","IWWOBEQMUODTBU-UHFFFAOYSA-N"
32968602,"{3-[(Difluoromethyl)sulfanyl]phenyl}hydrazine",190.037628,"C7H8F2N2S","c1cc(cc(c1)SC(F)F)NN","InChI=1S/C7H8F2N2S/c8-7(9)12-6-3-1-2-5(4-6)11-10/h1-4,7,11H,10H2","ILFQXKTYGJYXBF-UHFFFAOYSA-N"
34983168,"3-Formylimidazo[1,5-a]pyridine-1-carboxylic acid",190.037842,"C9H6N2O3","c1ccn2c(c1)c(nc2C=O)C(=O)O","InChI=1S/C9H6N2O3/c12-5-7-10-8(9(13)14)6-3-1-2-4-11(6)7/h1-5H,(H,13,14)","MWFRSBNNLCXTIE-UHFFFAOYSA-N"
37504745,"3-Hydroxy-4-oxo-3,4-dihydro-2H-pyrano[2,3-b]pyridine-6-carbonitrile",190.037842,"C9H6N2O3","c1c(cnc2c1C(=O)C(CO2)O)C#N","InChI=1S/C9H6N2O3/c10-2-5-1-6-8(13)7(12)4-14-9(6)11-3-5/h1,3,7,12H,4H2","RGBHFWSRFNHVAK-UHFFFAOYSA-N"
37608825,"4-(2-Pyridinyl)-1,2-oxazole-3-carboxylic acid",190.037842,"C9H6N2O3","c1ccnc(c1)c2conc2C(=O)O","InChI=1S/C9H6N2O3/c12-9(13)8-6(5-14-11-8)7-3-1-2-4-10-7/h1-5H,(H,12,13)","KTWQLJMHRAFBSZ-UHFFFAOYSA-N"
37608826,"4-(3-Pyridinyl)-1,2-oxazole-3-carboxylic acid",190.037842,"C9H6N2O3","c1cc(cnc1)c2conc2C(=O)O","InChI=1S/C9H6N2O3/c12-9(13)8-7(5-14-11-8)6-2-1-3-10-4-6/h1-5H,(H,12,13)","GXLRHHUIRPWPBW-UHFFFAOYSA-N"
37608827,"4-(4-Pyridinyl)-1,2-oxazole-3-carboxylic acid",190.037842,"C9H6N2O3","c1cnccc1c2conc2C(=O)O","InChI=1S/C9H6N2O3/c12-9(13)8-7(5-14-11-8)6-1-3-10-4-2-6/h1-5H,(H,12,13)","GSHVGCDQXPFPKL-UHFFFAOYSA-N"
37652437,"6-Hydroxy-5-quinoxalinecarboxylic acid",190.037842,"C9H6N2O3","c1cc(c(c2c1nccn2)C(=O)O)O","InChI=1S/C9H6N2O3/c12-6-2-1-5-8(7(6)9(13)14)11-4-3-10-5/h1-4,12H,(H,13,14)","GCYSBHPUESCYPE-UHFFFAOYSA-N"
37666417,"3-Formylimidazo[1,2-a]pyridine-5-carboxylic acid",190.037842,"C9H6N2O3","c1cc(n2c(c1)ncc2C=O)C(=O)O","InChI=1S/C9H6N2O3/c12-5-6-4-10-8-3-1-2-7(9(13)14)11(6)8/h1-5H,(H,13,14)","FZWSNJSBTSLTIT-UHFFFAOYSA-N"
37666979,"4-Oxo-4H-pyrido[1,2-a]pyrazine-1-carboxylic acid",190.037842,"C9H6N2O3","c1ccn2c(c1)c(ncc2=O)C(=O)O","InChI=1S/C9H6N2O3/c12-7-5-10-8(9(13)14)6-3-1-2-4-11(6)7/h1-5H,(H,13,14)","COVQEKAGMQUUBN-UHFFFAOYSA-N"
37667131,"6-Hydroxy-1,5-naphthyridine-3-carboxylic acid",190.037842,"C9H6N2O3","c1cc(nc2c1ncc(c2)C(=O)O)O","InChI=1S/C9H6N2O3/c12-8-2-1-6-7(11-8)3-5(4-10-6)9(13)14/h1-4H,(H,11,12)(H,13,14)","ROCSLKUJNBIKMI-UHFFFAOYSA-N"
37667721,"3-Cyano-5,7-dihydrofuro[3,4-b]pyridine-4-carboxylic acid",190.037842,"C9H6N2O3","c1c(c(c2c(n1)COC2)C(=O)O)C#N","InChI=1S/C9H6N2O3/c10-1-5-2-11-7-4-14-3-6(7)8(5)9(12)13/h2H,3-4H2,(H,12,13)","VACGKMXFMOCTNQ-UHFFFAOYSA-N"
37668200,"1-Oxo-1,2-dihydro-2,7-naphthyridine-3-carboxylic acid",190.037842,"C9H6N2O3","c1cncc2c1cc([nH]c2=O)C(=O)O","InChI=1S/C9H6N2O3/c12-8-6-4-10-2-1-5(6)3-7(11-8)9(13)14/h1-4H,(H,11,12)(H,13,14)","NDQCQABLMKKNAK-UHFFFAOYSA-N"
37668483,"6-(1,3-Oxazol-5-yl)nicotinic acid",190.037842,"C9H6N2O3","c1cc(ncc1C(=O)O)c2cnco2","InChI=1S/C9H6N2O3/c12-9(13)6-1-2-7(11-3-6)8-4-10-5-14-8/h1-5H,(H,12,13)","YRLJTCDDHRUEOT-UHFFFAOYSA-N"
37691636,"1-(1,3-Benzodioxol-5-yl)-2-diazoethanone",190.037842,"C9H6N2O3","c1cc2c(cc1C(=O)C=[N+]=[N-])OCO2","InChI=1S/C9H6N2O3/c10-11-4-7(12)6-1-2-8-9(3-6)14-5-13-8/h1-4H,5H2","UBWGXCGSHPWIMS-UHFFFAOYSA-N"
37702608,"6-(Isocyanatomethyl)-1,3-benzoxazol-2(3H)-one",190.037842,"C9H6N2O3","c1cc2c(cc1CN=C=O)oc(=O)[nH]2","InChI=1S/C9H6N2O3/c12-5-10-4-6-1-2-7-8(3-6)14-9(13)11-7/h1-3H,4H2,(H,11,13)","ZOBTYPYPVZKVTG-UHFFFAOYSA-N"
37702609,"5-(Isocyanatomethyl)-1,3-benzoxazol-2(3H)-one",190.037842,"C9H6N2O3","c1cc2c(cc1CN=C=O)[nH]c(=O)o2","InChI=1S/C9H6N2O3/c12-5-10-4-6-1-2-8-7(3-6)11-9(13)14-8/h1-3H,4H2,(H,11,13)","RRTJZKMYFXKVBV-UHFFFAOYSA-N"
37861454,"(2E)-3-([1,3]Oxazolo[4,5-b]pyridin-2-yl)acrylic acid",190.037842,"C9H6N2O3","c1cc2c(nc1)nc(o2)/C=C/C(=O)O","InChI=1S/C9H6N2O3/c12-8(13)4-3-7-11-9-6(14-7)2-1-5-10-9/h1-5H,(H,12,13)/b4-3+","BPTGERNHXAQZDT-ONEGZZNKSA-N"
38655820,"4-[(2,2-Difluoroethyl)sulfanyl]-3-pyridinamine",190.037628,"C7H8F2N2S","c1cncc(c1SCC(F)F)N","InChI=1S/C7H8F2N2S/c8-7(9)4-12-6-1-2-11-3-5(6)10/h1-3,7H,4,10H2","BZFXFCKYCZLERR-UHFFFAOYSA-N"
38655821,"2-[(2,2-Difluoroethyl)sulfanyl]-3-pyridinamine",190.037628,"C7H8F2N2S","c1cc(c(nc1)SCC(F)F)N","InChI=1S/C7H8F2N2S/c8-6(9)4-12-7-5(10)2-1-3-11-7/h1-3,6H,4,10H2","VMCCQEJYOYAKNC-UHFFFAOYSA-N"
38655822,"6-[(2,2-Difluoroethyl)sulfanyl]-3-pyridinamine",190.037628,"C7H8F2N2S","c1cc(ncc1N)SCC(F)F","InChI=1S/C7H8F2N2S/c8-6(9)4-12-7-2-1-5(10)3-11-7/h1-3,6H,4,10H2","DBNBAMSAIQUNCU-UHFFFAOYSA-N"
38655823,"5-[(2,2-Difluoroethyl)sulfanyl]-2-pyridinamine",190.037628,"C7H8F2N2S","c1cc(ncc1SCC(F)F)N","InChI=1S/C7H8F2N2S/c8-6(9)4-12-5-1-2-7(10)11-3-5/h1-3,6H,4H2,(H2,10,11)","XOQBMJQTOSRWIA-UHFFFAOYSA-N"
38809117,"1-Chloro-4-(2,2,2-trifluoroethoxy)butane",190.037231,"C6H10ClF3O","C(CCCl)COCC(F)(F)F","InChI=1S/C6H10ClF3O/c7-3-1-2-4-11-5-6(8,9)10/h1-5H2","BXFPUIWXYIQXBL-UHFFFAOYSA-N"
39188165,"1-Formylimidazo[1,5-a]pyridine-3-carboxylic acid",190.037842,"C9H6N2O3","c1ccn2c(c1)c(nc2C(=O)O)C=O","InChI=1S/C9H6N2O3/c12-5-6-7-3-1-2-4-11(7)8(10-6)9(13)14/h1-5H,(H,13,14)","VUUNDFOKKOINNK-UHFFFAOYSA-N"
21414841,"3-(3-Nitrophenyl)-1,2-oxazole",190.037842,"C9H6N2O3","c1cc(cc(c1)[N+](=O)[O-])c2ccon2","InChI=1S/C9H6N2O3/c12-11(13)8-3-1-2-7(6-8)9-4-5-14-10-9/h1-6H","NHPMUEYBXLLTMC-UHFFFAOYSA-N"
23981029,"6-Phenyl-2H-1,3,5-oxadiazine-2,4(3H)-dione",190.037842,"C9H6N2O3","c1ccc(cc1)c2nc(=O)[nH]c(=O)o2","InChI=1S/C9H6N2O3/c12-8-10-7(14-9(13)11-8)6-4-2-1-3-5-6/h1-5H,(H,11,12,13)","CZLSHSVOTZSUFF-UHFFFAOYSA-N"
24807752,"4-pyridyltetrazolate",190.037048,"C7H4N5O2","c1cnccc1n2c(nnn2)C(=O)[O-]","InChI=1S/C7H5N5O2/c13-7(14)6-9-10-11-12(6)5-1-3-8-4-2-5/h1-4H,(H,13,14)/p-1","DTQBBDHYFQOCNZ-UHFFFAOYSA-M"
24821174,"2-(Cyanocarbamoyl)benzoic acid",190.037842,"C9H6N2O3","c1ccc(c(c1)C(=O)NC#N)C(=O)O","InChI=1S/C9H6N2O3/c10-5-11-8(12)6-3-1-2-4-7(6)9(13)14/h1-4H,(H,11,12)(H,13,14)","DTYINYVDATUARS-UHFFFAOYSA-N"
25934368,"5-(3-pyridyl)tetrazolate",190.037048,"C7H4N5O2","c1cc(cnc1)C2(N=NN=N2)C(=O)[O-]","InChI=1S/C7H5N5O2/c13-6(14)7(9-11-12-10-7)5-2-1-3-8-4-5/h1-4H,(H,13,14)/p-1","PTCDGDUWIKWOKP-UHFFFAOYSA-M"
26527790,"3-Nitro-6-quinolinol",190.037842,"C9H6N2O3","c1cc2c(cc1O)cc(cn2)[N+](=O)[O-]","InChI=1S/C9H6N2O3/c12-8-1-2-9-6(4-8)3-7(5-10-9)11(13)14/h1-5,12H","CWBIJDQUYFAUKV-UHFFFAOYSA-N"
26634955,"2,5-Dioxo-4-(1-pyridiniumyl)-2,5-dihydro-1H-pyrrol-3-olate",190.037842,"C9H6N2O3","c1cc[n+](cc1)C2=C(C(=O)NC2=O)[O-]","InChI=1S/C9H6N2O3/c12-7-6(8(13)10-9(7)14)11-4-2-1-3-5-11/h1-5H,(H-,10,12,13,14)","JJKYIWMAYUTMTN-UHFFFAOYSA-N"
29365841,"6-Nitro-3-quinolinol",190.037842,"C9H6N2O3","c1cc2c(cc1[N+](=O)[O-])cc(cn2)O","InChI=1S/C9H6N2O3/c12-8-4-6-3-7(11(13)14)1-2-9(6)10-5-8/h1-5,12H","MMFMFMFWFURFKZ-UHFFFAOYSA-N"
29379034,"7-Oxo-1,7-dihydro-1,8-naphthyridine-2-carboxylic acid",190.037842,"C9H6N2O3","c1cc(nc2c1ccc(n2)O)C(=O)O","InChI=1S/C9H6N2O3/c12-7-4-2-5-1-3-6(9(13)14)10-8(5)11-7/h1-4H,(H,13,14)(H,10,11,12)","WIEBWJLPLVAEJI-UHFFFAOYSA-N"
30915286,"(4-Hydroxy-1H-benzimidazol-2-yl)(oxo)acetaldehyde",190.037842,"C9H6N2O3","c1cc2c(c(c1)O)[nH]c(n2)C(=O)C=O","InChI=1S/C9H6N2O3/c12-4-7(14)9-10-5-2-1-3-6(13)8(5)11-9/h1-4,13H,(H,10,11)","PTXXMTFJIMUXSH-UHFFFAOYSA-N"
32683296,"8-Nitro-3-quinolinol",190.037842,"C9H6N2O3","c1cc2cc(cnc2c(c1)[N+](=O)[O-])O","InChI=1S/C9H6N2O3/c12-7-4-6-2-1-3-8(11(13)14)9(6)10-5-7/h1-5,12H","UQLXAKHCXYHSNU-UHFFFAOYSA-N"
32685260,"2-Methyl-4,5,8(1H)-quinazolinetrione",190.037842,"C9H6N2O3","Cc1[nH]c(=O)c2c(n1)C(=O)C=CC2=O","InChI=1S/C9H6N2O3/c1-4-10-8-6(13)3-2-5(12)7(8)9(14)11-4/h2-3H,1H3,(H,10,11,14)","GTKYZLNVYCRPLB-UHFFFAOYSA-N"
32969270,"{2-[(Difluoromethyl)sulfanyl]phenyl}hydrazine",190.037628,"C7H8F2N2S","c1ccc(c(c1)NN)SC(F)F","InChI=1S/C7H8F2N2S/c8-7(9)12-6-4-2-1-3-5(6)11-10/h1-4,7,11H,10H2","DDBQWQJMZLSJAA-UHFFFAOYSA-N"
34966591,"2-(2-Furyl)-5-nitropyridine",190.037842,"C9H6N2O3","c1cc(oc1)c2ccc(cn2)[N+](=O)[O-]","InChI=1S/C9H6N2O3/c12-11(13)7-3-4-8(10-6-7)9-2-1-5-14-9/h1-6H","IMBKWQHNVCGCSS-UHFFFAOYSA-N"
34997195,"2-Nitro-1H-indole-3-carbaldehyde",190.037842,"C9H6N2O3","c1ccc2c(c1)c(c([nH]2)[N+](=O)[O-])C=O","InChI=1S/C9H6N2O3/c12-5-7-6-3-1-2-4-8(6)10-9(7)11(13)14/h1-5,10H","LWALXHVEMHTZHP-UHFFFAOYSA-N"
35505248,"(4E)-4-(Hydroxyimino)-1,3(2H,4H)-isoquinolinedione",190.037842,"C9H6N2O3","c1ccc2c(c1)/C(=N\O)/C(=O)NC2=O","InChI=1S/C9H6N2O3/c12-8-6-4-2-1-3-5(6)7(11-14)9(13)10-8/h1-4,14H,(H,10,12,13)/b11-7+","BWPYTDNPPASDPA-YRNVUSSQSA-N"
35515792,"Methyl 6-cyano-2-formylnicotinate",190.037842,"C9H6N2O3","COC(=O)c1ccc(nc1C=O)C#N","InChI=1S/C9H6N2O3/c1-14-9(13)7-3-2-6(4-10)11-8(7)5-12/h2-3,5H,1H3","QGALFLNSQRQZSH-UHFFFAOYSA-N"
37096808,"5-(Propioloylamino)-2-pyridinecarboxylic acid",190.037842,"C9H6N2O3","C#CC(=O)Nc1ccc(nc1)C(=O)O","InChI=1S/C9H6N2O3/c1-2-8(12)11-6-3-4-7(9(13)14)10-5-6/h1,3-5H,(H,11,12)(H,13,14)","YZOGBROLNOBNNO-UHFFFAOYSA-N"
37550777,"2-Isocyanato-5-methoxy-1,3-benzoxazole",190.037842,"C9H6N2O3","COc1ccc2c(c1)nc(o2)N=C=O","InChI=1S/C9H6N2O3/c1-13-6-2-3-8-7(4-6)11-9(14-8)10-5-12/h2-4H,1H3","UDSLHCYEKYNHRT-UHFFFAOYSA-N"
37559509,"Imidazo[1,5-a]pyridin-3-yl(oxo)acetic acid",190.037842,"C9H6N2O3","c1ccn2c(c1)cnc2C(=O)C(=O)O","InChI=1S/C9H6N2O3/c12-7(9(13)14)8-10-5-6-3-1-2-4-11(6)8/h1-5H,(H,13,14)","GFWFEADEBJJZAH-UHFFFAOYSA-N"
40251527,"5-(Propioloylamino)nicotinic acid",190.037842,"C9H6N2O3","C#CC(=O)Nc1cc(cnc1)C(=O)O","InChI=1S/C9H6N2O3/c1-2-8(12)11-7-3-6(9(13)14)4-10-5-7/h1,3-5H,(H,11,12)(H,13,14)","OJHJMZRHJVUVQK-UHFFFAOYSA-N"
41165817,"8-Nitro-5-isoquinolinol",190.037842,"C9H6N2O3","c1cc(c2ccncc2c1[N+](=O)[O-])O","InChI=1S/C9H6N2O3/c12-9-2-1-8(11(13)14)7-5-10-4-3-6(7)9/h1-5,12H","SRENDCSMNFZIEB-UHFFFAOYSA-N"
43268336,"6-(Propioloylamino)-2-pyridinecarboxylic acid",190.037842,"C9H6N2O3","C#CC(=O)Nc1cccc(n1)C(=O)O","InChI=1S/C9H6N2O3/c1-2-8(12)11-7-5-3-4-6(10-7)9(13)14/h1,3-5H,(H,13,14)(H,10,11,12)","AEOGWMZXEBFQNQ-UHFFFAOYSA-N"
43276921,"4-(Propioloylamino)-2-pyridinecarboxylic acid",190.037842,"C9H6N2O3","C#CC(=O)Nc1ccnc(c1)C(=O)O","InChI=1S/C9H6N2O3/c1-2-8(12)11-6-3-4-10-7(5-6)9(13)14/h1,3-5H,(H,13,14)(H,10,11,12)","UFHOXOXOKLDQQR-UHFFFAOYSA-N"
