"Identifier","CompoundName","MonoisotopicMass","MolecularFormula","SMILES","InChI","InChIKey"
63325,"5-Bromoindole-3-carboxaldehyde",222.963272,"C9H6BrNO","c1cc2c(cc1Br)c(c[nH]2)C=O","InChI=1S/C9H6BrNO/c10-7-1-2-9-8(3-7)6(5-12)4-11-9/h1-5,11H","PEENKJZANBYXNB-UHFFFAOYSA-N"
64135,"5-Bromo-8-quinolinol",222.963272,"C9H6BrNO","c1cc2c(ccc(c2nc1)O)Br","InChI=1S/C9H6BrNO/c10-7-3-4-8(12)9-6(7)2-1-5-11-9/h1-5,12H","WIIUANWSGSTCLG-UHFFFAOYSA-N"
89097,"4-(Bromoacetyl)benzonitrile",222.963272,"C9H6BrNO","c1cc(ccc1C#N)C(=O)CBr","InChI=1S/C9H6BrNO/c10-5-9(12)8-3-1-7(6-11)2-4-8/h1-4H,5H2","LJANCPRIUMHGJE-UHFFFAOYSA-N"
105400,"(4-Pyridinylsulfanyl)acetyl chloride hydrochloride (1:1)",222.96254,"C7H7Cl2NOS","c1cnccc1SCC(=O)Cl.Cl","InChI=1S/C7H6ClNOS.ClH/c8-7(10)5-11-6-1-3-9-4-2-6;/h1-4H,5H2;1H","ONINFWNBKWMUCA-UHFFFAOYSA-N"
200880,"6-Bromoquinoline 1-oxide",222.963272,"C9H6BrNO","c1cc2cc(ccc2[n+](c1)[O-])Br","InChI=1S/C9H6BrNO/c10-8-3-4-9-7(6-8)2-1-5-11(9)12/h1-6H","PSZUKCUBGTVVPJ-UHFFFAOYSA-N"
235880,"3-Bromo-2(1H)-quinolinone",222.963272,"C9H6BrNO","c1ccc2c(c1)cc(c(=O)[nH]2)Br","InChI=1S/C9H6BrNO/c10-7-5-6-3-1-2-4-8(6)11-9(7)12/h1-5H,(H,11,12)","AGARPHPERRYPRP-UHFFFAOYSA-N"
283072,"4-bromoisoquinolin-1-ol",222.963272,"C9H6BrNO","c1ccc2c(c1)c(cnc2O)Br","InChI=1S/C9H6BrNO/c10-8-5-11-9(12)7-4-2-1-3-6(7)8/h1-5H,(H,11,12)","ZOPUFLIYIMVOGZ-UHFFFAOYSA-N"
288731,"3-Bromo-5-phenyl-1,2-oxazole",222.963272,"C9H6BrNO","c1ccc(cc1)c2cc(no2)Br","InChI=1S/C9H6BrNO/c10-9-6-8(12-11-9)7-4-2-1-3-5-7/h1-6H","SMWZGZIZOHNWBH-UHFFFAOYSA-N"
288733,"5-Bromo-3-phenyl-1,2-oxazole",222.963272,"C9H6BrNO","c1ccc(cc1)c2cc(on2)Br","InChI=1S/C9H6BrNO/c10-9-6-8(11-12-9)7-4-2-1-3-5-7/h1-6H","QTKOEUYSROXIRZ-UHFFFAOYSA-N"
319759,"3-Bromo-1H-indole-2-carbaldehyde",222.963272,"C9H6BrNO","c1ccc2c(c1)c(c([nH]2)C=O)Br","InChI=1S/C9H6BrNO/c10-9-6-3-1-2-4-7(6)11-8(9)5-12/h1-5,11H","BJYNPOMFNPNCHZ-UHFFFAOYSA-N"
319761,"2-Bromo-1H-indole-3-carbaldehyde",222.963272,"C9H6BrNO","c1ccc2c(c1)c(c([nH]2)Br)C=O","InChI=1S/C9H6BrNO/c10-9-7(5-12)6-3-1-2-4-8(6)11-9/h1-5,11H","WIRLVLFYTTULCM-UHFFFAOYSA-N"
340390,"7-Bromo-8-quinolinol",222.963272,"C9H6BrNO","c1cc2ccc(c(c2nc1)O)Br","InChI=1S/C9H6BrNO/c10-7-4-3-6-2-1-5-11-8(6)9(7)12/h1-5,12H","ICKPMTNGWVNOGC-UHFFFAOYSA-N"
340392,"6-Bromchinolin-8-ol",222.963272,"C9H6BrNO","c1cc2cc(cc(c2nc1)O)Br","InChI=1S/C9H6BrNO/c10-7-4-6-2-1-3-11-9(6)8(12)5-7/h1-5,12H","IMUJTAIQEBHAMT-UHFFFAOYSA-N"
340394,"4-Bromo-8-quinolinol",222.963272,"C9H6BrNO","c1cc2c(ccnc2c(c1)O)Br","InChI=1S/C9H6BrNO/c10-7-4-5-11-9-6(7)2-1-3-8(9)12/h1-5,12H","CNBUFEUMIIGYIU-UHFFFAOYSA-N"
340396,"3-Bromo-8-quinolinol",222.963272,"C9H6BrNO","c1cc2cc(cnc2c(c1)O)Br","InChI=1S/C9H6BrNO/c10-7-4-6-2-1-3-8(12)9(6)11-5-7/h1-5,12H","VYGIVXTVBNTOLP-UHFFFAOYSA-N"
340397,"2-Bromo-8-quinolinol",222.963272,"C9H6BrNO","c1cc2ccc(nc2c(c1)O)Br","InChI=1S/C9H6BrNO/c10-8-5-4-6-2-1-3-7(12)9(6)11-8/h1-5,12H","KPRKBBMEWFPQDJ-UHFFFAOYSA-N"
348770,"6-Amino-2-chloro-5,6-dihydro-4H-cyclopenta[b]thiophen-4-one hydrochloride",222.96254,"C7H7Cl2NOS","c1c2c(sc1Cl)C(CC2=O)N.Cl","InChI=1S/C7H6ClNOS.ClH/c8-6-1-3-5(10)2-4(9)7(3)11-6;/h1,4H,2,9H2;1H","QVACLWUJRHGUDQ-UHFFFAOYSA-N"
351917,"6-Amino-1-chloro-5,6-dihydro-4H-cyclopenta[c]thiophen-4-one hydrochloride (1:1)",222.96254,"C7H7Cl2NOS","c1c2c(c(s1)Cl)C(CC2=O)N.Cl","InChI=1S/C7H6ClNOS.ClH/c8-7-6-3(2-11-7)5(10)1-4(6)9;/h2,4H,1,9H2;1H","JTQKEKROKUEZIX-UHFFFAOYSA-N"
487477,"5-Bromo-4-phenyl-1,3-oxazole",222.963272,"C9H6BrNO","c1ccc(cc1)c2c(ocn2)Br","InChI=1S/C9H6BrNO/c10-9-8(11-6-12-9)7-4-2-1-3-5-7/h1-6H","AJSYUPQDOBPXGA-UHFFFAOYSA-N"
533760,"3-Bromo-4-quinolinol",222.963272,"C9H6BrNO","c1ccc2c(c1)c(c(cn2)Br)O","InChI=1S/C9H6BrNO/c10-7-5-11-8-4-2-1-3-6(8)9(7)12/h1-5H,(H,11,12)","NOJARSKUXYDSJA-UHFFFAOYSA-N"
673623,"3-(4-Bromphenyl)-3-oxopropanonitril",222.963272,"C9H6BrNO","c1cc(ccc1C(=O)CC#N)Br","InChI=1S/C9H6BrNO/c10-8-3-1-7(2-4-8)9(12)5-6-11/h1-4H,5H2","HSNWUXWZCSDJPL-UHFFFAOYSA-N"
714010,"4-Bromoisoquinoline 2-oxide",222.963272,"C9H6BrNO","c1ccc2c(c1)c[n+](cc2Br)[O-]","InChI=1S/C9H6BrNO/c10-9-6-11(12)5-7-3-1-2-4-8(7)9/h1-6H","QGDQDTDMWYCQPV-UHFFFAOYSA-N"
714714,"3-Bromoquinoline 1-oxide",222.963272,"C9H6BrNO","c1ccc2c(c1)cc(c[n+]2[O-])Br","InChI=1S/C9H6BrNO/c10-8-5-7-3-1-2-4-9(7)11(12)6-8/h1-6H","LANTXZGXVINCPP-UHFFFAOYSA-N"
720334,"3-Bromo-4H-quinolizin-4-one",222.963272,"C9H6BrNO","c1ccn2c(c1)ccc(c2=O)Br","InChI=1S/C9H6BrNO/c10-8-5-4-7-3-1-2-6-11(7)9(8)12/h1-6H","BLINDGIQXUVTQH-UHFFFAOYSA-N"
2017292,"5-(2-Bromophenyl)-1,2-oxazole",222.963272,"C9H6BrNO","c1ccc(c(c1)c2ccno2)Br","InChI=1S/C9H6BrNO/c10-8-4-2-1-3-7(8)9-5-6-11-12-9/h1-6H","CFIWXQDRNFECMZ-UHFFFAOYSA-N"
2017293,"5-(3-Bromophenyl)-1,2-oxazole",222.963272,"C9H6BrNO","c1cc(cc(c1)Br)c2ccno2","InChI=1S/C9H6BrNO/c10-8-3-1-2-7(6-8)9-4-5-11-12-9/h1-6H","RVTONCSWDXJDIN-UHFFFAOYSA-N"
2017294,"5-(4-Bromophenyl)-1,2-oxazole",222.963272,"C9H6BrNO","c1cc(ccc1c2ccno2)Br","InChI=1S/C9H6BrNO/c10-8-3-1-7(2-4-8)9-5-6-11-12-9/h1-6H","AVMMSHZGFRWLRI-UHFFFAOYSA-N"
2017552,"3-(Bromoacetyl)benzonitrile",222.963272,"C9H6BrNO","c1cc(cc(c1)C(=O)CBr)C#N","InChI=1S/C9H6BrNO/c10-5-9(12)8-3-1-2-7(4-8)6-11/h1-4H,5H2","XWCGNFLHRINYCE-UHFFFAOYSA-N"
2037599,"3-(3-Bromophenyl)-3-oxopropanenitrile",222.963272,"C9H6BrNO","c1cc(cc(c1)Br)C(=O)CC#N","InChI=1S/C9H6BrNO/c10-8-3-1-2-7(6-8)9(12)4-5-11/h1-3,6H,4H2","VBFNSHGLANEMRM-UHFFFAOYSA-N"
2042033,"2-Chloro-N-[5-(methylsulfanyl)-1,2,4-thiadiazol-3-yl]acetamide",222.964081,"C5H6ClN3OS2","CSc1nc(ns1)NC(=O)CCl","InChI=1S/C5H6ClN3OS2/c1-11-5-8-4(9-12-5)7-3(10)2-6/h2H2,1H3,(H,7,9,10)","UWBBMLMYQAUXAR-UHFFFAOYSA-N"
2043867,"4-Bromoindole-3-carboxaldehyde",222.963272,"C9H6BrNO","c1cc2c(c(c1)Br)c(c[nH]2)C=O","InChI=1S/C9H6BrNO/c10-7-2-1-3-8-9(7)6(5-12)4-11-8/h1-5,11H","IPAFHZDRYAWZOB-UHFFFAOYSA-N"
2053693,"5-Bromo-2-phenyl-1,3-oxazole",222.963272,"C9H6BrNO","c1ccc(cc1)c2ncc(o2)Br","InChI=1S/C9H6BrNO/c10-8-6-11-9(12-8)7-4-2-1-3-5-7/h1-6H","MSXVETKZQOUBNB-UHFFFAOYSA-N"
2056736,"5-(4-BROMOPHENYL)-1,3-OXAZOLE",222.963272,"C9H6BrNO","c1cc(ccc1c2cnco2)Br","InChI=1S/C9H6BrNO/c10-8-3-1-7(2-4-8)9-5-11-6-12-9/h1-6H","FEBCQOHEPVLTLY-UHFFFAOYSA-N"
2073721,"6-Bromo-3-formylindole",222.963272,"C9H6BrNO","c1cc2c(cc1Br)[nH]cc2C=O","InChI=1S/C9H6BrNO/c10-7-1-2-8-6(5-12)4-11-9(8)3-7/h1-5,11H","WCCLQCBKBPTODV-UHFFFAOYSA-N"
2074442,"5-(3-BROMOPHENYL)-1,3-OXAZOLE",222.963272,"C9H6BrNO","c1cc(cc(c1)Br)c2cnco2","InChI=1S/C9H6BrNO/c10-8-3-1-2-7(4-8)9-5-11-6-12-9/h1-6H","GUYZQMXSOVOSIC-UHFFFAOYSA-N"
2738709,"2,2-Dichloro-N-(2-thienylmethyl)acetamide",222.96254,"C7H7Cl2NOS","c1cc(sc1)CNC(=O)C(Cl)Cl","InChI=1S/C7H7Cl2NOS/c8-6(9)7(11)10-4-5-2-1-3-12-5/h1-3,6H,4H2,(H,10,11)","URFCBLUSCVPVOR-UHFFFAOYSA-N"
3008763,"5-(2-Bromophenyl)-1,3-oxazole",222.963272,"C9H6BrNO","c1ccc(c(c1)c2cnco2)Br","InChI=1S/C9H6BrNO/c10-8-4-2-1-3-7(8)9-5-11-6-12-9/h1-6H","JLTHLCLAPCIKJJ-UHFFFAOYSA-N"
3560178,"5-(4-Bromophenyl)tetrazol-1-ide",222.962479,"C7H4BrN4","c1cc(ccc1c2[n-]nnn2)Br","InChI=1S/C7H4BrN4/c8-6-3-1-5(2-4-6)7-9-11-12-10-7/h1-4H/q-1","UWBMZNMSGITDRY-UHFFFAOYSA-N"
4481611,"N-(2-Bromophenyl)-2-propynamide",222.963272,"C9H6BrNO","C#CC(=O)Nc1ccccc1Br","InChI=1S/C9H6BrNO/c1-2-9(12)11-8-6-4-3-5-7(8)10/h1,3-6H,(H,11,12)","WFWDQRWHBQZSKS-UHFFFAOYSA-N"
5384436,"5-(3-Bromophenyl)tetrazol-1-ide",222.962479,"C7H4BrN4","Brc1cccc(c1)c2nnn[n-]2","InChI=1S/C7H4BrN4/c8-6-3-1-2-5(4-6)7-9-11-12-10-7/h1-4H/q-1","UUZPXHNNOVWMBK-UHFFFAOYSA-N"
5419127,"Thieno[2',3':4,5]imidazo[2,1-b][1,3]thiazole-2-carboxylate",222.964142,"C8H3N2O2S2","[O-]C(=O)c1sc2nc3sccn3c2c1","InChI=1S/C8H4N2O2S2/c11-7(12)5-3-4-6(14-5)9-8-10(4)1-2-13-8/h1-3H,(H,11,12)/p-1","YVAYRVRJROAHIC-UHFFFAOYSA-M"
8506664,"2-(4-Bromophenyl)-3-oxopropanenitrile",222.963272,"C9H6BrNO","Brc1ccc(cc1)C(C#N)C=O","InChI=1S/C9H6BrNO/c10-9-3-1-7(2-4-9)8(5-11)6-12/h1-4,6,8H","VOLNNEMGSUOGGO-UHFFFAOYSA-N"
8641594,"5-bromoisoquinolin-1-one",222.963272,"C9H6BrNO","C1=CC2=C(C=CNC2=O)C(=C1)Br","InChI=1S/C9H6BrNO/c10-8-3-1-2-7-6(8)4-5-11-9(7)12/h1-5H,(H,11,12)","UKIWLFJYNMJPEG-UHFFFAOYSA-N"
8879675,"3-(2-Bromophenyl)-3-oxopropanenitrile",222.963272,"C9H6BrNO","C1=CC=C(C(=C1)C(=O)CC#N)Br","InChI=1S/C9H6BrNO/c10-8-4-2-1-3-7(8)9(12)5-6-11/h1-4H,5H2","KETIGQNBJUHYCA-UHFFFAOYSA-N"
9108330,"8-Bromo-2(1H)-quinolinone",222.963272,"C9H6BrNO","Brc1cccc\2c1NC(=O)/C=C/2","InChI=1S/C9H6BrNO/c10-7-3-1-2-6-4-5-8(12)11-9(6)7/h1-5H,(H,11,12)","HGJBIJWBYATVQY-UHFFFAOYSA-N"
9250181,"2-(4-Bromophenyl)-1,3-oxazole",222.963272,"C9H6BrNO","Brc2ccc(c1ncco1)cc2","InChI=1S/C9H6BrNO/c10-8-3-1-7(2-4-8)9-11-5-6-12-9/h1-6H","LAPKDKRJQXERIR-UHFFFAOYSA-N"
9451133,"7-bromoisoquinolin-1-ol",222.963272,"C9H6BrNO","C1=CC(=CC2=C1C=CN=C2O)Br","InChI=1S/C9H6BrNO/c10-7-2-1-6-3-4-11-9(12)8(6)5-7/h1-5H,(H,11,12)","DSOKREQUHLPVFR-UHFFFAOYSA-N"
10135840,"2-Bromo-3-oxo-3-phenylpropanenitrile",222.963272,"C9H6BrNO","c1ccc(cc1)C(=O)C(C#N)Br","InChI=1S/C9H6BrNO/c10-8(6-11)9(12)7-4-2-1-3-5-7/h1-5,8H","KMQDAYBDKOKVNY-UHFFFAOYSA-N"
10277979,"6-Bromo-4-quinolinol",222.963272,"C9H6BrNO","c1cc2c(cc1Br)c(ccn2)O","InChI=1S/C9H6BrNO/c10-6-1-2-8-7(5-6)9(12)3-4-11-8/h1-5H,(H,11,12)","XKLBNOHKHRAXKK-UHFFFAOYSA-N"
10447724,"3-Bromo-1-isoquinolinol",222.963272,"C9H6BrNO","Br/C2=C/c1ccccc1C(=O)N2","InChI=1S/C9H6BrNO/c10-8-5-6-3-1-2-4-7(6)9(12)11-8/h1-5H,(H,11,12)","UDRWDZCFFOTHRU-UHFFFAOYSA-N"
10510046,"3-(4-Bromophenyl)-1,2-oxazole",222.963272,"C9H6BrNO","C1=CC(=CC=C1C2=NOC=C2)Br","InChI=1S/C9H6BrNO/c10-8-3-1-7(2-4-8)9-5-6-12-11-9/h1-6H","BZZNOXIJKCPQNF-UHFFFAOYSA-N"
10577779,"5-Bromo-1H-indole-2-carbaldehyde",222.963272,"C9H6BrNO","C1=CC2=C(C=C1Br)C=C(N2)C=O","InChI=1S/C9H6BrNO/c10-7-1-2-9-6(3-7)4-8(5-12)11-9/h1-5,11H","CFABANPJKXPUFN-UHFFFAOYSA-N"
10676041,"3-Bromo-6-quinolinol",222.963272,"C9H6BrNO","C1=CC2=NC=C(C=C2C=C1O)Br","InChI=1S/C9H6BrNO/c10-7-3-6-4-8(12)1-2-9(6)11-5-7/h1-5,12H","IGCRMJVOMNKTGB-UHFFFAOYSA-N"
10691564,"6-bromo-2-quinolone",222.963272,"C9H6BrNO","C1=CC2=C(C=CC(=O)N2)C=C1Br","InChI=1S/C9H6BrNO/c10-7-2-3-8-6(5-7)1-4-9(12)11-8/h1-5H,(H,11,12)","YLAFBGATSQRSTB-UHFFFAOYSA-N"
10698384,"2-(5-Bromo-2-furyl)pyridine",222.963272,"C9H6BrNO","Brc1ccc(o1)c2ncccc2","InChI=1S/C9H6BrNO/c10-9-5-4-8(12-9)7-3-1-2-6-11-7/h1-6H","TWKUIFBZHHJAPO-UHFFFAOYSA-N"
10740354,"7-Bromo-4-quinolinol",222.963272,"C9H6BrNO","C1=CC2=C(C=CN=C2C=C1Br)O","InChI=1S/C9H6BrNO/c10-6-1-2-7-8(5-6)11-4-3-9(7)12/h1-5H,(H,11,12)","GGCBEWNXEGDQAP-UHFFFAOYSA-N"
10740458,"5-Bromo-4-quinolinol",222.963272,"C9H6BrNO","C1=CC2=NC=CC(=C2C(=C1)Br)O","InChI=1S/C9H6BrNO/c10-6-2-1-3-7-9(6)8(12)4-5-11-7/h1-5H,(H,11,12)","LBHOUIRHKSQBFO-UHFFFAOYSA-N"
10825286,"2-Chloro-N-[3-(methylsulfanyl)-1,2,4-thiadiazol-5-yl]acetamide",222.964081,"C5H6ClN3OS2","CSc1nc(sn1)NC(=O)CCl","InChI=1S/C5H6ClN3OS2/c1-11-5-8-4(12-9-5)7-3(10)2-6/h2H2,1H3,(H,7,8,9,10)","VNFBSTKRPXRHHL-UHFFFAOYSA-N"
10826145,"6-Bromo-1H-indole-2-carbaldehyde",222.963272,"C9H6BrNO","c1cc(cc2c1cc([nH]2)C=O)Br","InChI=1S/C9H6BrNO/c10-7-2-1-6-3-8(5-12)11-9(6)4-7/h1-5,11H","IGZHNWFLHSANSN-UHFFFAOYSA-N"
11268860,"6-Bromoisoquinoline 2-oxide",222.963272,"C9H6BrNO","c1cc2c[n+](ccc2cc1Br)[O-]","InChI=1S/C9H6BrNO/c10-9-2-1-8-6-11(12)4-3-7(8)5-9/h1-6H","QNNTUJSIGVWFAS-UHFFFAOYSA-N"
11292853,"7-Bromo-3(2H)-isoquinolinone",222.963272,"C9H6BrNO","c1cc(cc2c1cc(nc2)O)Br","InChI=1S/C9H6BrNO/c10-8-2-1-6-4-9(12)11-5-7(6)3-8/h1-5H,(H,11,12)","BRRWUDMFAZPPKR-UHFFFAOYSA-N"
11306084,"4-Bromoquinolin-2-one",222.963272,"C9H6BrNO","c1ccc2c(c1)c(cc(=O)[nH]2)Br","InChI=1S/C9H6BrNO/c10-7-5-9(12)11-8-4-2-1-3-6(7)8/h1-5H,(H,11,12)","WIVIYVYDZYAUMB-UHFFFAOYSA-N"
11306321,"7-Bromo-2-quinolinol",222.963272,"C9H6BrNO","c1cc(cc2c1ccc(n2)O)Br","InChI=1S/C9H6BrNO/c10-7-3-1-6-2-4-9(12)11-8(6)5-7/h1-5H,(H,11,12)","QOFKBVYWLUKWLL-UHFFFAOYSA-N"
11332645,"4-(4-Bromophenyl)-1,3-oxazole",222.963272,"C9H6BrNO","c1cc(ccc1c2cocn2)Br","InChI=1S/C9H6BrNO/c10-8-3-1-7(2-4-8)9-5-12-6-11-9/h1-6H","JUZBHACCQAUBSC-UHFFFAOYSA-N"
11454694,"6-Bromo-1(2H)-isoquinolinone",222.963272,"C9H6BrNO","c1cc2c(cc[nH]c2=O)cc1Br","InChI=1S/C9H6BrNO/c10-7-1-2-8-6(5-7)3-4-11-9(8)12/h1-5H,(H,11,12)","ZDYXSEQHOVSTPA-UHFFFAOYSA-N"
11496478,"6-Bromo-3-quinolinol",222.963272,"C9H6BrNO","c1cc2c(cc1Br)cc(cn2)O","InChI=1S/C9H6BrNO/c10-7-1-2-9-6(3-7)4-8(12)5-11-9/h1-5,12H","CURYXBCGKGDWCN-UHFFFAOYSA-N"
12175313,"2-Chloro-N-[5-(methylsulfanyl)-1,3,4-thiadiazol-2-yl]acetamide",222.964081,"C5H6ClN3OS2","CSc1nnc(s1)NC(=O)CCl","InChI=1S/C5H6ClN3OS2/c1-11-5-9-8-4(12-5)7-3(10)2-6/h2H2,1H3,(H,7,8,10)","DISVIZDJLHHFCC-UHFFFAOYSA-N"
13505425,"8-Bromo-4-quinolinol",222.963272,"C9H6BrNO","c1cc2c(ccnc2c(c1)Br)O","InChI=1S/C9H6BrNO/c10-7-3-1-2-6-8(12)4-5-11-9(6)7/h1-5H,(H,11,12)","HLALMUWUZUGIGR-UHFFFAOYSA-N"
13548483,"4-Acetyl-3-bromobenzonitrile",222.963272,"C9H6BrNO","O=C(C)c1ccc(cc1Br)C#N","InChI=1S/C9H6BrNO/c1-6(12)8-3-2-7(5-11)4-9(8)10/h2-4H,1H3","KYIGKPZOSZSXGB-UHFFFAOYSA-N"
13818044,"2-(Bromoacetyl)benzonitrile",222.963272,"C9H6BrNO","c1ccc(c(c1)C#N)C(=O)CBr","InChI=1S/C9H6BrNO/c10-5-9(12)8-4-2-1-3-7(8)6-11/h1-4H,5H2","WVWHVTKOWVMEIM-UHFFFAOYSA-N"
13938332,"4-Bromo-7-quinolinol",222.963272,"C9H6BrNO","c1cc2c(ccnc2cc1O)Br","InChI=1S/C9H6BrNO/c10-8-3-4-11-9-5-6(12)1-2-7(8)9/h1-5,12H","RCUKNOKAORMYMY-UHFFFAOYSA-N"
14334527,"5-Bromo-2(1H)-quinolinone",222.963272,"C9H6BrNO","c1cc2c(ccc(=O)[nH]2)c(c1)Br","InChI=1S/C9H6BrNO/c10-7-2-1-3-8-6(7)4-5-9(12)11-8/h1-5H,(H,11,12)","XLNXYWXWOLFEOD-UHFFFAOYSA-N"
14354975,"3-Bromo-4-isoquinolinol",222.963272,"C9H6BrNO","Oc1c2ccccc2cnc1Br","InChI=1S/C9H6BrNO/c10-9-8(12)7-4-2-1-3-6(7)5-11-9/h1-5,12H","KDQPAKHIJSWZRM-UHFFFAOYSA-N"
14354976,"2-Bromo-3-quinolinol",222.963272,"C9H6BrNO","c1ccc2c(c1)cc(c(n2)Br)O","InChI=1S/C9H6BrNO/c10-9-8(12)5-6-3-1-2-4-7(6)11-9/h1-5,12H","CFVZTRHDXXGYPB-UHFFFAOYSA-N"
14704855,"4-Bromo-3-isoquinolinol",222.963272,"C9H6BrNO","c1ccc2c(c1)cnc(c2Br)O","InChI=1S/C9H6BrNO/c10-8-7-4-2-1-3-6(7)5-11-9(8)12/h1-5H,(H,11,12)","POFWHUZLFZOBFX-UHFFFAOYSA-N"
15818293,"2-Bromo-6-(2-furyl)pyridine",222.963272,"C9H6BrNO","c1cc(nc(c1)Br)c2ccco2","InChI=1S/C9H6BrNO/c10-9-5-1-3-7(11-9)8-4-2-6-12-8/h1-6H","KZZUWLBYMNBGMY-UHFFFAOYSA-N"
16257324,"8-Bromo-6-quinolinol",222.963272,"C9H6BrNO","c1cc2cc(cc(c2nc1)Br)O","InChI=1S/C9H6BrNO/c10-8-5-7(12)4-6-2-1-3-11-9(6)8/h1-5,12H","KMPGTDGDSRRYHB-UHFFFAOYSA-N"
16499106,"4-(2-Bromophenyl)-1,3-oxazole",222.963272,"C9H6BrNO","c1ccc(c(c1)c2cocn2)Br","InChI=1S/C9H6BrNO/c10-8-4-2-1-3-7(8)9-5-12-6-11-9/h1-6H","NNVPRFQLCUJXQC-UHFFFAOYSA-N"
19190255,"7-Bromoisoquinoline 2-oxide",222.963272,"C9H6BrNO","c1cc(cc2c1cc[n+](c2)[O-])Br","InChI=1S/C9H6BrNO/c10-9-2-1-7-3-4-11(12)6-8(7)5-9/h1-6H","QLRDQGRZLHHBPE-UHFFFAOYSA-N"
21242308,"5-Bromo-2-(2-furyl)pyridine",222.963272,"C9H6BrNO","c1cc(oc1)c2ccc(cn2)Br","InChI=1S/C9H6BrNO/c10-7-3-4-8(11-6-7)9-2-1-5-12-9/h1-6H","ZKUDFBZRIQOMGO-UHFFFAOYSA-N"
21472656,"7-Bromo-1H-indole-3-carbaldehyde",222.963272,"C9H6BrNO","c1cc2c(c[nH]c2c(c1)Br)C=O","InChI=1S/C9H6BrNO/c10-8-3-1-2-7-6(5-12)4-11-9(7)8/h1-5,11H","MGPMWCBAOQWENZ-UHFFFAOYSA-N"
21501021,"7-Bromo-1H-indole-2-carbaldehyde",222.963272,"C9H6BrNO","c1cc2cc([nH]c2c(c1)Br)C=O","InChI=1S/C9H6BrNO/c10-8-3-1-2-6-4-7(5-12)11-9(6)8/h1-5,11H","LVCLAISVMPPTLL-UHFFFAOYSA-N"
21874859,"4-Bromo-3-quinolinol",222.963272,"C9H6BrNO","c1ccc2c(c1)c(c(cn2)O)Br","InChI=1S/C9H6BrNO/c10-9-6-3-1-2-4-7(6)11-5-8(9)12/h1-5,12H","BJEMWAKSVKPWBC-UHFFFAOYSA-N"
22177996,"2-Bromo-5-phenyl-1,3-oxazole",222.963272,"C9H6BrNO","c1ccc(cc1)c2cnc(o2)Br","InChI=1S/C9H6BrNO/c10-9-11-6-8(12-9)7-4-2-1-3-5-7/h1-6H","KJUQKWSZCIOQKY-UHFFFAOYSA-N"
22547627,"2-(3-Bromophenyl)-1,3-oxazole",222.963272,"C9H6BrNO","c1cc(cc(c1)Br)c2ncco2","InChI=1S/C9H6BrNO/c10-8-3-1-2-7(6-8)9-11-4-5-12-9/h1-6H","YLPWYXWXKUAHPU-UHFFFAOYSA-N"
23078366,"7-Bromchinolin-5-ol",222.963272,"C9H6BrNO","c1cc2c(cc(cc2O)Br)nc1","InChI=1S/C9H6BrNO/c10-6-4-8-7(9(12)5-6)2-1-3-11-8/h1-5,12H","DSLUBMAJPKDQJM-UHFFFAOYSA-N"
23078768,"6-Bromoisoquinolin-3-ol",222.963272,"C9H6BrNO","c1cc2cnc(cc2cc1Br)O","InChI=1S/C9H6BrNO/c10-8-2-1-6-5-11-9(12)4-7(6)3-8/h1-5H,(H,11,12)","MZXOHGOCNRWAPY-UHFFFAOYSA-N"
23078769,"8-Bromoisoquinolin-3-ol",222.963272,"C9H6BrNO","c1cc2cc(ncc2c(c1)Br)O","InChI=1S/C9H6BrNO/c10-8-3-1-2-6-4-9(12)11-5-7(6)8/h1-5H,(H,11,12)","IVDPIQOKPLLJPF-UHFFFAOYSA-N"
23346644,"2-(2-Bromophenyl)-1,3-oxazole",222.963272,"C9H6BrNO","c1ccc(c(c1)c2ncco2)Br","InChI=1S/C9H6BrNO/c10-8-4-2-1-3-7(8)9-11-5-6-12-9/h1-6H","KEVAWXLTQKEUTN-UHFFFAOYSA-N"
23954873,"4-Bromo-6-quinolinol",222.963272,"C9H6BrNO","c1cc2c(cc1O)c(ccn2)Br","InChI=1S/C9H6BrNO/c10-8-3-4-11-9-2-1-6(12)5-7(8)9/h1-5,12H","QEWVVXINHILXNR-UHFFFAOYSA-N"
24217339,"8-Bromo-7-isoquinolinol",222.963272,"C9H6BrNO","c1cc(c(c2c1ccnc2)Br)O","InChI=1S/C9H6BrNO/c10-9-7-5-11-4-3-6(7)1-2-8(9)12/h1-5,12H","IWMFRPFEEWSQIY-UHFFFAOYSA-N"
24583380,"8-Bromo-1(2H)-isoquinolinone",222.963272,"C9H6BrNO","c1cc2cc[nH]c(=O)c2c(c1)Br","InChI=1S/C9H6BrNO/c10-7-3-1-2-6-4-5-11-9(12)8(6)7/h1-5H,(H,11,12)","NQMZAFRCYDJSEU-UHFFFAOYSA-N"
24589124,"4-Bromo-2(3H)-quinolinone",222.963272,"C9H6BrNO","c1ccc2=NC(=O)CC(=c2c1)Br","InChI=1S/C9H6BrNO/c10-7-5-9(12)11-8-4-2-1-3-6(7)8/h1-4H,5H2","IYQOOZBUILUAML-UHFFFAOYSA-N"
24723581,"5-Bromo-6-quinolinol",222.963272,"C9H6BrNO","c1cc2c(ccc(c2Br)O)nc1","InChI=1S/C9H6BrNO/c10-9-6-2-1-5-11-7(6)3-4-8(9)12/h1-5,12H","HQEFDTSINGDBKQ-UHFFFAOYSA-N"
24748150,"8-Bromo-7-quinolinol",222.963272,"C9H6BrNO","c1cc2ccc(c(c2nc1)Br)O","InChI=1S/C9H6BrNO/c10-8-7(12)4-3-6-2-1-5-11-9(6)8/h1-5,12H","ACQSKLVTXZNXGL-UHFFFAOYSA-N"
24748605,"5-Acetyl-2-bromobenzonitrile",222.963272,"C9H6BrNO","CC(=O)c1ccc(c(c1)C#N)Br","InChI=1S/C9H6BrNO/c1-6(12)7-2-3-9(10)8(4-7)5-11/h2-4H,1H3","JXUIGUNENZXIEQ-UHFFFAOYSA-N"
24792446,"3-Bromo-1H-indole-4-carbaldehyde",222.963272,"C9H6BrNO","c1cc(c2c(c1)[nH]cc2Br)C=O","InChI=1S/C9H6BrNO/c10-7-4-11-8-3-1-2-6(5-12)9(7)8/h1-5,11H","FBNKGCMVLRJOHE-UHFFFAOYSA-N"
24794024,"5-Bromoquinoline 1-oxide",222.963272,"C9H6BrNO","c1cc2c(ccc[n+]2[O-])c(c1)Br","InChI=1S/C9H6BrNO/c10-8-4-1-5-9-7(8)3-2-6-11(9)12/h1-6H","UBIMLGHWCOSFDK-UHFFFAOYSA-N"
24794025,"7-Bromoquinoline 1-oxide",222.963272,"C9H6BrNO","c1cc2ccc(cc2[n+](c1)[O-])Br","InChI=1S/C9H6BrNO/c10-8-4-3-7-2-1-5-11(12)9(7)6-8/h1-6H","QEEKCONJORAQQX-UHFFFAOYSA-N"
24794026,"8-Bromoquinoline 1-oxide",222.963272,"C9H6BrNO","c1cc2ccc[n+](c2c(c1)Br)[O-]","InChI=1S/C9H6BrNO/c10-8-5-1-3-7-4-2-6-11(12)9(7)8/h1-6H","DCMSRJCCVQNZMI-UHFFFAOYSA-N"
25071503,"(2Z)-2-(4-Bromophenyl)-3-hydroxyacrylonitrile",222.963272,"C9H6BrNO","c1cc(ccc1/C(=C/O)/C#N)Br","InChI=1S/C9H6BrNO/c10-9-3-1-7(2-4-9)8(5-11)6-12/h1-4,6,12H/b8-6+","RLNLEKCYESWZSJ-SOFGYWHQSA-N"
25991940,"2-Chloro-N-[(5-chloro-2-thienyl)methyl]acetamide",222.96254,"C7H7Cl2NOS","c1cc(sc1CNC(=O)CCl)Cl","InChI=1S/C7H7Cl2NOS/c8-3-7(11)10-4-5-1-2-6(9)12-5/h1-2H,3-4H2,(H,10,11)","DIJMRXLOJQVOSA-UHFFFAOYSA-N"
26051958,"(2E)-2-(4-Bromophenyl)-3-hydroxyacrylonitrile",222.963272,"C9H6BrNO","c1cc(ccc1/C(=C\O)/C#N)Br","InChI=1S/C9H6BrNO/c10-9-3-1-7(2-4-9)8(5-11)6-12/h1-4,6,12H/b8-6-","RLNLEKCYESWZSJ-VURMDHGXSA-N"
26324324,"6-Bromo-4(3H)-quinolinone",222.963272,"C9H6BrNO","c1cc2c(cc1Br)C(=O)CC=N2","InChI=1S/C9H6BrNO/c10-6-1-2-8-7(5-6)9(12)3-4-11-8/h1-2,4-5H,3H2","ZLRZHWUEWCVYHG-UHFFFAOYSA-N"
26470834,"2-(4-Bromophenyl)-3-hydroxyacrylonitrile",222.963272,"C9H6BrNO","c1cc(ccc1C(=CO)C#N)Br","InChI=1S/C9H6BrNO/c10-9-3-1-7(2-4-9)8(5-11)6-12/h1-4,6,12H","RLNLEKCYESWZSJ-UHFFFAOYSA-N"
26551149,"5-Bromo-2,3-dihydro-1-benzofuran-7-carbonitrile",222.963272,"C9H6BrNO","c1c(cc(c2c1CCO2)C#N)BrC1COC2=C1C=C(C=C2C#N)Br","InChI=1S/C18H12Br2N2O2/c19-13-3-11(7-21)18-15(6-13)16(9-24-18)20-14-4-10-1-2-23-17(10)12(5-14)8-22/h3-6,16,20H,1-2,9H2","FFFLQLDUQRWEQE-UHFFFAOYSA-N"
26554334,"4-Acetyl-2-bromobenzonitrile",222.963272,"C9H6BrNO","CC(=O)c1ccc(c(c1)Br)C#N","InChI=1S/C9H6BrNO/c1-6(12)7-2-3-8(5-11)9(10)4-7/h2-4H,1H3","RDSQFNDEGYBDJD-UHFFFAOYSA-N"
26772320,"7-Bromo-6-quinolinol",222.963272,"C9H6BrNO","c1cc2cc(c(cc2nc1)Br)O","InChI=1S/C9H6BrNO/c10-7-5-8-6(4-9(7)12)2-1-3-11-8/h1-5,12H","FJWCPOBQDFEVJT-UHFFFAOYSA-N"
26772321,"6-Bromo-1H-indole-4-carbaldehyde",222.963272,"C9H6BrNO","c1c[nH]c2c1c(cc(c2)Br)C=O","InChI=1S/C9H6BrNO/c10-7-3-6(5-12)8-1-2-11-9(8)4-7/h1-5,11H","BNHWRSFJCSPZKM-UHFFFAOYSA-N"
26912664,"4-Bromo-1H-indole-2-carbaldehyde",222.963272,"C9H6BrNO","c1cc2c(cc([nH]2)C=O)c(c1)Br","InChI=1S/C9H6BrNO/c10-8-2-1-3-9-7(8)4-6(5-12)11-9/h1-5,11H","QMULHCUEKZWWSC-UHFFFAOYSA-N"
26949897,"5-Bromo-3-isoquinolinol",222.963272,"C9H6BrNO","c1cc2cnc(cc2c(c1)Br)O","InChI=1S/C9H6BrNO/c10-8-3-1-2-6-5-11-9(12)4-7(6)8/h1-5H,(H,11,12)","PEPBAJBUKPWIEN-UHFFFAOYSA-N"
27460760,"2-(2-Bromo-3-furyl)pyridine",222.963272,"C9H6BrNO","c1ccnc(c1)c2ccoc2Br","InChI=1S/C9H6BrNO/c10-9-7(4-6-12-9)8-3-1-2-5-11-8/h1-6H","KTWDFRREAQGQDC-UHFFFAOYSA-N"
27460765,"3-(2-Bromo-3-furyl)pyridine",222.963272,"C9H6BrNO","c1cc(cnc1)c2ccoc2Br","InChI=1S/C9H6BrNO/c10-9-8(3-5-12-9)7-2-1-4-11-6-7/h1-6H","XCMNMGUMZMKHFY-UHFFFAOYSA-N"
27460770,"4-(2-Bromo-3-furyl)pyridine",222.963272,"C9H6BrNO","c1cnccc1c2ccoc2Br","InChI=1S/C9H6BrNO/c10-9-8(3-6-12-9)7-1-4-11-5-2-7/h1-6H","JCMQIQJPFBHIKF-UHFFFAOYSA-N"
27461518,"4-Bromo-2-(2-furyl)pyridine",222.963272,"C9H6BrNO","c1cc(oc1)c2cc(ccn2)Br","InChI=1S/C9H6BrNO/c10-7-3-4-11-8(6-7)9-2-1-5-12-9/h1-6H","QDLSLSQYCSDNKE-UHFFFAOYSA-N"
27461519,"2-Bromo-4-(2-furyl)pyridine",222.963272,"C9H6BrNO","c1cc(oc1)c2ccnc(c2)Br","InChI=1S/C9H6BrNO/c10-9-6-7(3-4-11-9)8-2-1-5-12-8/h1-6H","VUUMSDIHERYTOC-UHFFFAOYSA-N"
27461526,"2-Bromo-6-(3-furyl)pyridine",222.963272,"C9H6BrNO","c1cc(nc(c1)Br)c2ccoc2","InChI=1S/C9H6BrNO/c10-9-3-1-2-8(11-9)7-4-5-12-6-7/h1-6H","REHXKFHOXHMPLZ-UHFFFAOYSA-N"
27461891,"3-Bromo-5-(2-furyl)pyridine",222.963272,"C9H6BrNO","c1cc(oc1)c2cc(cnc2)Br","InChI=1S/C9H6BrNO/c10-8-4-7(5-11-6-8)9-2-1-3-12-9/h1-6H","ARYLYSDKSRPBAO-UHFFFAOYSA-N"
27461899,"3-Bromo-5-(3-furyl)pyridine",222.963272,"C9H6BrNO","c1cocc1c2cc(cnc2)Br","InChI=1S/C9H6BrNO/c10-9-3-8(4-11-5-9)7-1-2-12-6-7/h1-6H","IKDBJFZHMDQJDY-UHFFFAOYSA-N"
27463404,"4-Bromo-2-(3-furyl)pyridine",222.963272,"C9H6BrNO","c1cnc(cc1Br)c2ccoc2","InChI=1S/C9H6BrNO/c10-8-1-3-11-9(5-8)7-2-4-12-6-7/h1-6H","OFCWLDRXJQROEJ-UHFFFAOYSA-N"
27463679,"2-Bromo-4-(3-furyl)pyridine",222.963272,"C9H6BrNO","c1cnc(cc1c2ccoc2)Br","InChI=1S/C9H6BrNO/c10-9-5-7(1-3-11-9)8-2-4-12-6-8/h1-6H","KEKHTXWHJDAMEF-UHFFFAOYSA-N"
27463714,"2-Bromo-5-(2-furyl)pyridine",222.963272,"C9H6BrNO","c1cc(oc1)c2ccc(nc2)Br","InChI=1S/C9H6BrNO/c10-9-4-3-7(6-11-9)8-2-1-5-12-8/h1-6H","XFQCAGFNHIJKCC-UHFFFAOYSA-N"
27463715,"2-Bromo-5-(3-furyl)pyridine",222.963272,"C9H6BrNO","c1cc(ncc1c2ccoc2)Br","InChI=1S/C9H6BrNO/c10-9-2-1-7(5-11-9)8-3-4-12-6-8/h1-6H","XXXUCCSSKCFRIM-UHFFFAOYSA-N"
27463747,"5-Bromo-2-(3-furyl)pyridine",222.963272,"C9H6BrNO","c1cc(ncc1Br)c2ccoc2","InChI=1S/C9H6BrNO/c10-8-1-2-9(11-5-8)7-3-4-12-6-7/h1-6H","KWIXZVUJEQPEHI-UHFFFAOYSA-N"
28190066,"3-Bromo-7-quinolinol",222.963272,"C9H6BrNO","c1cc(cc2c1cc(cn2)Br)O","InChI=1S/C9H6BrNO/c10-7-3-6-1-2-8(12)4-9(6)11-5-7/h1-5,12H","CFJJZVMYMPQIRD-UHFFFAOYSA-N"
28425943,"7-Bromo-4(3H)-quinolinone",222.963272,"C9H6BrNO","c1cc2c(cc1Br)N=CCC2=O","InChI=1S/C9H6BrNO/c10-6-1-2-7-8(5-6)11-4-3-9(7)12/h1-2,4-5H,3H2","AHMUJKMVYLNJJC-UHFFFAOYSA-N"
28535354,"3-Bromo-5-quinolinol",222.963272,"C9H6BrNO","c1cc2c(cc(cn2)Br)c(c1)O","InChI=1S/C9H6BrNO/c10-6-4-7-8(11-5-6)2-1-3-9(7)12/h1-5,12H","NJBHLUVEQVTPCC-UHFFFAOYSA-N"
28542126,"8-Bromo-5-isoquinolinol",222.963272,"C9H6BrNO","c1cc(c2cnccc2c1O)Br","InChI=1S/C9H6BrNO/c10-8-1-2-9(12)6-3-4-11-5-7(6)8/h1-5,12H","RPFJJULAJVSICG-UHFFFAOYSA-N"
28554137,"2-(4-Bromo-2-furyl)pyridine",222.963272,"C9H6BrNO","c1ccnc(c1)c2cc(co2)Br","InChI=1S/C9H6BrNO/c10-7-5-9(12-6-7)8-3-1-2-4-11-8/h1-6H","KGKAFMMOTOBORH-UHFFFAOYSA-N"
28554138,"3-(4-Bromo-2-furyl)pyridine",222.963272,"C9H6BrNO","c1cc(cnc1)c2cc(co2)Br","InChI=1S/C9H6BrNO/c10-8-4-9(12-6-8)7-2-1-3-11-5-7/h1-6H","DWHIUTFLOLMYFY-UHFFFAOYSA-N"
28554139,"4-(4-Bromo-2-furyl)pyridine",222.963272,"C9H6BrNO","c1cnccc1c2cc(co2)Br","InChI=1S/C9H6BrNO/c10-8-5-9(12-6-8)7-1-3-11-4-2-7/h1-6H","QSFXYLROOODCOI-UHFFFAOYSA-N"
28555934,"2-Bromo-4-phenyl-1,3-oxazole",222.963272,"C9H6BrNO","c1ccc(cc1)c2coc(n2)Br","InChI=1S/C9H6BrNO/c10-9-11-8(6-12-9)7-4-2-1-3-5-7/h1-6H","PZEVPGXTKPDMGD-UHFFFAOYSA-N"
28599895,"6-Bromo-4-isoquinolinol",222.963272,"C9H6BrNO","c1cc2cncc(c2cc1Br)O","InChI=1S/C9H6BrNO/c10-7-2-1-6-4-11-5-9(12)8(6)3-7/h1-5,12H","KXGSBBRPEPMUTK-UHFFFAOYSA-N"
28599905,"4-Bromo-2-phenyl-1,3-oxazole",222.963272,"C9H6BrNO","c1ccc(cc1)c2nc(co2)Br","InChI=1S/C9H6BrNO/c10-8-6-12-9(11-8)7-4-2-1-3-5-7/h1-6H","NIHUUTIZYTZSSW-UHFFFAOYSA-N"
28715797,"4-Bromo-3-phenyl-1,2-oxazole",222.963272,"C9H6BrNO","c1ccc(cc1)c2c(con2)Br","InChI=1S/C9H6BrNO/c10-8-6-12-11-9(8)7-4-2-1-3-5-7/h1-6H","VVBJGDDJJWVOGY-UHFFFAOYSA-N"
28824221,"8-Bromo-2(3H)-quinolinone",222.963272,"C9H6BrNO","c1cc2=CCC(=O)N=c2c(c1)Br","InChI=1S/C9H6BrNO/c10-7-3-1-2-6-4-5-8(12)11-9(6)7/h1-4H,5H2","BBMKBQXXHSPRSP-UHFFFAOYSA-N"
29305147,"3-Bromo-1H-indole-6-carbaldehyde",222.963272,"C9H6BrNO","c1cc2c(cc1C=O)[nH]cc2Br","InChI=1S/C9H6BrNO/c10-8-4-11-9-3-6(5-12)1-2-7(8)9/h1-5,11H","JUBYDSVZRYKBTH-UHFFFAOYSA-N"
29312675,"(2-Pyridinylsulfanyl)acetyl chloride hydrochloride (1:1)",222.96254,"C7H7Cl2NOS","c1ccnc(c1)SCC(=O)Cl.Cl","InChI=1S/C7H6ClNOS.ClH/c8-6(10)5-11-7-3-1-2-4-9-7;/h1-4H,5H2;1H","LHVVNYBCXCRNQD-UHFFFAOYSA-N"
29364193,"6-Bromo-5-isoquinolinol",222.963272,"C9H6BrNO","c1cc(c(c2c1cncc2)O)Br","InChI=1S/C9H6BrNO/c10-8-2-1-6-5-11-4-3-7(6)9(8)12/h1-5,12H","RMNHLIKXCLHQET-UHFFFAOYSA-N"
29379097,"3-(4-Bromophenyl)-2-propynamide",222.963272,"C9H6BrNO","c1cc(ccc1C#CC(=O)N)Br","InChI=1S/C9H6BrNO/c10-8-4-1-7(2-5-8)3-6-9(11)12/h1-2,4-5H,(H2,11,12)","PBDAIWZGBTWPKK-UHFFFAOYSA-N"
29737510,"4-Bromo-7(1H)-quinolinone",222.963272,"C9H6BrNO","c1cc-2c(cc[nH]c2cc1=O)Br","InChI=1S/C9H6BrNO/c10-8-3-4-11-9-5-6(12)1-2-7(8)9/h1-5,11H","JEAFYXXFAZSDJK-UHFFFAOYSA-N"
29737511,"8-Bromo-7(1H)-quinolinone",222.963272,"C9H6BrNO","c1cc-2ccc(=O)c(c2[nH]c1)Br","InChI=1S/C9H6BrNO/c10-8-7(12)4-3-6-2-1-5-11-9(6)8/h1-5,11H","RYUISHQRWKPQQP-UHFFFAOYSA-N"
29737766,"5-Bromo-3-quinolinol",222.963272,"C9H6BrNO","c1cc2c(cc(cn2)O)c(c1)Br","InChI=1S/C9H6BrNO/c10-8-2-1-3-9-7(8)4-6(12)5-11-9/h1-5,12H","FPIBVPSBIRPADP-UHFFFAOYSA-N"
29737767,"7-Bromo-3-quinolinol",222.963272,"C9H6BrNO","c1cc(cc2c1cc(cn2)O)Br","InChI=1S/C9H6BrNO/c10-7-2-1-6-3-8(12)5-11-9(6)4-7/h1-5,12H","QSSKHPOBNVWRPS-UHFFFAOYSA-N"
29737768,"8-Bromo-3-quinolinol",222.963272,"C9H6BrNO","c1cc2cc(cnc2c(c1)Br)O","InChI=1S/C9H6BrNO/c10-8-3-1-2-6-4-7(12)5-11-9(6)8/h1-5,12H","XNYASQFAVCWKQC-UHFFFAOYSA-N"
29775161,"2-Bromo-6-quinolinol",222.963272,"C9H6BrNO","c1cc(nc2c1cc(cc2)O)Br","InChI=1S/C9H6BrNO/c10-9-4-1-6-5-7(12)2-3-8(6)11-9/h1-5,12H","GDEHZIXHUPMXMK-UHFFFAOYSA-N"
29785292,"4-Bromo-5-phenyl-1,3-oxazole",222.963272,"C9H6BrNO","c1ccc(cc1)c2c(nco2)Br","InChI=1S/C9H6BrNO/c10-9-8(12-6-11-9)7-4-2-1-3-5-7/h1-6H","BTLWIEARIJZPFS-UHFFFAOYSA-N"
30648231,"2-Bromo-4-quinolinol",222.963272,"C9H6BrNO","c1ccc2c(c1)c(cc(n2)Br)O","InChI=1S/C9H6BrNO/c10-9-5-8(12)6-3-1-2-4-7(6)11-9/h1-5H,(H,11,12)","AVUUEKIQYHFVRT-UHFFFAOYSA-N"
30689103,"4-Bromo-5-quinolinol",222.963272,"C9H6BrNO","c1cc2c(c(c1)O)c(ccn2)Br","InChI=1S/C9H6BrNO/c10-6-4-5-11-7-2-1-3-8(12)9(6)7/h1-5,12H","HUZBXSHQNBAZTJ-UHFFFAOYSA-N"
30801769,"2-Bromo-4-(2-oxoethyl)benzonitrile",222.963272,"C9H6BrNO","c1cc(c(cc1CC=O)Br)C#N","InChI=1S/C9H6BrNO/c10-9-5-7(3-4-12)1-2-8(9)6-11/h1-2,4-5H,3H2","UQVPDEBYQGXQSR-UHFFFAOYSA-N"
30852232,"3-(5-Bromo-2-furyl)pyridine",222.963272,"C9H6BrNO","c1cc(cnc1)c2ccc(o2)Br","InChI=1S/C9H6BrNO/c10-9-4-3-8(12-9)7-2-1-5-11-6-7/h1-6H","SMGAGBXAUXMXLV-UHFFFAOYSA-N"
30852233,"4-(5-Bromo-2-furyl)pyridine",222.963272,"C9H6BrNO","c1cc(oc1c2ccncc2)Br","InChI=1S/C9H6BrNO/c10-9-2-1-8(12-9)7-3-5-11-6-4-7/h1-6H","DFWGKXSKJRZIIX-UHFFFAOYSA-N"
30852413,"2-Bromo-3-(2-furyl)pyridine",222.963272,"C9H6BrNO","c1cc(c(nc1)Br)c2ccco2","InChI=1S/C9H6BrNO/c10-9-7(3-1-5-11-9)8-4-2-6-12-8/h1-6H","PSMMMCYFGNSGBJ-UHFFFAOYSA-N"
30852415,"2-Bromo-3-(3-furyl)pyridine",222.963272,"C9H6BrNO","c1cc(c(nc1)Br)c2ccoc2","InChI=1S/C9H6BrNO/c10-9-8(2-1-4-11-9)7-3-5-12-6-7/h1-6H","SQWOWBHZHWPLSB-UHFFFAOYSA-N"
30853476,"3-Bromo-4-(2-furyl)pyridine",222.963272,"C9H6BrNO","c1cc(oc1)c2ccncc2Br","InChI=1S/C9H6BrNO/c10-8-6-11-4-3-7(8)9-2-1-5-12-9/h1-6H","APAASMBKLMGCJS-UHFFFAOYSA-N"
30853479,"3-Bromo-4-(3-furyl)pyridine",222.963272,"C9H6BrNO","c1cncc(c1c2ccoc2)Br","InChI=1S/C9H6BrNO/c10-9-5-11-3-1-8(9)7-2-4-12-6-7/h1-6H","YMXTYCOAGISHOQ-UHFFFAOYSA-N"
30853493,"4-Bromo-3-(3-furyl)pyridine",222.963272,"C9H6BrNO","c1cncc(c1Br)c2ccoc2","InChI=1S/C9H6BrNO/c10-9-1-3-11-5-8(9)7-2-4-12-6-7/h1-6H","ZGXYWVIJFGFMQO-UHFFFAOYSA-N"
30853497,"4-Bromo-3-(2-furyl)pyridine",222.963272,"C9H6BrNO","c1cc(oc1)c2cnccc2Br","InChI=1S/C9H6BrNO/c10-8-3-4-11-6-7(8)9-2-1-5-12-9/h1-6H","QNRQATJXSNVXPS-UHFFFAOYSA-N"
30853559,"3-Bromo-2-(2-furyl)pyridine",222.963272,"C9H6BrNO","c1cc(c(nc1)c2ccco2)Br","InChI=1S/C9H6BrNO/c10-7-3-1-5-11-9(7)8-4-2-6-12-8/h1-6H","RRNOTIZQONTVAL-UHFFFAOYSA-N"
30853560,"3-Bromo-2-(3-furyl)pyridine",222.963272,"C9H6BrNO","c1cc(c(nc1)c2ccoc2)Br","InChI=1S/C9H6BrNO/c10-8-2-1-4-11-9(8)7-3-5-12-6-7/h1-6H","HOFPNNAWJFSVEU-UHFFFAOYSA-N"
31005018,"1-Bromo-4-isoquinolinol",222.963272,"C9H6BrNO","c1ccc2c(c1)c(cnc2Br)O","InChI=1S/C9H6BrNO/c10-9-7-4-2-1-3-6(7)8(12)5-11-9/h1-5,12H","LCWUTWCJYIMOMA-UHFFFAOYSA-N"
31044812,"3-Bromo-2(3H)-quinolinone",222.963272,"C9H6BrNO","c1ccc2=NC(=O)C(C=c2c1)Br","InChI=1S/C9H6BrNO/c10-7-5-6-3-1-2-4-8(6)11-9(7)12/h1-5,7H","IMZTUKHPQVIKIR-UHFFFAOYSA-N"
31328217,"2,5-Dichloro-N-ethyl-3-thiophenecarboxamide",222.96254,"C7H7Cl2NOS","CCNC(=O)c1cc(sc1Cl)Cl","InChI=1S/C7H7Cl2NOS/c1-2-10-7(11)4-3-5(8)12-6(4)9/h3H,2H2,1H3,(H,10,11)","UPEGIPUUQUQNAZ-UHFFFAOYSA-N"
32057518,"8-Bromo-5-quinolinol",222.963272,"C9H6BrNO","c1cc2c(ccc(c2nc1)Br)O","InChI=1S/C9H6BrNO/c10-7-3-4-8(12)6-2-1-5-11-9(6)7/h1-5,12H","PQDUEAPSAXAQOY-UHFFFAOYSA-N"
32689896,"7-Bromo-4-isoquinolinol",222.963272,"C9H6BrNO","c1cc2c(cc1Br)cncc2O","InChI=1S/C9H6BrNO/c10-7-1-2-8-6(3-7)4-11-5-9(8)12/h1-5,12H","PAIWZIRXPMHCIY-UHFFFAOYSA-N"
35473752,"5-Bromoisoquinoline 2-oxide",222.963272,"C9H6BrNO","c1cc2c[n+](ccc2c(c1)Br)[O-]","InChI=1S/C9H6BrNO/c10-9-3-1-2-7-6-11(12)5-4-8(7)9/h1-6H","ZMMWTYNVRSUXFF-UHFFFAOYSA-N"
35684497,"[(5-Chloro-2-thienyl)methyl]methylcarbamic chloride",222.96254,"C7H7Cl2NOS","CN(Cc1ccc(s1)Cl)C(=O)Cl","InChI=1S/C7H7Cl2NOS/c1-10(7(9)11)4-5-2-3-6(8)12-5/h2-3H,4H2,1H3","WKRDIFUTRGPOBR-UHFFFAOYSA-N"
35806785,"Vanadium - 4-methylbenzenesulfonic acid (1:1)",222.963379,"C7H8O3SV","Cc1ccc(cc1)S(=O)(=O)O.[V]","InChI=1S/C7H8O3S.V/c1-6-2-4-7(5-3-6)11(8,9)10;/h2-5H,1H3,(H,8,9,10);","GDDHZTRGVKEMPL-UHFFFAOYSA-N"
36045201,"3-Chloro-N-(2-chloroethyl)-2-thiophenecarboxamide",222.96254,"C7H7Cl2NOS","c1csc(c1Cl)C(=O)NCCCl","InChI=1S/C7H7Cl2NOS/c8-2-3-10-7(11)6-5(9)1-4-12-6/h1,4H,2-3H2,(H,10,11)","BPVKLAOYSUWGPX-UHFFFAOYSA-N"
37669004,"3-Bromo-1H-indole-5-carbaldehyde",222.963272,"C9H6BrNO","c1cc2c(cc1C=O)c(c[nH]2)Br","InChI=1S/C9H6BrNO/c10-8-4-11-9-2-1-6(5-12)3-7(8)9/h1-5,11H","DRKKTNWTMMFTII-UHFFFAOYSA-N"
37669005,"3-Bromo-1H-indole-7-carbaldehyde",222.963272,"C9H6BrNO","c1cc(c2c(c1)c(c[nH]2)Br)C=O","InChI=1S/C9H6BrNO/c10-8-4-11-9-6(5-12)2-1-3-7(8)9/h1-5,11H","KZTFRRXBRMCZKW-UHFFFAOYSA-N"
37879890,"2-[(3,5-Dichloro-2-pyridinyl)sulfanyl]ethanol",222.96254,"C7H7Cl2NOS","c1c(cnc(c1Cl)SCCO)Cl","InChI=1S/C7H7Cl2NOS/c8-5-3-6(9)7(10-4-5)12-2-1-11/h3-4,11H,1-2H2","SKCMSBWETHLLSN-UHFFFAOYSA-N"
37949177,"N-(3-Bromophenyl)-2-propynamide",222.963272,"C9H6BrNO","C#CC(=O)Nc1cccc(c1)Br","InChI=1S/C9H6BrNO/c1-2-9(12)11-8-5-3-4-7(10)6-8/h1,3-6H,(H,11,12)","OJMHFECEPQYCBK-UHFFFAOYSA-N"
37995116,"5-Bromo-6-isoquinolinol",222.963272,"C9H6BrNO","c1cc(c(c2c1cncc2)Br)O","InChI=1S/C9H6BrNO/c10-9-7-3-4-11-5-6(7)1-2-8(9)12/h1-5,12H","UAKCWZYJYLLDBJ-UHFFFAOYSA-N"
38001674,"4-(3-Bromo-2-furyl)pyridine",222.963272,"C9H6BrNO","c1cnccc1c2c(cco2)Br","InChI=1S/C9H6BrNO/c10-8-3-6-12-9(8)7-1-4-11-5-2-7/h1-6H","AVHFXTWTHMHSNC-UHFFFAOYSA-N"
38067585,"N-(4-Bromophenyl)-2-propynamide",222.963272,"C9H6BrNO","C#CC(=O)Nc1ccc(cc1)Br","InChI=1S/C9H6BrNO/c1-2-9(12)11-8-5-3-7(10)4-6-8/h1,3-6H,(H,11,12)","DLSAIHJYDZGSRO-UHFFFAOYSA-N"
39748279,"5-Chloro-N-(2-chloroethyl)-2-thiophenecarboxamide",222.96254,"C7H7Cl2NOS","c1cc(sc1C(=O)NCCCl)Cl","InChI=1S/C7H7Cl2NOS/c8-3-4-10-7(11)5-1-2-6(9)12-5/h1-2H,3-4H2,(H,10,11)","MIKPAJVCHWQKGR-UHFFFAOYSA-N"
40128206,"2-(2-Bromophenyl)-3-oxopropanenitrile",222.963272,"C9H6BrNO","c1ccc(c(c1)C(C=O)C#N)Br","InChI=1S/C9H6BrNO/c10-9-4-2-1-3-8(9)7(5-11)6-12/h1-4,6-7H","PRNKQJJETBWDPX-UHFFFAOYSA-N"
40258805,"4-(3-Bromophenyl)-1,3-oxazole",222.963272,"C9H6BrNO","c1cc(cc(c1)Br)c2cocn2","InChI=1S/C9H6BrNO/c10-8-3-1-2-7(4-8)9-5-12-6-11-9/h1-6H","VJXUSTRTDVCWSL-UHFFFAOYSA-N"
40899732,"1-(2-Amino-5-bromophenyl)-2-propyn-1-one",222.963272,"C9H6BrNO","C#CC(=O)c1cc(ccc1N)Br","InChI=1S/C9H6BrNO/c1-2-9(12)7-5-6(10)3-4-8(7)11/h1,3-5H,11H2","OZOAEBXEWGMXHJ-UHFFFAOYSA-N"
