"Identifier","CompoundName","MonoisotopicMass","MolecularFormula","SMILES","InChI","InChIKey"
94651,"Bosentan",551.183838,"C27H29N5O6S","CC(C)(C)c1ccc(cc1)S(=O)(=O)Nc2c(c(nc(n2)c3ncccn3)OCCO)Oc4ccccc4OC","InChI=1S/C27H29N5O6S/c1-27(2,3)18-10-12-19(13-11-18)39(34,35)32-23-22(38-21-9-6-5-8-20(21)36-4)26(37-17-16-33)31-25(30-23)24-28-14-7-15-29-24/h5-15,33H,16-17H2,1-4H3,(H,30,31,32)","GJPICJJJRGTNOD-UHFFFAOYSA-N"
156725,"N-(2-Naphthylsulfonyl)glycyl-4-carbamimidoyl-L-phenylalanyl-L-proline",551.183838,"C27H29N5O6S","[H]/N=C(/c1ccc(cc1)C[C@@H](C(=O)N2CCC[C@H]2C(=O)O)NC(=O)CNS(=O)(=O)c3ccc4ccccc4c3)\N","InChI=1S/C27H29N5O6S/c28-25(29)19-9-7-17(8-10-19)14-22(26(34)32-13-3-6-23(32)27(35)36)31-24(33)16-30-39(37,38)21-12-11-18-4-1-2-5-20(18)15-21/h1-2,4-5,7-12,15,22-23,30H,3,6,13-14,16H2,(H3,28,29)(H,31,33)(H,35,36)/t22-,23-/m0/s1","NEKDBZJKCQFOJS-GOTSBHOMSA-N"
338311,"2,5-Dioxo-1-pyrrolidinyl O-benzyltyrosylphenylalaninate hydrochloride (1:1)",551.182312,"C29H30ClN3O6","c1ccc(cc1)CC(C(=O)ON2C(=O)CCC2=O)NC(=O)C(Cc3ccc(cc3)OCc4ccccc4)N.Cl","InChI=1S/C29H29N3O6.ClH/c30-24(17-21-11-13-23(14-12-21)37-19-22-9-5-2-6-10-22)28(35)31-25(18-20-7-3-1-4-8-20)29(36)38-32-26(33)15-16-27(32)34;/h1-14,24-25H,15-19,30H2,(H,31,35);1H","DTXFPYVUDPZVKW-UHFFFAOYSA-N"
1852793,"1-(4-Cyclohexylphenyl)-2-({5-(4-methoxyphenyl)-4-[3-(trifluoromethyl)phenyl]-4H-1,2,4-triazol-3-yl}sulfanyl)ethanone",551.185425,"C30H28F3N3O2S","COc1ccc(cc1)c2nnc(n2c3cccc(c3)C(F)(F)F)SCC(=O)c4ccc(cc4)C5CCCCC5","InChI=1S/C30H28F3N3O2S/c1-38-26-16-14-23(15-17-26)28-34-35-29(36(28)25-9-5-8-24(18-25)30(31,32)33)39-19-27(37)22-12-10-21(11-13-22)20-6-3-2-4-7-20/h5,8-18,20H,2-4,6-7,19H2,1H3","KWMNBWKVAWAXFM-UHFFFAOYSA-N"
2232535,"4-{4-[(2-Chlorobenzyl)oxy]-3-methoxyphenyl}-6-methyl-N-(4-methylphenyl)-2-oxo-1,2,3,4-tetrahydro-5-pyrimidinecarboxamide acetate (1:1)",551.182312,"C29H30ClN3O6","Cc1ccc(cc1)NC(=O)C2=C(NC(=O)NC2c3ccc(c(c3)OC)OCc4ccccc4Cl)C.CC(=O)O","InChI=1S/C27H26ClN3O4.C2H4O2/c1-16-8-11-20(12-9-16)30-26(32)24-17(2)29-27(33)31-25(24)18-10-13-22(23(14-18)34-3)35-15-19-6-4-5-7-21(19)28;1-2(3)4/h4-14,25H,15H2,1-3H3,(H,30,32)(H2,29,31,33);1H3,(H,3,4)","JBIBQCORJUITST-UHFFFAOYSA-N"
2280042,"5-[2-(11-Ethyl-5-methyl-6-oxo-6,11-dihydro-5H-dipyrido[3,2-b:2',3'-e][1,4]diazepin-8-yl)ethoxy]-2-(methylsulfonyl)-1,2,3,4-tetrahydro-8-isoquinolinecarboxylic acid",551.183838,"C27H29N5O6S","CCN1c2c(cccn2)N(C(=O)c3c1ncc(c3)CCOc4ccc(c5c4CCN(C5)S(=O)(=O)C)C(=O)O)C","InChI=1S/C27H29N5O6S/c1-4-32-24-20(26(33)30(2)22-6-5-11-28-25(22)32)14-17(15-29-24)10-13-38-23-8-7-19(27(34)35)21-16-31(39(3,36)37)12-9-18(21)23/h5-8,11,14-15H,4,9-10,12-13,16H2,1-3H3,(H,34,35)","NLXCCDWCDRFIDH-UHFFFAOYSA-N"
2301978,"12-[3-(~125~I)Iodophenyl]dodecyl 2-(trimethylammonio)ethyl phosphate",551.181946,"C23H41INO4P","C[N+](C)(C)CCOP(=O)([O-])OCCCCCCCCCCCCc1cccc(c1)[125I]","InChI=1S/C23H41INO4P/c1-25(2,3)18-20-29-30(26,27)28-19-13-11-9-7-5-4-6-8-10-12-15-22-16-14-17-23(24)21-22/h14,16-17,21H,4-13,15,18-20H2,1-3H3/i24-2","NXYBYCLSPHNESC-XXFZXMJFSA-N"
2358321,"6-(2-{4-[(4-Chlorobenzyl)oxy]-3-methoxybenzylidene}hydrazino)-N,N'-diphenyl-1,3,5-triazine-2,4-diamine",551.183655,"C30H26ClN7O2","COc1cc(ccc1OCc2ccc(cc2)Cl)C=NNc3nc(nc(n3)Nc4ccccc4)Nc5ccccc5","InChI=1S/C30H26ClN7O2/c1-39-27-18-22(14-17-26(27)40-20-21-12-15-23(31)16-13-21)19-32-38-30-36-28(33-24-8-4-2-5-9-24)35-29(37-30)34-25-10-6-3-7-11-25/h2-19H,20H2,1H3,(H3,33,34,35,36,37,38)","RYZGGPJHNQMARB-UHFFFAOYSA-N"
2432045,"4-Amino-N~5~-(2,3-dihydro-1,4-benzodioxin-6-yl)-N~5~-{1-(4-methylphenyl)-2-oxo-2-[(tetrahydro-2-furanylmethyl)amino]ethyl}-1,2-thiazole-3,5-dicarboxamide",551.183838,"C27H29N5O6S","Cc1ccc(cc1)C(C(=O)NCC2CCCO2)N(c3ccc4c(c3)OCCO4)C(=O)c5c(c(ns5)C(=O)N)N","InChI=1S/C27H29N5O6S/c1-15-4-6-16(7-5-15)23(26(34)30-14-18-3-2-10-36-18)32(17-8-9-19-20(13-17)38-12-11-37-19)27(35)24-21(28)22(25(29)33)31-39-24/h4-9,13,18,23H,2-3,10-12,14,28H2,1H3,(H2,29,33)(H,30,34)","LEEGEPYAIONGQW-UHFFFAOYSA-N"
2436800,"4-Amino-N~5~-(1,3-benzodioxol-5-yl)-N~5~-[2-(cyclopentylamino)-1-(4-ethoxyphenyl)-2-oxoethyl]-1,2-thiazole-3,5-dicarboxamide",551.183838,"C27H29N5O6S","CCOc1ccc(cc1)C(C(=O)NC2CCCC2)N(c3ccc4c(c3)OCO4)C(=O)c5c(c(ns5)C(=O)N)N","InChI=1S/C27H29N5O6S/c1-2-36-18-10-7-15(8-11-18)23(26(34)30-16-5-3-4-6-16)32(17-9-12-19-20(13-17)38-14-37-19)27(35)24-21(28)22(25(29)33)31-39-24/h7-13,16,23H,2-6,14,28H2,1H3,(H2,29,33)(H,30,34)","KGPPNICQMKOJFH-UHFFFAOYSA-N"
2441720,"Cyclohexyl {[5-({2-[(4-fluorophenyl)amino]-1,3-thiazol-4-yl}methyl)-4-(2-phenylethyl)-4H-1,2,4-triazol-3-yl]sulfanyl}acetate",551.182495,"C28H30FN5O2S2","c1ccc(cc1)CCn2c(nnc2SCC(=O)OC3CCCCC3)Cc4csc(n4)Nc5ccc(cc5)F","InChI=1S/C28H30FN5O2S2/c29-21-11-13-22(14-12-21)30-27-31-23(18-37-27)17-25-32-33-28(34(25)16-15-20-7-3-1-4-8-20)38-19-26(35)36-24-9-5-2-6-10-24/h1,3-4,7-8,11-14,18,24H,2,5-6,9-10,15-17,19H2,(H,30,31)","PWNXQUNNOCGEJF-UHFFFAOYSA-N"
2441721,"Cyclohexyl {[4-(2,5-dimethylphenyl)-5-({2-[(4-fluorophenyl)amino]-1,3-thiazol-4-yl}methyl)-4H-1,2,4-triazol-3-yl]sulfanyl}acetate",551.182495,"C28H30FN5O2S2","Cc1ccc(c(c1)n2c(nnc2SCC(=O)OC3CCCCC3)Cc4csc(n4)Nc5ccc(cc5)F)C","InChI=1S/C28H30FN5O2S2/c1-18-8-9-19(2)24(14-18)34-25(15-22-16-37-27(31-22)30-21-12-10-20(29)11-13-21)32-33-28(34)38-17-26(35)36-23-6-4-3-5-7-23/h8-14,16,23H,3-7,15,17H2,1-2H3,(H,30,31)","FQWAEANTWQPTRL-UHFFFAOYSA-N"
2594854,"4-{2-[4-(2,5-Dimethylphenyl)-1-piperazinyl]-2-oxoethyl}-2-[4-(trifluoromethyl)benzylidene]-2H-1,4-benzothiazin-3(4H)-one",551.185425,"C30H28F3N3O2S","Cc1ccc(c(c1)N2CCN(CC2)C(=O)CN3c4ccccc4SC(=Cc5ccc(cc5)C(F)(F)F)C3=O)C","InChI=1S/C30H28F3N3O2S/c1-20-7-8-21(2)25(17-20)34-13-15-35(16-14-34)28(37)19-36-24-5-3-4-6-26(24)39-27(29(36)38)18-22-9-11-23(12-10-22)30(31,32)33/h3-12,17-18H,13-16,19H2,1-2H3","UJXNOJOMCFSIIQ-UHFFFAOYSA-N"
2597256,"5-[(3-Cyclohexyl-4-oxo-2-thioxo-1,3-thiazolidin-5-ylidene)methyl]-6-[4-(2-fluorophenyl)-1-piperazinyl]-1,4-dimethyl-2-oxo-1,2-dihydro-3-pyridinecarbonitrile",551.182495,"C28H30FN5O2S2","Cc1c(c(n(c(=O)c1C#N)C)N2CCN(CC2)c3ccccc3F)C=C4C(=O)N(C(=S)S4)C5CCCCC5","InChI=1S/C28H30FN5O2S2/c1-18-20(16-24-27(36)34(28(37)38-24)19-8-4-3-5-9-19)25(31(2)26(35)21(18)17-30)33-14-12-32(13-15-33)23-11-7-6-10-22(23)29/h6-7,10-11,16,19H,3-5,8-9,12-15H2,1-2H3","IMBQYEWRGJKKFP-UHFFFAOYSA-N"
2673263,"3-({2-Chloro-6-methoxy-4-[({3-methyl-2-[(4-methylbenzoyl)amino]butanoyl}hydrazono)methyl]phenoxy}methyl)benzoic acid",551.182312,"C29H30ClN3O6","Cc1ccc(cc1)C(=O)NC(C(C)C)C(=O)NN=Cc2cc(c(c(c2)Cl)OCc3cccc(c3)C(=O)O)OC","InChI=1S/C29H30ClN3O6/c1-17(2)25(32-27(34)21-10-8-18(3)9-11-21)28(35)33-31-15-20-13-23(30)26(24(14-20)38-4)39-16-19-6-5-7-22(12-19)29(36)37/h5-15,17,25H,16H2,1-4H3,(H,32,34)(H,33,35)(H,36,37)","MKIVLLKKMPKQDJ-UHFFFAOYSA-N"
2813585,"3,4-Dihydro-2(1H)-isoquinolinyl[2-({(4-methoxybenzyl)[3-(trifluoromethyl)benzyl]amino}methyl)-1,3-thiazol-4-yl]methanone",551.185425,"C30H28F3N3O2S","COc1ccc(cc1)CN(Cc2cccc(c2)C(F)(F)F)Cc3nc(cs3)C(=O)N4CCc5ccccc5C4","InChI=1S/C30H28F3N3O2S/c1-38-26-11-9-21(10-12-26)16-35(17-22-5-4-8-25(15-22)30(31,32)33)19-28-34-27(20-39-28)29(37)36-14-13-23-6-2-3-7-24(23)18-36/h2-12,15,20H,13-14,16-19H2,1H3","DMCPLTMSZYOMHF-UHFFFAOYSA-N"
2940746,"2-(4-{[({[(4-Acetamidophenyl)sulfonyl](methyl)amino}acetyl)hydrazono]methyl}phenoxy)-N-(4-methylphenyl)acetamide",551.183838,"C27H29N5O6S","Cc1ccc(cc1)NC(=O)COc2ccc(cc2)C=NNC(=O)CN(C)S(=O)(=O)c3ccc(cc3)NC(=O)C","InChI=1S/C27H29N5O6S/c1-19-4-8-23(9-5-19)30-27(35)18-38-24-12-6-21(7-13-24)16-28-31-26(34)17-32(3)39(36,37)25-14-10-22(11-15-25)29-20(2)33/h4-16H,17-18H2,1-3H3,(H,29,33)(H,30,35)(H,31,34)","OWUCMCQNARIIKF-UHFFFAOYSA-N"
3003470,"N-(2,4-Dimethylphenyl)-N-(2-{2-[2-(4-morpholinyl)-5-nitrobenzylidene]hydrazino}-2-oxoethyl)benzenesulfonamide",551.183838,"C27H29N5O6S","Cc1ccc(c(c1)C)N(CC(=O)NN=Cc2cc(ccc2N3CCOCC3)[N+](=O)[O-])S(=O)(=O)c4ccccc4","InChI=1S/C27H29N5O6S/c1-20-8-10-25(21(2)16-20)31(39(36,37)24-6-4-3-5-7-24)19-27(33)29-28-18-22-17-23(32(34)35)9-11-26(22)30-12-14-38-15-13-30/h3-11,16-18H,12-15,19H2,1-2H3,(H,29,33)","MNJOVQYEQCDIFN-UHFFFAOYSA-N"
3060518,"[2-(Allylsulfanyl)-3-pyridinyl][4-(4-{[4-(4-fluorophenyl)-1-piperazinyl]carbonyl}-1,3-thiazol-2-yl)-1-piperidinyl]methanone",551.182495,"C28H30FN5O2S2","C=CCSc1c(cccn1)C(=O)N2CCC(CC2)c3nc(cs3)C(=O)N4CCN(CC4)c5ccc(cc5)F","InChI=1S/C28H30FN5O2S2/c1-2-18-37-26-23(4-3-11-30-26)27(35)33-12-9-20(10-13-33)25-31-24(19-38-25)28(36)34-16-14-32(15-17-34)22-7-5-21(29)6-8-22/h2-8,11,19-20H,1,9-10,12-18H2","JQUDWJXQNXXXGS-UHFFFAOYSA-N"
3118670,"3-(3,4-Dichlorophenyl)-1-[2-(dimethylamino)ethyl]-1-{1-[3-(2-ethylphenyl)-4-oxo-3,4-dihydro-2-quinazolinyl]ethyl}urea",551.185486,"C29H31Cl2N5O2","CCc1ccccc1n2c(=O)c3ccccc3nc2C(C)N(CCN(C)C)C(=O)Nc4ccc(c(c4)Cl)Cl","InChI=1S/C29H31Cl2N5O2/c1-5-20-10-6-9-13-26(20)36-27(33-25-12-8-7-11-22(25)28(36)37)19(2)35(17-16-34(3)4)29(38)32-21-14-15-23(30)24(31)18-21/h6-15,18-19H,5,16-17H2,1-4H3,(H,32,38)","BHXZLMAJEBRPIK-UHFFFAOYSA-N"
3124232,"N-[1-(2-{4-[(2-Chlorobenzyl)oxy]-3-ethoxybenzylidene}hydrazino)-3-methyl-1-oxo-2-butanyl]-1,3-benzodioxole-5-carboxamide",551.182312,"C29H30ClN3O6","CCOc1cc(ccc1OCc2ccccc2Cl)C=NNC(=O)C(C(C)C)NC(=O)c3ccc4c(c3)OCO4","InChI=1S/C29H30ClN3O6/c1-4-36-25-13-19(9-11-23(25)37-16-21-7-5-6-8-22(21)30)15-31-33-29(35)27(18(2)3)32-28(34)20-10-12-24-26(14-20)39-17-38-24/h5-15,18,27H,4,16-17H2,1-3H3,(H,32,34)(H,33,35)","XFIDTOLDOMCXOC-UHFFFAOYSA-N"
3206945,"3-(3,4-Dichlorophenyl)-1-[2-(dimethylamino)ethyl]-1-{1-[3-(4-ethylphenyl)-4-oxo-3,4-dihydro-2-quinazolinyl]ethyl}urea",551.185486,"C29H31Cl2N5O2","CCc1ccc(cc1)n2c(=O)c3ccccc3nc2C(C)N(CCN(C)C)C(=O)Nc4ccc(c(c4)Cl)Cl","InChI=1S/C29H31Cl2N5O2/c1-5-20-10-13-22(14-11-20)36-27(33-26-9-7-6-8-23(26)28(36)37)19(2)35(17-16-34(3)4)29(38)32-21-12-15-24(30)25(31)18-21/h6-15,18-19H,5,16-17H2,1-4H3,(H,32,38)","OSUBLEMSKBXEAT-UHFFFAOYSA-N"
3253358,"6-(2-{4-[(2-Chlorobenzyl)oxy]-3-methoxybenzylidene}hydrazino)-N,N'-diphenyl-1,3,5-triazine-2,4-diamine",551.183655,"C30H26ClN7O2","COc1cc(ccc1OCc2ccccc2Cl)C=NNc3nc(nc(n3)Nc4ccccc4)Nc5ccccc5","InChI=1S/C30H26ClN7O2/c1-39-27-18-21(16-17-26(27)40-20-22-10-8-9-15-25(22)31)19-32-38-30-36-28(33-23-11-4-2-5-12-23)35-29(37-30)34-24-13-6-3-7-14-24/h2-19H,20H2,1H3,(H3,33,34,35,36,37,38)","NXFWACUOUJMINT-UHFFFAOYSA-N"
3343496,"N-benzyl-2-(2,3-dioxoindolin-1-yl)-N-(1-(4-fluorophenyl)-2-(4-methoxyphenylamino)-2-oxoethyl)acetamide",551.185669,"C32H26FN3O5","COc1ccc(cc1)NC(=O)C(c2ccc(cc2)F)N(Cc3ccccc3)C(=O)CN4c5ccccc5C(=O)C4=O","InChI=1S/C32H26FN3O5/c1-41-25-17-15-24(16-18-25)34-31(39)29(22-11-13-23(33)14-12-22)36(19-21-7-3-2-4-8-21)28(37)20-35-27-10-6-5-9-26(27)30(38)32(35)40/h2-18,29H,19-20H2,1H3,(H,34,39)","BGHRORFHFUUSIL-UHFFFAOYSA-N"
3443773,"N-(1-{1-[1-(2,4-Dichlorophenyl)-4,4-dimethyl-1-penten-3-yl]-1H-tetrazol-5-yl}cyclohexyl)-3-(trifluoromethyl)aniline",551.183044,"C27H30Cl2F3N5","CC(C)(C)C(C=Cc1ccc(cc1Cl)Cl)n2c(nnn2)C3(CCCCC3)Nc4cccc(c4)C(F)(F)F","InChI=1S/C27H30Cl2F3N5/c1-25(2,3)23(13-11-18-10-12-20(28)17-22(18)29)37-24(34-35-36-37)26(14-5-4-6-15-26)33-21-9-7-8-19(16-21)27(30,31)32/h7-13,16-17,23,33H,4-6,14-15H2,1-3H3","JQTBUNBSDAAZFX-UHFFFAOYSA-N"
3444735,"3-(2,3-Dichlorophenyl)-1-[2-(dimethylamino)ethyl]-1-{1-[3-(2-ethylphenyl)-4-oxo-3,4-dihydro-2-quinazolinyl]ethyl}urea",551.185486,"C29H31Cl2N5O2","CCc1ccccc1n2c(=O)c3ccccc3nc2C(C)N(CCN(C)C)C(=O)Nc4cccc(c4Cl)Cl","InChI=1S/C29H31Cl2N5O2/c1-5-20-11-6-9-16-25(20)36-27(32-23-14-8-7-12-21(23)28(36)37)19(2)35(18-17-34(3)4)29(38)33-24-15-10-13-22(30)26(24)31/h6-16,19H,5,17-18H2,1-4H3,(H,33,38)","PRIINBQFWXRZHN-UHFFFAOYSA-N"
3498004,"N-[1-(3,4-Dichlorophenyl)-3-(2-methyl-2-propanyl)-1H-pyrazol-5-yl]-N~2~-(1-naphthylcarbamoyl)-N~2~-propylglycinamide",551.185486,"C29H31Cl2N5O2","CCCN(CC(=O)Nc1cc(nn1c2ccc(c(c2)Cl)Cl)C(C)(C)C)C(=O)Nc3cccc4c3cccc4","InChI=1S/C29H31Cl2N5O2/c1-5-15-35(28(38)32-24-12-8-10-19-9-6-7-11-21(19)24)18-27(37)33-26-17-25(29(2,3)4)34-36(26)20-13-14-22(30)23(31)16-20/h6-14,16-17H,5,15,18H2,1-4H3,(H,32,38)(H,33,37)","VXWDPHWSRRGLDJ-UHFFFAOYSA-N"
3515596,"N-[1-(2-{4-[(4-Chlorobenzyl)oxy]-3-ethoxybenzylidene}hydrazino)-3-methyl-1-oxo-2-butanyl]-1,3-benzodioxole-5-carboxamide",551.182312,"C29H30ClN3O6","CCOc1cc(ccc1OCc2ccc(cc2)Cl)C=NNC(=O)C(C(C)C)NC(=O)c3ccc4c(c3)OCO4","InChI=1S/C29H30ClN3O6/c1-4-36-25-13-20(7-11-23(25)37-16-19-5-9-22(30)10-6-19)15-31-33-29(35)27(18(2)3)32-28(34)21-8-12-24-26(14-21)39-17-38-24/h5-15,18,27H,4,16-17H2,1-3H3,(H,32,34)(H,33,35)","OTQAERDBASSEPB-UHFFFAOYSA-N"
3696015,"4-[({6-[(2-Chlorobenzoyl)amino]hexanoyl}hydrazono)methyl]phenyl 3,4-dimethoxybenzoate",551.182312,"C29H30ClN3O6","COc1ccc(cc1OC)C(=O)Oc2ccc(cc2)C=NNC(=O)CCCCCNC(=O)c3ccccc3Cl","InChI=1S/C29H30ClN3O6/c1-37-25-16-13-21(18-26(25)38-2)29(36)39-22-14-11-20(12-15-22)19-32-33-27(34)10-4-3-7-17-31-28(35)23-8-5-6-9-24(23)30/h5-6,8-9,11-16,18-19H,3-4,7,10,17H2,1-2H3,(H,31,35)(H,33,34)","MDNLMRQSQGTLFK-UHFFFAOYSA-N"
3766244,"N-[1-(3,4-Dichlorophenyl)-3-(2-methyl-2-propanyl)-1H-pyrazol-5-yl]-N~2~-isopropyl-N~2~-(1-naphthylcarbamoyl)glycinamide",551.185486,"C29H31Cl2N5O2","CC(C)N(CC(=O)Nc1cc(nn1c2ccc(c(c2)Cl)Cl)C(C)(C)C)C(=O)Nc3cccc4c3cccc4","InChI=1S/C29H31Cl2N5O2/c1-18(2)35(28(38)32-24-12-8-10-19-9-6-7-11-21(19)24)17-27(37)33-26-16-25(29(3,4)5)34-36(26)20-13-14-22(30)23(31)15-20/h6-16,18H,17H2,1-5H3,(H,32,38)(H,33,37)","OEJAINAKNJKKGS-UHFFFAOYSA-N"
3792799,"2-({[4-(Benzyloxy)benzyl][3-(trifluoromethyl)benzyl]amino}methyl)-N-cyclopropyl-1,3-thiazole-4-carboxamide",551.185425,"C30H28F3N3O2S","c1ccc(cc1)COc2ccc(cc2)CN(Cc3cccc(c3)C(F)(F)F)Cc4nc(cs4)C(=O)NC5CC5","InChI=1S/C30H28F3N3O2S/c31-30(32,33)24-8-4-7-23(15-24)17-36(18-28-35-27(20-39-28)29(37)34-25-11-12-25)16-21-9-13-26(14-10-21)38-19-22-5-2-1-3-6-22/h1-10,13-15,20,25H,11-12,16-19H2,(H,34,37)","GDMQSTBZBVQKNC-UHFFFAOYSA-N"
3804331,"3-(2,3-Dichlorophenyl)-1-[2-(dimethylamino)ethyl]-1-{1-[3-(4-ethylphenyl)-4-oxo-3,4-dihydro-2-quinazolinyl]ethyl}urea",551.185486,"C29H31Cl2N5O2","CCc1ccc(cc1)n2c(=O)c3ccccc3nc2C(C)N(CCN(C)C)C(=O)Nc4cccc(c4Cl)Cl","InChI=1S/C29H31Cl2N5O2/c1-5-20-13-15-21(16-14-20)36-27(32-24-11-7-6-9-22(24)28(36)37)19(2)35(18-17-34(3)4)29(38)33-25-12-8-10-23(30)26(25)31/h6-16,19H,5,17-18H2,1-4H3,(H,33,38)","XHSSCQIKZSBALS-UHFFFAOYSA-N"
3820541,"2-[4-(4-Fluorophenyl)-1-piperazinyl]-3-[(3-hexyl-4-oxo-2-thioxo-1,3-thiazolidin-5-ylidene)methyl]-4H-pyrido[1,2-a]pyrimidin-4-one",551.182495,"C28H30FN5O2S2","CCCCCCN1C(=O)C(=Cc2c(nc3ccccn3c2=O)N4CCN(CC4)c5ccc(cc5)F)SC1=S","InChI=1S/C28H30FN5O2S2/c1-2-3-4-6-14-34-27(36)23(38-28(34)37)19-22-25(30-24-8-5-7-13-33(24)26(22)35)32-17-15-31(16-18-32)21-11-9-20(29)10-12-21/h5,7-13,19H,2-4,6,14-18H2,1H3","IENBJEMRUADEFL-UHFFFAOYSA-N"
3820672,"2-[4-(4-Fluorophenyl)-1-piperazinyl]-9-methyl-3-[(4-oxo-3-pentyl-2-thioxo-1,3-thiazolidin-5-ylidene)methyl]-4H-pyrido[1,2-a]pyrimidin-4-one",551.182495,"C28H30FN5O2S2","CCCCCN1C(=O)C(=Cc2c(nc3c(cccn3c2=O)C)N4CCN(CC4)c5ccc(cc5)F)SC1=S","InChI=1S/C28H30FN5O2S2/c1-3-4-5-12-34-27(36)23(38-28(34)37)18-22-25(30-24-19(2)7-6-13-33(24)26(22)35)32-16-14-31(15-17-32)21-10-8-20(29)9-11-21/h6-11,13,18H,3-5,12,14-17H2,1-2H3","VJZFAKONGPIXJR-UHFFFAOYSA-N"
3820992,"2-[4-(4-Fluorophenyl)-1-piperazinyl]-7-methyl-3-[(4-oxo-3-pentyl-2-thioxo-1,3-thiazolidin-5-ylidene)methyl]-4H-pyrido[1,2-a]pyrimidin-4-one",551.182495,"C28H30FN5O2S2","CCCCCN1C(=O)C(=Cc2c(nc3ccc(cn3c2=O)C)N4CCN(CC4)c5ccc(cc5)F)SC1=S","InChI=1S/C28H30FN5O2S2/c1-3-4-5-12-33-27(36)23(38-28(33)37)17-22-25(30-24-11-6-19(2)18-34(24)26(22)35)32-15-13-31(14-16-32)21-9-7-20(29)8-10-21/h6-11,17-18H,3-5,12-16H2,1-2H3","ZSZBLWWOLSOCNR-UHFFFAOYSA-N"
3825291,"2-[4-(2-Fluorophenyl)-1-piperazinyl]-9-methyl-3-{[3-(3-methylbutyl)-4-oxo-2-thioxo-1,3-thiazolidin-5-ylidene]methyl}-4H-pyrido[1,2-a]pyrimidin-4-one",551.182495,"C28H30FN5O2S2","Cc1cccn2c1nc(c(c2=O)C=C3C(=O)N(C(=S)S3)CCC(C)C)N4CCN(CC4)c5ccccc5F","InChI=1S/C28H30FN5O2S2/c1-18(2)10-12-34-27(36)23(38-28(34)37)17-20-25(30-24-19(3)7-6-11-33(24)26(20)35)32-15-13-31(14-16-32)22-9-5-4-8-21(22)29/h4-9,11,17-18H,10,12-16H2,1-3H3","QOIPSIJGALPDHN-UHFFFAOYSA-N"
3825292,"2-[4-(2-Fluorophenyl)-1-piperazinyl]-9-methyl-3-[(4-oxo-3-pentyl-2-thioxo-1,3-thiazolidin-5-ylidene)methyl]-4H-pyrido[1,2-a]pyrimidin-4-one",551.182495,"C28H30FN5O2S2","CCCCCN1C(=O)C(=Cc2c(nc3c(cccn3c2=O)C)N4CCN(CC4)c5ccccc5F)SC1=S","InChI=1S/C28H30FN5O2S2/c1-3-4-7-12-34-27(36)23(38-28(34)37)18-20-25(30-24-19(2)9-8-13-33(24)26(20)35)32-16-14-31(15-17-32)22-11-6-5-10-21(22)29/h5-6,8-11,13,18H,3-4,7,12,14-17H2,1-2H3","SMYQWPRBLXHEQL-UHFFFAOYSA-N"
3825516,"2-[4-(2-Fluorophenyl)-1-piperazinyl]-3-[(3-hexyl-4-oxo-2-thioxo-1,3-thiazolidin-5-ylidene)methyl]-4H-pyrido[1,2-a]pyrimidin-4-one",551.182495,"C28H30FN5O2S2","CCCCCCN1C(=O)C(=Cc2c(nc3ccccn3c2=O)N4CCN(CC4)c5ccccc5F)SC1=S","InChI=1S/C28H30FN5O2S2/c1-2-3-4-8-14-34-27(36)23(38-28(34)37)19-20-25(30-24-12-7-9-13-33(24)26(20)35)32-17-15-31(16-18-32)22-11-6-5-10-21(22)29/h5-7,9-13,19H,2-4,8,14-18H2,1H3","RVQBHTQWEAMIDN-UHFFFAOYSA-N"
3825713,"2-[4-(2-Fluorophenyl)-1-piperazinyl]-7-methyl-3-[(4-oxo-3-pentyl-2-thioxo-1,3-thiazolidin-5-ylidene)methyl]-4H-pyrido[1,2-a]pyrimidin-4-one",551.182495,"C28H30FN5O2S2","CCCCCN1C(=O)C(=Cc2c(nc3ccc(cn3c2=O)C)N4CCN(CC4)c5ccccc5F)SC1=S","InChI=1S/C28H30FN5O2S2/c1-3-4-7-12-33-27(36)23(38-28(33)37)17-20-25(30-24-11-10-19(2)18-34(24)26(20)35)32-15-13-31(14-16-32)22-9-6-5-8-21(22)29/h5-6,8-11,17-18H,3-4,7,12-16H2,1-2H3","FNGLFZDAGHDABR-UHFFFAOYSA-N"
3825714,"2-[4-(2-Fluorophenyl)-1-piperazinyl]-7-methyl-3-{[3-(3-methylbutyl)-4-oxo-2-thioxo-1,3-thiazolidin-5-ylidene]methyl}-4H-pyrido[1,2-a]pyrimidin-4-one",551.182495,"C28H30FN5O2S2","Cc1ccc2nc(c(c(=O)n2c1)C=C3C(=O)N(C(=S)S3)CCC(C)C)N4CCN(CC4)c5ccccc5F","InChI=1S/C28H30FN5O2S2/c1-18(2)10-11-33-27(36)23(38-28(33)37)16-20-25(30-24-9-8-19(3)17-34(24)26(20)35)32-14-12-31(13-15-32)22-7-5-4-6-21(22)29/h4-9,16-18H,10-15H2,1-3H3","ANBDOEJXKUCZGK-UHFFFAOYSA-N"
3875439,"Oxonium, [(3Z)-1-methyl-3-oxonio-3-phenylpropylidene]-, (E)- (E)-(1-methyl-3-oxonio-3-phenylpropylidene)oxonium [(3Z)-1-methyl-3-oxonio-3-phenylpropylidene]oxonium, cobalt salt (1:1:1:1)",551.181091,"C30H36CoO6","[H]/[O+]=C(/C/C(=[O+]/[H])/c1ccccc1)\C.[H]/[O+]=C(/C/C(=[O+]/[H])/c1ccccc1)\C.[H]/[O+]=C(/C/C(=[O+]/[H])/c1ccccc1)\C.[Co]","InChI=1S/3C10H10O2.Co/c3*1-8(11)7-10(12)9-5-3-2-4-6-9;/h3*2-6H,7H2,1H3;/p+6","XSELEKFIBJQKDJ-UHFFFAOYSA-T"
4337988,"2-(2,3-dioxoindolin-1-yl)-N-(2-fluorobenzyl)-N-(2-(4-methoxyphenylamino)-2-oxo-1-phenylethyl)acetamide",551.185669,"C32H26FN3O5","COc1ccc(cc1)NC(=O)C(c2ccccc2)N(Cc3ccccc3F)C(=O)CN4c5ccccc5C(=O)C4=O","InChI=1S/C32H26FN3O5/c1-41-24-17-15-23(16-18-24)34-31(39)29(21-9-3-2-4-10-21)36(19-22-11-5-7-13-26(22)33)28(37)20-35-27-14-8-6-12-25(27)30(38)32(35)40/h2-18,29H,19-20H2,1H3,(H,34,39)","OWAKQBAASPHMGU-UHFFFAOYSA-N"
4429489,"5-[(3-Cyclohexyl-4-oxo-2-thioxo-1,3-thiazolidin-5-ylidene)methyl]-6-[4-(4-fluorophenyl)-1-piperazinyl]-1,4-dimethyl-2-oxo-1,2-dihydro-3-pyridinecarbonitrile",551.182495,"C28H30FN5O2S2","Cc1c(c(n(c(=O)c1C#N)C)N2CCN(CC2)c3ccc(cc3)F)C=C4C(=O)N(C(=S)S4)C5CCCCC5","InChI=1S/C28H30FN5O2S2/c1-18-22(16-24-27(36)34(28(37)38-24)21-6-4-3-5-7-21)25(31(2)26(35)23(18)17-30)33-14-12-32(13-15-33)20-10-8-19(29)9-11-20/h8-11,16,21H,3-7,12-15H2,1-2H3","BZPKKDJZFTVTFV-UHFFFAOYSA-N"
4430099,"5-[(3-Cyclopentyl-4-oxo-2-thioxo-1,3-thiazolidin-5-ylidene)methyl]-1-ethyl-6-[4-(2-fluorophenyl)-1-piperazinyl]-4-methyl-2-oxo-1,2-dihydro-3-pyridinecarbonitrile",551.182495,"C28H30FN5O2S2","CCn1c(c(c(c(c1=O)C#N)C)C=C2C(=O)N(C(=S)S2)C3CCCC3)N4CCN(CC4)c5ccccc5F","InChI=1S/C28H30FN5O2S2/c1-3-33-25(32-14-12-31(13-15-32)23-11-7-6-10-22(23)29)20(18(2)21(17-30)26(33)35)16-24-27(36)34(28(37)38-24)19-8-4-5-9-19/h6-7,10-11,16,19H,3-5,8-9,12-15H2,1-2H3","USYJUUMTGXCWCR-UHFFFAOYSA-N"
4430159,"5-[(3-Cyclopentyl-4-oxo-2-thioxo-1,3-thiazolidin-5-ylidene)methyl]-1-ethyl-6-[4-(4-fluorophenyl)-1-piperazinyl]-4-methyl-2-oxo-1,2-dihydro-3-pyridinecarbonitrile",551.182495,"C28H30FN5O2S2","CCn1c(c(c(c(c1=O)C#N)C)C=C2C(=O)N(C(=S)S2)C3CCCC3)N4CCN(CC4)c5ccc(cc5)F","InChI=1S/C28H30FN5O2S2/c1-3-33-25(32-14-12-31(13-15-32)20-10-8-19(29)9-11-20)22(18(2)23(17-30)26(33)35)16-24-27(36)34(28(37)38-24)21-6-4-5-7-21/h8-11,16,21H,3-7,12-15H2,1-2H3","MLKSDPJGDOZQOP-UHFFFAOYSA-N"
4431916,"5-[(3-Allyl-4-oxo-2-thioxo-1,3-thiazolidin-5-ylidene)methyl]-1-butyl-6-[4-(2-fluorophenyl)-1-piperazinyl]-4-methyl-2-oxo-1,2-dihydro-3-pyridinecarbonitrile",551.182495,"C28H30FN5O2S2","CCCCn1c(c(c(c(c1=O)C#N)C)C=C2C(=O)N(C(=S)S2)CC=C)N3CCN(CC3)c4ccccc4F","InChI=1S/C28H30FN5O2S2/c1-4-6-12-33-25(32-15-13-31(14-16-32)23-10-8-7-9-22(23)29)20(19(3)21(18-30)26(33)35)17-24-27(36)34(11-5-2)28(37)38-24/h5,7-10,17H,2,4,6,11-16H2,1,3H3","HXYYPIWYBWMQDI-UHFFFAOYSA-N"
4431975,"5-[(3-Allyl-4-oxo-2-thioxo-1,3-thiazolidin-5-ylidene)methyl]-1-butyl-6-[4-(4-fluorophenyl)-1-piperazinyl]-4-methyl-2-oxo-1,2-dihydro-3-pyridinecarbonitrile",551.182495,"C28H30FN5O2S2","CCCCn1c(c(c(c(c1=O)C#N)C)C=C2C(=O)N(C(=S)S2)CC=C)N3CCN(CC3)c4ccc(cc4)F","InChI=1S/C28H30FN5O2S2/c1-4-6-12-33-25(32-15-13-31(14-16-32)21-9-7-20(29)8-10-21)22(19(3)23(18-30)26(33)35)17-24-27(36)34(11-5-2)28(37)38-24/h5,7-10,17H,2,4,6,11-16H2,1,3H3","VLWMVCBRCRXRMZ-UHFFFAOYSA-N"
4485883,"3-(2,6-Dichlorophenyl)-1-methyl-7-({4-[3-(4-methyl-1-piperazinyl)propoxy]phenyl}amino)-1,6-naphthyridin-2(1H)-one",551.185486,"C29H31Cl2N5O2","Cn1c2cc(ncc2cc(c1=O)c3c(cccc3Cl)Cl)Nc4ccc(cc4)OCCCN5CCN(CC5)C","InChI=1S/C29H31Cl2N5O2/c1-34-12-14-36(15-13-34)11-4-16-38-22-9-7-21(8-10-22)33-27-18-26-20(19-32-27)17-23(29(37)35(26)2)28-24(30)5-3-6-25(28)31/h3,5-10,17-19H,4,11-16H2,1-2H3,(H,32,33)","PQZDDSNPXGLODE-UHFFFAOYSA-N"
4682659,"6-[(2Z)-2-{4-[(4-Chlorobenzyl)oxy]-3-methoxybenzylidene}hydrazino]-N,N'-diphenyl-1,3,5-triazine-2,4-diamine",551.183655,"C30H26ClN7O2","COc1cc(ccc1OCc2ccc(cc2)Cl)/C=N\Nc3nc(nc(n3)Nc4ccccc4)Nc5ccccc5","InChI=1S/C30H26ClN7O2/c1-39-27-18-22(14-17-26(27)40-20-21-12-15-23(31)16-13-21)19-32-38-30-36-28(33-24-8-4-2-5-9-24)35-29(37-30)34-25-10-6-3-7-11-25/h2-19H,20H2,1H3,(H3,33,34,35,36,37,38)/b32-19-","RYZGGPJHNQMARB-MZFJOGFUSA-N"
4701425,"2,7-Bis(3-methylphenyl)-4-[(3-methylphenyl)amino]benzo[lmn][3,8]phenanthroline-1,3,6,8(2H,7H)-tetrone",551.184509,"C35H25N3O4","Cc1cccc(c1)Nc2cc3c4c(ccc5c4c2C(=O)N(C5=O)c6cccc(c6)C)C(=O)N(C3=O)c7cccc(c7)C","InChI=1S/C35H25N3O4/c1-19-7-4-10-22(15-19)36-28-18-27-29-25(32(39)37(34(27)41)23-11-5-8-20(2)16-23)13-14-26-30(29)31(28)35(42)38(33(26)40)24-12-6-9-21(3)17-24/h4-18,36H,1-3H3","MIEZCRJQPCSSRP-UHFFFAOYSA-N"
4706286,"5-[(Z)-(3-Cyclohexyl-4-oxo-2-thioxo-1,3-thiazolidin-5-ylidene)methyl]-6-[4-(2-fluorophenyl)-1-piperazinyl]-1,4-dimethyl-2-oxo-1,2-dihydro-3-pyridinecarbonitrile",551.182495,"C28H30FN5O2S2","Cc1c(c(n(c(=O)c1C#N)C)N2CCN(CC2)c3ccccc3F)/C=C\4/C(=O)N(C(=S)S4)C5CCCCC5","InChI=1S/C28H30FN5O2S2/c1-18-20(16-24-27(36)34(28(37)38-24)19-8-4-3-5-9-19)25(31(2)26(35)21(18)17-30)33-14-12-32(13-15-33)23-11-7-6-10-22(23)29/h6-7,10-11,16,19H,3-5,8-9,12-15H2,1-2H3/b24-16-","IMBQYEWRGJKKFP-JLPGSUDCSA-N"
4789076,"N-(1-{1-[(1E)-1-(2,4-Dichlorophenyl)-4,4-dimethyl-1-penten-3-yl]-1H-tetrazol-5-yl}cyclohexyl)-3-(trifluoromethyl)aniline",551.183044,"C27H30Cl2F3N5","CC(C)(C)C(/C=C/c1ccc(cc1Cl)Cl)n2c(nnn2)C3(CCCCC3)Nc4cccc(c4)C(F)(F)F","InChI=1S/C27H30Cl2F3N5/c1-25(2,3)23(13-11-18-10-12-20(28)17-22(18)29)37-24(34-35-36-37)26(14-5-4-6-15-26)33-21-9-7-8-19(16-21)27(30,31)32/h7-13,16-17,23,33H,4-6,14-15H2,1-3H3/b13-11+","JQTBUNBSDAAZFX-ACCUITESSA-N"
4806879,"6,6-Dimethyl-2-[(4-nitrobenzyl)sulfanyl]-9-(2,3,4-trimethoxyphenyl)-5,6,7,9-tetrahydro[1,2,4]triazolo[5,1-b]quinazolin-8(1H)-one",551.183838,"C27H29N5O6S","[O-][N+](=O)c1ccc(cc1)CS\C4=N\C3=N\C2=C(\C(=O)CC(C2)(C)C)C(N3N4)c5ccc(OC)c(OC)c5OC","InChI=1S/C27H29N5O6S/c1-27(2)12-18-21(19(33)13-27)22(17-10-11-20(36-3)24(38-5)23(17)37-4)31-25(28-18)29-26(30-31)39-14-15-6-8-16(9-7-15)32(34)35/h6-11,22H,12-14H2,1-5H3,(H,28,29,30)","ZHYCASLDOJMKSI-UHFFFAOYSA-N"
4830492,"2-[4-(2-Fluorophenyl)-1-piperazinyl]-9-methyl-3-{(Z)-[3-(3-methylbutyl)-4-oxo-2-thioxo-1,3-thiazolidin-5-ylidene]methyl}-4H-pyrido[1,2-a]pyrimidin-4-one",551.182495,"C28H30FN5O2S2","S=C1S/C(C(=O)N1CCC(C)C)=CC/3=C(/N=C2/C(=C\C=C/N2C\3=O)C)N5CCN(c4ccccc4F)CC5","InChI=1S/C28H30FN5O2S2/c1-18(2)10-12-34-27(36)23(38-28(34)37)17-20-25(30-24-19(3)7-6-11-33(24)26(20)35)32-15-13-31(14-16-32)22-9-5-4-8-21(22)29/h4-9,11,17-18H,10,12-16H2,1-3H3","QOIPSIJGALPDHN-UHFFFAOYSA-N"
4830493,"2-[4-(2-Fluorophenyl)-1-piperazinyl]-9-methyl-3-[(Z)-(4-oxo-3-pentyl-2-thioxo-1,3-thiazolidin-5-ylidene)methyl]-4H-pyrido[1,2-a]pyrimidin-4-one",551.182495,"C28H30FN5O2S2","S=C1S/C(C(=O)N1CCCCC)=CC/3=C(/N=C2/C(=C\C=C/N2C\3=O)C)N5CCN(c4ccccc4F)CC5","InChI=1S/C28H30FN5O2S2/c1-3-4-7-12-34-27(36)23(38-28(34)37)18-20-25(30-24-19(2)9-8-13-33(24)26(20)35)32-16-14-31(15-17-32)22-11-6-5-10-21(22)29/h5-6,8-11,13,18H,3-4,7,12,14-17H2,1-2H3","SMYQWPRBLXHEQL-UHFFFAOYSA-N"
4830516,"2-[4-(2-Fluorophenyl)-1-piperazinyl]-3-[(Z)-(3-hexyl-4-oxo-2-thioxo-1,3-thiazolidin-5-ylidene)methyl]-4H-pyrido[1,2-a]pyrimidin-4-one",551.182495,"C28H30FN5O2S2","S=C1S/C(C(=O)N1CCCCCC)=CC/3=C(/N=C2/C=C\C=C/N2C\3=O)N5CCN(c4ccccc4F)CC5","InChI=1S/C28H30FN5O2S2/c1-2-3-4-8-14-34-27(36)23(38-28(34)37)19-20-25(30-24-12-7-9-13-33(24)26(20)35)32-17-15-31(16-18-32)22-11-6-5-10-21(22)29/h5-7,9-13,19H,2-4,8,14-18H2,1H3","RVQBHTQWEAMIDN-UHFFFAOYSA-N"
4830528,"2-[4-(2-Fluorophenyl)-1-piperazinyl]-7-methyl-3-[(Z)-(4-oxo-3-pentyl-2-thioxo-1,3-thiazolidin-5-ylidene)methyl]-4H-pyrido[1,2-a]pyrimidin-4-one",551.182495,"C28H30FN5O2S2","S=C1S/C(C(=O)N1CCCCC)=CC/3=C(/N=C2/C=C\C(=C/N2C\3=O)C)N5CCN(c4ccccc4F)CC5","InChI=1S/C28H30FN5O2S2/c1-3-4-7-12-33-27(36)23(38-28(33)37)17-20-25(30-24-11-10-19(2)18-34(24)26(20)35)32-15-13-31(14-16-32)22-9-6-5-8-21(22)29/h5-6,8-11,17-18H,3-4,7,12-16H2,1-2H3","FNGLFZDAGHDABR-UHFFFAOYSA-N"
4830529,"2-[4-(2-Fluorophenyl)-1-piperazinyl]-7-methyl-3-{(Z)-[3-(3-methylbutyl)-4-oxo-2-thioxo-1,3-thiazolidin-5-ylidene]methyl}-4H-pyrido[1,2-a]pyrimidin-4-one",551.182495,"C28H30FN5O2S2","S=C1S/C(C(=O)N1CCC(C)C)=CC/3=C(/N=C2/C=C\C(=C/N2C\3=O)C)N5CCN(c4ccccc4F)CC5","InChI=1S/C28H30FN5O2S2/c1-18(2)10-11-33-27(36)23(38-28(33)37)16-20-25(30-24-9-8-19(3)17-34(24)26(20)35)32-14-12-31(13-15-32)22-7-5-4-6-21(22)29/h4-9,16-18H,10-15H2,1-3H3","ANBDOEJXKUCZGK-UHFFFAOYSA-N"
4945831,"Methyl (2R,3R,3aS,4aR,5S,6S,7S,8aR,9aR)-2-(6-amino-9H-purin-9-yl)-4a,6-dihydroxy-5-{[(2E)-2-(hydroxymethyl)-2-butenoyl]oxy}-3-methoxydecahydrofuro[3,2-b]pyrano[2,3-e]pyran-7-carboxylate",551.18634,"C23H29N5O11","C/C=C(\CO)/C(=O)O[C@H]1[C@@H]([C@H](O[C@H]2[C@]1(O[C@H]3[C@@H](C2)O[C@H]([C@@H]3OC)n4cnc5c4ncnc5N)O)C(=O)OC)O","InChI=1S/C23H29N5O11/c1-4-9(6-29)21(31)38-17-13(30)15(22(32)35-3)37-11-5-10-14(39-23(11,17)33)16(34-2)20(36-10)28-8-27-12-18(24)25-7-26-19(12)28/h4,7-8,10-11,13-17,20,29-30,33H,5-6H2,1-3H3,(H2,24,25,26)/b9-4+/t10-,11-,13-,14+,15+,16-,17+,20-,23-/m1/s1","LOWKANMKNQBRPJ-MRAUHCMASA-N"
5048536,"N-[2-(3,4-Dimethoxyphenyl)ethyl]-3-[2-({2-[(5-methyl-1,2-oxazol-3-yl)amino]-2-oxoethyl}sulfanyl)-4-oxo-3(4H)-quinazolinyl]propanamide",551.183838,"C27H29N5O6S","Cc1cc(no1)NC(=O)CSc2nc3ccccc3c(=O)n2CCC(=O)NCCc4ccc(c(c4)OC)OC","InChI=1S/C27H29N5O6S/c1-17-14-23(31-38-17)30-25(34)16-39-27-29-20-7-5-4-6-19(20)26(35)32(27)13-11-24(33)28-12-10-18-8-9-21(36-2)22(15-18)37-3/h4-9,14-15H,10-13,16H2,1-3H3,(H,28,33)(H,30,31,34)","ZPIVTTINXIKAQL-UHFFFAOYSA-N"
5367017,"N-(1-{1-[(1E,3S)-1-(2,4-Dichlorophenyl)-4,4-dimethyl-1-penten-3-yl]-1H-tetrazol-5-yl}cyclohexyl)-3-(trifluoromethyl)aniline",551.183044,"C27H30Cl2F3N5","FC(F)(F)c1cc(ccc1)NC4(c2nnnn2[C@@H](\C=C\c3ccc(Cl)cc3Cl)C(C)(C)C)CCCCC4","InChI=1S/C27H30Cl2F3N5/c1-25(2,3)23(13-11-18-10-12-20(28)17-22(18)29)37-24(34-35-36-37)26(14-5-4-6-15-26)33-21-9-7-8-19(16-21)27(30,31)32/h7-13,16-17,23,33H,4-6,14-15H2,1-3H3/b13-11+/t23-/m0/s1","JQTBUNBSDAAZFX-BWSGXRDBSA-N"
5493664,"N-(1-{1-[(1E,3R)-1-(2,4-Dichlorophenyl)-4,4-dimethyl-1-penten-3-yl]-1H-tetrazol-5-yl}cyclohexyl)-3-(trifluoromethyl)aniline",551.183044,"C27H30Cl2F3N5","FC(F)(F)c1cc(ccc1)NC4(c2nnnn2[C@H](\C=C\c3ccc(Cl)cc3Cl)C(C)(C)C)CCCCC4","InChI=1S/C27H30Cl2F3N5/c1-25(2,3)23(13-11-18-10-12-20(28)17-22(18)29)37-24(34-35-36-37)26(14-5-4-6-15-26)33-21-9-7-8-19(16-21)27(30,31)32/h7-13,16-17,23,33H,4-6,14-15H2,1-3H3/b13-11+/t23-/m1/s1","JQTBUNBSDAAZFX-ABSORMQESA-N"
7865809,"6-[(2E)-2-{4-[(4-Chlorobenzyl)oxy]-3-methoxybenzylidene}hydrazino]-N,N'-diphenyl-1,3,5-triazine-2,4-diamine",551.183655,"C30H26ClN7O2","Clc1ccc(cc1)COc2ccc(cc2OC)/C=N/Nc3nc(nc(n3)Nc4ccccc4)Nc5ccccc5","InChI=1S/C30H26ClN7O2/c1-39-27-18-22(14-17-26(27)40-20-21-12-15-23(31)16-13-21)19-32-38-30-36-28(33-24-8-4-2-5-9-24)35-29(37-30)34-25-10-6-3-7-11-25/h2-19H,20H2,1H3,(H3,33,34,35,36,37,38)/b32-19+","RYZGGPJHNQMARB-BIZUNTBRSA-N"
7874498,"4-[(2-chlorobenzyl)oxy]-3-methoxybenzaldehyde (4,6-dianilino-1,3,5-triazin-2-yl)hydrazone",551.183655,"C30H26ClN7O2","Clc1ccccc1COc2ccc(cc2OC)/C=N/Nc3nc(nc(n3)Nc4ccccc4)Nc5ccccc5","InChI=1S/C30H26ClN7O2/c1-39-27-18-21(16-17-26(27)40-20-22-10-8-9-15-25(22)31)19-32-38-30-36-28(33-23-11-4-2-5-12-23)35-29(37-30)34-24-13-6-3-7-14-24/h2-19H,20H2,1H3,(H3,33,34,35,36,37,38)/b32-19+","NXFWACUOUJMINT-BIZUNTBRSA-N"
7909073,"N-(2,4-Dimethylphenyl)-N-(2-{(2E)-2-[2-(4-morpholinyl)-5-nitrobenzylidene]hydrazino}-2-oxoethyl)benzenesulfonamide",551.183838,"C27H29N5O6S","O=S(=O)(c1ccccc1)N(c2ccc(cc2C)C)CC(=O)N\N=C\c3cc([N+]([O-])=O)ccc3N4CCOCC4","InChI=1S/C27H29N5O6S/c1-20-8-10-25(21(2)16-20)31(39(36,37)24-6-4-3-5-7-24)19-27(33)29-28-18-22-17-23(32(34)35)9-11-26(22)30-12-14-38-15-13-30/h3-11,16-18H,12-15,19H2,1-2H3,(H,29,33)/b28-18+","MNJOVQYEQCDIFN-MTDXEUNCSA-N"
7914893,"N-{4-[(2-{(2E)-2-[1-(3-Acetamidophenyl)ethylidene]hydrazino}-2-oxoethyl)(4-methoxyphenyl)sulfamoyl]phenyl}acetamide",551.183838,"C27H29N5O6S","O=C(Nc1cccc(c1)/C(=N/NC(=O)CN(c2ccc(OC)cc2)S(=O)(=O)c3ccc(NC(=O)C)cc3)C)C","InChI=1S/C27H29N5O6S/c1-18(21-6-5-7-23(16-21)29-20(3)34)30-31-27(35)17-32(24-10-12-25(38-4)13-11-24)39(36,37)26-14-8-22(9-15-26)28-19(2)33/h5-16H,17H2,1-4H3,(H,28,33)(H,29,34)(H,31,35)/b30-18+","QOWFPVMZLPHLPX-UXHLAJHPSA-N"
7947027,"4-[(E)-({6-[(2-Chlorobenzoyl)amino]hexanoyl}hydrazono)methyl]phenyl 3,4-dimethoxybenzoate",551.182312,"C29H30ClN3O6","O=C(c1ccccc1Cl)NCCCCCC(=O)N/N=C/c3ccc(OC(=O)c2ccc(OC)c(OC)c2)cc3","InChI=1S/C29H30ClN3O6/c1-37-25-16-13-21(18-26(25)38-2)29(36)39-22-14-11-20(12-15-22)19-32-33-27(34)10-4-3-7-17-31-28(35)23-8-5-6-9-24(23)30/h5-6,8-9,11-16,18-19H,3-4,7,10,17H2,1-2H3,(H,31,35)(H,33,34)/b32-19+","MDNLMRQSQGTLFK-BIZUNTBRSA-N"
7983389,"N-(2-Naphthylsulfonyl)-3-({4-[3-oxo-3-(1,4,5,6-tetrahydro-2-pyrimidinylamino)propyl]benzoyl}amino)-L-alanine",551.183838,"C27H29N5O6S","O=C(N/C1=N/CCCN1)CCc4ccc(C(=O)NC[C@@H](C(=O)O)NS(=O)(=O)c3cc2ccccc2cc3)cc4","InChI=1S/C27H29N5O6S/c33-24(31-27-28-14-3-15-29-27)13-8-18-6-9-20(10-7-18)25(34)30-17-23(26(35)36)32-39(37,38)22-12-11-19-4-1-2-5-21(19)16-22/h1-2,4-7,9-12,16,23,32H,3,8,13-15,17H2,(H,30,34)(H,35,36)(H2,28,29,31,33)/t23-/m0/s1","BMJJWLBFIGFKFB-QHCPKHFHSA-N"
7983390,"N-(2-Naphthylsulfonyl)-3-({4-[3-oxo-3-(1,4,5,6-tetrahydro-2-pyrimidinylamino)propyl]benzoyl}amino)alanine",551.183838,"C27H29N5O6S","O=C(N/C1=N/CCCN1)CCc4ccc(C(=O)NCC(C(=O)O)NS(=O)(=O)c3cc2ccccc2cc3)cc4","InChI=1S/C27H29N5O6S/c33-24(31-27-28-14-3-15-29-27)13-8-18-6-9-20(10-7-18)25(34)30-17-23(26(35)36)32-39(37,38)22-12-11-19-4-1-2-5-21(19)16-22/h1-2,4-7,9-12,16,23,32H,3,8,13-15,17H2,(H,30,34)(H,35,36)(H2,28,29,31,33)","BMJJWLBFIGFKFB-UHFFFAOYSA-N"
7983391,"N-(1-Naphthylsulfonyl)-3-({4-[3-oxo-3-(1,4,5,6-tetrahydro-2-pyrimidinylamino)propyl]benzoyl}amino)alanine",551.183838,"C27H29N5O6S","O=C(N/C1=N/CCCN1)CCc4ccc(C(=O)NCC(C(=O)O)NS(=O)(=O)c3c2ccccc2ccc3)cc4","InChI=1S/C27H29N5O6S/c33-24(31-27-28-15-4-16-29-27)14-11-18-9-12-20(13-10-18)25(34)30-17-22(26(35)36)32-39(37,38)23-8-3-6-19-5-1-2-7-21(19)23/h1-3,5-10,12-13,22,32H,4,11,14-17H2,(H,30,34)(H,35,36)(H2,28,29,31,33)","XLQRIUSFTHXJOG-UHFFFAOYSA-N"
8047985,"Ethyl 3-deoxy-2-O-(2-{[3-(diaminomethylene)-6-oxo-1,4-cyclohexadien-1-yl]oxy}-3,5-difluoro-6-[(1-methyl-1H-imidazol-2-yl)oxy]-4-pyridinyl)hexofuranoside",551.182739,"C24H27F2N5O8","O=C4/C=CC(=C(/N)N)/C=C4/Oc3nc(Oc1nccn1C)c(F)c(OC2CC(OC2OCC)C(O)CO)c3F","InChI=1S/C24H27F2N5O8/c1-3-35-23-16(9-15(38-23)13(34)10-32)36-19-17(25)21(37-14-8-11(20(27)28)4-5-12(14)33)30-22(18(19)26)39-24-29-6-7-31(24)2/h4-8,13,15-16,23,32,34H,3,9-10,27-28H2,1-2H3","IVPLHCHNDJBAQN-UHFFFAOYSA-N"
8091209,"4-[3-(4-{[(9H-Fluoren-9-ylmethoxy)carbonyl]amino}phenyl)-1H-indazol-1-yl]benzoic acid",551.184509,"C35H25N3O4","O=C(OCC3c1ccccc1c2ccccc23)Nc7ccc(c5nn(c4ccccc45)c6ccc(C(=O)O)cc6)cc7","InChI=1S/C35H25N3O4/c39-34(40)23-15-19-25(20-16-23)38-32-12-6-5-11-30(32)33(37-38)22-13-17-24(18-14-22)36-35(41)42-21-31-28-9-3-1-7-26(28)27-8-2-4-10-29(27)31/h1-20,31H,21H2,(H,36,41)(H,39,40)","TXHCQVCGIAVNEW-UHFFFAOYSA-N"
8091226,"3-Chloro-4-({(2S)-1-[(3-methoxy-4-{[(2-methylphenyl)carbamoyl]amino}phenyl)acetyl]-2-pyrrolidinyl}methoxy)benzoic acid",551.182312,"C29H30ClN3O6","O=C(N2[C@H](COc1ccc(C(=O)O)cc1Cl)CCC2)Cc4ccc(NC(=O)Nc3ccccc3C)c(OC)c4","InChI=1S/C29H30ClN3O6/c1-18-6-3-4-8-23(18)31-29(37)32-24-11-9-19(14-26(24)38-2)15-27(34)33-13-5-7-21(33)17-39-25-12-10-20(28(35)36)16-22(25)30/h3-4,6,8-12,14,16,21H,5,7,13,15,17H2,1-2H3,(H,35,36)(H2,31,32,37)/t21-/m0/s1","QXMJEIBMAWYRMP-NRFANRHFSA-N"
8091227,"6-Chloro-1-(2,3-dihydro-1H-inden-5-yl)-3-methyl-2,3,4,5-tetrahydro-1H-3-benzazepine-7,8-diyl dibenzoate",551.18634,"C34H30ClNO4","Clc3c6c(cc(OC(=O)c1ccccc1)c3OC(=O)c2ccccc2)C(c4ccc5c(c4)CCC5)CN(CC6)C","InChI=1S/C34H30ClNO4/c1-36-18-17-27-28(29(21-36)26-16-15-22-13-8-14-25(22)19-26)20-30(39-33(37)23-9-4-2-5-10-23)32(31(27)35)40-34(38)24-11-6-3-7-12-24/h2-7,9-12,15-16,19-20,29H,8,13-14,17-18,21H2,1H3","QRCRPLYWHHPDRN-UHFFFAOYSA-N"
8228889,"N-[(4-Chloro-6-hydroxy-2,4-cyclohexadien-1-yl)carbonyl]-L-valylphenylalanyl-L-methionine",551.185669,"C26H34ClN3O6S","ClC=2\C=C/C(C(=O)N[C@H](C(=O)NC(C(=O)N[C@H](C(=O)O)CCSC)Cc1ccccc1)C(C)C)C(O)C=2","InChI=1S/C26H34ClN3O6S/c1-15(2)22(30-23(32)18-10-9-17(27)14-21(18)31)25(34)29-20(13-16-7-5-4-6-8-16)24(33)28-19(26(35)36)11-12-37-3/h4-10,14-15,18-22,31H,11-13H2,1-3H3,(H,28,33)(H,29,34)(H,30,32)(H,35,36)/t18?,19-,20?,21?,22-/m0/s1","XBTKCDMXRMUKGO-JECWAOMHSA-N"
8295638,"4-Cyclohexyl-2-(methylsulfanyl)-5-[2-({3-[3-(1,3-thiazolidin-3-yl)propoxy]phenyl}amino)-4-pyrimidinyl]-3-thiophenecarbonitrile",551.184692,"C28H33N5OS3","N#Cc1c(c(sc1SC)c2nc(ncc2)Nc4cccc(OCCCN3CCSC3)c4)C5CCCCC5","InChI=1S/C28H33N5OS3/c1-35-27-23(18-29)25(20-7-3-2-4-8-20)26(37-27)24-11-12-30-28(32-24)31-21-9-5-10-22(17-21)34-15-6-13-33-14-16-36-19-33/h5,9-12,17,20H,2-4,6-8,13-16,19H2,1H3,(H,30,31,32)","VUJLOQPOSQLIBY-UHFFFAOYSA-N"
8328443,"N-Methyl-N-[1-(2-{[(2-methyl-4-quinolinyl)carbamoyl]amino}ethyl)-3-pyrrolidinyl]-4-(trifluoromethoxy)benzenesulfonamide",551.181396,"C25H28F3N5O4S","FC(F)(F)Oc1ccc(cc1)S(=O)(=O)N(C4CCN(CCNC(=O)Nc2c3ccccc3nc(c2)C)C4)C","InChI=1S/C25H28F3N5O4S/c1-17-15-23(21-5-3-4-6-22(21)30-17)31-24(34)29-12-14-33-13-11-18(16-33)32(2)38(35,36)20-9-7-19(8-10-20)37-25(26,27)28/h3-10,15,18H,11-14,16H2,1-2H3,(H2,29,30,31,34)","OXKYMSMDIXLWLO-UHFFFAOYSA-N"
8328444,"3-{7-[(Anilinooxy)carbonyl]-1,1-dioxido-5,6,7,8-tetrahydro-4H-pyrido[4,3-e][1,2,4]thiadiazin-3-yl}-1-(3-methylbutyl)-2,4(1H,3H)-quinolinedione",551.183838,"C27H29N5O6S","O=C5c1ccccc1N(C(=O)C5C/2=N/S(=O)(=O)C\4=C(/N\2)CCN(C(=O)ONc3ccccc3)C/4)CCC(C)C","InChI=1S/C27H29N5O6S/c1-17(2)12-15-32-21-11-7-6-10-19(21)24(33)23(26(32)34)25-28-20-13-14-31(16-22(20)39(36,37)30-25)27(35)38-29-18-8-4-3-5-9-18/h3-11,17,23,29H,12-16H2,1-2H3,(H,28,30)","BGZDZCBMMIGTQV-UHFFFAOYSA-N"
8341684,"2-[(5-Benzyl-1,2,5-oxadiazolidin-2-yl)methyl]-N-(4-methoxybenzyl)-4-methyl-3-oxo-3,4-dihydro-2H-1,2,4-benzothiadiazine-7-carboxamide 1,1-dioxide",551.183838,"C27H29N5O6S","O=C(c1ccc2c(c1)S(=O)(=O)N(C(=O)N2C)CN4ON(Cc3ccccc3)CC4)NCc5ccc(OC)cc5","InChI=1S/C27H29N5O6S/c1-29-24-13-10-22(26(33)28-17-20-8-11-23(37-2)12-9-20)16-25(24)39(35,36)32(27(29)34)19-31-15-14-30(38-31)18-21-6-4-3-5-7-21/h3-13,16H,14-15,17-19H2,1-2H3,(H,28,33)","VQZLPKAOYUAUNO-UHFFFAOYSA-N"
8341685,"Methyl {5-[2-(11-ethyl-5-methyl-6-oxo-6,11-dihydro-5H-dipyrido[3,2-b:2',3'-e][1,4]diazepin-8-yl)ethoxy]-2,2-dioxido-3,4-dihydro-1H-2,1-benzothiazin-1-yl}acetate",551.183838,"C27H29N5O6S","O=C2c1cc(cnc1N(c3ncccc3N2C)CC)CCOc4cccc5c4CCS(=O)(=O)N5CC(=O)OC","InChI=1S/C27H29N5O6S/c1-4-31-25-20(27(34)30(2)22-8-6-12-28-26(22)31)15-18(16-29-25)10-13-38-23-9-5-7-21-19(23)11-14-39(35,36)32(21)17-24(33)37-3/h5-9,12,15-16H,4,10-11,13-14,17H2,1-3H3","GUWHYDGPOJMAHX-UHFFFAOYSA-N"
8384960,"4-(Benzoylamino)-1-{2,3,4,6-tetrakis-O-[(~13~C_6_)acetyl]-beta-D-glucopyranosyl}-2(1H)-pyrimidinone",551.184692,"C19[13C]6H27N3O11","CC(=O)OCC1C(C(C(C(O1)n2ccc(nc2=O)NC(=O)c3ccccc3)OC(=O)C)OC(=O)C)OC(=O)C","InChI=1S/C25H27N3O11/c1-13(29)35-12-18-20(36-14(2)30)21(37-15(3)31)22(38-16(4)32)24(39-18)28-11-10-19(27-25(28)34)26-23(33)17-8-6-5-7-9-17/h5-11,18,20-22,24H,12H2,1-4H3,(H,26,27,33,34)","VYJASVSUAPRBNM-UHFFFAOYSA-N"
8415219,"N-[1-(2-{[(2-Methyl-4-quinolinyl)carbamoyl]amino}ethyl)-4-piperidinyl]-4-(trifluoromethoxy)benzenesulfonamide",551.181396,"C25H28F3N5O4S","FC(F)(F)Oc1ccc(cc1)S(=O)(=O)NC4CCN(CCNC(=O)Nc2c3ccccc3nc(c2)C)CC4","InChI=1S/C25H28F3N5O4S/c1-17-16-23(21-4-2-3-5-22(21)30-17)31-24(34)29-12-15-33-13-10-18(11-14-33)32-38(35,36)20-8-6-19(7-9-20)37-25(26,27)28/h2-9,16,18,32H,10-15H2,1H3,(H2,29,30,31,34)","QICKTXWVCOFDKO-UHFFFAOYSA-N"
8478272,"N-(2,3-Dihydro-1H-inden-1-yl)-7-({[4'-(trifluoromethyl)-2-biphenylyl]carbonyl}amino)-3-quinolinecarboxamide",551.182068,"C33H24F3N3O2","FC(F)(F)c1ccc(cc1)c2ccccc2C(=O)Nc3cc4ncc(cc4cc3)C(=O)NC6c5ccccc5CC6","InChI=1S/C33H24F3N3O2/c34-33(35,36)24-13-9-21(10-14-24)26-6-3-4-8-28(26)32(41)38-25-15-11-22-17-23(19-37-30(22)18-25)31(40)39-29-16-12-20-5-1-2-7-27(20)29/h1-11,13-15,17-19,29H,12,16H2,(H,38,41)(H,39,40)","XGNLTRHWSWHNTN-UHFFFAOYSA-N"
8478277,"N-[6-(2-Hydroxyethoxy)-5-(2-methoxyphenoxy)-2-(4-pyridinyl)-4-pyrimidinyl]-N'-(4-isopropylphenyl)sulfuric diamide",551.183838,"C27H29N5O6S","O=S(=O)(Nc1ccc(cc1)C(C)C)Nc3nc(nc(OCCO)c3Oc2ccccc2OC)c4ccncc4","InChI=1S/C27H29N5O6S/c1-18(2)19-8-10-21(11-9-19)31-39(34,35)32-26-24(38-23-7-5-4-6-22(23)36-3)27(37-17-16-33)30-25(29-26)20-12-14-28-15-13-20/h4-15,18,31,33H,16-17H2,1-3H3,(H,29,30,32)","NNMYSWDMFGDXOF-UHFFFAOYSA-N"
8478278,"3-{4-[2-(11-Ethyl-5-methyl-6-oxo-6,11-dihydro-5H-dipyrido[3,2-b:2',3'-e][1,4]diazepin-8-yl)ethoxy]-2,2-dioxido-2,1-benzothiazol-1(3H)-yl}-2-methylpropanoic acid",551.183838,"C27H29N5O6S","O=C2c1cc(cnc1N(c3ncccc3N2C)CC)CCOc4cccc5c4CS(=O)(=O)N5CC(C(=O)O)C","InChI=1S/C27H29N5O6S/c1-4-31-24-19(26(33)30(3)22-8-6-11-28-25(22)31)13-18(14-29-24)10-12-38-23-9-5-7-21-20(23)16-39(36,37)32(21)15-17(2)27(34)35/h5-9,11,13-14,17H,4,10,12,15-16H2,1-3H3,(H,34,35)","PGRAASOTOBRHRW-UHFFFAOYSA-N"
8614834,"N-(3-Amino-3-methylbutyl)-N-{[1-(3-benzyl-7-chloro-4-oxo-3,4-dihydropyrrolo[2,1-f][1,2,4]triazin-2-yl)cyclopropyl]methyl}-4-chlorobenzamide",551.185486,"C29H31Cl2N5O2","Clc1ccc(cc1)C(=O)N(CCC(N)(C)C)CC5(C/2=N/n4c(C(=O)N\2Cc3ccccc3)ccc4Cl)CC5","InChI=1S/C29H31Cl2N5O2/c1-28(2,32)16-17-34(25(37)21-8-10-22(30)11-9-21)19-29(14-15-29)27-33-36-23(12-13-24(36)31)26(38)35(27)18-20-6-4-3-5-7-20/h3-13H,14-19,32H2,1-2H3","IRYCCRIBJIBPQE-UHFFFAOYSA-N"
8992883,"4-[(E)-{4-[(2,6-Dimethyl-4-pyrimidinyl)sulfamoyl]phenyl}diazenyl]-3,5-diphenyl-1H-pyrazole-1-carboximidamide",551.185181,"C28H25N9O2S","O=S(=O)(Nc1nc(nc(c1)C)C)c5ccc(/N=N/c3c(nn(C(=[N@H])N)c3c2ccccc2)c4ccccc4)cc5","InChI=1S/C28H25N9O2S/c1-18-17-24(32-19(2)31-18)36-40(38,39)23-15-13-22(14-16-23)33-34-26-25(20-9-5-3-6-10-20)35-37(28(29)30)27(26)21-11-7-4-8-12-21/h3-17H,1-2H3,(H3,29,30)(H,31,32,36)/b34-33+","SRGZNLZVVWGWJH-JEIPZWNWSA-N"
9039861,"6-[(4-Methylphenyl)sulfonyl]-3,9-dioxa-1,6,11,26,27-pentaazatetracyclo[9.7.7.1~13,17~.1~20,24~]heptacosa-13(27),14,16,20(26),21,23-hexaene-2,10-dione",551.183838,"C27H29N5O6S","O=S(=O)(N2CCOC(=O)N4Cc1nc(ccc1)CN(C(=O)OCC2)Cc3nc(ccc3)C4)c5ccc(cc5)C","InChI=1S/C27H29N5O6S/c1-20-8-10-25(11-9-20)39(35,36)32-12-14-37-26(33)30-16-21-4-2-5-22(28-21)17-31(27(34)38-15-13-32)19-24-7-3-6-23(18-30)29-24/h2-11H,12-19H2,1H3","CEIYYNUUVISCKP-UHFFFAOYSA-N"
9072193,"4-tert-butyl-N-{5-(3-methoxyphenoxy)-6-[2-(pyridazin-3-yloxy)ethoxy]pyrimidin-4-yl}benzenesulfonamide",551.183838,"C27H29N5O6S","CC(C)(C)C1=CC=C(C=C1)S(=O)(=O)NC2=C(C(=NC=N2)OCCOC3=NN=CC=C3)OC4=CC=CC(=C4)OC","InChI=1S/C27H29N5O6S/c1-27(2,3)19-10-12-22(13-11-19)39(33,34)32-25-24(38-21-8-5-7-20(17-21)35-4)26(29-18-28-25)37-16-15-36-23-9-6-14-30-31-23/h5-14,17-18H,15-16H2,1-4H3,(H,28,29,32)","JVGCMYYGMIERPJ-UHFFFAOYSA-N"
9181347,"2,9-Bis(benzyloxy)-6-methyl-12,13-dihydro-5H-indolo[2,3-a]pyrrolo[3,4-c]carbazole-5,7(6H)-dione",551.184509,"C35H25N3O4","O=C1c6c(C(=O)N1C)c2c8c(nc2c5c6c4ccc(OCc3ccccc3)cc4n5)ccc(OCc7ccccc7)c8","InChI=1S/C35H25N3O4/c1-38-34(39)30-28-24-14-12-23(42-19-21-10-6-3-7-11-21)17-27(24)37-32(28)33-29(31(30)35(38)40)25-16-22(13-15-26(25)36-33)41-18-20-8-4-2-5-9-20/h2-17,36-37H,18-19H2,1H3","GIBUGMFYGXVMJV-UHFFFAOYSA-N"
9225097,"2,10-Bis(benzyloxy)-6-methyl-12,13-dihydro-5H-indolo[2,3-a]pyrrolo[3,4-c]carbazole-5,7(6H)-dione",551.184509,"C35H25N3O4","O=C1c6c(C(=O)N1C)c2c8c(nc2c5c6c4ccc(OCc3ccccc3)cc4n5)cc(OCc7ccccc7)cc8","InChI=1S/C35H25N3O4/c1-38-34(39)30-28-24-14-12-22(41-18-20-8-4-2-5-9-20)16-26(24)36-32(28)33-29(31(30)35(38)40)25-15-13-23(17-27(25)37-33)42-19-21-10-6-3-7-11-21/h2-17,36-37H,18-19H2,1H3","RTVCFUMZCGXBRW-UHFFFAOYSA-N"
9310532,"N-(1-Naphthylsulfonyl)-3-({4-[3-oxo-3-(1,4,5,6-tetrahydro-2-pyrimidinylamino)propyl]benzoyl}amino)-L-alanine",551.183838,"C27H29N5O6S","O=C(N/C1=N/CCCN1)CCc4ccc(C(=O)NC[C@@H](C(=O)O)NS(=O)(=O)c3c2ccccc2ccc3)cc4","InChI=1S/C27H29N5O6S/c33-24(31-27-28-15-4-16-29-27)14-11-18-9-12-20(13-10-18)25(34)30-17-22(26(35)36)32-39(37,38)23-8-3-6-19-5-1-2-7-21(19)23/h1-3,5-10,12-13,22,32H,4,11,14-17H2,(H,30,34)(H,35,36)(H2,28,29,31,33)/t22-/m0/s1","XLQRIUSFTHXJOG-QFIPXVFZSA-N"
9367177,"(3aR,4aR,7R,8aR,9R,9aR)-2-Benzyl-7-phenyl-3a,4a,5,8a,9,9a-hexahydro[1,3]dioxino[4',5':5,6]pyrano[3,2-d][1,3]oxazol-9-yl diphenylphosphinite",551.186157,"C33H30NO5P","O4[C@H]3[C@H](OP(c1ccccc1)c2ccccc2)[C@H]6/N=C(\O[C@H]6O[C@@H]3CO[C@H]4c5ccccc5)Cc7ccccc7","InChI=1S/C33H30NO5P/c1-5-13-23(14-6-1)21-28-34-29-31(39-40(25-17-9-3-10-18-25)26-19-11-4-12-20-26)30-27(36-33(29)37-28)22-35-32(38-30)24-15-7-2-8-16-24/h1-20,27,29-33H,21-22H2/t27-,29-,30-,31-,32-,33-/m1/s1","FQSMLFFVBDIJAX-QSFKPNQRSA-N"
9401693,"7-(Dibutylamino)-N,N-dipropyl-3H-phenothiazin-3-iminium iodide",551.183105,"C26H38IN3S","CCCCN(CCCC)C1=CC2=[S+]C3=C(C=CC(=C3)N(CCC)CCC)N=C2C=C1.[I-]","InChI=1S/C26H38N3S.HI/c1-5-9-17-29(18-10-6-2)22-12-14-24-26(20-22)30-25-19-21(11-13-23(25)27-24)28(15-7-3)16-8-4;/h11-14,19-20H,5-10,15-18H2,1-4H3;1H/q+1;/p-1","DGGLJXDKTHLHAY-UHFFFAOYSA-M"
9413257,"3,5-Dichloro-N-[3-(4-{(4-cyanophenyl)[(6-methyl-2-pyridinyl)oxy]methyl}-1-piperidinyl)butyl]isonicotinamide",551.185486,"C29H31Cl2N5O2","N#Cc1ccc(cc1)C(Oc2nc(ccc2)C)C4CCN(C(CCNC(=O)c3c(Cl)cncc3Cl)C)CC4","InChI=1S/C29H31Cl2N5O2/c1-19-4-3-5-26(35-19)38-28(22-8-6-21(16-32)7-9-22)23-11-14-36(15-12-23)20(2)10-13-34-29(37)27-24(30)17-33-18-25(27)31/h3-9,17-18,20,23,28H,10-15H2,1-2H3,(H,34,37)","IVLPXUWKLCAMKJ-UHFFFAOYSA-N"
9437468,"N-[(3-[(4-Methyl-2,5-dioxo-4-imidazolidinyl)methyl]-5-{4-[(2-methyl-4-quinolinyl)methoxy]phenyl}-4,5-dihydro-1,2-oxazol-5-yl)methyl]methanesulfonamide",551.183838,"C27H29N5O6S","O=S(=O)(NCC2(O\N=C(\CC1(NC(=O)NC1=O)C)C2)c5ccc(OCc3c4ccccc4nc(c3)C)cc5)C","InChI=1S/C27H29N5O6S/c1-17-12-18(22-6-4-5-7-23(22)29-17)15-37-21-10-8-19(9-11-21)27(16-28-39(3,35)36)14-20(32-38-27)13-26(2)24(33)30-25(34)31-26/h4-12,28H,13-16H2,1-3H3,(H2,30,31,33,34)","RPAMYSRBMIECAJ-UHFFFAOYSA-N"
9449551,"(15S,19R)-17-[2-(Diphenylphosphino)phenyl]-1,8-dimethyl-16-thia-18-azapentacyclo[6.6.5.0~2,7~.0~9,14~.0~15,19~]nonadeca-2,4,6,9,11,13,17-heptaene",551.183655,"C37H30NPS","N\1=C(\S[C@@H]5[C@H]/1C4(c2c(cccc2)C5(c3ccccc34)C)C)c8ccccc8P(c6ccccc6)c7ccccc7","InChI=1S/C37H30NPS/c1-36-28-20-10-12-22-30(28)37(2,31-23-13-11-21-29(31)36)34-33(36)38-35(40-34)27-19-9-14-24-32(27)39(25-15-5-3-6-16-25)26-17-7-4-8-18-26/h3-24,33-34H,1-2H3/t33-,34+,36?,37?/m0/s1","QACQDLDFVLCNHB-HLBZRKOYSA-N"
9641832,"4'-(4-Nitrophenyl)-2,2',5'-triphenyl-2',4'-dihydro-4H-spiro[chromene-3,3'-pyrazol]-4-one",551.184509,"C35H25N3O4","[O-][N+](=O)c1ccc(cc1)C6C(=N/N(c2ccccc2)C64C(=O)c5c(OC4c3ccccc3)cccc5)\c7ccccc7","InChI=1S/C35H25N3O4/c39-33-29-18-10-11-19-30(29)42-34(26-14-6-2-7-15-26)35(33)31(24-20-22-28(23-21-24)38(40)41)32(25-12-4-1-5-13-25)36-37(35)27-16-8-3-9-17-27/h1-23,31,34H","IAWXJVSAVPYTIB-UHFFFAOYSA-N"
9687116,"(2R,3S,4R,5R)-2,3,4,5,6-Pentahydroxy-N-[(7S)-1,2,3-trimethoxy-10-(methylsulfanyl)-9-oxo-5,6,7,9-tetrahydrobenzo[a]heptalen-7-yl]hexanamide",551.182495,"C26H33NO10S","O=C(N[C@@H]3C\1=C\C(=O)C(\SC)=C/C=C/1c2c(cc(OC)c(OC)c2OC)CC3)[C@H](O)[C@@H](O)[C@H](O)[C@H](O)CO","InChI=1S/C26H33NO10S/c1-35-18-9-12-5-7-15(27-26(34)23(33)22(32)21(31)17(30)11-28)14-10-16(29)19(38-4)8-6-13(14)20(12)25(37-3)24(18)36-2/h6,8-10,15,17,21-23,28,30-33H,5,7,11H2,1-4H3,(H,27,34)/t15-,17+,21+,22-,23+/m0/s1","ILBQYSFZONPQEP-KDHTZUJQSA-N"
9824436,"Diethyl {2-[(5Z)-4-methyl-5-{[(4-methylphenyl)sulfonyl]imino}-2-oxo-1-(2-phenylethoxy)-4-imidazolidinyl]ethyl}phosphonate",551.185486,"C25H34N3O7PS","O=C3N(OCCc1ccccc1)\C(=N/S(=O)(=O)c2ccc(cc2)C)C(N3)(CCP(=O)(OCC)OCC)C","InChI=1S/C25H34N3O7PS/c1-5-34-36(30,35-6-2)19-17-25(4)23(27-37(31,32)22-14-12-20(3)13-15-22)28(24(29)26-25)33-18-16-21-10-8-7-9-11-21/h7-15H,5-6,16-19H2,1-4H3,(H,26,29)/b27-23-","ZLPSMESUANHQIC-VYIQYICTSA-N"
9831613,"2-({4-[6-(2,4-diamino-6-hydroxypyrimidin-5-yl)-1,1,1-trifluoro-2-oxohexan-3-yl]benzoyl}amino)-4-(2H-tetrazol-5-yl)butanoic acid",551.185242,"C22H24F3N9O5","C1=CC(=CC=C1C(CCCC2=C(N=C(N=C2O)N)N)C(=O)C(F)(F)F)C(=O)NC(CCC3=NNN=N3)C(=O)O","InChI=1S/C22H24F3N9O5/c23-22(24,25)16(35)12(2-1-3-13-17(26)29-21(27)30-19(13)37)10-4-6-11(7-5-10)18(36)28-14(20(38)39)8-9-15-31-33-34-32-15/h4-7,12,14H,1-3,8-9H2,(H,28,36)(H,38,39)(H,31,32,33,34)(H5,26,27,29,30,37)","CDNACINBIMZJRK-UHFFFAOYSA-N"
9831617,"1-{(3R,5R,6S)-4-[(4-Chlorophenyl)sulfonyl]-5-cyclopropyl-6-methyl-3-morpholinyl}cyclopropyl 8-acetyl-3,8-diazabicyclo[3.2.1]octane-3-carboxylate",551.185669,"C26H34ClN3O6S","C[C@H]1[C@H](N([C@H](CO1)C2(CC2)OC(=O)N3CC4CCC(C3)N4C(=O)C)S(=O)(=O)C5=CC=C(C=C5)Cl)C6CC6","InChI=1S/C26H34ClN3O6S/c1-16-24(18-3-4-18)30(37(33,34)22-9-5-19(27)6-10-22)23(15-35-16)26(11-12-26)36-25(32)28-13-20-7-8-21(14-28)29(20)17(2)31/h5-6,9-10,16,18,20-21,23-24H,3-4,7-8,11-15H2,1-2H3/t16-,20?,21?,23+,24-/m0/s1","BCZUKWJVRHFSHF-XXGBZONUSA-N"
9909042,"1,11-Bis(benzyloxy)-6-methyl-12,13-dihydro-5H-indolo[2,3-a]pyrrolo[3,4-c]carbazole-5,7(6H)-dione",551.184509,"C35H25N3O4","O=C2c1c6c(c5c(c1C(=O)N2C)c4cccc(OCc3ccccc3)c4n5)nc8c6cccc8OCc7ccccc7","InChI=1S/C35H25N3O4/c1-38-34(39)28-26-22-14-8-16-24(41-18-20-10-4-2-5-11-20)30(22)36-32(26)33-27(29(28)35(38)40)23-15-9-17-25(31(23)37-33)42-19-21-12-6-3-7-13-21/h2-17,36-37H,18-19H2,1H3","FQCBRGQMUAEKSS-UHFFFAOYSA-N"
9932015,"N-{4-Methyl-1-oxo-1-[6-oxo-4-(2-pyridinylsulfonyl)hexahydropyrrolo[3,2-b]pyrrol-1(2H)-yl]-2-pentanyl}-4-(1,3-oxazol-5-yl)benzamide",551.183838,"C27H29N5O6S","O=S(=O)(c1ncccc1)N4CC(=O)C5N(C(=O)C(NC(=O)c3ccc(c2ocnc2)cc3)CC(C)C)CCC45","InChI=1S/C27H29N5O6S/c1-17(2)13-20(30-26(34)19-8-6-18(7-9-19)23-14-28-16-38-23)27(35)31-12-10-21-25(31)22(33)15-32(21)39(36,37)24-5-3-4-11-29-24/h3-9,11,14,16-17,20-21,25H,10,12-13,15H2,1-2H3,(H,30,34)","FTDRCFJLSGZXLL-UHFFFAOYSA-N"
9938059,"4-tert-butyl-N-{5-(3-methoxyphenoxy)-6-[2-(pyrazin-2-yloxy)ethoxy]pyrimidin-4-yl}benzenesulfonamide",551.183838,"C27H29N5O6S","CC(C)(C)C1=CC=C(C=C1)S(=O)(=O)NC2=C(C(=NC=N2)OCCOC3=NC=CN=C3)OC4=CC=CC(=C4)OC","InChI=1S/C27H29N5O6S/c1-27(2,3)19-8-10-22(11-9-19)39(33,34)32-25-24(38-21-7-5-6-20(16-21)35-4)26(31-18-30-25)37-15-14-36-23-17-28-12-13-29-23/h5-13,16-18H,14-15H2,1-4H3,(H,30,31,32)","LWBRRLLPVKIVEG-UHFFFAOYSA-N"
9988303,"4-tert-butyl-N-{5-(3-methoxyphenoxy)-6-[2-(pyrimidin-4-yloxy)ethoxy]pyrimidin-4-yl}benzenesulfonamide",551.183838,"C27H29N5O6S","CC(C)(C)c1ccc(cc1)S(=O)(=O)Nc2c(c(ncn2)OCCOc3ccncn3)Oc4cccc(c4)OC","InChI=1S/C27H29N5O6S/c1-27(2,3)19-8-10-22(11-9-19)39(33,34)32-25-24(38-21-7-5-6-20(16-21)35-4)26(31-18-30-25)37-15-14-36-23-12-13-28-17-29-23/h5-13,16-18H,14-15H2,1-4H3,(H,30,31,32)","PKGLDMGJFAMNST-UHFFFAOYSA-N"
10002418,"4-tert-butyl-N-{5-(3-methoxyphenoxy)-6-[2-(pyrimidin-2-yloxy)ethoxy]pyrimidin-4-yl}benzenesulfonamide",551.183838,"C27H29N5O6S","CC(C)(C)c1ccc(cc1)S(=O)(=O)Nc2c(c(ncn2)OCCOc3ncccn3)Oc4cccc(c4)OC","InChI=1S/C27H29N5O6S/c1-27(2,3)19-9-11-22(12-10-19)39(33,34)32-24-23(38-21-8-5-7-20(17-21)35-4)25(31-18-30-24)36-15-16-37-26-28-13-6-14-29-26/h5-14,17-18H,15-16H2,1-4H3,(H,30,31,32)","CVAAEKLPFPRDCE-UHFFFAOYSA-N"
10054199,"(1R,9R)-5-{[(4-Acetamidophenyl)sulfonyl]amino}-N-(4-methoxyphenyl)-6-oxo-7,11-diazatricyclo[7.3.1.0~2,7~]trideca-2,4-diene-11-carboxamide",551.183838,"C27H29N5O6S","CC(=O)Nc1ccc(cc1)S(=O)(=O)Nc2ccc3n(c2=O)C[C@H]4C[C@@H]3CN(C4)C(=O)Nc5ccc(cc5)OC","InChI=1S/C27H29N5O6S/c1-17(33)28-20-5-9-23(10-6-20)39(36,37)30-24-11-12-25-19-13-18(15-32(25)26(24)34)14-31(16-19)27(35)29-21-3-7-22(38-2)8-4-21/h3-12,18-19,30H,13-16H2,1-2H3,(H,28,33)(H,29,35)/t18-,19+/m0/s1","RUUGMAJKFIJXSX-RBUKOAKNSA-N"
10150253,"N-(2-Aminophenyl)-4-({7-[2-(4-morpholinyl)ethoxy]-1,1-dioxido-3-oxo-3,4-dihydro-2H-1,2,4-benzothiadiazin-2-yl}methyl)benzamide",551.183838,"C27H29N5O6S","c1ccc(c(c1)N)NC(=O)c2ccc(cc2)CN3C(=O)Nc4ccc(cc4S3(=O)=O)OCCN5CCOCC5","InChI=1S/C27H29N5O6S/c28-22-3-1-2-4-23(22)29-26(33)20-7-5-19(6-8-20)18-32-27(34)30-24-10-9-21(17-25(24)39(32,35)36)38-16-13-31-11-14-37-15-12-31/h1-10,17H,11-16,18,28H2,(H,29,33)(H,30,34)","SWPDTSQVHQKWLJ-UHFFFAOYSA-N"
10173857,"(4S)-5-[4-(Ethoxycarbonyl)-1-piperazinyl]-5-oxo-4-({[2-phenyl-6-(2-thienyl)-4-pyrimidinyl]carbonyl}amino)pentanoic acid",551.183838,"C27H29N5O6S","CCOC(=O)N1CCN(CC1)C(=O)[C@H](CCC(=O)O)NC(=O)c2cc(nc(n2)c3ccccc3)c4cccs4","InChI=1S/C27H29N5O6S/c1-2-38-27(37)32-14-12-31(13-15-32)26(36)19(10-11-23(33)34)30-25(35)21-17-20(22-9-6-16-39-22)28-24(29-21)18-7-4-3-5-8-18/h3-9,16-17,19H,2,10-15H2,1H3,(H,30,35)(H,33,34)/t19-/m0/s1","AKTLUJGEMZVQDP-IBGZPJMESA-N"
11888922,"2-[4-(4-Fluorophenyl)-1-piperazinyl]-3-[(E)-(3-hexyl-4-oxo-2-thioxo-1,3-thiazolidin-5-ylidene)methyl]-4H-pyrido[1,2-a]pyrimidin-4-one",551.182495,"C28H30FN5O2S2","CCCCCCN1C(=O)/C(=C\c2c(nc3ccccn3c2=O)N4CCN(CC4)c5ccc(cc5)F)/SC1=S","InChI=1S/C28H30FN5O2S2/c1-2-3-4-6-14-34-27(36)23(38-28(34)37)19-22-25(30-24-8-5-7-13-33(24)26(22)35)32-17-15-31(16-18-32)21-11-9-20(29)10-12-21/h5,7-13,19H,2-4,6,14-18H2,1H3/b23-19+","IENBJEMRUADEFL-FCDQGJHFSA-N"
11888956,"2-[4-(4-Fluorophenyl)-1-piperazinyl]-9-methyl-3-[(E)-(4-oxo-3-pentyl-2-thioxo-1,3-thiazolidin-5-ylidene)methyl]-4H-pyrido[1,2-a]pyrimidin-4-one",551.182495,"C28H30FN5O2S2","CCCCCN1C(=O)/C(=C\c2c(nc3c(cccn3c2=O)C)N4CCN(CC4)c5ccc(cc5)F)/SC1=S","InChI=1S/C28H30FN5O2S2/c1-3-4-5-12-34-27(36)23(38-28(34)37)18-22-25(30-24-19(2)7-6-13-33(24)26(22)35)32-16-14-31(15-17-32)21-10-8-20(29)9-11-21/h6-11,13,18H,3-5,12,14-17H2,1-2H3/b23-18+","VJZFAKONGPIXJR-PTGBLXJZSA-N"
11888988,"2-[4-(4-Fluorophenyl)-1-piperazinyl]-7-methyl-3-[(E)-(4-oxo-3-pentyl-2-thioxo-1,3-thiazolidin-5-ylidene)methyl]-4H-pyrido[1,2-a]pyrimidin-4-one",551.182495,"C28H30FN5O2S2","CCCCCN1C(=O)/C(=C\c2c(nc3ccc(cn3c2=O)C)N4CCN(CC4)c5ccc(cc5)F)/SC1=S","InChI=1S/C28H30FN5O2S2/c1-3-4-5-12-33-27(36)23(38-28(33)37)17-22-25(30-24-11-6-19(2)18-34(24)26(22)35)32-15-13-31(14-16-32)21-9-7-20(29)8-10-21/h6-11,17-18H,3-5,12-16H2,1-2H3/b23-17+","ZSZBLWWOLSOCNR-HAVVHWLPSA-N"
11988209,"6,6-Dimethyl-2-[(4-nitrobenzyl)sulfanyl]-9-(2,4,5-trimethoxyphenyl)-5,6,7,9-tetrahydro[1,2,4]triazolo[5,1-b]quinazolin-8(1H)-one",551.183838,"C27H29N5O6S","CC1(CC2=C(C(n3c(nc(n3)SCc4ccc(cc4)[N+](=O)[O-])N2)c5cc(c(cc5OC)OC)OC)C(=O)C1)C","InChI=1S/C27H29N5O6S/c1-27(2)12-18-23(19(33)13-27)24(17-10-21(37-4)22(38-5)11-20(17)36-3)31-25(28-18)29-26(30-31)39-14-15-6-8-16(9-7-15)32(34)35/h6-11,24H,12-14H2,1-5H3,(H,28,29,30)","ZILIDSJSBVGHNK-UHFFFAOYSA-N"
11988210,"6,6-Dimethyl-2-[(3-nitrobenzyl)sulfanyl]-9-(3,4,5-trimethoxyphenyl)-5,6,7,9-tetrahydro[1,2,4]triazolo[5,1-b]quinazolin-8(1H)-one",551.183838,"C27H29N5O6S","CC1(CC2=C(C(n3c(nc(n3)SCc4cccc(c4)[N+](=O)[O-])N2)c5cc(c(c(c5)OC)OC)OC)C(=O)C1)C","InChI=1S/C27H29N5O6S/c1-27(2)12-18-22(19(33)13-27)23(16-10-20(36-3)24(38-5)21(11-16)37-4)31-25(28-18)29-26(30-31)39-14-15-7-6-8-17(9-15)32(34)35/h6-11,23H,12-14H2,1-5H3,(H,28,29,30)","RGEHIJPNBOXHRO-UHFFFAOYSA-N"
12055398,"2-[4-(2-Fluorophenyl)-1-piperazinyl]-3-[(E)-(3-hexyl-4-oxo-2-thioxo-1,3-thiazolidin-5-ylidene)methyl]-4H-pyrido[1,2-a]pyrimidin-4-one",551.182495,"C28H30FN5O2S2","CCCCCCN1C(=O)/C(=C\c2c(nc3ccccn3c2=O)N4CCN(CC4)c5ccccc5F)/SC1=S","InChI=1S/C28H30FN5O2S2/c1-2-3-4-8-14-34-27(36)23(38-28(34)37)19-20-25(30-24-12-7-9-13-33(24)26(20)35)32-17-15-31(16-18-32)22-11-6-5-10-21(22)29/h5-7,9-13,19H,2-4,8,14-18H2,1H3/b23-19+","RVQBHTQWEAMIDN-FCDQGJHFSA-N"
12055416,"2-[4-(2-Fluorophenyl)-1-piperazinyl]-9-methyl-3-[(E)-(4-oxo-3-pentyl-2-thioxo-1,3-thiazolidin-5-ylidene)methyl]-4H-pyrido[1,2-a]pyrimidin-4-one",551.182495,"C28H30FN5O2S2","CCCCCN1C(=O)/C(=C\c2c(nc3c(cccn3c2=O)C)N4CCN(CC4)c5ccccc5F)/SC1=S","InChI=1S/C28H30FN5O2S2/c1-3-4-7-12-34-27(36)23(38-28(34)37)18-20-25(30-24-19(2)9-8-13-33(24)26(20)35)32-16-14-31(15-17-32)22-11-6-5-10-21(22)29/h5-6,8-11,13,18H,3-4,7,12,14-17H2,1-2H3/b23-18+","SMYQWPRBLXHEQL-PTGBLXJZSA-N"
12055435,"2-[4-(2-Fluorophenyl)-1-piperazinyl]-7-methyl-3-[(E)-(4-oxo-3-pentyl-2-thioxo-1,3-thiazolidin-5-ylidene)methyl]-4H-pyrido[1,2-a]pyrimidin-4-one",551.182495,"C28H30FN5O2S2","CCCCCN1C(=O)/C(=C\c2c(nc3ccc(cn3c2=O)C)N4CCN(CC4)c5ccccc5F)/SC1=S","InChI=1S/C28H30FN5O2S2/c1-3-4-7-12-33-27(36)23(38-28(33)37)17-20-25(30-24-11-10-19(2)18-34(24)26(20)35)32-15-13-31(14-16-32)22-9-6-5-8-21(22)29/h5-6,8-11,17-18H,3-4,7,12-16H2,1-2H3/b23-17+","FNGLFZDAGHDABR-HAVVHWLPSA-N"
12189900,"Cyclohexyl 2-(benzylsulfanyl)-7-(4-hydroxy-3-methoxy-5-nitrophenyl)-5-methyl-1,7-dihydro[1,2,4]triazolo[1,5-a]pyrimidine-6-carboxylate",551.183838,"C27H29N5O6S","CC1=C(C(n2c(nc(n2)SCc3ccccc3)N1)c4cc(c(c(c4)OC)O)[N+](=O)[O-])C(=O)OC5CCCCC5","InChI=1S/C27H29N5O6S/c1-16-22(25(34)38-19-11-7-4-8-12-19)23(18-13-20(32(35)36)24(33)21(14-18)37-2)31-26(28-16)29-27(30-31)39-15-17-9-5-3-6-10-17/h3,5-6,9-10,13-14,19,23,33H,4,7-8,11-12,15H2,1-2H3,(H,28,29,30)","SYALBPVCXVTMDP-UHFFFAOYSA-N"
12228766,"5-[(E)-(3-Cyclohexyl-4-oxo-2-thioxo-1,3-thiazolidin-5-ylidene)methyl]-6-[4-(4-fluorophenyl)-1-piperazinyl]-1,4-dimethyl-2-oxo-1,2-dihydro-3-pyridinecarbonitrile",551.182495,"C28H30FN5O2S2","Cc1c(c(n(c(=O)c1C#N)C)N2CCN(CC2)c3ccc(cc3)F)/C=C/4\C(=O)N(C(=S)S4)C5CCCCC5","InChI=1S/C28H30FN5O2S2/c1-18-22(16-24-27(36)34(28(37)38-24)21-6-4-3-5-7-21)25(31(2)26(35)23(18)17-30)33-14-12-32(13-15-33)20-10-8-19(29)9-11-20/h8-11,16,21H,3-7,12-15H2,1-2H3/b24-16+","BZPKKDJZFTVTFV-LFVJCYFKSA-N"
12229197,"5-[(E)-(3-Cyclopentyl-4-oxo-2-thioxo-1,3-thiazolidin-5-ylidene)methyl]-1-ethyl-6-[4-(2-fluorophenyl)-1-piperazinyl]-4-methyl-2-oxo-1,2-dihydro-3-pyridinecarbonitrile",551.182495,"C28H30FN5O2S2","CCn1c(c(c(c(c1=O)C#N)C)/C=C/2\C(=O)N(C(=S)S2)C3CCCC3)N4CCN(CC4)c5ccccc5F","InChI=1S/C28H30FN5O2S2/c1-3-33-25(32-14-12-31(13-15-32)23-11-7-6-10-22(23)29)20(18(2)21(17-30)26(33)35)16-24-27(36)34(28(37)38-24)19-8-4-5-9-19/h6-7,10-11,16,19H,3-5,8-9,12-15H2,1-2H3/b24-16+","USYJUUMTGXCWCR-LFVJCYFKSA-N"
12229235,"5-[(E)-(3-Cyclopentyl-4-oxo-2-thioxo-1,3-thiazolidin-5-ylidene)methyl]-1-ethyl-6-[4-(4-fluorophenyl)-1-piperazinyl]-4-methyl-2-oxo-1,2-dihydro-3-pyridinecarbonitrile",551.182495,"C28H30FN5O2S2","CCn1c(c(c(c(c1=O)C#N)C)/C=C/2\C(=O)N(C(=S)S2)C3CCCC3)N4CCN(CC4)c5ccc(cc5)F","InChI=1S/C28H30FN5O2S2/c1-3-33-25(32-14-12-31(13-15-32)20-10-8-19(29)9-11-20)22(18(2)23(17-30)26(33)35)16-24-27(36)34(28(37)38-24)21-6-4-5-7-21/h8-11,16,21H,3-7,12-15H2,1-2H3/b24-16+","MLKSDPJGDOZQOP-LFVJCYFKSA-N"
12230447,"5-[(E)-(3-Allyl-4-oxo-2-thioxo-1,3-thiazolidin-5-ylidene)methyl]-1-butyl-6-[4-(2-fluorophenyl)-1-piperazinyl]-4-methyl-2-oxo-1,2-dihydro-3-pyridinecarbonitrile",551.182495,"C28H30FN5O2S2","CCCCn1c(c(c(c(c1=O)C#N)C)/C=C/2\C(=O)N(C(=S)S2)CC=C)N3CCN(CC3)c4ccccc4F","InChI=1S/C28H30FN5O2S2/c1-4-6-12-33-25(32-15-13-31(14-16-32)23-10-8-7-9-22(23)29)20(19(3)21(18-30)26(33)35)17-24-27(36)34(11-5-2)28(37)38-24/h5,7-10,17H,2,4,6,11-16H2,1,3H3/b24-17+","HXYYPIWYBWMQDI-JJIBRWJFSA-N"
12230485,"5-[(E)-(3-Allyl-4-oxo-2-thioxo-1,3-thiazolidin-5-ylidene)methyl]-1-butyl-6-[4-(4-fluorophenyl)-1-piperazinyl]-4-methyl-2-oxo-1,2-dihydro-3-pyridinecarbonitrile",551.182495,"C28H30FN5O2S2","CCCCn1c(c(c(c(c1=O)C#N)C)/C=C/2\C(=O)N(C(=S)S2)CC=C)N3CCN(CC3)c4ccc(cc4)F","InChI=1S/C28H30FN5O2S2/c1-4-6-12-33-25(32-15-13-31(14-16-32)21-9-7-20(29)8-10-21)22(19(3)23(18-30)26(33)35)17-24-27(36)34(11-5-2)28(37)38-24/h5,7-10,17H,2,4,6,11-16H2,1,3H3/b24-17+","VLWMVCBRCRXRMZ-JJIBRWJFSA-N"
13016373,"2-(4-{(Z)-[({[(4-Acetamidophenyl)sulfonyl](methyl)amino}acetyl)hydrazono]methyl}phenoxy)-N-(4-methylphenyl)acetamide",551.183838,"C27H29N5O6S","Cc1ccc(cc1)NC(=O)COc2ccc(cc2)/C=N\NC(=O)CN(C)S(=O)(=O)c3ccc(cc3)NC(=O)C","InChI=1S/C27H29N5O6S/c1-19-4-8-23(9-5-19)30-27(35)18-38-24-12-6-21(7-13-24)16-28-31-26(34)17-32(3)39(36,37)25-14-10-22(11-15-25)29-20(2)33/h4-16H,17-18H2,1-3H3,(H,29,33)(H,30,35)(H,31,34)/b28-16-","OWUCMCQNARIIKF-NTFVMDSBSA-N"
13130299,"2-{3-[4-(1,3-Benzodioxol-5-ylmethyl)-1-piperazinyl]-3-oxopropyl}-8,9-dimethoxy-5-thioxo-5,6-dihydroimidazo[1,2-c]quinazolin-3(2H)-one",551.183838,"C27H29N5O6S","COc1cc2c(cc1OC)NC(=S)N3C2=NC(C3=O)CCC(=O)N4CCN(CC4)Cc5ccc6c(c5)OCO6","InChI=1S/C27H29N5O6S/c1-35-21-12-17-19(13-22(21)36-2)29-27(39)32-25(17)28-18(26(32)34)4-6-24(33)31-9-7-30(8-10-31)14-16-3-5-20-23(11-16)38-15-37-20/h3,5,11-13,18H,4,6-10,14-15H2,1-2H3,(H,29,39)","KEEMMOAIUKHRFX-UHFFFAOYSA-N"
13165913,"2-Chloro-4-({(2S)-1-[(3-methoxy-4-{[(2-methylphenyl)carbamoyl]amino}phenyl)acetyl]-2-pyrrolidinyl}methoxy)benzoic acid",551.182312,"C29H30ClN3O6","Cc1ccccc1NC(=O)Nc2ccc(cc2OC)CC(=O)N3CCC[C@H]3COc4ccc(c(c4)Cl)C(=O)O","InChI=1S/C29H30ClN3O6/c1-18-6-3-4-8-24(18)31-29(37)32-25-12-9-19(14-26(25)38-2)15-27(34)33-13-5-7-20(33)17-39-21-10-11-22(28(35)36)23(30)16-21/h3-4,6,8-12,14,16,20H,5,7,13,15,17H2,1-2H3,(H,35,36)(H2,31,32,37)/t20-/m0/s1","KBANUBFRBISVHI-FQEVSTJZSA-N"
13173425,"4-({3-[(3,5-Dimethoxyphenyl)amino]-2-quinoxalinyl}sulfamoyl)-N-(3-methoxypropyl)benzamide",551.183838,"C27H29N5O6S","COCCCNC(=O)c1ccc(cc1)S(=O)(=O)Nc2c(nc3ccccc3n2)Nc4cc(cc(c4)OC)OC","InChI=1S/C27H29N5O6S/c1-36-14-6-13-28-27(33)18-9-11-22(12-10-18)39(34,35)32-26-25(30-23-7-4-5-8-24(23)31-26)29-19-15-20(37-2)17-21(16-19)38-3/h4-5,7-12,15-17H,6,13-14H2,1-3H3,(H,28,33)(H,29,30)(H,31,32)","LNVHSUXIVJRJIW-UHFFFAOYSA-N"
16547342,"2-Methyl-2-propanyl {1-[{2-[(2-chloro-6-methylphenyl)amino]-1-(2-hydroxy-3-methylphenyl)-2-oxoethyl}(2-hydroxyethyl)amino]-1-oxo-3-sulfanyl-2-propanyl}carbamate",551.185669,"C26H34ClN3O6S","Cc1cccc(c1/N=C(/C(c2cccc(c2O)C)N(CCO)C(=O)C(CS)/N=C(\O)/OC(C)(C)C)\O)Cl","InChI=1S/C26H34ClN3O6S/c1-15-8-7-11-18(27)20(15)29-23(33)21(17-10-6-9-16(2)22(17)32)30(12-13-31)24(34)19(14-37)28-25(35)36-26(3,4)5/h6-11,19,21,31-32,37H,12-14H2,1-5H3,(H,28,35)(H,29,33)","RHYDRWNJXIFZOF-UHFFFAOYSA-N"
16547432,"2-Methyl-2-propanyl {1-[{2-[(2-chloro-6-methylphenyl)amino]-1-(4-hydroxy-3-methylphenyl)-2-oxoethyl}(2-hydroxyethyl)amino]-1-oxo-3-sulfanyl-2-propanyl}carbamate",551.185669,"C26H34ClN3O6S","Cc1cccc(c1/N=C(\C(c2ccc(c(c2)C)O)N(CCO)C(=O)C(CS)/N=C(\O)/OC(C)(C)C)/O)Cl","InChI=1S/C26H34ClN3O6S/c1-15-7-6-8-18(27)21(15)29-23(33)22(17-9-10-20(32)16(2)13-17)30(11-12-31)24(34)19(14-37)28-25(35)36-26(3,4)5/h6-10,13,19,22,31-32,37H,11-12,14H2,1-5H3,(H,28,35)(H,29,33)","GPJVFIMFGYWPDZ-UHFFFAOYSA-N"
17251908,"4-({(2S,4R)-4-Chloro-1-[(3-methoxy-4-{[(2-methylphenyl)carbamoyl]amino}phenyl)acetyl]-2-pyrrolidinyl}methoxy)benzoic acid",551.182312,"C29H30ClN3O6","Cc1ccccc1NC(=O)Nc2ccc(cc2OC)CC(=O)N3C[C@@H](C[C@H]3COc4ccc(cc4)C(=O)O)Cl","InChI=1S/C29H30ClN3O6/c1-18-5-3-4-6-24(18)31-29(37)32-25-12-7-19(13-26(25)38-2)14-27(34)33-16-21(30)15-22(33)17-39-23-10-8-20(9-11-23)28(35)36/h3-13,21-22H,14-17H2,1-2H3,(H,35,36)(H2,31,32,37)/t21-,22+/m1/s1","RWZBBUHLNCHKLI-YADHBBJMSA-N"
17273693,"Methyl 4-(2-{5-chloro-1-(diphenylmethyl)-2-[(E)-2-methoxyvinyl]-1H-indol-3-yl}ethoxy)benzoate",551.18634,"C34H30ClNO4","CO/C=C/c1c(c2cc(ccc2n1C(c3ccccc3)c4ccccc4)Cl)CCOc5ccc(cc5)C(=O)OC","InChI=1S/C34H30ClNO4/c1-38-21-20-32-29(19-22-40-28-16-13-26(14-17-28)34(37)39-2)30-23-27(35)15-18-31(30)36(32)33(24-9-5-3-6-10-24)25-11-7-4-8-12-25/h3-18,20-21,23,33H,19,22H2,1-2H3/b21-20+","ZNSYPKFGUHRKHO-QZQOTICOSA-N"
17471433,"N-[(2S)-2-(2,4-Dioxo-1,4-dihydro-3(2H)-quinazolinyl)-3-(1H-indol-3-yl)propanoyl]-L-alanyl-L-methionine",551.183838,"C27H29N5O6S","C[C@@H](C(=O)N[C@@H](CCSC)C(=O)O)NC(=O)[C@H](Cc1c[nH]c2c1cccc2)n3c(=O)c4ccccc4[nH]c3=O","InChI=1S/C27H29N5O6S/c1-15(23(33)30-21(26(36)37)11-12-39-2)29-24(34)22(13-16-14-28-19-9-5-3-7-17(16)19)32-25(35)18-8-4-6-10-20(18)31-27(32)38/h3-10,14-15,21-22,28H,11-13H2,1-2H3,(H,29,34)(H,30,33)(H,31,38)(H,36,37)/t15-,21-,22-/m0/s1","MDKCJSGKAIYQDL-RXYZOABWSA-N"
17538939,"N-{1-[(2E)-2-{4-[(4-Chlorobenzyl)oxy]-3-ethoxybenzylidene}hydrazino]-3-methyl-1-oxo-2-butanyl}-1,3-benzodioxole-5-carboxamide",551.182312,"C29H30ClN3O6","CCOc1cc(ccc1OCc2ccc(cc2)Cl)/C=N/NC(=O)C(C(C)C)NC(=O)c3ccc4c(c3)OCO4","InChI=1S/C29H30ClN3O6/c1-4-36-25-13-20(7-11-23(25)37-16-19-5-9-22(30)10-6-19)15-31-33-29(35)27(18(2)3)32-28(34)21-8-12-24-26(14-21)39-17-38-24/h5-15,18,27H,4,16-17H2,1-3H3,(H,32,34)(H,33,35)/b31-15+","OTQAERDBASSEPB-IBBHUPRXSA-N"
17539549,"N-{1-[(2E)-2-{4-[(2-Chlorobenzyl)oxy]-3-ethoxybenzylidene}hydrazino]-3-methyl-1-oxo-2-butanyl}-1,3-benzodioxole-5-carboxamide",551.182312,"C29H30ClN3O6","CCOc1cc(ccc1OCc2ccccc2Cl)/C=N/NC(=O)C(C(C)C)NC(=O)c3ccc4c(c3)OCO4","InChI=1S/C29H30ClN3O6/c1-4-36-25-13-19(9-11-23(25)37-16-21-7-5-6-8-22(21)30)15-31-33-29(35)27(18(2)3)32-28(34)20-10-12-24-26(14-20)39-17-38-24/h5-15,18,27H,4,16-17H2,1-3H3,(H,32,34)(H,33,35)/b31-15+","XFIDTOLDOMCXOC-IBBHUPRXSA-N"
17622365,"N-(1-{[3-({[(Z)-(9,9-Dimethyl-3,4-dioxo-3,4,6,7-tetrahydropyrimido[2,1-c][1,4]oxazin-2(9H)-ylidene)(hydroxy)methyl]amino}methyl)-5-fluorophenyl]sulfonyl}-3-pyrrolidinyl)-N-methylacetamide",551.184998,"C24H30FN5O7S","CC(=O)N(C)C1CCN(C1)S(=O)(=O)c2cc(cc(c2)F)CN/C(=C/3\C(=O)C(=O)N4CCOC(C4=N3)(C)C)/O","InChI=1S/C24H30FN5O7S/c1-14(31)28(4)17-5-6-29(13-17)38(35,36)18-10-15(9-16(25)11-18)12-26-21(33)19-20(32)22(34)30-7-8-37-24(2,3)23(30)27-19/h9-11,17,26,33H,5-8,12-13H2,1-4H3/b21-19-","IEBQDJKTYQMINR-VZCXRCSSSA-N"
17622702,"(2'Z)-2'-[({3-Fluoro-5-[(4-methyl-1-piperazinyl)sulfonyl]benzyl}amino)(hydroxy)methylene]-2,3,5,6,6',7'-hexahydro-2'H-spiro[pyran-4,9'-pyrimido[2,1-c][1,4]oxazine]-3',4'-dione",551.184998,"C24H30FN5O7S","CN1CCN(CC1)S(=O)(=O)c2cc(cc(c2)F)CN/C(=C/3\C(=O)C(=O)N4CCOC5(C4=N3)CCOCC5)/O","InChI=1S/C24H30FN5O7S/c1-28-4-6-29(7-5-28)38(34,35)18-13-16(12-17(25)14-18)15-26-21(32)19-20(31)22(33)30-8-11-37-24(23(30)27-19)2-9-36-10-3-24/h12-14,26,32H,2-11,15H2,1H3/b21-19-","RBZIZLZQRRRPMB-VZCXRCSSSA-N"
18369626,"N-[2-(3,4-Dimethoxyphenyl)ethyl]-2-{[2-(4-methoxyphenyl)-6,8-dimethyl-5,7-dioxo-5,6,7,8-tetrahydropyrimido[4,5-d]pyrimidin-4-yl]sulfanyl}acetamide",551.183838,"C27H29N5O6S","Cn1c2c(c(nc(n2)c3ccc(cc3)OC)SCC(=O)NCCc4ccc(c(c4)OC)OC)c(=O)n(c1=O)C","InChI=1S/C27H29N5O6S/c1-31-24-22(26(34)32(2)27(31)35)25(30-23(29-24)17-7-9-18(36-3)10-8-17)39-15-21(33)28-13-12-16-6-11-19(37-4)20(14-16)38-5/h6-11,14H,12-13,15H2,1-5H3,(H,28,33)","HFVDVKZWSVKHQW-UHFFFAOYSA-N"
21114585,"2-(4-{(Z)-[({[(4-Acetamidophenyl)sulfonyl](methyl)amino}acetyl)hydrazono]methyl}phenoxy)-N-benzylacetamide",551.183838,"C27H29N5O6S","CC(=O)Nc1ccc(cc1)S(=O)(=O)N(C)CC(=O)N/N=C\c2ccc(cc2)OCC(=O)NCc3ccccc3","InChI=1S/C27H29N5O6S/c1-20(33)30-23-10-14-25(15-11-23)39(36,37)32(2)18-26(34)31-29-17-22-8-12-24(13-9-22)38-19-27(35)28-16-21-6-4-3-5-7-21/h3-15,17H,16,18-19H2,1-2H3,(H,28,35)(H,30,33)(H,31,34)/b29-17-","YELRSDNGVGYCAN-RHANQZHGSA-N"
21345942,"{2-[(2'-Benzoyl-2-oxo-1,2,2',3'-tetrahydro-10b'H-spiro[indole-3,1'-pyrrolo[2,1-a]isoquinolin]-3'-yl)carbonyl]phenoxy}acetonitrile",551.184509,"C35H25N3O4","c1ccc(cc1)C(=O)C2C(N3C=Cc4ccccc4C3C25c6ccccc6NC5=O)C(=O)c7ccccc7OCC#N","InChI=1S/C35H25N3O4/c36-19-21-42-28-17-9-6-14-25(28)32(40)30-29(31(39)23-11-2-1-3-12-23)35(26-15-7-8-16-27(26)37-34(35)41)33-24-13-5-4-10-22(24)18-20-38(30)33/h1-18,20,29-30,33H,21H2,(H,37,41)","DJWZELAZYABWQH-UHFFFAOYSA-N"
21346828,"Methyl N-[(1-{N-[(4-methylphenyl)sulfonyl]-L-alanyl}-4-piperidinyl)carbonyl]-L-phenylalaninate hydrochloride (1:1)",551.185669,"C26H34ClN3O6S","Cc1ccc(cc1)S(=O)(=O)N[C@@H](C)C(=O)N2CCC(CC2)C(=O)N[C@@H](Cc3ccccc3)C(=O)OC.Cl","InChI=1S/C26H33N3O6S.ClH/c1-18-9-11-22(12-10-18)36(33,34)28-19(2)25(31)29-15-13-21(14-16-29)24(30)27-23(26(32)35-3)17-20-7-5-4-6-8-20;/h4-12,19,21,23,28H,13-17H2,1-3H3,(H,27,30);1H/t19-,23-;/m0./s1","UWVBYIOSHAYURK-ZWHLOQRUSA-N"
21389107,"Methyl N-{[(2R)-4-(phenylcarbamoyl)-1-(phenylsulfonyl)-2-piperazinyl]carbonyl}-3-(3-pyridinyl)-D-alaninate",551.183838,"C27H29N5O6S","COC(=O)[C@@H](Cc1cccnc1)NC(=O)[C@H]2CN(CCN2S(=O)(=O)c3ccccc3)C(=O)Nc4ccccc4","InChI=1S/C27H29N5O6S/c1-38-26(34)23(17-20-9-8-14-28-18-20)30-25(33)24-19-31(27(35)29-21-10-4-2-5-11-21)15-16-32(24)39(36,37)22-12-6-3-7-13-22/h2-14,18,23-24H,15-17,19H2,1H3,(H,29,35)(H,30,33)/t23-,24-/m1/s1","JEVWKKFRTHFXKD-DNQXCXABSA-N"
21543319,"2-Chloro-N-[2-(3,4-dimethoxyphenyl)ethyl]-N-{2-[3-(3,4-dimethoxyphenyl)-1,2,4-oxadiazol-5-yl]ethyl}benzamide",551.182312,"C29H30ClN3O6","COc1ccc(cc1OC)CCN(CCc2nc(no2)c3ccc(c(c3)OC)OC)C(=O)c4ccccc4Cl","InChI=1S/C29H30ClN3O6/c1-35-23-11-9-19(17-25(23)37-3)13-15-33(29(34)21-7-5-6-8-22(21)30)16-14-27-31-28(32-39-27)20-10-12-24(36-2)26(18-20)38-4/h5-12,17-18H,13-16H2,1-4H3","XQIFLOXQYANWPZ-UHFFFAOYSA-N"
21543378,"2-(4-Chlorophenoxy)-N-[2-(3,4-dimethoxyphenyl)ethyl]-N-{2-[3-(4-methoxyphenyl)-1,2,4-oxadiazol-5-yl]ethyl}acetamide",551.182312,"C29H30ClN3O6","COc1ccc(cc1)c2nc(on2)CCN(CCc3ccc(c(c3)OC)OC)C(=O)COc4ccc(cc4)Cl","InChI=1S/C29H30ClN3O6/c1-35-23-9-5-21(6-10-23)29-31-27(39-32-29)15-17-33(28(34)19-38-24-11-7-22(30)8-12-24)16-14-20-4-13-25(36-2)26(18-20)37-3/h4-13,18H,14-17,19H2,1-3H3","WNFCFABEFSZCKB-UHFFFAOYSA-N"
21560032,"N-Benzyl-N-{2-[3-(3-chloro-2-methylphenyl)-4-oxo-1-imidazolidinyl]-2-oxoethyl}-3,4,5-trimethoxybenzamide",551.182312,"C29H30ClN3O6","Cc1c(cccc1Cl)N2CN(CC2=O)C(=O)CN(Cc3ccccc3)C(=O)c4cc(c(c(c4)OC)OC)OC","InChI=1S/C29H30ClN3O6/c1-19-22(30)11-8-12-23(19)33-18-32(17-27(33)35)26(34)16-31(15-20-9-6-5-7-10-20)29(36)21-13-24(37-2)28(39-4)25(14-21)38-3/h5-14H,15-18H2,1-4H3","VSLXJNCOOUNTTB-UHFFFAOYSA-N"
21571720,"N-(1,3-Benzodioxol-5-ylmethyl)-3-(1-benzyl-5-nitro-1H-indol-3-yl)-3-(3-fluorophenyl)propanamide",551.185669,"C32H26FN3O5","c1ccc(cc1)Cn2cc(c3c2ccc(c3)[N+](=O)[O-])C(CC(=O)NCc4ccc5c(c4)OCO5)c6cccc(c6)F","InChI=1S/C32H26FN3O5/c33-24-8-4-7-23(14-24)26(16-32(37)34-17-22-9-12-30-31(13-22)41-20-40-30)28-19-35(18-21-5-2-1-3-6-21)29-11-10-25(36(38)39)15-27(28)29/h1-15,19,26H,16-18,20H2,(H,34,37)","VFVJCAGDLSCLLN-UHFFFAOYSA-N"
21581047,"N-(1,3-Benzodioxol-5-ylmethyl)-3-(1-benzyl-5-nitro-1H-indol-3-yl)-3-(4-fluorophenyl)propanamide",551.185669,"C32H26FN3O5","c1ccc(cc1)Cn2cc(c3c2ccc(c3)[N+](=O)[O-])C(CC(=O)NCc4ccc5c(c4)OCO5)c6ccc(cc6)F","InChI=1S/C32H26FN3O5/c33-24-9-7-23(8-10-24)26(16-32(37)34-17-22-6-13-30-31(14-22)41-20-40-30)28-19-35(18-21-4-2-1-3-5-21)29-12-11-25(36(38)39)15-27(28)29/h1-15,19,26H,16-18,20H2,(H,34,37)","XMGMOAZLECITOG-UHFFFAOYSA-N"
21590733,"3-({2-Chloro-6-methoxy-4-[(Z)-({3-methyl-2-[(4-methylbenzoyl)amino]butanoyl}hydrazono)methyl]phenoxy}methyl)benzoic acid",551.182312,"C29H30ClN3O6","Cc1ccc(cc1)C(=O)NC(C(C)C)C(=O)N/N=C\c2cc(c(c(c2)Cl)OCc3cccc(c3)C(=O)O)OC","InChI=1S/C29H30ClN3O6/c1-17(2)25(32-27(34)21-10-8-18(3)9-11-21)28(35)33-31-15-20-13-23(30)26(24(14-20)38-4)39-16-19-6-5-7-22(12-19)29(36)37/h5-15,17,25H,16H2,1-4H3,(H,32,34)(H,33,35)(H,36,37)/b31-15-","MKIVLLKKMPKQDJ-BVMLUPFRSA-N"
21812898,"2-[4-(4-Fluorophenyl)-1-piperazinyl]-3-[(Z)-(3-hexyl-4-oxo-2-thioxo-1,3-thiazolidin-5-ylidene)methyl]-4H-pyrido[1,2-a]pyrimidin-4-one",551.182495,"C28H30FN5O2S2","CCCCCCN1C(=O)/C(=C/c2c(nc3ccccn3c2=O)N4CCN(CC4)c5ccc(cc5)F)/SC1=S","InChI=1S/C28H30FN5O2S2/c1-2-3-4-6-14-34-27(36)23(38-28(34)37)19-22-25(30-24-8-5-7-13-33(24)26(22)35)32-17-15-31(16-18-32)21-11-9-20(29)10-12-21/h5,7-13,19H,2-4,6,14-18H2,1H3/b23-19-","IENBJEMRUADEFL-NMWGTECJSA-N"
21816823,"2-[4-(4-Fluorophenyl)-1-piperazinyl]-9-methyl-3-[(Z)-(4-oxo-3-pentyl-2-thioxo-1,3-thiazolidin-5-ylidene)methyl]-4H-pyrido[1,2-a]pyrimidin-4-one",551.182495,"C28H30FN5O2S2","CCCCCN1C(=O)/C(=C/c2c(nc3c(cccn3c2=O)C)N4CCN(CC4)c5ccc(cc5)F)/SC1=S","InChI=1S/C28H30FN5O2S2/c1-3-4-5-12-34-27(36)23(38-28(34)37)18-22-25(30-24-19(2)7-6-13-33(24)26(22)35)32-16-14-31(15-17-32)21-10-8-20(29)9-11-21/h6-11,13,18H,3-5,12,14-17H2,1-2H3/b23-18-","VJZFAKONGPIXJR-NKFKGCMQSA-N"
21816877,"2-[4-(4-Fluorophenyl)-1-piperazinyl]-7-methyl-3-[(Z)-(4-oxo-3-pentyl-2-thioxo-1,3-thiazolidin-5-ylidene)methyl]-4H-pyrido[1,2-a]pyrimidin-4-one",551.182495,"C28H30FN5O2S2","CCCCCN1C(=O)/C(=C/c2c(nc3ccc(cn3c2=O)C)N4CCN(CC4)c5ccc(cc5)F)/SC1=S","InChI=1S/C28H30FN5O2S2/c1-3-4-5-12-33-27(36)23(38-28(33)37)17-22-25(30-24-11-6-19(2)18-34(24)26(22)35)32-15-13-31(14-16-32)21-9-7-20(29)8-10-21/h6-11,17-18H,3-5,12-16H2,1-2H3/b23-17-","ZSZBLWWOLSOCNR-QJOMJCCJSA-N"
22495839,"N-(4-Ethoxyphenyl)-2-(2-{[(6-hydroxy-2,4-dioxo-1,2,3,4-tetrahydro-5-pyrimidinyl)(4-isopropylphenyl)methyl]amino}-4-oxo-4,5-dihydro-1,3-thiazol-5-yl)acetamide",551.183838,"C27H29N5O6S","CCOc1ccc(cc1)NC(=O)CC2C(=O)N=C(S2)NC(c3ccc(cc3)C(C)C)c4c([nH]c(=O)[nH]c4=O)O","InChI=1S/C27H29N5O6S/c1-4-38-18-11-9-17(10-12-18)28-20(33)13-19-23(34)32-27(39-19)29-22(16-7-5-15(6-8-16)14(2)3)21-24(35)30-26(37)31-25(21)36/h5-12,14,19,22H,4,13H2,1-3H3,(H,28,33)(H,29,32,34)(H3,30,31,35,36,37)","ZMYHIQXNPUCQPX-UHFFFAOYSA-N"
22496820,"4-({1-[2-(4-Fluorophenyl)-2-oxoethyl]-2,4-dioxo-1,4-dihydro-3(2H)-quinazolinyl}methyl)-N-(2-methoxybenzyl)benzamide",551.185669,"C32H26FN3O5","COc1ccccc1CNC(=O)c2ccc(cc2)Cn3c(=O)c4ccccc4n(c3=O)CC(=O)c5ccc(cc5)F","InChI=1S/C32H26FN3O5/c1-41-29-9-5-2-6-24(29)18-34-30(38)23-12-10-21(11-13-23)19-36-31(39)26-7-3-4-8-27(26)35(32(36)40)20-28(37)22-14-16-25(33)17-15-22/h2-17H,18-20H2,1H3,(H,34,38)","IDSGUCDMANXCDN-UHFFFAOYSA-N"
22538946,"N-(1,3-Dimethyl-2,6-dioxo-1,2,3,6-tetrahydro-4-pyrimidinyl)-1-({1-[(4-methoxyphenyl)sulfonyl]-2-pyrrolidinyl}methyl)-1H-indole-2-carboxamide",551.183838,"C27H29N5O6S","Cn1c(cc(=O)n(c1=O)C)NC(=O)c2cc3ccccc3n2CC4CCCN4S(=O)(=O)c5ccc(cc5)OC","InChI=1S/C27H29N5O6S/c1-29-24(16-25(33)30(2)27(29)35)28-26(34)23-15-18-7-4-5-9-22(18)31(23)17-19-8-6-14-32(19)39(36,37)21-12-10-20(38-3)11-13-21/h4-5,7,9-13,15-16,19H,6,8,14,17H2,1-3H3,(H,28,34)","DZVYJBOWEQVDBE-UHFFFAOYSA-N"
22589968,"3-(3,4-Dichlorophenyl)-1-[2-(dimethylamino)ethyl]-1-{1-[3-(3-methylphenyl)-4-oxo-3,4-dihydro-2-quinazolinyl]propyl}urea",551.185486,"C29H31Cl2N5O2","CCC(c1nc2ccccc2c(=O)n1c3cccc(c3)C)N(CCN(C)C)C(=O)Nc4ccc(c(c4)Cl)Cl","InChI=1S/C29H31Cl2N5O2/c1-5-26(35(16-15-34(3)4)29(38)32-20-13-14-23(30)24(31)18-20)27-33-25-12-7-6-11-22(25)28(37)36(27)21-10-8-9-19(2)17-21/h6-14,17-18,26H,5,15-16H2,1-4H3,(H,32,38)","NFIJPWUFFLODRL-UHFFFAOYSA-N"
22607742,"2-Benzyl-7-ethyl-4-{4-[(4-fluorophenyl)sulfonyl]-1-piperazinyl}-5,6,7,8-tetrahydropyrido[4',3':4,5]thieno[2,3-d]pyrimidine",551.182495,"C28H30FN5O2S2","CCN1CCc2c(sc3c2c(nc(n3)Cc4ccccc4)N5CCN(CC5)S(=O)(=O)c6ccc(cc6)F)C1","InChI=1S/C28H30FN5O2S2/c1-2-32-13-12-23-24(19-32)37-28-26(23)27(30-25(31-28)18-20-6-4-3-5-7-20)33-14-16-34(17-15-33)38(35,36)22-10-8-21(29)9-11-22/h3-11H,2,12-19H2,1H3","UKTJMTXNLFVDHC-UHFFFAOYSA-N"
22621012,"(2-Chloro-4-nitrophenyl){4-[1-(4-fluorophenyl)-3-methyl-6-propyl-1H-pyrazolo[3,4-d]pyrimidin-4-yl]-1,4-diazepan-1-yl}methanone",551.184814,"C27H27ClFN7O3","CCCc1nc2c(c(nn2c3ccc(cc3)F)C)c(n1)N4CCCN(CC4)C(=O)c5ccc(cc5Cl)[N+](=O)[O-]","InChI=1S/C27H27ClFN7O3/c1-3-5-23-30-25(24-17(2)32-35(26(24)31-23)19-8-6-18(29)7-9-19)33-12-4-13-34(15-14-33)27(37)21-11-10-20(36(38)39)16-22(21)28/h6-11,16H,3-5,12-15H2,1-2H3","VUFATGVVHCPZTL-UHFFFAOYSA-N"
22621025,"{4-[6-Butyl-1-(4-fluorophenyl)-3-methyl-1H-pyrazolo[3,4-d]pyrimidin-4-yl]-1-piperazinyl}(2-chloro-4-nitrophenyl)methanone",551.184814,"C27H27ClFN7O3","CCCCc1nc2c(c(nn2c3ccc(cc3)F)C)c(n1)N4CCN(CC4)C(=O)c5ccc(cc5Cl)[N+](=O)[O-]","InChI=1S/C27H27ClFN7O3/c1-3-4-5-23-30-25(24-17(2)32-35(26(24)31-23)19-8-6-18(29)7-9-19)33-12-14-34(15-13-33)27(37)21-11-10-20(36(38)39)16-22(21)28/h6-11,16H,3-5,12-15H2,1-2H3","HNLHBULYWCEGDP-UHFFFAOYSA-N"
22653089,"5-({6-[(2-Chlorophenoxy)acetyl]-3-oxo-2,3-dihydro-4H-1,4-benzoxazin-4-yl}methyl)-N-[2-(1-piperidinyl)ethyl]-2-furamide",551.182312,"C29H30ClN3O6","c1ccc(c(c1)OCC(=O)c2ccc3c(c2)N(C(=O)CO3)Cc4ccc(o4)C(=O)NCCN5CCCCC5)Cl","InChI=1S/C29H30ClN3O6/c30-22-6-2-3-7-25(22)37-18-24(34)20-8-10-26-23(16-20)33(28(35)19-38-26)17-21-9-11-27(39-21)29(36)31-12-15-32-13-4-1-5-14-32/h2-3,6-11,16H,1,4-5,12-15,17-19H2,(H,31,36)","ZBIUYEIXLTUFOU-UHFFFAOYSA-N"
22653497,"5-({6-[(4-Chlorophenoxy)acetyl]-3-oxo-2,3-dihydro-4H-1,4-benzoxazin-4-yl}methyl)-N-[2-(1-piperidinyl)ethyl]-2-furamide",551.182312,"C29H30ClN3O6","c1cc(ccc1OCC(=O)c2ccc3c(c2)N(C(=O)CO3)Cc4ccc(o4)C(=O)NCCN5CCCCC5)Cl","InChI=1S/C29H30ClN3O6/c30-21-5-7-22(8-6-21)37-18-25(34)20-4-10-26-24(16-20)33(28(35)19-38-26)17-23-9-11-27(39-23)29(36)31-12-15-32-13-2-1-3-14-32/h4-11,16H,1-3,12-15,17-19H2,(H,31,36)","ZOPMXPSDBKLQEF-UHFFFAOYSA-N"
22672762,"3-(3,5-Dimethoxyphenyl)-4-{4-[(3-fluorobenzoyl)amino]phenyl}-1-phenyl-1H-pyrazol-5-yl acetate",551.185669,"C32H26FN3O5","CC(=O)Oc1c(c(nn1c2ccccc2)c3cc(cc(c3)OC)OC)c4ccc(cc4)NC(=O)c5cccc(c5)F","InChI=1S/C32H26FN3O5/c1-20(37)41-32-29(21-12-14-25(15-13-21)34-31(38)22-8-7-9-24(33)16-22)30(35-36(32)26-10-5-4-6-11-26)23-17-27(39-2)19-28(18-23)40-3/h4-19H,1-3H3,(H,34,38)","NTEJXOXVUYWVMQ-UHFFFAOYSA-N"
22672801,"3-(2,4-Dimethoxyphenyl)-4-{4-[(4-fluorobenzoyl)amino]phenyl}-1-phenyl-1H-pyrazol-5-yl acetate",551.185669,"C32H26FN3O5","CC(=O)Oc1c(c(nn1c2ccccc2)c3ccc(cc3OC)OC)c4ccc(cc4)NC(=O)c5ccc(cc5)F","InChI=1S/C32H26FN3O5/c1-20(37)41-32-29(21-11-15-24(16-12-21)34-31(38)22-9-13-23(33)14-10-22)30(35-36(32)25-7-5-4-6-8-25)27-18-17-26(39-2)19-28(27)40-3/h4-19H,1-3H3,(H,34,38)","BLTDZBYLUZCBCO-UHFFFAOYSA-N"
22673131,"3-(2,4-Dimethoxyphenyl)-4-{4-[(3-fluorobenzoyl)amino]phenyl}-1-phenyl-1H-pyrazol-5-yl acetate",551.185669,"C32H26FN3O5","CC(=O)Oc1c(c(nn1c2ccccc2)c3ccc(cc3OC)OC)c4ccc(cc4)NC(=O)c5cccc(c5)F","InChI=1S/C32H26FN3O5/c1-20(37)41-32-29(21-12-14-24(15-13-21)34-31(38)22-8-7-9-23(33)18-22)30(35-36(32)25-10-5-4-6-11-25)27-17-16-26(39-2)19-28(27)40-3/h4-19H,1-3H3,(H,34,38)","NRXZKHVEXIGFKJ-UHFFFAOYSA-N"
22673293,"3-(3,5-Dimethoxyphenyl)-4-{4-[(2-fluorobenzoyl)amino]phenyl}-1-phenyl-1H-pyrazol-5-yl acetate",551.185669,"C32H26FN3O5","CC(=O)Oc1c(c(nn1c2ccccc2)c3cc(cc(c3)OC)OC)c4ccc(cc4)NC(=O)c5ccccc5F","InChI=1S/C32H26FN3O5/c1-20(37)41-32-29(21-13-15-23(16-14-21)34-31(38)27-11-7-8-12-28(27)33)30(35-36(32)24-9-5-4-6-10-24)22-17-25(39-2)19-26(18-22)40-3/h4-19H,1-3H3,(H,34,38)","QMQXOAVGWKEKIC-UHFFFAOYSA-N"
22673419,"3-(3,5-Dimethoxyphenyl)-4-{4-[(4-fluorobenzoyl)amino]phenyl}-1-phenyl-1H-pyrazol-5-yl acetate",551.185669,"C32H26FN3O5","CC(=O)Oc1c(c(nn1c2ccccc2)c3cc(cc(c3)OC)OC)c4ccc(cc4)NC(=O)c5ccc(cc5)F","InChI=1S/C32H26FN3O5/c1-20(37)41-32-29(21-11-15-25(16-12-21)34-31(38)22-9-13-24(33)14-10-22)30(35-36(32)26-7-5-4-6-8-26)23-17-27(39-2)19-28(18-23)40-3/h4-19H,1-3H3,(H,34,38)","OAOGADPNEHEJLJ-UHFFFAOYSA-N"
22676509,"N-(2-{4-[6-(2,4-Dichlorophenyl)-3-pyridazinyl]-1-piperazinyl}-2-oxoethyl)-N-(1-phenylethyl)cyclobutanecarboxamide",551.185486,"C29H31Cl2N5O2","CC(c1ccccc1)N(CC(=O)N2CCN(CC2)c3ccc(nn3)c4ccc(cc4Cl)Cl)C(=O)C5CCC5","InChI=1S/C29H31Cl2N5O2/c1-20(21-6-3-2-4-7-21)36(29(38)22-8-5-9-22)19-28(37)35-16-14-34(15-17-35)27-13-12-26(32-33-27)24-11-10-23(30)18-25(24)31/h2-4,6-7,10-13,18,20,22H,5,8-9,14-17,19H2,1H3","VEUUHQCVOKOORN-UHFFFAOYSA-N"
22676522,"N-(2-{4-[6-(2,4-Dichlorophenyl)-3-pyridazinyl]-1-piperazinyl}-2-oxoethyl)-N-(2-phenylethyl)cyclobutanecarboxamide",551.185486,"C29H31Cl2N5O2","c1ccc(cc1)CCN(CC(=O)N2CCN(CC2)c3ccc(nn3)c4ccc(cc4Cl)Cl)C(=O)C5CCC5","InChI=1S/C29H31Cl2N5O2/c30-23-9-10-24(25(31)19-23)26-11-12-27(33-32-26)34-15-17-35(18-16-34)28(37)20-36(29(38)22-7-4-8-22)14-13-21-5-2-1-3-6-21/h1-3,5-6,9-12,19,22H,4,7-8,13-18,20H2","NNXIRXLXKDRFKQ-UHFFFAOYSA-N"
22881183,"(2-{[(2'S,3S,3'S,10b'R)-2'-Benzoyl-2-oxo-1,2,2',3'-tetrahydro-10b'H-spiro[indole-3,1'-pyrrolo[2,1-a]isoquinolin]-3'-yl]carbonyl}phenoxy)acetonitrile",551.184509,"C35H25N3O4","c1ccc(cc1)C(=O)[C@@H]2[C@H](N3C=Cc4ccccc4[C@@H]3[C@@]25c6ccccc6NC5=O)C(=O)c7ccccc7OCC#N","InChI=1S/C35H25N3O4/c36-19-21-42-28-17-9-6-14-25(28)32(40)30-29(31(39)23-11-2-1-3-12-23)35(26-15-7-8-16-27(26)37-34(35)41)33-24-13-5-4-10-22(24)18-20-38(30)33/h1-18,20,29-30,33H,21H2,(H,37,41)/t29-,30-,33+,35+/m0/s1","DJWZELAZYABWQH-CXNUKBDRSA-N"
22950898,"(2Z)-4-Methyl-6-{[3-methyl-4-(3-methylphenyl)-1-piperazinyl]carbonyl}-2-[4-(trifluoromethyl)benzylidene]-2H-1,4-benzothiazin-3(4H)-one",551.185425,"C30H28F3N3O2S","Cc1cccc(c1)N2CCN(CC2C)C(=O)c3ccc4c(c3)N(C(=O)/C(=C/c5ccc(cc5)C(F)(F)F)/S4)C","InChI=1S/C30H28F3N3O2S/c1-19-5-4-6-24(15-19)36-14-13-35(18-20(36)2)28(37)22-9-12-26-25(17-22)34(3)29(38)27(39-26)16-21-7-10-23(11-8-21)30(31,32)33/h4-12,15-17,20H,13-14,18H2,1-3H3/b27-16-","BRQUCNSWPKUPSO-YUMHPJSZSA-N"
22950901,"(2Z)-4-Methyl-6-{[3-methyl-4-(4-methylphenyl)-1-piperazinyl]carbonyl}-2-[4-(trifluoromethyl)benzylidene]-2H-1,4-benzothiazin-3(4H)-one",551.185425,"C30H28F3N3O2S","Cc1ccc(cc1)N2CCN(CC2C)C(=O)c3ccc4c(c3)N(C(=O)/C(=C/c5ccc(cc5)C(F)(F)F)/S4)C","InChI=1S/C30H28F3N3O2S/c1-19-4-11-24(12-5-19)36-15-14-35(18-20(36)2)28(37)22-8-13-26-25(17-22)34(3)29(38)27(39-26)16-21-6-9-23(10-7-21)30(31,32)33/h4-13,16-17,20H,14-15,18H2,1-3H3/b27-16-","KZPIYUIPYQZQDR-YUMHPJSZSA-N"
23017584,"(2E)-4-{2-[4-(2,5-Dimethylphenyl)-1-piperazinyl]-2-oxoethyl}-2-[4-(trifluoromethyl)benzylidene]-2H-1,4-benzothiazin-3(4H)-one",551.185425,"C30H28F3N3O2S","Cc1ccc(c(c1)N2CCN(CC2)C(=O)CN3c4ccccc4S/C(=C/c5ccc(cc5)C(F)(F)F)/C3=O)C","InChI=1S/C30H28F3N3O2S/c1-20-7-8-21(2)25(17-20)34-13-15-35(16-14-34)28(37)19-36-24-5-3-4-6-26(24)39-27(29(36)38)18-22-9-11-23(12-10-22)30(31,32)33/h3-12,17-18H,13-16,19H2,1-2H3/b27-18+","UJXNOJOMCFSIIQ-OVVQPSECSA-N"
23137510,"N~2~-[Bis(4-chlorophenyl)acetyl]-N-[(1S)-2,3-dihydro-1H-inden-1-yl]argininamide",551.185486,"C29H31Cl2N5O2","c1ccc2c(c1)CC[C@@H]2NC(=O)C(CCCNC(=N)N)NC(=O)C(c3ccc(cc3)Cl)c4ccc(cc4)Cl","InChI=1S/C29H31Cl2N5O2/c30-21-12-7-19(8-13-21)26(20-9-14-22(31)15-10-20)28(38)36-25(6-3-17-34-29(32)33)27(37)35-24-16-11-18-4-1-2-5-23(18)24/h1-2,4-5,7-10,12-15,24-26H,3,6,11,16-17H2,(H,35,37)(H,36,38)(H4,32,33,34)/t24-,25?/m0/s1","GBRLDXACSXSMTE-SKCDSABHSA-N"
23156125,"4'-Chloro-N-(2-oxo-3-azepanyl)-2-[(3,4,5-trimethoxybenzoyl)amino]-4-biphenylcarboxamide",551.182312,"C29H30ClN3O6","COc1cc(cc(c1OC)OC)C(=O)Nc2cc(ccc2c3ccc(cc3)Cl)C(=O)NC4CCCCNC4=O","InChI=1S/C29H30ClN3O6/c1-37-24-15-19(16-25(38-2)26(24)39-3)28(35)33-23-14-18(9-12-21(23)17-7-10-20(30)11-8-17)27(34)32-22-6-4-5-13-31-29(22)36/h7-12,14-16,22H,4-6,13H2,1-3H3,(H,31,36)(H,32,34)(H,33,35)","QWTXWQVVUIMNOD-UHFFFAOYSA-N"
23267514,"(2S,3S)-3-{4-[1-(4-Fluorophenyl)-6-oxo-1,6-dihydro-3-pyridinyl]phenyl}-1-[(3S)-3-fluoro-1-pyrrolidinyl]-1-oxo-2-butanaminium trifluoroacetate",551.184326,"C27H26F5N3O4","C[C@@H](c1ccc(cc1)c2ccc(=O)n(c2)c3ccc(cc3)F)[C@@H](C(=O)N4CC[C@@H](C4)F)[NH3+].C(=O)(C(F)(F)F)[O-]","InChI=1S/C25H25F2N3O2.C2HF3O2/c1-16(24(28)25(32)29-13-12-21(27)15-29)17-2-4-18(5-3-17)19-6-11-23(31)30(14-19)22-9-7-20(26)8-10-22;3-2(4,5)1(6)7/h2-11,14,16,21,24H,12-13,15,28H2,1H3;(H,6,7)/t16-,21-,24-;/m0./s1","JNYTZYMYWLIIEV-KCYRRHQLSA-N"
23977508,"2-Acetamido-2-deoxy-3-O-[(5xi)-2,3,4,6-tetra-O-acetyl-alpha-L-ribo-hexopyranosyl]-beta-D-threo-hexopyranose",551.184998,"C22H33NO15","CC(=O)N[C@@H]1[C@@H](OC([C@H](C1O[C@H]2[C@H]([C@H]([C@H](C(O2)COC(=O)C)OC(=O)C)OC(=O)C)OC(=O)C)O)CO)O","InChI=1S/C22H33NO15/c1-8(25)23-15-18(16(30)13(6-24)36-21(15)31)38-22-20(35-12(5)29)19(34-11(4)28)17(33-10(3)27)14(37-22)7-32-9(2)26/h13-22,24,30-31H,6-7H2,1-5H3,(H,23,25)/t13?,14?,15-,16+,17-,18?,19-,20-,21+,22-/m0/s1","BDTCKZAWGSBKOX-VLXQUOMMSA-N"
24572651,"TCMDC-132717",551.183228,"C30H25F4N3O3","COc1ccc(cc1)CNCc2cccc(c2)c3cccc(c3)c4[nH]c5ccc(cc5n4)F.C(=O)(C(F)(F)F)O","InChI=1S/C28H24FN3O.C2HF3O2/c1-33-25-11-8-19(9-12-25)17-30-18-20-4-2-5-21(14-20)22-6-3-7-23(15-22)28-31-26-13-10-24(29)16-27(26)32-28;3-2(4,5)1(6)7/h2-16,30H,17-18H2,1H3,(H,31,32);(H,6,7)","RGKNNMYDVWMZQP-UHFFFAOYSA-N"
24572655,"TCMDC-132721",551.183228,"C30H25F4N3O3","COc1ccc(cc1)CNCc2ccc(cc2)c3cccc(c3)c4[nH]c5ccc(cc5n4)F.C(=O)(C(F)(F)F)O","InChI=1S/C28H24FN3O.C2HF3O2/c1-33-25-12-7-20(8-13-25)18-30-17-19-5-9-21(10-6-19)22-3-2-4-23(15-22)28-31-26-14-11-24(29)16-27(26)32-28;3-2(4,5)1(6)7/h2-16,30H,17-18H2,1H3,(H,31,32);(H,6,7)","WHDDZCFBDZQUGF-UHFFFAOYSA-N"
24572659,"TCMDC-132725",551.183228,"C30H25F4N3O3","COc1ccc(cc1)CNCc2ccc(cc2)c3ccc(cc3)c4[nH]c5ccc(cc5n4)F.C(=O)(C(F)(F)F)O","InChI=1S/C28H24FN3O.C2HF3O2/c1-33-25-13-4-20(5-14-25)18-30-17-19-2-6-21(7-3-19)22-8-10-23(11-9-22)28-31-26-15-12-24(29)16-27(26)32-28;3-2(4,5)1(6)7/h2-16,30H,17-18H2,1H3,(H,31,32);(H,6,7)","XNFJCDUVISLZRF-UHFFFAOYSA-N"
24578651,"TCMDC-138781",551.185425,"C30H28F3N3O2S","COc1ccccc1C2CCN(CC2)Cc3csc(n3)NC(=O)c4ccc(cc4)c5ccc(cc5)C(F)(F)F","InChI=1S/C30H28F3N3O2S/c1-38-27-5-3-2-4-26(27)22-14-16-36(17-15-22)18-25-19-39-29(34-25)35-28(37)23-8-6-20(7-9-23)21-10-12-24(13-11-21)30(31,32)33/h2-13,19,22H,14-18H2,1H3,(H,34,35,37)","RMONAJIDBUPJSB-UHFFFAOYSA-N"
24633382,"1-{(3R,5R,6R)-4-[(4-Chlorophenyl)sulfonyl]-5-cyclopropyl-6-methyl-3-morpholinyl}cyclopropyl 8-acetyl-3,8-diazabicyclo[3.2.1]octane-3-carboxylate",551.185669,"C26H34ClN3O6S","C[C@@H]1[C@H](N([C@H](CO1)C2(CC2)OC(=O)N3CC4CCC(C3)N4C(=O)C)S(=O)(=O)c5ccc(cc5)Cl)C6CC6","InChI=1S/C26H34ClN3O6S/c1-16-24(18-3-4-18)30(37(33,34)22-9-5-19(27)6-10-22)23(15-35-16)26(11-12-26)36-25(32)28-13-20-7-8-21(14-28)29(20)17(2)31/h5-6,9-10,16,18,20-21,23-24H,3-4,7-8,11-15H2,1-2H3/t16-,20?,21?,23-,24+/m1/s1","BCZUKWJVRHFSHF-VZLZGHNBSA-N"
24808764,"3-{4-[(5-Chloro-1,3-benzoxazol-2-yl)amino]-3-fluorophenyl}-1-[4-(2-methoxyethoxy)cyclohexyl]-1H-pyrazolo[3,4-d]pyrimidin-4-amine",551.184814,"C27H27ClFN7O3","COCCOC1CCC(CC1)n2c3c(c(n2)c4ccc(c(c4)F)Nc5nc6cc(ccc6o5)Cl)c(ncn3)N","InChI=1S/C27H27ClFN7O3/c1-37-10-11-38-18-6-4-17(5-7-18)36-26-23(25(30)31-14-32-26)24(35-36)15-2-8-20(19(29)12-15)33-27-34-21-13-16(28)3-9-22(21)39-27/h2-3,8-9,12-14,17-18H,4-7,10-11H2,1H3,(H,33,34)(H2,30,31,32)","ZHJBAEFYMAHRNP-UHFFFAOYSA-N"
24825408,"S-1H-Benzimidazol-2-yl (2S)-5-amino-2-{[(2S)-2-amino-4-phenylbutanoyl](2,2,2-trifluoroacetoxy)amino}-2-methylpentanethioate",551.181396,"C25H28F3N5O4S","C[C@](CCCN)(C(=O)Sc1[nH]c2ccccc2n1)N(C(=O)[C@H](CCc3ccccc3)N)OC(=O)C(F)(F)F","InChI=1S/C25H28F3N5O4S/c1-24(14-7-15-29,22(36)38-23-31-18-10-5-6-11-19(18)32-23)33(37-21(35)25(26,27)28)20(34)17(30)13-12-16-8-3-2-4-9-16/h2-6,8-11,17H,7,12-15,29-30H2,1H3,(H,31,32)/t17-,24-/m0/s1","IZBIUPGXXHUCBH-XDHUDOTRSA-N"
24825410,"N-[(2S)-6-Amino-1-(1H-benzimidazol-2-ylsulfanyl)-2-methyl-1-oxo-2-hexanyl]-N-(2,2,2-trifluoroacetoxy)-L-phenylalaninamide",551.181396,"C25H28F3N5O4S","C[C@](CCCCN)(C(=O)Sc1[nH]c2ccccc2n1)N(C(=O)[C@H](Cc3ccccc3)N)OC(=O)C(F)(F)F","InChI=1S/C25H28F3N5O4S/c1-24(13-7-8-14-29,22(36)38-23-31-18-11-5-6-12-19(18)32-23)33(37-21(35)25(26,27)28)20(34)17(30)15-16-9-3-2-4-10-16/h2-6,9-12,17H,7-8,13-15,29-30H2,1H3,(H,31,32)/t17-,24-/m0/s1","KKRNRJODIFIKJG-XDHUDOTRSA-N"
26364229,"1-[(3R,5R)-4-[(4-Chlorophenyl)sulfonyl]-5-(cyclopropylmethyl)-3-morpholinyl]cyclopropyl 8-acetyl-3,8-diazabicyclo[3.2.1]octane-3-carboxylate",551.185669,"C26H34ClN3O6S","CC(=O)N1C2CCC1CN(C2)C(=O)OC3(CC3)[C@H]4COC[C@H](N4S(=O)(=O)c5ccc(cc5)Cl)CC6CC6","InChI=1S/C26H34ClN3O6S/c1-17(31)29-20-6-7-21(29)14-28(13-20)25(32)36-26(10-11-26)24-16-35-15-22(12-18-2-3-18)30(24)37(33,34)23-8-4-19(27)5-9-23/h4-5,8-9,18,20-22,24H,2-3,6-7,10-16H2,1H3/t20?,21?,22-,24-/m1/s1","UPTFCSZWKUUGCL-HNYUPJOQSA-N"
26371476,"",551.183838,"C27H29N5O6S","CC(C)(C)c1ccc(cc1)[S+](=O)(Nc2c(c(nc(n2)c3ncccn3)OCCO)Oc4ccccc4OC)[O-]","InChI=1S/C27H29N5O6S/c1-27(2,3)18-10-12-19(13-11-18)39(34,35)32-23-22(38-21-9-6-5-8-20(21)36-4)26(37-17-16-33)31-25(30-23)24-28-14-7-15-29-24/h5-15,33H,16-17H2,1-4H3,(H-,30,31,32,34,35)","SBHATJMWRCIFPG-UHFFFAOYSA-N"
28481162,"(2S,3S)-2-[(2-Amino-2-methylpropanoyl)amino]-3-(4-biphenylyl)-N-[(1S)-1-(5,6-dichloro-1H-benzimidazol-2-yl)ethyl]butanamide",551.185486,"C29H31Cl2N5O2","C[C@@H](c1ccc(cc1)c2ccccc2)[C@@H](C(=O)N[C@@H](C)c3[nH]c4cc(c(cc4n3)Cl)Cl)NC(=O)C(C)(C)N","InChI=1S/C29H31Cl2N5O2/c1-16(18-10-12-20(13-11-18)19-8-6-5-7-9-19)25(36-28(38)29(3,4)32)27(37)33-17(2)26-34-23-14-21(30)22(31)15-24(23)35-26/h5-17,25H,32H2,1-4H3,(H,33,37)(H,34,35)(H,36,38)/t16-,17-,25-/m0/s1","DNGAWUMPQLYJTP-TZPNTHKFSA-N"
28539509,"N-[6-(2-Hydroxyethoxy)-5-(2-methoxyphenoxy)-2,2'-bipyrimidin-4-yl]-N-(2-methyl-2-propanyl)benzenesulfonamide",551.183838,"C27H29N5O6S","CC(C)(C)N(c1c(c(nc(n1)c2ncccn2)OCCO)Oc3ccccc3OC)S(=O)(=O)c4ccccc4","InChI=1S/C27H29N5O6S/c1-27(2,3)32(39(34,35)19-11-6-5-7-12-19)25-22(38-21-14-9-8-13-20(21)36-4)26(37-18-17-33)31-24(30-25)23-28-15-10-16-29-23/h5-16,33H,17-18H2,1-4H3","DIQPGLORAHKPIH-UHFFFAOYSA-N"
28542253,"4-tert-butyl-N-[6-(2-hydroxyethoxy)-5-[2-(hydroxymethyl)phenoxy]-2-pyrimidin-2-yl-pyrimidin-4-yl]benzenesulfonamide",551.183838,"C27H29N5O6S","CC(C)(C)c1ccc(cc1)S(=O)(=O)Nc2c(c(nc(n2)c3ncccn3)OCCO)Oc4ccccc4CO","InChI=1S/C27H29N5O6S/c1-27(2,3)19-9-11-20(12-10-19)39(35,36)32-23-22(38-21-8-5-4-7-18(21)17-34)26(37-16-15-33)31-25(30-23)24-28-13-6-14-29-24/h4-14,33-34H,15-17H2,1-3H3,(H,30,31,32)","ORSZXCZZGSBHIK-UHFFFAOYSA-N"
28576528,"2-Acetamido-2-deoxy-3-O-(2,3,4,6-tetra-O-acetylhexopyranosyl)hexopyranose",551.184998,"C22H33NO15","CC(=O)NC1C(C(C(OC1O)CO)O)OC2C(C(C(C(O2)COC(=O)C)OC(=O)C)OC(=O)C)OC(=O)C","InChI=1S/C22H33NO15/c1-8(25)23-15-18(16(30)13(6-24)36-21(15)31)38-22-20(35-12(5)29)19(34-11(4)28)17(33-10(3)27)14(37-22)7-32-9(2)26/h13-22,24,30-31H,6-7H2,1-5H3,(H,23,25)","BDTCKZAWGSBKOX-UHFFFAOYSA-N"
28645807,"12-(4-Biphenylyl)-2,3,7,8-tetramethoxy-5-methylbenzo[c]phenanthridinium chloride",551.18634,"C34H30ClNO4","C[n+]1cc2c(ccc(c2OC)OC)c3c1c4cc(c(cc4c(c3)c5ccc(cc5)c6ccccc6)OC)OC.[Cl-]","InChI=1S/C34H30NO4.ClH/c1-35-20-29-24(15-16-30(36-2)34(29)39-5)27-17-25(23-13-11-22(12-14-23)21-9-7-6-8-10-21)26-18-31(37-3)32(38-4)19-28(26)33(27)35;/h6-20H,1-5H3;1H/q+1;/p-1","PGLQTUORLVNKHU-UHFFFAOYSA-M"
28647891,"1-(4-Biphenylyl)-2,3,7,8-tetramethoxy-5-methylbenzo[c]phenanthridinium chloride",551.18634,"C34H30ClNO4","C[n+]1cc2c(ccc(c2OC)OC)c3c1c4cc(c(c(c4cc3)c5ccc(cc5)c6ccccc6)OC)OC.[Cl-]","InChI=1S/C34H30NO4.ClH/c1-35-20-28-24(17-18-29(36-2)33(28)38-4)26-16-15-25-27(32(26)35)19-30(37-3)34(39-5)31(25)23-13-11-22(12-14-23)21-9-7-6-8-10-21;/h6-20H,1-5H3;1H/q+1;/p-1","OCXDMWHDIYSXTN-UHFFFAOYSA-M"
29243084,"2-(3-Fluorophenyl)-4-(4-fluorophenyl)-6-{4-[3-(trifluoromethyl)phenyl]-1-piperazinyl}-2H-pyrazolo[3,4-d]pyrimidin-3-amine",551.185669,"C28H22F5N7","c1cc(cc(c1)N2CCN(CC2)c3nc(c4c(n(nc4n3)c5cccc(c5)F)N)c6ccc(cc6)F)C(F)(F)F","InChI=1S/C28H22F5N7/c29-19-9-7-17(8-10-19)24-23-25(34)40(22-6-2-4-20(30)16-22)37-26(23)36-27(35-24)39-13-11-38(12-14-39)21-5-1-3-18(15-21)28(31,32)33/h1-10,15-16H,11-14,34H2","PFELEQRGUGFUAA-UHFFFAOYSA-N"
29254923,"3-(3,4-Dimethoxyphenyl)-4-{4-[(3-fluorobenzoyl)amino]phenyl}-1-phenyl-1H-pyrazol-5-yl acetate",551.185669,"C32H26FN3O5","CC(=O)Oc1c(c(nn1c2ccccc2)c3ccc(c(c3)OC)OC)c4ccc(cc4)NC(=O)c5cccc(c5)F","InChI=1S/C32H26FN3O5/c1-20(37)41-32-29(21-12-15-25(16-13-21)34-31(38)23-8-7-9-24(33)18-23)30(35-36(32)26-10-5-4-6-11-26)22-14-17-27(39-2)28(19-22)40-3/h4-19H,1-3H3,(H,34,38)","DFADVQMYNTURKK-UHFFFAOYSA-N"
29274614,"2-(4-Chlorophenoxy)-1-{4-[(9-ethyl-9H-carbazol-3-yl)methyl]-1-piperazinyl}ethanone ethanedioate (1:1)",551.182312,"C29H30ClN3O6","CCn1c2ccccc2c3c1ccc(c3)CN4CCN(CC4)C(=O)COc5ccc(cc5)Cl.C(=O)(C(=O)O)O","InChI=1S/C27H28ClN3O2.C2H2O4/c1-2-31-25-6-4-3-5-23(25)24-17-20(7-12-26(24)31)18-29-13-15-30(16-14-29)27(32)19-33-22-10-8-21(28)9-11-22;3-1(4)2(5)6/h3-12,17H,2,13-16,18-19H2,1H3;(H,3,4)(H,5,6)","MJWDYIMERYDXHV-UHFFFAOYSA-N"
29328909,"Tetraethyl {2-[(3R)-1-acetyl-2-oxo-3-phenyl-2,3-dihydro-1H-indol-3-yl]-1,1-ethanediyl}bis(phosphonate)",551.183777,"C26H35NO8P2","CCOP(=O)(C(C[C@]1(c2ccccc2N(C1=O)C(=O)C)c3ccccc3)P(=O)(OCC)OCC)OCC","InChI=1S/C26H35NO8P2/c1-6-32-36(30,33-7-2)24(37(31,34-8-3)35-9-4)19-26(21-15-11-10-12-16-21)22-17-13-14-18-23(22)27(20(5)28)25(26)29/h10-18,24H,6-9,19H2,1-5H3/t26-/m1/s1","MKNWSZNKHZQXCW-AREMUKBSSA-N"
29345501,"N-(4-Fluorobenzyl)-2-[3'-methyl-2,6'-dioxo-1'-(1H-purin-6-yl)-1',5',6',7'-tetrahydrospiro[indole-3,4'-pyrazolo[3,4-b]pyridin]-1(2H)-yl]acetamide",551.182983,"C28H22FN9O3","Cc1c2c(n(n1)c3c4c([nH]cn4)ncn3)N=C(CC25c6ccccc6N(C5=O)CC(=O)NCc7ccc(cc7)F)O","InChI=1S/C28H22FN9O3/c1-15-22-25(38(36-15)26-23-24(32-13-31-23)33-14-34-26)35-20(39)10-28(22)18-4-2-3-5-19(18)37(27(28)41)12-21(40)30-11-16-6-8-17(29)9-7-16/h2-9,13-14H,10-12H2,1H3,(H,30,40)(H,35,39)(H,31,32,33,34)","DDQIKULDRYRRLN-UHFFFAOYSA-N"
30740255,"2-(4-{[2-(Phenoxymethyl)-1H-benzimidazol-1-yl]methyl}-1-piperidinyl)-N-(1,3-thiazol-2-yl)acetamide ethanedioate (1:1)",551.183838,"C27H29N5O6S","c1ccc(cc1)OCc2nc3ccccc3n2CC4CCN(CC4)CC(=O)Nc5nccs5.C(=O)(C(=O)O)O","InChI=1S/C25H27N5O2S.C2H2O4/c31-24(28-25-26-12-15-33-25)17-29-13-10-19(11-14-29)16-30-22-9-5-4-8-21(22)27-23(30)18-32-20-6-2-1-3-7-20;3-1(4)2(5)6/h1-9,12,15,19H,10-11,13-14,16-18H2,(H,26,28,31);(H,3,4)(H,5,6)","CNKQDPZFGOHWRM-UHFFFAOYSA-N"
30860462,"2-Phenylethyl 3-(1-{[4-(ethoxycarbonyl)-1-methyl-1H-pyrazol-5-yl]amino}-1-oxo-2-butanyl)-5-methyl-4-oxo-3,4-dihydrothieno[2,3-d]pyrimidine-6-carboxylate",551.183838,"C27H29N5O6S","CCC(C(=O)Nc1c(cnn1C)C(=O)OCC)n2cnc3c(c2=O)c(c(s3)C(=O)OCCc4ccccc4)C","InChI=1S/C27H29N5O6S/c1-5-19(23(33)30-22-18(14-29-31(22)4)26(35)37-6-2)32-15-28-24-20(25(32)34)16(3)21(39-24)27(36)38-13-12-17-10-8-7-9-11-17/h7-11,14-15,19H,5-6,12-13H2,1-4H3,(H,30,33)","INZMEWQCGANWOC-UHFFFAOYSA-N"
31104273,"13-(2,2-Diphenylethyl)-9,10-dimethoxy-5,6-dihydro[1,3]dioxolo[4,5-g]isoquinolino[3,2-a]isoquinolin-7-ium chloride",551.18634,"C34H30ClNO4","COc1ccc2c(c1OC)c[n+]3c(c2CC(c4ccccc4)c5ccccc5)-c6cc7c(cc6CC3)OCO7.[Cl-]","InChI=1S/C34H30NO4.ClH/c1-36-30-14-13-25-28(18-26(22-9-5-3-6-10-22)23-11-7-4-8-12-23)33-27-19-32-31(38-21-39-32)17-24(27)15-16-35(33)20-29(25)34(30)37-2;/h3-14,17,19-20,26H,15-16,18,21H2,1-2H3;1H/q+1;/p-1","KKEXFPFDOSQURV-UHFFFAOYSA-M"
31128778,"[4-({2-[(trans-4-Aminocyclohexyl)amino]-9-cyclopentyl-9H-purin-6-yl}amino)-1,2-phenylene]bis(phosphonic acid)",551.181091,"C22H31N7O6P2","c1c(cc(c(c1)P(=O)(O)O)P(=O)(O)O)Nc2nc(nc3c2ncn3C4CCCC4)N[C@H]5CC[C@@H](CC5)N","InChI=1S/C22H31N7O6P2/c23-13-5-7-14(8-6-13)26-22-27-20(19-21(28-22)29(12-24-19)16-3-1-2-4-16)25-15-9-10-17(36(30,31)32)18(11-15)37(33,34)35/h9-14,16H,1-8,23H2,(H2,30,31,32)(H2,33,34,35)(H2,25,26,27,28)/t13-,14-","ISXHQHYNWHTIPR-HDJSIYSDSA-N"
34522558,"[4-(4-Chlorophenyl)-1-{2-[(2-hydroxy-4-methylphenyl)amino]-2-oxoethyl}-6-methyl-7-oxo-6,7-dihydro-1H-pyrrolo[2,3-c]pyridin-5-yl][(2-methyl-2-propanyl)oxy]acetic acid",551.182312,"C29H30ClN3O6","Cc1ccc(c(c1)O)NC(=O)Cn2ccc3c2c(=O)n(c(c3c4ccc(cc4)Cl)C(C(=O)O)OC(C)(C)C)C","InChI=1S/C29H30ClN3O6/c1-16-6-11-20(21(34)14-16)31-22(35)15-33-13-12-19-23(17-7-9-18(30)10-8-17)25(32(5)27(36)24(19)33)26(28(37)38)39-29(2,3)4/h6-14,26,34H,15H2,1-5H3,(H,31,35)(H,37,38)","LWZQRWJAADEUJX-UHFFFAOYSA-N"
35365904,"4-Methyl-6-{[3-methyl-4-(3-methylphenyl)-1-piperazinyl]carbonyl}-2-[4-(trifluoromethyl)benzylidene]-2H-1,4-benzothiazin-3(4H)-one",551.185425,"C30H28F3N3O2S","Cc1cccc(c1)N2CCN(CC2C)C(=O)c3ccc4c(c3)N(C(=O)C(=Cc5ccc(cc5)C(F)(F)F)S4)C","InChI=1S/C30H28F3N3O2S/c1-19-5-4-6-24(15-19)36-14-13-35(18-20(36)2)28(37)22-9-12-26-25(17-22)34(3)29(38)27(39-26)16-21-7-10-23(11-8-21)30(31,32)33/h4-12,15-17,20H,13-14,18H2,1-3H3","BRQUCNSWPKUPSO-UHFFFAOYSA-N"
35365908,"4-Methyl-6-{[3-methyl-4-(4-methylphenyl)-1-piperazinyl]carbonyl}-2-[4-(trifluoromethyl)benzylidene]-2H-1,4-benzothiazin-3(4H)-one",551.185425,"C30H28F3N3O2S","Cc1ccc(cc1)N2CCN(CC2C)C(=O)c3ccc4c(c3)N(C(=O)C(=Cc5ccc(cc5)C(F)(F)F)S4)C","InChI=1S/C30H28F3N3O2S/c1-19-4-11-24(12-5-19)36-15-14-35(18-20(36)2)28(37)22-8-13-26-25(17-22)34(3)29(38)27(39-26)16-21-6-9-23(10-7-21)30(31,32)33/h4-13,16-17,20H,14-15,18H2,1-3H3","KZPIYUIPYQZQDR-UHFFFAOYSA-N"
39198068,"(2E)-N-(4,7-Dimethoxy-1,3-benzothiazol-2-yl)-N-[3-(dimethylamino)propyl]-3-(3,4,5-trimethoxyphenyl)acrylamide hydrochloride (1:1)",551.185669,"C26H34ClN3O6S","CN(C)CCCN(c1nc2c(ccc(c2s1)OC)OC)C(=O)/C=C/c3cc(c(c(c3)OC)OC)OC.Cl","InChI=1S/C26H33N3O6S.ClH/c1-28(2)13-8-14-29(26-27-23-18(31-3)10-11-19(32-4)25(23)36-26)22(30)12-9-17-15-20(33-5)24(35-7)21(16-17)34-6;/h9-12,15-16H,8,13-14H2,1-7H3;1H/b12-9+;","VJLMRTMCEPEPBA-NBYYMMLRSA-N"
39317975,"N-(4,7-Dimethoxy-1,3-benzothiazol-2-yl)-2-(4-ethoxyphenoxy)-N-[3-(4-morpholinyl)propyl]acetamide hydrochloride (1:1)",551.185669,"C26H34ClN3O6S","CCOc1ccc(cc1)OCC(=O)N(CCCN2CCOCC2)c3nc4c(ccc(c4s3)OC)OC.Cl","InChI=1S/C26H33N3O6S.ClH/c1-4-34-19-6-8-20(9-7-19)35-18-23(30)29(13-5-12-28-14-16-33-17-15-28)26-27-24-21(31-2)10-11-22(32-3)25(24)36-26;/h6-11H,4-5,12-18H2,1-3H3;1H","ISSPHXSDMWNLGH-UHFFFAOYSA-N"
39319700,"N-(4,7-Dimethoxy-1,3-benzothiazol-2-yl)-3,4-diethoxy-N-[2-(4-morpholinyl)ethyl]benzamide hydrochloride (1:1)",551.185669,"C26H34ClN3O6S","CCOc1ccc(cc1OCC)C(=O)N(CCN2CCOCC2)c3nc4c(ccc(c4s3)OC)OC.Cl","InChI=1S/C26H33N3O6S.ClH/c1-5-34-19-8-7-18(17-22(19)35-6-2)25(30)29(12-11-28-13-15-33-16-14-28)26-27-23-20(31-3)9-10-21(32-4)24(23)36-26;/h7-10,17H,5-6,11-16H2,1-4H3;1H","FQRLJLDWKPRYDA-UHFFFAOYSA-N"
