"Identifier","CompoundName","MonoisotopicMass","MolecularFormula","SMILES","InChI","InChIKey"
13743,"3,5-Dichloro-N-(3,4-dichlorophenyl)-2-hydroxybenzamide",348.923096,"C13H7Cl4NO2","c1cc(c(cc1NC(=O)c2cc(cc(c2O)Cl)Cl)Cl)Cl","InChI=1S/C13H7Cl4NO2/c14-6-3-8(12(19)11(17)4-6)13(20)18-7-1-2-9(15)10(16)5-7/h1-5,19H,(H,18,20)","SJQBHPJLLIJASD-UHFFFAOYSA-N"
110942,"Tetrachlorosalicylanilide",348.923096,"C13H7Cl4NO2","c1ccc(cc1)/N=C(\c2c(c(c(c(c2Cl)Cl)Cl)Cl)O)/O","InChI=1S/C13H7Cl4NO2/c14-8-7(12(19)11(17)10(16)9(8)15)13(20)18-6-4-2-1-3-5-6/h1-5,19H,(H,18,20)","BDOBMVIEWHZYDL-UHFFFAOYSA-N"
202303,"2,3,4,6-Tetrachlorophenyl phenylcarbamate",348.923096,"C13H7Cl4NO2","c1ccc(cc1)NC(=O)Oc2c(cc(c(c2Cl)Cl)Cl)Cl","InChI=1S/C13H7Cl4NO2/c14-8-6-9(15)12(11(17)10(8)16)20-13(19)18-7-4-2-1-3-5-7/h1-6H,(H,18,19)","GKGKPDNYJJGJJA-UHFFFAOYSA-N"
202515,"2,4,6-Trichlorophenyl (3-chlorophenyl)carbamate",348.923096,"C13H7Cl4NO2","c1cc(cc(c1)Cl)NC(=O)Oc2c(cc(cc2Cl)Cl)Cl","InChI=1S/C13H7Cl4NO2/c14-7-2-1-3-9(4-7)18-13(19)20-12-10(16)5-8(15)6-11(12)17/h1-6H,(H,18,19)","WIYWJUVPLQRJFP-UHFFFAOYSA-N"
312901,"3,5-Dichloro-N-(2,4-dichlorophenyl)-2-hydroxybenzamide",348.923096,"C13H7Cl4NO2","c1cc(c(cc1Cl)Cl)NC(=O)c2cc(cc(c2O)Cl)Cl","InChI=1S/C13H7Cl4NO2/c14-6-1-2-11(9(16)4-6)18-13(20)8-3-7(15)5-10(17)12(8)19/h1-5,19H,(H,18,20)","NNIBNXUNJDPANR-UHFFFAOYSA-N"
478517,"4-[Trichloromethyl]-2-[[4-nitrophenyl]thio]pyrimidine",348.924622,"C11H6Cl3N3O2S","c1cc(ccc1[N+](=O)[O-])Sc2nccc(n2)C(Cl)(Cl)Cl","InChI=1S/C11H6Cl3N3O2S/c12-11(13,14)9-5-6-15-10(16-9)20-8-3-1-7(2-4-8)17(18)19/h1-6H","WMQXRMOKHZHHFH-UHFFFAOYSA-N"
524966,"3-(4-Bromobenzoyl)-1,3-benzothiazole-2(3H)-thione",348.923065,"C14H8BrNOS2","c1ccc2c(c1)n(c(=S)s2)C(=O)c3ccc(cc3)Br","InChI=1S/C14H8BrNOS2/c15-10-7-5-9(6-8-10)13(17)16-11-3-1-2-4-12(11)19-14(16)18/h1-8H","QJROUNIMICUHQP-UHFFFAOYSA-N"
879711,"2,4-Dichloro-N-(3,5-dichloro-4-hydroxyphenyl)benzamide",348.923096,"C13H7Cl4NO2","c1cc(c(cc1Cl)Cl)C(=O)Nc2cc(c(c(c2)Cl)O)Cl","InChI=1S/C13H7Cl4NO2/c14-6-1-2-8(9(15)3-6)13(20)18-7-4-10(16)12(19)11(17)5-7/h1-5,19H,(H,18,20)","DVWFVMZRDZCBCS-UHFFFAOYSA-N"
931561,"3,5-Dichloro-N-(2,5-dichlorophenyl)-2-hydroxybenzamide",348.923096,"C13H7Cl4NO2","c1cc(c(cc1Cl)NC(=O)c2cc(cc(c2O)Cl)Cl)Cl","InChI=1S/C13H7Cl4NO2/c14-6-1-2-9(16)11(5-6)18-13(20)8-3-7(15)4-10(17)12(8)19/h1-5,19H,(H,18,20)","LTAXAERGMAITMI-UHFFFAOYSA-N"
1154122,"N-(2,3,5,6-Tetrachloro-4-hydroxyphenyl)benzamide",348.923096,"C13H7Cl4NO2","c1ccc(cc1)C(=O)Nc2c(c(c(c(c2Cl)Cl)O)Cl)Cl","InChI=1S/C13H7Cl4NO2/c14-7-9(16)12(19)10(17)8(15)11(7)18-13(20)6-4-2-1-3-5-6/h1-5,19H,(H,18,20)","OKEFXBZSBMNWPE-UHFFFAOYSA-N"
1766864,"2,6-Dichlorobenzyl 5,6-dichloronicotinate",348.923096,"C13H7Cl4NO2","c1cc(c(c(c1)Cl)COC(=O)c2cc(c(nc2)Cl)Cl)Cl","InChI=1S/C13H7Cl4NO2/c14-9-2-1-3-10(15)8(9)6-20-13(19)7-4-11(16)12(17)18-5-7/h1-5H,6H2","LGZNFTIQSJBMNP-UHFFFAOYSA-N"
2013965,"1-[(5-Nitro-2-thienyl)methylene]-2-(2,4,6-trichlorophenyl)hydrazine",348.924622,"C11H6Cl3N3O2S","c1cc(sc1C=NNc2c(cc(cc2Cl)Cl)Cl)[N+](=O)[O-]","InChI=1S/C11H6Cl3N3O2S/c12-6-3-8(13)11(9(14)4-6)16-15-5-7-1-2-10(20-7)17(18)19/h1-5,16H","JFBOMPQDLNRACW-UHFFFAOYSA-N"
2049118,"2,2,2-Trichloro-1-[4-(4-chlorobenzoyl)-1H-pyrrol-2-yl]ethanone",348.923096,"C13H7Cl4NO2","c1cc(ccc1C(=O)c2cc([nH]c2)C(=O)C(Cl)(Cl)Cl)Cl","InChI=1S/C13H7Cl4NO2/c14-9-3-1-7(2-4-9)11(19)8-5-10(18-6-8)12(20)13(15,16)17/h1-6,18H","GDGXABSJTJIFIN-UHFFFAOYSA-N"
2059062,"[(3-Chlorophenyl)amino]({[(2,4-dichloro-1,3-thiazol-5-yl)methylene]amino}oxy)methanone",348.924622,"C11H6Cl3N3O2S","c1cc(cc(c1)Cl)NC(=O)ON=Cc2c(nc(s2)Cl)Cl","InChI=1S/C11H6Cl3N3O2S/c12-6-2-1-3-7(4-6)16-11(18)19-15-5-8-9(13)17-10(14)20-8/h1-5H,(H,16,18)","PQSMQESTQBAUGZ-UHFFFAOYSA-N"
2059063,"[(4-Chlorophenyl)amino]({[(2,4-dichloro-1,3-thiazol-5-yl)methylene]amino}oxy)methanone",348.924622,"C11H6Cl3N3O2S","c1cc(ccc1NC(=O)ON=Cc2c(nc(s2)Cl)Cl)Cl","InChI=1S/C11H6Cl3N3O2S/c12-6-1-3-7(4-2-6)16-11(18)19-15-5-8-9(13)17-10(14)20-8/h1-5H,(H,16,18)","UKDZIBOUXXNFOX-UHFFFAOYSA-N"
2077664,"3,5-Dichlorobenzyl 2,6-dichloroisonicotinate",348.923096,"C13H7Cl4NO2","c1c(cc(cc1Cl)Cl)COC(=O)c2cc(nc(c2)Cl)Cl","InChI=1S/C13H7Cl4NO2/c14-9-1-7(2-10(15)5-9)6-20-13(19)8-3-11(16)18-12(17)4-8/h1-5H,6H2","ZXFJPLVJGNNVJD-UHFFFAOYSA-N"
2285285,"3,4,5-Trichloro-N-(3-chlorophenyl)-2-hydroxybenzamide",348.923096,"C13H7Cl4NO2","c1cc(cc(c1)Cl)NC(=O)c2cc(c(c(c2O)Cl)Cl)Cl","InChI=1S/C13H7Cl4NO2/c14-6-2-1-3-7(4-6)18-13(20)8-5-9(15)10(16)11(17)12(8)19/h1-5,19H,(H,18,20)","MRXYEGDZJTYKMR-UHFFFAOYSA-N"
2506683,"2,4,5-Trichlorophenyl (4-chlorophenyl)carbamate",348.923096,"C13H7Cl4NO2","c1cc(ccc1NC(=O)Oc2cc(c(cc2Cl)Cl)Cl)Cl","InChI=1S/C13H7Cl4NO2/c14-7-1-3-8(4-2-7)18-13(19)20-12-6-10(16)9(15)5-11(12)17/h1-6H,(H,18,19)","KGUKBSITAGAKSV-UHFFFAOYSA-N"
2750619,"2,5-Dichlorophenyl (3,4-dichlorophenyl)carbamate",348.923096,"C13H7Cl4NO2","c1cc(c(cc1NC(=O)Oc2cc(ccc2Cl)Cl)Cl)Cl","InChI=1S/C13H7Cl4NO2/c14-7-1-3-10(16)12(5-7)20-13(19)18-8-2-4-9(15)11(17)6-8/h1-6H,(H,18,19)","SGYFODHUSZIINH-UHFFFAOYSA-N"
2769016,"5-Bromo-N-(4-fluorobenzyl)-2-thiophenesulfonamide",348.924194,"C11H9BrFNO2S2","c1cc(ccc1CNS(=O)(=O)c2ccc(s2)Br)F","InChI=1S/C11H9BrFNO2S2/c12-10-5-6-11(17-10)18(15,16)14-7-8-1-3-9(13)4-2-8/h1-6,14H,7H2","SBHKYOALVFCEDK-UHFFFAOYSA-N"
3029408,"2,2,2-Trichloro-1-[4-(2-chlorobenzoyl)-1H-pyrrol-2-yl]ethanone",348.923096,"C13H7Cl4NO2","c1ccc(c(c1)C(=O)c2cc([nH]c2)C(=O)C(Cl)(Cl)Cl)Cl","InChI=1S/C13H7Cl4NO2/c14-9-4-2-1-3-8(9)11(19)7-5-10(18-6-7)12(20)13(15,16)17/h1-6,18H","PJWXNBJDQVKUQS-UHFFFAOYSA-N"
3066024,"5-Bromo-N-(2-fluoro-5-methylphenyl)-2-thiophenesulfonamide",348.924194,"C11H9BrFNO2S2","Cc1ccc(c(c1)NS(=O)(=O)c2ccc(s2)Br)F","InChI=1S/C11H9BrFNO2S2/c1-7-2-3-8(13)9(6-7)14-18(15,16)11-5-4-10(12)17-11/h2-6,14H,1H3","AZSHTDQFYLWIPP-UHFFFAOYSA-N"
3215130,"S-1,3-Benzothiazol-2-yl 4-bromobenzenecarbothioate",348.923065,"C14H8BrNOS2","c1ccc2c(c1)nc(s2)SC(=O)c3ccc(cc3)Br","InChI=1S/C14H8BrNOS2/c15-10-7-5-9(6-8-10)13(17)19-14-16-11-3-1-2-4-12(11)18-14/h1-8H","BYGOBRIPUPSPSX-UHFFFAOYSA-N"
3236775,"3,5,6-Trichloro-4-[2-(2-thienylmethylene)hydrazino]-2-pyridinecarboxylic acid",348.924622,"C11H6Cl3N3O2S","c1cc(sc1)C=NNc2c(c(nc(c2Cl)Cl)C(=O)O)Cl","InChI=1S/C11H6Cl3N3O2S/c12-6-8(17-15-4-5-2-1-3-20-5)7(13)10(14)16-9(6)11(18)19/h1-4H,(H,16,17)(H,18,19)","WFHHMEWVVOXYQB-UHFFFAOYSA-N"
3291183,"2,5-Dichlorophenyl (2,3-dichlorophenyl)carbamate",348.923096,"C13H7Cl4NO2","c1cc(c(c(c1)Cl)Cl)NC(=O)Oc2cc(ccc2Cl)Cl","InChI=1S/C13H7Cl4NO2/c14-7-4-5-8(15)11(6-7)20-13(19)18-10-3-1-2-9(16)12(10)17/h1-6H,(H,18,19)","XRSPFJBLULIVOO-UHFFFAOYSA-N"
3308039,"3,4-Dichlorophenyl (2,3-dichlorophenyl)carbamate",348.923096,"C13H7Cl4NO2","c1cc(c(c(c1)Cl)Cl)NC(=O)Oc2ccc(c(c2)Cl)Cl","InChI=1S/C13H7Cl4NO2/c14-8-5-4-7(6-10(8)16)20-13(19)18-11-3-1-2-9(15)12(11)17/h1-6H,(H,18,19)","LXFIDBGIFMVISV-UHFFFAOYSA-N"
3523768,"3,5-Dichlorophenyl (3,4-dichlorophenyl)carbamate",348.923096,"C13H7Cl4NO2","c1cc(c(cc1NC(=O)Oc2cc(cc(c2)Cl)Cl)Cl)Cl","InChI=1S/C13H7Cl4NO2/c14-7-3-8(15)5-10(4-7)20-13(19)18-9-1-2-11(16)12(17)6-9/h1-6H,(H,18,19)","OEROCOPYDDIGGC-UHFFFAOYSA-N"
3603189,"2,4,6-Trichlorophenyl (4-chlorophenyl)carbamate",348.923096,"C13H7Cl4NO2","c1cc(ccc1NC(=O)Oc2c(cc(cc2Cl)Cl)Cl)Cl","InChI=1S/C13H7Cl4NO2/c14-7-1-3-9(4-2-7)18-13(19)20-12-10(16)5-8(15)6-11(12)17/h1-6H,(H,18,19)","DLGOHMNKFOFKFF-UHFFFAOYSA-N"
3653860,"4-Chlorophenyl (2,4,5-trichlorophenyl)carbamate",348.923096,"C13H7Cl4NO2","c1cc(ccc1OC(=O)Nc2cc(c(cc2Cl)Cl)Cl)Cl","InChI=1S/C13H7Cl4NO2/c14-7-1-3-8(4-2-7)20-13(19)18-12-6-10(16)9(15)5-11(12)17/h1-6H,(H,18,19)","OFBGEBPKXTUREK-UHFFFAOYSA-N"
3782438,"2,4,5-Trichlorophenyl (3-chlorophenyl)carbamate",348.923096,"C13H7Cl4NO2","c1cc(cc(c1)Cl)NC(=O)Oc2cc(c(cc2Cl)Cl)Cl","InChI=1S/C13H7Cl4NO2/c14-7-2-1-3-8(4-7)18-13(19)20-12-6-10(16)9(15)5-11(12)17/h1-6H,(H,18,19)","IMABSOXCBKDBFV-UHFFFAOYSA-N"
4164830,"N-(3-Bromo-4-fluorobenzyl)-2-thiophenesulfonamide",348.924194,"C11H9BrFNO2S2","c1cc(sc1)S(=O)(=O)NCc2ccc(c(c2)Br)F","InChI=1S/C11H9BrFNO2S2/c12-9-6-8(3-4-10(9)13)7-14-18(15,16)11-2-1-5-17-11/h1-6,14H,7H2","RALFJOXKXGHGOQ-UHFFFAOYSA-N"
4189244,"3,4-Dichlorophenyl (3,4-dichlorophenyl)carbamate",348.923096,"C13H7Cl4NO2","c1cc(c(cc1NC(=O)Oc2ccc(c(c2)Cl)Cl)Cl)Cl","InChI=1S/C13H7Cl4NO2/c14-9-3-1-7(5-11(9)16)18-13(19)20-8-2-4-10(15)12(17)6-8/h1-6H,(H,18,19)","YNHFSEXKHDPCLD-UHFFFAOYSA-N"
4267430,"2,5-Dichlorophenyl (2,6-dichlorophenyl)carbamate",348.923096,"C13H7Cl4NO2","c1cc(c(c(c1)Cl)NC(=O)Oc2cc(ccc2Cl)Cl)Cl","InChI=1S/C13H7Cl4NO2/c14-7-4-5-8(15)11(6-7)20-13(19)18-12-9(16)2-1-3-10(12)17/h1-6H,(H,18,19)","LFWVFMDPQPPKCU-UHFFFAOYSA-N"
4413425,"2-Chloro-N-(2,3,5-trichloro-4-hydroxyphenyl)benzamide",348.923096,"C13H7Cl4NO2","c1ccc(c(c1)C(=O)Nc2cc(c(c(c2Cl)Cl)O)Cl)Cl","InChI=1S/C13H7Cl4NO2/c14-7-4-2-1-3-6(7)13(20)18-9-5-8(15)12(19)11(17)10(9)16/h1-5,19H,(H,18,20)","MSLJNCVMYDLFTE-UHFFFAOYSA-N"
4424169,"4-Chloro-N-(2,3,5-trichloro-4-hydroxyphenyl)benzamide",348.923096,"C13H7Cl4NO2","c1cc(ccc1C(=O)Nc2cc(c(c(c2Cl)Cl)O)Cl)Cl","InChI=1S/C13H7Cl4NO2/c14-7-3-1-6(2-4-7)13(20)18-9-5-8(15)12(19)11(17)10(9)16/h1-5,19H,(H,18,20)","LCKGYYBEIBQSOE-UHFFFAOYSA-N"
4424522,"3-Chloro-N-(2,3,5-trichloro-4-hydroxyphenyl)benzamide",348.923096,"C13H7Cl4NO2","c1cc(cc(c1)Cl)C(=O)Nc2cc(c(c(c2Cl)Cl)O)Cl","InChI=1S/C13H7Cl4NO2/c14-7-3-1-2-6(4-7)13(20)18-9-5-8(15)12(19)11(17)10(9)16/h1-5,19H,(H,18,20)","YWTQYRGNFQGBGM-UHFFFAOYSA-N"
4642739,"(1Z)-1-[(5-Nitro-2-thienyl)methylene]-2-(2,4,6-trichlorophenyl)hydrazine",348.924622,"C11H6Cl3N3O2S","c1cc(sc1/C=N\Nc2c(cc(cc2Cl)Cl)Cl)[N+](=O)[O-]","InChI=1S/C11H6Cl3N3O2S/c12-6-3-8(13)11(9(14)4-6)16-15-5-7-1-2-10(20-7)17(18)19/h1-5,16H/b15-5-","JFBOMPQDLNRACW-WCSRMQSCSA-N"
4647624,"[(3-Chlorophenyl)amino]({(Z)-[(2,4-dichloro-1,3-thiazol-5-yl)methylene]amino}oxy)methanone",348.924622,"C11H6Cl3N3O2S","c1cc(cc(c1)Cl)NC(=O)O/N=C\c2c(nc(s2)Cl)Cl","InChI=1S/C11H6Cl3N3O2S/c12-6-2-1-3-7(4-6)16-11(18)19-15-5-8-9(13)17-10(14)20-8/h1-5H,(H,16,18)/b15-5-","PQSMQESTQBAUGZ-WCSRMQSCSA-N"
4647625,"[(4-Chlorophenyl)amino]({(Z)-[(2,4-dichloro-1,3-thiazol-5-yl)methylene]amino}oxy)methanone",348.924622,"C11H6Cl3N3O2S","c1cc(ccc1NC(=O)O/N=C\c2c(nc(s2)Cl)Cl)Cl","InChI=1S/C11H6Cl3N3O2S/c12-6-1-3-7(4-2-6)16-11(18)19-15-5-8-9(13)17-10(14)20-8/h1-5H,(H,16,18)/b15-5-","UKDZIBOUXXNFOX-WCSRMQSCSA-N"
4772508,"3,5,6-Trichloro-4-[(2Z)-2-(2-thienylmethylene)hydrazino]-2-pyridinecarboxylic acid",348.924622,"C11H6Cl3N3O2S","c1cc(sc1)/C=N\Nc2c(c(nc(c2Cl)Cl)C(=O)O)Cl","InChI=1S/C11H6Cl3N3O2S/c12-6-8(17-15-4-5-2-1-3-20-5)7(13)10(14)16-9(6)11(18)19/h1-4H,(H,16,17)(H,18,19)/b15-4-","WFHHMEWVVOXYQB-TVPGTPATSA-N"
6619170,"5-Bromo-N-(2-fluorobenzyl)-2-thiophenesulfonamide",348.924194,"C11H9BrFNO2S2","O=S(=O)(c1sc(Br)cc1)NCc2ccccc2F","InChI=1S/C11H9BrFNO2S2/c12-10-5-6-11(17-10)18(15,16)14-7-8-3-1-2-4-9(8)13/h1-6,14H,7H2","YYHRJAVHAMLGHL-UHFFFAOYSA-N"
6774368,"5-Bromo-N-(4-fluoro-2-methylphenyl)-2-thiophenesulfonamide",348.924194,"C11H9BrFNO2S2","O=S(=O)(c1sc(Br)cc1)Nc2ccc(F)cc2C","InChI=1S/C11H9BrFNO2S2/c1-7-6-8(13)2-3-9(7)14-18(15,16)11-5-4-10(12)17-11/h2-6,14H,1H3","ZITZYIFWOFWVND-UHFFFAOYSA-N"
6798705,"5-Bromo-N-(5-fluoro-2-methylphenyl)-2-thiophenesulfonamide",348.924194,"C11H9BrFNO2S2","O=S(=O)(c1sc(Br)cc1)Nc2cc(F)ccc2C","InChI=1S/C11H9BrFNO2S2/c1-7-2-3-8(13)6-9(7)14-18(15,16)11-5-4-10(12)17-11/h2-6,14H,1H3","BYRCFHZZKPHQDA-UHFFFAOYSA-N"
6798834,"5-Bromo-N-(3-fluoro-4-methylphenyl)-2-thiophenesulfonamide",348.924194,"C11H9BrFNO2S2","O=S(=O)(c1sc(Br)cc1)Nc2ccc(c(F)c2)C","InChI=1S/C11H9BrFNO2S2/c1-7-2-3-8(6-9(7)13)14-18(15,16)11-5-4-10(12)17-11/h2-6,14H,1H3","GHNDZVWGBGXQOS-UHFFFAOYSA-N"
6820414,"5-Bromo-N-(2-fluoro-4-methylphenyl)-2-thiophenesulfonamide",348.924194,"C11H9BrFNO2S2","O=S(=O)(c1sc(Br)cc1)Nc2ccc(cc2F)C","InChI=1S/C11H9BrFNO2S2/c1-7-2-3-9(8(13)6-7)14-18(15,16)11-5-4-10(12)17-11/h2-6,14H,1H3","JRXUWATVXCCKQM-UHFFFAOYSA-N"
7854476,"(1E)-1-[(5-Nitro-2-thienyl)methylene]-2-(2,4,6-trichlorophenyl)hydrazine",348.924622,"C11H6Cl3N3O2S","O=[N+]([O-])c2sc(/C=N/Nc1c(Cl)cc(Cl)cc1Cl)cc2","InChI=1S/C11H6Cl3N3O2S/c12-6-3-8(13)11(9(14)4-6)16-15-5-7-1-2-10(20-7)17(18)19/h1-5,16H/b15-5+","JFBOMPQDLNRACW-PJQLUOCWSA-N"
7856370,"[(3-Chlorophenyl)amino]({(E)-[(2,4-dichloro-1,3-thiazol-5-yl)methylene]amino}oxy)methanone",348.924622,"C11H6Cl3N3O2S","C1=CC(=CC(=C1)Cl)NC(=O)O/N=C/C2=C(N=C(S2)Cl)Cl","InChI=1S/C11H6Cl3N3O2S/c12-6-2-1-3-7(4-6)16-11(18)19-15-5-8-9(13)17-10(14)20-8/h1-5H,(H,16,18)/b15-5+","PQSMQESTQBAUGZ-PJQLUOCWSA-N"
7856371,"[(4-Chlorophenyl)amino]({(E)-[(2,4-dichloro-1,3-thiazol-5-yl)methylene]amino}oxy)methanone",348.924622,"C11H6Cl3N3O2S","C1=CC(=CC=C1NC(=O)O/N=C/C2=C(N=C(S2)Cl)Cl)Cl","InChI=1S/C11H6Cl3N3O2S/c12-6-1-3-7(4-2-6)16-11(18)19-15-5-8-9(13)17-10(14)20-8/h1-5H,(H,16,18)/b15-5+","UKDZIBOUXXNFOX-PJQLUOCWSA-N"
7916683,"3,5,6-Trichloro-4-[(2E)-2-(2-thienylmethylene)hydrazino]-2-pyridinecarboxylic acid",348.924622,"C11H6Cl3N3O2S","Clc2c(N\N=C\c1sccc1)c(Cl)c(Cl)nc2C(=O)O","InChI=1S/C11H6Cl3N3O2S/c12-6-8(17-15-4-5-2-1-3-20-5)7(13)10(14)16-9(6)11(18)19/h1-4H,(H,16,17)(H,18,19)/b15-4+","WFHHMEWVVOXYQB-SYZQJQIISA-N"
10725656,"Tetrachlorosalicylanilide",348.923096,"C13H7Cl4NO2","Clc2cc(C(=O)Nc1ccccc1)c(OCl)c(Cl)c2Cl","InChI=1S/C13H7Cl4NO2/c14-9-6-8(12(20-17)11(16)10(9)15)13(19)18-7-4-2-1-3-5-7/h1-6H,(H,18,19)","VYAJFSIQFZZRRX-UHFFFAOYSA-N"
11458066,"3,4-Dichloro-N-(3,5-dichlorophenyl)-2-hydroxybenzamide",348.923096,"C13H7Cl4NO2","c1cc(c(c(c1C(=O)Nc2cc(cc(c2)Cl)Cl)O)Cl)Cl","InChI=1S/C13H7Cl4NO2/c14-6-3-7(15)5-8(4-6)18-13(20)9-1-2-10(16)11(17)12(9)19/h1-5,19H,(H,18,20)","ZJIQNOMMMRNUEM-UHFFFAOYSA-N"
17030151,"N-(4-Bromo-2-fluorophenyl)-5-methyl-2-thiophenesulfonamide",348.924194,"C11H9BrFNO2S2","Cc1ccc(s1)S(=O)(=O)Nc2ccc(cc2F)Br","InChI=1S/C11H9BrFNO2S2/c1-7-2-5-11(17-7)18(15,16)14-10-4-3-8(12)6-9(10)13/h2-6,14H,1H3","IMPLOASZJBNBEL-UHFFFAOYSA-N"
17268245,"2-[4,5-Bis(methylsulfanyl)-1,3-dithiol-2-ylidene]-5-methyl-5H-[1,3]dithiolo[4,5-c]pyrrole",348.92157,"C11H11NS6","Cn1cc2c(c1)SC(=C3SC(=C(S3)SC)SC)S2","InChI=1S/C11H11NS6/c1-12-4-6-7(5-12)16-10(15-6)11-17-8(13-2)9(14-3)18-11/h4-5H,1-3H3","XUHXBJXODAHJPY-UHFFFAOYSA-N"
21363493,"3-(5-Bromo-3-pyridinyl)-6-(trifluoromethyl)[1,2,4]triazolo[3,4-b][1,3,4]thiadiazole",348.924469,"C9H3BrF3N5S","c1c(cncc1Br)c2nnc3n2nc(s3)C(F)(F)F","InChI=1S/C9H3BrF3N5S/c10-5-1-4(2-14-3-5)6-15-16-8-18(6)17-7(19-8)9(11,12)13/h1-3H","LFKWZBSWXYCYEQ-UHFFFAOYSA-N"
21631196,"6-(5-Bromo-3-pyridinyl)-3-(trifluoromethyl)[1,2,4]triazolo[3,4-b][1,3,4]thiadiazole",348.924469,"C9H3BrF3N5S","c1c(cncc1Br)c2nn3c(nnc3s2)C(F)(F)F","InChI=1S/C9H3BrF3N5S/c10-5-1-4(2-14-3-5)6-17-18-7(9(11,12)13)15-16-8(18)19-6/h1-3H","CKSAXYJMGVOVLE-UHFFFAOYSA-N"
22024449,"4-Methylphenyl 3,4,5,6-tetrachloro-2-pyridinecarboxylate",348.923096,"C13H7Cl4NO2","Cc1ccc(cc1)OC(=O)c2c(c(c(c(n2)Cl)Cl)Cl)Cl","InChI=1S/C13H7Cl4NO2/c1-6-2-4-7(5-3-6)20-13(19)11-9(15)8(14)10(16)12(17)18-11/h2-5H,1H3","AEVKSFIRNSJTEN-UHFFFAOYSA-N"
22495540,"{[5-(4-Bromophenyl)-1,3-oxazol-2-yl]sulfanyl}(difluoro)acetic acid",348.921967,"C11H6BrF2NO3S","c1cc(ccc1c2cnc(o2)SC(C(=O)O)(F)F)Br","InChI=1S/C11H6BrF2NO3S/c12-7-3-1-6(2-4-7)8-5-15-10(18-8)19-11(13,14)9(16)17/h1-5H,(H,16,17)","QUGVZIGRKMLROP-UHFFFAOYSA-N"
23151049,"3,5-Dichloro-N-(3,4-dichlorophenyl)-4-hydroxybenzamide",348.923096,"C13H7Cl4NO2","c1cc(c(cc1NC(=O)c2cc(c(c(c2)Cl)O)Cl)Cl)Cl","InChI=1S/C13H7Cl4NO2/c14-8-2-1-7(5-9(8)15)18-13(20)6-3-10(16)12(19)11(17)4-6/h1-5,19H,(H,18,20)","CSSPRVUSIKJSLW-UHFFFAOYSA-N"
23151065,"3,4-Dichloro-N-(3,5-dichloro-2-hydroxyphenyl)benzamide",348.923096,"C13H7Cl4NO2","c1cc(c(cc1C(=O)Nc2cc(cc(c2O)Cl)Cl)Cl)Cl","InChI=1S/C13H7Cl4NO2/c14-7-4-10(17)12(19)11(5-7)18-13(20)6-1-2-8(15)9(16)3-6/h1-5,19H,(H,18,20)","GUOOTFWELJKTQG-UHFFFAOYSA-N"
24220964,"2-[(2,3,4,5-Tetrachlorophenyl)amino]benzoic acid",348.923096,"C13H7Cl4NO2","c1ccc(c(c1)C(=O)O)Nc2cc(c(c(c2Cl)Cl)Cl)Cl","InChI=1S/C13H7Cl4NO2/c14-7-5-9(11(16)12(17)10(7)15)18-8-4-2-1-3-6(8)13(19)20/h1-5,18H,(H,19,20)","DZIHHTQYIQEWMP-UHFFFAOYSA-N"
24220968,"2-[(2,3,5,6-Tetrachlorophenyl)amino]benzoic acid",348.923096,"C13H7Cl4NO2","c1ccc(c(c1)C(=O)O)Nc2c(c(cc(c2Cl)Cl)Cl)Cl","InChI=1S/C13H7Cl4NO2/c14-7-5-8(15)11(17)12(10(7)16)18-9-4-2-1-3-6(9)13(19)20/h1-5,18H,(H,19,20)","KITOUQLUXBQFFC-UHFFFAOYSA-N"
24275280,"5-Chloro-2-hydroxy-N-(2,4,5-trichlorophenyl)benzamide",348.923096,"C13H7Cl4NO2","c1cc(c(cc1Cl)C(=O)Nc2cc(c(cc2Cl)Cl)Cl)O","InChI=1S/C13H7Cl4NO2/c14-6-1-2-12(19)7(3-6)13(20)18-11-5-9(16)8(15)4-10(11)17/h1-5,19H,(H,18,20)","DEURVPGIMDKXOF-UHFFFAOYSA-N"
24824145,"1-Bromo-4-chloro-7-(trifluoromethyl)imidazo[1,2-a]quinoxaline",348.922913,"C11H4BrClF3N3","c1cc2c(cc1C(F)(F)F)nc(c3n2c(cn3)Br)Cl","InChI=1S/C11H4BrClF3N3/c12-8-4-17-10-9(13)18-6-3-5(11(14,15)16)1-2-7(6)19(8)10/h1-4H","NSENBVIMUBECOL-UHFFFAOYSA-N"
24824201,"8-Bromo-4-chloro-7-(trifluoromethyl)imidazo[1,2-a]quinoxaline",348.922913,"C11H4BrClF3N3","c1cn2c3cc(c(cc3nc(c2n1)Cl)C(F)(F)F)Br","InChI=1S/C11H4BrClF3N3/c12-6-4-8-7(3-5(6)11(14,15)16)18-9(13)10-17-1-2-19(8)10/h1-4H","KOLUPXGEMPYVKB-UHFFFAOYSA-N"
26414808,"N-[(5-Bromo-2-thienyl)methyl]-2-fluorobenzenesulfonamide",348.924194,"C11H9BrFNO2S2","c1ccc(c(c1)F)S(=O)(=O)NCc2ccc(s2)Br","InChI=1S/C11H9BrFNO2S2/c12-11-6-5-8(17-11)7-14-18(15,16)10-4-2-1-3-9(10)13/h1-6,14H,7H2","JMSHWODWYLYFKK-UHFFFAOYSA-N"
26414809,"N-[(5-Bromo-2-thienyl)methyl]-4-fluorobenzenesulfonamide",348.924194,"C11H9BrFNO2S2","c1cc(ccc1F)S(=O)(=O)NCc2ccc(s2)Br","InChI=1S/C11H9BrFNO2S2/c12-11-6-3-9(17-11)7-14-18(15,16)10-4-1-8(13)2-5-10/h1-6,14H,7H2","ZUMRQVZZKGEJJS-UHFFFAOYSA-N"
27427965,"2-Thioxo-5-{[(2,4,6-trichlorophenyl)amino]methylene}dihydro-4,6(1H,5H)-pyrimidinedione",348.924622,"C11H6Cl3N3O2S","c1c(cc(c(c1Cl)NC=C2C(=O)NC(=S)NC2=O)Cl)Cl","InChI=1S/C11H6Cl3N3O2S/c12-4-1-6(13)8(7(14)2-4)15-3-5-9(18)16-11(20)17-10(5)19/h1-3,15H,(H2,16,17,18,19,20)","LHENNXMQNXZSTL-UHFFFAOYSA-N"
29395745,"5-Chloro-2-hydroxy-N-(3,4,5-trichlorophenyl)benzamide",348.923096,"C13H7Cl4NO2","c1cc(c(cc1Cl)C(=O)Nc2cc(c(c(c2)Cl)Cl)Cl)O","InChI=1S/C13H7Cl4NO2/c14-6-1-2-11(19)8(3-6)13(20)18-7-4-9(15)12(17)10(16)5-7/h1-5,19H,(H,18,20)","PHYVFDVJERSAEF-UHFFFAOYSA-N"
30363174,"5-Iodo-N-methyl-N-(2,2,2-trifluoroethyl)-3-thiophenecarboxamide",348.9245,"C8H7F3INOS","CN(CC(F)(F)F)C(=O)c1cc(sc1)I","InChI=1S/C8H7F3INOS/c1-13(4-8(9,10)11)7(14)5-2-6(12)15-3-5/h2-3H,4H2,1H3","WUQLPIIKJVRQRZ-UHFFFAOYSA-N"
31631753,"3-Bromo-N-(4-fluorophenyl)-N-methyl-2-thiophenesulfonamide",348.924194,"C11H9BrFNO2S2","CN(c1ccc(cc1)F)S(=O)(=O)c2c(ccs2)Br","InChI=1S/C11H9BrFNO2S2/c1-14(9-4-2-8(13)3-5-9)18(15,16)11-10(12)6-7-17-11/h2-7H,1H3","ADJCKWJNUKWPGV-UHFFFAOYSA-N"
32538779,"4-Bromo-N-(2-fluorobenzyl)-2-thiophenesulfonamide",348.924194,"C11H9BrFNO2S2","c1ccc(c(c1)CNS(=O)(=O)c2cc(cs2)Br)F","InChI=1S/C11H9BrFNO2S2/c12-9-5-11(17-7-9)18(15,16)14-6-8-3-1-2-4-10(8)13/h1-5,7,14H,6H2","VVENZVWAAOSJQD-UHFFFAOYSA-N"
32538780,"4-Bromo-N-(4-fluorobenzyl)-2-thiophenesulfonamide",348.924194,"C11H9BrFNO2S2","c1cc(ccc1CNS(=O)(=O)c2cc(cs2)Br)F","InChI=1S/C11H9BrFNO2S2/c12-9-5-11(17-7-9)18(15,16)14-6-8-1-3-10(13)4-2-8/h1-5,7,14H,6H2","YHEGYFABCRXJAX-UHFFFAOYSA-N"
33978438,"3-Methylphenyl 3,4,5,6-tetrachloro-2-pyridinecarboxylate",348.923096,"C13H7Cl4NO2","Cc1cccc(c1)OC(=O)c2c(c(c(c(n2)Cl)Cl)Cl)Cl","InChI=1S/C13H7Cl4NO2/c1-6-3-2-4-7(5-6)20-13(19)11-9(15)8(14)10(16)12(17)18-11/h2-5H,1H3","KTQUVXVUCUWVNT-UHFFFAOYSA-N"
33978633,"4-Chloro-2-methylphenyl 3,4,5-trichloro-2-pyridinecarboxylate",348.923096,"C13H7Cl4NO2","Cc1cc(ccc1OC(=O)c2c(c(c(cn2)Cl)Cl)Cl)Cl","InChI=1S/C13H7Cl4NO2/c1-6-4-7(14)2-3-9(6)20-13(19)12-11(17)10(16)8(15)5-18-12/h2-5H,1H3","YKVPIPPKLYSLES-UHFFFAOYSA-N"
34054109,"5-Bromo-N-(4-fluoro-3-methylphenyl)-2-thiophenesulfonamide",348.924194,"C11H9BrFNO2S2","Cc1cc(ccc1F)NS(=O)(=O)c2ccc(s2)Br","InChI=1S/C11H9BrFNO2S2/c1-7-6-8(2-3-9(7)13)14-18(15,16)11-5-4-10(12)17-11/h2-6,14H,1H3","BDYNNQVUGOZLRO-UHFFFAOYSA-N"
34536223,"6-Bromo-3-phenyl-2H-1,3-benzoxazine-2,4(3H)-dithione",348.923065,"C14H8BrNOS2","c1ccc(cc1)n2c(=S)c3cc(ccc3oc2=S)Br","InChI=1S/C14H8BrNOS2/c15-9-6-7-12-11(8-9)13(18)16(14(19)17-12)10-4-2-1-3-5-10/h1-8H","ITQMJWCLKWMDMP-UHFFFAOYSA-N"
35215873,"N-(4-Bromo-2-methylphenyl)-5-fluoro-2-thiophenesulfonamide",348.924194,"C11H9BrFNO2S2","Cc1cc(ccc1NS(=O)(=O)c2ccc(s2)F)Br","InChI=1S/C11H9BrFNO2S2/c1-7-6-8(12)2-3-9(7)14-18(15,16)11-5-4-10(13)17-11/h2-6,14H,1H3","WUPWKCOFVGBNFQ-UHFFFAOYSA-N"
35215874,"N-(4-Bromo-3-methylphenyl)-5-fluoro-2-thiophenesulfonamide",348.924194,"C11H9BrFNO2S2","Cc1cc(ccc1Br)NS(=O)(=O)c2ccc(s2)F","InChI=1S/C11H9BrFNO2S2/c1-7-6-8(2-3-9(7)12)14-18(15,16)11-5-4-10(13)17-11/h2-6,14H,1H3","BHBDCSRTHYQKHP-UHFFFAOYSA-N"
35257261,"2-Chloro-5-iodo-N-(1H-tetrazol-5-yl)benzamide",348.922729,"C8H5ClIN5O","c1cc(c(cc1I)C(=O)Nc2[nH]nnn2)Cl","InChI=1S/C8H5ClIN5O/c9-6-2-1-4(10)3-5(6)7(16)11-8-12-14-15-13-8/h1-3H,(H2,11,12,13,14,15,16)","WAMITWQYISIDFH-UHFFFAOYSA-N"
35725028,"5-Bromo-N-(4-fluorophenyl)-4-methyl-2-thiophenesulfonamide",348.924194,"C11H9BrFNO2S2","Cc1cc(sc1Br)S(=O)(=O)Nc2ccc(cc2)F","InChI=1S/C11H9BrFNO2S2/c1-7-6-10(17-11(7)12)18(15,16)14-9-4-2-8(13)3-5-9/h2-6,14H,1H3","QRNKKRFIFLLYDH-UHFFFAOYSA-N"
35725041,"5-Bromo-N-(2-fluorophenyl)-4-methyl-2-thiophenesulfonamide",348.924194,"C11H9BrFNO2S2","Cc1cc(sc1Br)S(=O)(=O)Nc2ccccc2F","InChI=1S/C11H9BrFNO2S2/c1-7-6-10(17-11(7)12)18(15,16)14-9-5-3-2-4-8(9)13/h2-6,14H,1H3","XPTXOUFPKPGBIX-UHFFFAOYSA-N"
36678359,"4-{[(4-Bromo-2-thienyl)methyl]sulfonyl}-3-fluoroaniline",348.924194,"C11H9BrFNO2S2","c1cc(c(cc1N)F)S(=O)(=O)Cc2cc(cs2)Br","InChI=1S/C11H9BrFNO2S2/c12-7-3-9(17-5-7)6-18(15,16)11-2-1-8(14)4-10(11)13/h1-5H,6,14H2","FSQKQEJPFVRXJN-UHFFFAOYSA-N"
36678435,"4-{[(5-Bromo-2-thienyl)methyl]sulfonyl}-3-fluoroaniline",348.924194,"C11H9BrFNO2S2","c1cc(c(cc1N)F)S(=O)(=O)Cc2ccc(s2)Br","InChI=1S/C11H9BrFNO2S2/c12-11-4-2-8(17-11)6-18(15,16)10-3-1-7(14)5-9(10)13/h1-5H,6,14H2","CSHBCYJCJFNDFS-UHFFFAOYSA-N"
36678475,"4-{[(3-Bromo-2-thienyl)methyl]sulfonyl}-3-fluoroaniline",348.924194,"C11H9BrFNO2S2","c1cc(c(cc1N)F)S(=O)(=O)Cc2c(ccs2)Br","InChI=1S/C11H9BrFNO2S2/c12-8-3-4-17-10(8)6-18(15,16)11-2-1-7(14)5-9(11)13/h1-5H,6,14H2","ZFSFLIRTIWWVLK-UHFFFAOYSA-N"
36678925,"2-{[(4-Bromo-2-thienyl)methyl]sulfonyl}-5-fluoroaniline",348.924194,"C11H9BrFNO2S2","c1cc(c(cc1F)N)S(=O)(=O)Cc2cc(cs2)Br","InChI=1S/C11H9BrFNO2S2/c12-7-3-9(17-5-7)6-18(15,16)11-2-1-8(13)4-10(11)14/h1-5H,6,14H2","DRNIDIZXQGKWNS-UHFFFAOYSA-N"
36679001,"2-{[(5-Bromo-2-thienyl)methyl]sulfonyl}-5-fluoroaniline",348.924194,"C11H9BrFNO2S2","c1cc(c(cc1F)N)S(=O)(=O)Cc2ccc(s2)Br","InChI=1S/C11H9BrFNO2S2/c12-11-4-2-8(17-11)6-18(15,16)10-3-1-7(13)5-9(10)14/h1-5H,6,14H2","ACPPJNDPNHNTOT-UHFFFAOYSA-N"
36679042,"2-{[(3-Bromo-2-thienyl)methyl]sulfonyl}-5-fluoroaniline",348.924194,"C11H9BrFNO2S2","c1cc(c(cc1F)N)S(=O)(=O)Cc2c(ccs2)Br","InChI=1S/C11H9BrFNO2S2/c12-8-3-4-17-10(8)6-18(15,16)11-2-1-7(13)5-9(11)14/h1-5H,6,14H2","KANKOPHZERYRFI-UHFFFAOYSA-N"
36681747,"3-{[(4-Bromo-2-thienyl)methyl]sulfonyl}-5-fluoroaniline",348.924194,"C11H9BrFNO2S2","c1c(cc(cc1F)S(=O)(=O)Cc2cc(cs2)Br)N","InChI=1S/C11H9BrFNO2S2/c12-7-1-10(17-5-7)6-18(15,16)11-3-8(13)2-9(14)4-11/h1-5H,6,14H2","LYEXKJVDTIFVAU-UHFFFAOYSA-N"
36681821,"3-{[(5-Bromo-2-thienyl)methyl]sulfonyl}-5-fluoroaniline",348.924194,"C11H9BrFNO2S2","c1cc(sc1CS(=O)(=O)c2cc(cc(c2)F)N)Br","InChI=1S/C11H9BrFNO2S2/c12-11-2-1-9(17-11)6-18(15,16)10-4-7(13)3-8(14)5-10/h1-5H,6,14H2","XCCPVTZVLRIWBL-UHFFFAOYSA-N"
36681861,"3-{[(3-Bromo-2-thienyl)methyl]sulfonyl}-5-fluoroaniline",348.924194,"C11H9BrFNO2S2","c1csc(c1Br)CS(=O)(=O)c2cc(cc(c2)F)N","InChI=1S/C11H9BrFNO2S2/c12-10-1-2-17-11(10)6-18(15,16)9-4-7(13)3-8(14)5-9/h1-5H,6,14H2","VXVTWZRVSDMYHD-UHFFFAOYSA-N"
36913548,"N-(2-Chloro-4-iodophenyl)-1H-tetrazole-5-carboxamide",348.922729,"C8H5ClIN5O","c1cc(c(cc1I)Cl)NC(=O)c2[nH]nnn2","InChI=1S/C8H5ClIN5O/c9-5-3-4(10)1-2-6(5)11-8(16)7-12-14-15-13-7/h1-3H,(H,11,16)(H,12,13,14,15)","COASSLWKWSTQSU-UHFFFAOYSA-N"
37242434,"2-{[(4-Bromo-2-thienyl)methyl]sulfonyl}-4-fluoroaniline",348.924194,"C11H9BrFNO2S2","c1cc(c(cc1F)S(=O)(=O)Cc2cc(cs2)Br)N","InChI=1S/C11H9BrFNO2S2/c12-7-3-9(17-5-7)6-18(15,16)11-4-8(13)1-2-10(11)14/h1-5H,6,14H2","FJISRVVIPKIZEM-UHFFFAOYSA-N"
37242510,"2-{[(5-Bromo-2-thienyl)methyl]sulfonyl}-4-fluoroaniline",348.924194,"C11H9BrFNO2S2","c1cc(c(cc1F)S(=O)(=O)Cc2ccc(s2)Br)N","InChI=1S/C11H9BrFNO2S2/c12-11-4-2-8(17-11)6-18(15,16)10-5-7(13)1-3-9(10)14/h1-5H,6,14H2","ZNCAWCVRMQJRGD-UHFFFAOYSA-N"
37242549,"2-{[(3-Bromo-2-thienyl)methyl]sulfonyl}-4-fluoroaniline",348.924194,"C11H9BrFNO2S2","c1cc(c(cc1F)S(=O)(=O)Cc2c(ccs2)Br)N","InChI=1S/C11H9BrFNO2S2/c12-8-3-4-17-10(8)6-18(15,16)11-5-7(13)1-2-9(11)14/h1-5H,6,14H2","RWDGCYFGERBGKP-UHFFFAOYSA-N"
37353635,"4-{[(4-Bromo-2-thienyl)methyl]sulfonyl}-2-fluoroaniline",348.924194,"C11H9BrFNO2S2","c1cc(c(cc1S(=O)(=O)Cc2cc(cs2)Br)F)N","InChI=1S/C11H9BrFNO2S2/c12-7-3-8(17-5-7)6-18(15,16)9-1-2-11(14)10(13)4-9/h1-5H,6,14H2","AFYLMBSIAUSVMK-UHFFFAOYSA-N"
37353710,"4-{[(5-Bromo-2-thienyl)methyl]sulfonyl}-2-fluoroaniline",348.924194,"C11H9BrFNO2S2","c1cc(c(cc1S(=O)(=O)Cc2ccc(s2)Br)F)N","InChI=1S/C11H9BrFNO2S2/c12-11-4-1-7(17-11)6-18(15,16)8-2-3-10(14)9(13)5-8/h1-5H,6,14H2","UMPGOLOGPHLIKO-UHFFFAOYSA-N"
37353750,"4-{[(3-Bromo-2-thienyl)methyl]sulfonyl}-2-fluoroaniline",348.924194,"C11H9BrFNO2S2","c1cc(c(cc1S(=O)(=O)Cc2c(ccs2)Br)F)N","InChI=1S/C11H9BrFNO2S2/c12-8-3-4-17-11(8)6-18(15,16)7-1-2-10(14)9(13)5-7/h1-5H,6,14H2","KPJMINBKRUMLJF-UHFFFAOYSA-N"
38051762,"N-[(5-Bromo-2-thienyl)methyl]-3-fluorobenzenesulfonamide",348.924194,"C11H9BrFNO2S2","c1cc(cc(c1)S(=O)(=O)NCc2ccc(s2)Br)F","InChI=1S/C11H9BrFNO2S2/c12-11-5-4-9(17-11)7-14-18(15,16)10-3-1-2-8(13)6-10/h1-6,14H,7H2","KXEZVHKLVZUIHV-UHFFFAOYSA-N"
38061566,"5-Bromo-N-(3-fluorobenzyl)-2-thiophenesulfonamide",348.924194,"C11H9BrFNO2S2","c1cc(cc(c1)F)CNS(=O)(=O)c2ccc(s2)Br","InChI=1S/C11H9BrFNO2S2/c12-10-4-5-11(17-10)18(15,16)14-7-8-2-1-3-9(13)6-8/h1-6,14H,7H2","UHPILIGKOFNQDZ-UHFFFAOYSA-N"
38129628,"N-(5-Bromo-2-fluorobenzyl)-2-thiophenesulfonamide",348.924194,"C11H9BrFNO2S2","c1cc(sc1)S(=O)(=O)NCc2cc(ccc2F)Br","InChI=1S/C11H9BrFNO2S2/c12-9-3-4-10(13)8(6-9)7-14-18(15,16)11-2-1-5-17-11/h1-6,14H,7H2","NHWGCWROSHCXSI-UHFFFAOYSA-N"
38364485,"2-Bromo-4-fluoro-N-(2-thienylmethyl)benzenesulfonamide",348.924194,"C11H9BrFNO2S2","c1cc(sc1)CNS(=O)(=O)c2ccc(cc2Br)F","InChI=1S/C11H9BrFNO2S2/c12-10-6-8(13)3-4-11(10)18(15,16)14-7-9-2-1-5-17-9/h1-6,14H,7H2","FDIVETZEETYQNW-UHFFFAOYSA-N"
38761695,"3-Bromo-N-(5-fluoro-2-methylphenyl)-2-thiophenesulfonamide",348.924194,"C11H9BrFNO2S2","Cc1ccc(cc1NS(=O)(=O)c2c(ccs2)Br)F","InChI=1S/C11H9BrFNO2S2/c1-7-2-3-8(13)6-10(7)14-18(15,16)11-9(12)4-5-17-11/h2-6,14H,1H3","YJFGXCVOYJGQFO-UHFFFAOYSA-N"
38761707,"3-Bromo-N-(3-fluoro-4-methylphenyl)-2-thiophenesulfonamide",348.924194,"C11H9BrFNO2S2","Cc1ccc(cc1F)NS(=O)(=O)c2c(ccs2)Br","InChI=1S/C11H9BrFNO2S2/c1-7-2-3-8(6-10(7)13)14-18(15,16)11-9(12)4-5-17-11/h2-6,14H,1H3","WZKKDFFMCSXBLJ-UHFFFAOYSA-N"
38761731,"3-Bromo-N-(2-fluoro-4-methylphenyl)-2-thiophenesulfonamide",348.924194,"C11H9BrFNO2S2","Cc1ccc(c(c1)F)NS(=O)(=O)c2c(ccs2)Br","InChI=1S/C11H9BrFNO2S2/c1-7-2-3-10(9(13)6-7)14-18(15,16)11-8(12)4-5-17-11/h2-6,14H,1H3","OPQPCOFLSPGBLC-UHFFFAOYSA-N"
38761753,"3-Bromo-N-(2-fluoro-5-methylphenyl)-2-thiophenesulfonamide",348.924194,"C11H9BrFNO2S2","Cc1ccc(c(c1)NS(=O)(=O)c2c(ccs2)Br)F","InChI=1S/C11H9BrFNO2S2/c1-7-2-3-9(13)10(6-7)14-18(15,16)11-8(12)4-5-17-11/h2-6,14H,1H3","KUGINCNVTMFHID-UHFFFAOYSA-N"
38761791,"3-Bromo-N-(4-fluoro-2-methylphenyl)-2-thiophenesulfonamide",348.924194,"C11H9BrFNO2S2","Cc1cc(ccc1NS(=O)(=O)c2c(ccs2)Br)F","InChI=1S/C11H9BrFNO2S2/c1-7-6-8(13)2-3-10(7)14-18(15,16)11-9(12)4-5-17-11/h2-6,14H,1H3","DMDJGBPTBFEARK-UHFFFAOYSA-N"
38762803,"5-Bromo-N-(4-fluorophenyl)-N-methyl-2-thiophenesulfonamide",348.924194,"C11H9BrFNO2S2","CN(c1ccc(cc1)F)S(=O)(=O)c2ccc(s2)Br","InChI=1S/C11H9BrFNO2S2/c1-14(9-4-2-8(13)3-5-9)18(15,16)11-7-6-10(12)17-11/h2-7H,1H3","DVSVRFQRJHPRFO-UHFFFAOYSA-N"
38764328,"3-Bromo-N-(4-fluorobenzyl)-2-thiophenesulfonamide",348.924194,"C11H9BrFNO2S2","c1cc(ccc1CNS(=O)(=O)c2c(ccs2)Br)F","InChI=1S/C11H9BrFNO2S2/c12-10-5-6-17-11(10)18(15,16)14-7-8-1-3-9(13)4-2-8/h1-6,14H,7H2","CNNXLMIZWYXTKV-UHFFFAOYSA-N"
38764387,"3-Bromo-N-(2-fluorobenzyl)-2-thiophenesulfonamide",348.924194,"C11H9BrFNO2S2","c1ccc(c(c1)CNS(=O)(=O)c2c(ccs2)Br)F","InChI=1S/C11H9BrFNO2S2/c12-9-5-6-17-11(9)18(15,16)14-7-8-3-1-2-4-10(8)13/h1-6,14H,7H2","ALXNUHIPAVRSFG-UHFFFAOYSA-N"
38765655,"3-Bromo-N-(3-fluorobenzyl)-2-thiophenesulfonamide",348.924194,"C11H9BrFNO2S2","c1cc(cc(c1)F)CNS(=O)(=O)c2c(ccs2)Br","InChI=1S/C11H9BrFNO2S2/c12-10-4-5-17-11(10)18(15,16)14-7-8-2-1-3-9(13)6-8/h1-6,14H,7H2","GUZXTLSGKDQUSI-UHFFFAOYSA-N"
38765961,"2-Bromo-4-fluoro-N-(3-thienylmethyl)benzenesulfonamide",348.924194,"C11H9BrFNO2S2","c1cc(c(cc1F)Br)S(=O)(=O)NCc2ccsc2","InChI=1S/C11H9BrFNO2S2/c12-10-5-9(13)1-2-11(10)18(15,16)14-6-8-3-4-17-7-8/h1-5,7,14H,6H2","PQRIJJAFVRTRGZ-UHFFFAOYSA-N"
38766779,"N-[(4-Bromo-2-thienyl)methyl]-4-fluorobenzenesulfonamide",348.924194,"C11H9BrFNO2S2","c1cc(ccc1F)S(=O)(=O)NCc2cc(cs2)Br","InChI=1S/C11H9BrFNO2S2/c12-8-5-10(17-7-8)6-14-18(15,16)11-3-1-9(13)2-4-11/h1-5,7,14H,6H2","LOVASOJVZDEPHF-UHFFFAOYSA-N"
38766780,"N-[(4-Bromo-2-thienyl)methyl]-3-fluorobenzenesulfonamide",348.924194,"C11H9BrFNO2S2","c1cc(cc(c1)S(=O)(=O)NCc2cc(cs2)Br)F","InChI=1S/C11H9BrFNO2S2/c12-8-4-10(17-7-8)6-14-18(15,16)11-3-1-2-9(13)5-11/h1-5,7,14H,6H2","IXUSQDTWJDUYDN-UHFFFAOYSA-N"
38766788,"N-[(4-Bromo-2-thienyl)methyl]-2-fluorobenzenesulfonamide",348.924194,"C11H9BrFNO2S2","c1ccc(c(c1)F)S(=O)(=O)NCc2cc(cs2)Br","InChI=1S/C11H9BrFNO2S2/c12-8-5-9(17-7-8)6-14-18(15,16)11-4-2-1-3-10(11)13/h1-5,7,14H,6H2","DJEWFJMSWMYQQM-UHFFFAOYSA-N"
39122048,"5-Bromo-N-(3-fluoro-2-methylphenyl)-2-thiophenesulfonamide",348.924194,"C11H9BrFNO2S2","Cc1c(cccc1F)NS(=O)(=O)c2ccc(s2)Br","InChI=1S/C11H9BrFNO2S2/c1-7-8(13)3-2-4-9(7)14-18(15,16)11-6-5-10(12)17-11/h2-6,14H,1H3","NIZWXLGCPOOQDT-UHFFFAOYSA-N"
39122049,"3-Bromo-N-(3-fluoro-2-methylphenyl)-2-thiophenesulfonamide",348.924194,"C11H9BrFNO2S2","Cc1c(cccc1F)NS(=O)(=O)c2c(ccs2)Br","InChI=1S/C11H9BrFNO2S2/c1-7-9(13)3-2-4-10(7)14-18(15,16)11-8(12)5-6-17-11/h2-6,14H,1H3","GVJXPMKLWWISCA-UHFFFAOYSA-N"
39699162,"5-Bromo-N-(2-fluorophenyl)-N-methyl-2-thiophenesulfonamide",348.924194,"C11H9BrFNO2S2","CN(c1ccccc1F)S(=O)(=O)c2ccc(s2)Br","InChI=1S/C11H9BrFNO2S2/c1-14(9-5-3-2-4-8(9)13)18(15,16)11-7-6-10(12)17-11/h2-7H,1H3","CYOJHVWSYVECRR-UHFFFAOYSA-N"
39699164,"3-Bromo-N-(2-fluorophenyl)-N-methyl-2-thiophenesulfonamide",348.924194,"C11H9BrFNO2S2","CN(c1ccccc1F)S(=O)(=O)c2c(ccs2)Br","InChI=1S/C11H9BrFNO2S2/c1-14(10-5-3-2-4-9(10)13)18(15,16)11-8(12)6-7-17-11/h2-7H,1H3","PNIPKHVUJJMTDL-UHFFFAOYSA-N"
39699179,"5-Bromo-N-(3-fluorophenyl)-N-methyl-2-thiophenesulfonamide",348.924194,"C11H9BrFNO2S2","CN(c1cccc(c1)F)S(=O)(=O)c2ccc(s2)Br","InChI=1S/C11H9BrFNO2S2/c1-14(9-4-2-3-8(13)7-9)18(15,16)11-6-5-10(12)17-11/h2-7H,1H3","MTYZHSBTDZCFSO-UHFFFAOYSA-N"
39699181,"3-Bromo-N-(3-fluorophenyl)-N-methyl-2-thiophenesulfonamide",348.924194,"C11H9BrFNO2S2","CN(c1cccc(c1)F)S(=O)(=O)c2c(ccs2)Br","InChI=1S/C11H9BrFNO2S2/c1-14(9-4-2-3-8(13)7-9)18(15,16)11-10(12)5-6-17-11/h2-7H,1H3","MISQRFNRTFTMLV-UHFFFAOYSA-N"
40345649,"3-Bromo-N-(4-fluoro-3-methylphenyl)-2-thiophenesulfonamide",348.924194,"C11H9BrFNO2S2","Cc1cc(ccc1F)NS(=O)(=O)c2c(ccs2)Br","InChI=1S/C11H9BrFNO2S2/c1-7-6-8(2-3-10(7)13)14-18(15,16)11-9(12)4-5-17-11/h2-6,14H,1H3","MHOJHGPXICFWQU-UHFFFAOYSA-N"
40763512,"3,4-Dichloro-N-(3,5-dichloro-4-hydroxyphenyl)benzamide",348.923096,"C13H7Cl4NO2","c1cc(c(cc1C(=O)Nc2cc(c(c(c2)Cl)O)Cl)Cl)Cl","InChI=1S/C13H7Cl4NO2/c14-8-2-1-6(3-9(8)15)13(20)18-7-4-10(16)12(19)11(17)5-7/h1-5,19H,(H,18,20)","ZFNCTJVNSJZKCF-UHFFFAOYSA-N"
40763514,"2,6-Dichloro-N-(3,5-dichloro-4-hydroxyphenyl)benzamide",348.923096,"C13H7Cl4NO2","c1cc(c(c(c1)Cl)C(=O)Nc2cc(c(c(c2)Cl)O)Cl)Cl","InChI=1S/C13H7Cl4NO2/c14-7-2-1-3-8(15)11(7)13(20)18-6-4-9(16)12(19)10(17)5-6/h1-5,19H,(H,18,20)","VKIGLPNVOWRVHU-UHFFFAOYSA-N"
40763541,"2,5-Dichloro-N-(3,5-dichloro-4-hydroxyphenyl)benzamide",348.923096,"C13H7Cl4NO2","c1cc(c(cc1Cl)C(=O)Nc2cc(c(c(c2)Cl)O)Cl)Cl","InChI=1S/C13H7Cl4NO2/c14-6-1-2-9(15)8(3-6)13(20)18-7-4-10(16)12(19)11(17)5-7/h1-5,19H,(H,18,20)","TWMSTQWLKYEEAO-UHFFFAOYSA-N"
40763609,"2,3-Dichloro-N-(3,5-dichloro-4-hydroxyphenyl)benzamide",348.923096,"C13H7Cl4NO2","c1cc(c(c(c1)Cl)Cl)C(=O)Nc2cc(c(c(c2)Cl)O)Cl","InChI=1S/C13H7Cl4NO2/c14-8-3-1-2-7(11(8)17)13(20)18-6-4-9(15)12(19)10(16)5-6/h1-5,19H,(H,18,20)","ATMXIQXFPJHYRP-UHFFFAOYSA-N"
40763654,"3,5-Dichloro-N-(3,5-dichloro-4-hydroxyphenyl)benzamide",348.923096,"C13H7Cl4NO2","c1c(cc(cc1Cl)Cl)C(=O)Nc2cc(c(c(c2)Cl)O)Cl","InChI=1S/C13H7Cl4NO2/c14-7-1-6(2-8(15)3-7)13(20)18-9-4-10(16)12(19)11(17)5-9/h1-5,19H,(H,18,20)","XJEWQSZVTUIKPH-UHFFFAOYSA-N"
42351310,"3-Bromo-N-(2-fluoro-6-methylphenyl)-2-thiophenesulfonamide",348.924194,"C11H9BrFNO2S2","Cc1cccc(c1NS(=O)(=O)c2c(ccs2)Br)F","InChI=1S/C11H9BrFNO2S2/c1-7-3-2-4-9(13)10(7)14-18(15,16)11-8(12)5-6-17-11/h2-6,14H,1H3","BYZFMOPCTJHIRD-UHFFFAOYSA-N"
42696965,"N-(4-Bromo-5-fluoro-2-methylphenyl)-2-thiophenesulfonamide",348.924194,"C11H9BrFNO2S2","Cc1cc(c(cc1NS(=O)(=O)c2cccs2)F)Br","InChI=1S/C11H9BrFNO2S2/c1-7-5-8(12)9(13)6-10(7)14-18(15,16)11-3-2-4-17-11/h2-6,14H,1H3","OZZCDJSZFIDSGI-UHFFFAOYSA-N"
42721249,"4-[(2-Bromo-4,6-difluorophenoxy)methyl]-1,3-thiazole-2-carboxylic acid",348.921967,"C11H6BrF2NO3S","c1c(cc(c(c1F)OCc2csc(n2)C(=O)O)Br)F","InChI=1S/C11H6BrF2NO3S/c12-7-1-5(13)2-8(14)9(7)18-3-6-4-19-10(15-6)11(16)17/h1-2,4H,3H2,(H,16,17)","PUAQOSUMQXVFTM-UHFFFAOYSA-N"
43145825,"[4-(5-Bromo-2-thienyl)-1,3-thiazol-2-yl](phenyl)methanone",348.923065,"C14H8BrNOS2","c1ccc(cc1)C(=O)c2nc(cs2)c3ccc(s3)Br","InChI=1S/C14H8BrNOS2/c15-12-7-6-11(19-12)10-8-18-14(16-10)13(17)9-4-2-1-3-5-9/h1-8H","RHVXBCATSSOFDX-UHFFFAOYSA-N"
43151095,"5-Chloro-2-[(2,4,5-trichlorophenyl)amino]benzoic acid",348.923096,"C13H7Cl4NO2","c1cc(c(cc1Cl)C(=O)O)Nc2cc(c(cc2Cl)Cl)Cl","InChI=1S/C13H7Cl4NO2/c14-6-1-2-11(7(3-6)13(19)20)18-12-5-9(16)8(15)4-10(12)17/h1-5,18H,(H,19,20)","PWNQKJSBIRDRJX-UHFFFAOYSA-N"
43216755,"4-Bromo-2-[(2,5-difluoro-4-nitrophenoxy)methyl]thiophene",348.921967,"C11H6BrF2NO3S","c1c(csc1COc2cc(c(cc2F)[N+](=O)[O-])F)Br","InChI=1S/C11H6BrF2NO3S/c12-6-1-7(19-5-6)4-18-11-3-8(13)10(15(16)17)2-9(11)14/h1-3,5H,4H2","CKWSWTUQRWKEGZ-UHFFFAOYSA-N"
43216756,"2-Bromo-5-[(2,5-difluoro-4-nitrophenoxy)methyl]thiophene",348.921967,"C11H6BrF2NO3S","c1cc(sc1COc2cc(c(cc2F)[N+](=O)[O-])F)Br","InChI=1S/C11H6BrF2NO3S/c12-11-2-1-6(19-11)5-18-10-4-7(13)9(15(16)17)3-8(10)14/h1-4H,5H2","DWINLKJYBBTMFQ-UHFFFAOYSA-N"
43216763,"3-Bromo-2-[(2,5-difluoro-4-nitrophenoxy)methyl]thiophene",348.921967,"C11H6BrF2NO3S","c1csc(c1Br)COc2cc(c(cc2F)[N+](=O)[O-])F","InChI=1S/C11H6BrF2NO3S/c12-6-1-2-19-11(6)5-18-10-4-7(13)9(15(16)17)3-8(10)14/h1-4H,5H2","RPAZKHNSKAJBIJ-UHFFFAOYSA-N"
