"Identifier","CompoundName","MonoisotopicMass","MolecularFormula","SMILES","InChI","InChIKey"
31530,"4-hydroxychlorothalonil",245.915451,"C8HCl3N2O","C(#N)c1c(c(c(c(c1Cl)C#N)Cl)Cl)O","InChI=1S/C8HCl3N2O/c9-5-3(1-12)6(10)7(11)8(14)4(5)2-13/h14H","MDQKYGOECVSPIW-UHFFFAOYSA-N"
224625,"2,2'-(1,4-Tetrasulfanediyl)diacetic acid",245.914886,"C4H6O4S4","C(C(=O)O)SSSSCC(=O)O","InChI=1S/C4H6O4S4/c5-3(6)1-9-11-12-10-2-4(7)8/h1-2H2,(H,5,6)(H,7,8)","OMDZYSJJXJMDDF-UHFFFAOYSA-N"
556024,"2,4,6-Trichloro-5-hydroxyisophthalonitrile",245.915451,"C8HCl3N2O","C(#N)c1c(c(c(c(c1Cl)O)Cl)C#N)Cl","InChI=1S/C8HCl3N2O/c9-5-3(1-12)6(10)8(14)7(11)4(5)2-13/h14H","VCKWZUZSWVIAAK-UHFFFAOYSA-N"
10266522,"Dimethyl 1,4-tetrasulfanedicarboxylate",245.914886,"C4H6O4S4","COC(=O)SSSSC(=O)OC","InChI=1S/C4H6O4S4/c1-7-3(5)9-11-12-10-4(6)8-2/h1-2H3","WOTIWAFARQDNQM-UHFFFAOYSA-N"
10821873,"1,3,5-Triazine-2,4,6(1H,3H,5H)-trithione, sodium salt (1:3)",245.916565,"C3H3N3Na3S3","c1(nc(nc(n1)S)S)S.[Na+].[Na+].[Na+]","InChI=1S/C3H3N3S3.3Na/c7-1-4-2(8)6-3(9)5-1;;;/h(H3,4,5,6,7,8,9);;;/q;3*+1","NYVOYAFUSJONHU-UHFFFAOYSA-N"
28560707,"4,5,6-Trichloro-2-hydroxyisophthalonitrile",245.915451,"C8HCl3N2O","C(#N)c1c(c(c(c(c1Cl)Cl)Cl)C#N)O","InChI=1S/C8HCl3N2O/c9-5-3(1-12)8(14)4(2-13)6(10)7(5)11/h14H","LHHIWNWVXIKFRD-UHFFFAOYSA-N"
