"Identifier","CompoundName","MonoisotopicMass","MolecularFormula","SMILES","InChI","InChIKey"
3629,"Isoconazole",413.986023,"C18H14Cl4N2O","c1cc(c(c(c1)Cl)COC(Cn2ccnc2)c3ccc(cc3Cl)Cl)Cl","InChI=1S/C18H14Cl4N2O/c19-12-4-5-13(17(22)8-12)18(9-24-7-6-23-11-24)25-10-14-15(20)2-1-3-16(14)21/h1-8,11,18H,9-10H2","MPIPASJGOJYODL-UHFFFAOYSA-N"
4044,"Miconazole",413.986023,"C18H14Cl4N2O","c1cc(c(cc1Cl)Cl)COC(Cn2ccnc2)c3ccc(cc3Cl)Cl","InChI=1S/C18H14Cl4N2O/c19-13-2-1-12(16(21)7-13)10-25-18(9-24-6-5-23-11-24)15-4-3-14(20)8-17(15)22/h1-8,11,18H,9-10H2","BYBLEWFAAKGYCD-UHFFFAOYSA-N"
114700,"2-Chloro-1-(2,4-dichlorophenyl)-3-(1H-imidazol-1-yl)-2-phenyl-1-propanone hydrochloride (1:1)",413.986023,"C18H14Cl4N2O","c1ccc(cc1)C(Cn2ccnc2)(C(=O)c3ccc(cc3Cl)Cl)Cl.Cl","InChI=1S/C18H13Cl3N2O.ClH/c19-14-6-7-15(16(20)10-14)17(24)18(21,11-23-9-8-22-12-23)13-4-2-1-3-5-13;/h1-10,12H,11H2;1H","HNSQTUZOUYIMCZ-UHFFFAOYSA-N"
194883,"(4-{[(4-Acetamidophenyl)sulfonyl]amino}phenyl)arsonic acid",413.986664,"C14H15AsN2O6S","CC(=O)Nc1ccc(cc1)S(=O)(=O)Nc2ccc(cc2)[As](=O)(O)O","InChI=1S/C14H15AsN2O6S/c1-10(18)16-12-6-8-14(9-7-12)24(22,23)17-13-4-2-11(3-5-13)15(19,20)21/h2-9,17H,1H3,(H,16,18)(H2,19,20,21)","WQSKCQJYGLLZQZ-UHFFFAOYSA-N"
457573,"Pentafluorobenzyl 2-(2,4-dichlorophenoxy)propanoate",413.984894,"C16H9Cl2F5O3","CC(C(=O)OCc1c(c(c(c(c1F)F)F)F)F)Oc2ccc(cc2Cl)Cl","InChI=1S/C16H9Cl2F5O3/c1-6(26-10-3-2-7(17)4-9(10)18)16(24)25-5-8-11(19)13(21)15(23)14(22)12(8)20/h2-4,6H,5H2,1H3","PCROGCAYPVHGSU-UHFFFAOYSA-N"
839556,"1-[(2S)-2-[(2,4-Dichlorobenzyl)oxy]-2-(2,4-dichlorophenyl)ethyl]-1H-imidazole",413.986023,"C18H14Cl4N2O","c1cc(c(cc1Cl)Cl)CO[C@H](Cn2ccnc2)c3ccc(cc3Cl)Cl","InChI=1S/C18H14Cl4N2O/c19-13-2-1-12(16(21)7-13)10-25-18(9-24-6-5-23-11-24)15-4-3-14(20)8-17(15)22/h1-8,11,18H,9-10H2/t18-/m1/s1","BYBLEWFAAKGYCD-GOSISDBHSA-N"
848376,"4-Chloro-2-methylphenyl 2-bromo-3,4,5-trimethoxybenzoate",413.986969,"C17H16BrClO5","Cc1cc(ccc1OC(=O)c2cc(c(c(c2Br)OC)OC)OC)Cl","InChI=1S/C17H16BrClO5/c1-9-7-10(19)5-6-12(9)24-17(20)11-8-13(21-2)15(22-3)16(23-4)14(11)18/h5-8H,1-4H3","ZFTHSLAIYMWTNN-UHFFFAOYSA-N"
869654,"N-[(2-Bromo-4,6-difluorophenyl)carbamothioyl]-2-methoxy-3-methylbenzamide",413.984894,"C16H13BrF2N2O2S","Cc1cccc(c1OC)C(=O)NC(=S)Nc2c(cc(cc2Br)F)F","InChI=1S/C16H13BrF2N2O2S/c1-8-4-3-5-10(14(8)23-2)15(22)21-16(24)20-13-11(17)6-9(18)7-12(13)19/h3-7H,1-2H3,(H2,20,21,22,24)","KDTKSEYPMPPCPW-UHFFFAOYSA-N"
935791,"1-[(1R)-1-(1H-Benzimidazol-2-ylsulfanyl)-2,2,2-trichloroethyl]-3-phenylurea",413.987549,"C16H13Cl3N4OS","c1ccc(cc1)NC(=O)N[C@@H](C(Cl)(Cl)Cl)Sc2[nH]c3ccccc3n2","InChI=1S/C16H13Cl3N4OS/c17-16(18,19)13(23-14(24)20-10-6-2-1-3-7-10)25-15-21-11-8-4-5-9-12(11)22-15/h1-9,13H,(H,21,22)(H2,20,23,24)/t13-/m1/s1","MGLKNJKVEIGMEX-CYBMUJFWSA-N"
975955,"1-[(2R)-2-[(2,4-Dichlorobenzyl)oxy]-2-(2,4-dichlorophenyl)ethyl]-1H-imidazole",413.986023,"C18H14Cl4N2O","c1cc(c(cc1Cl)Cl)CO[C@@H](Cn2ccnc2)c3ccc(cc3Cl)Cl","InChI=1S/C18H14Cl4N2O/c19-13-2-1-12(16(21)7-13)10-25-18(9-24-6-5-23-11-24)15-4-3-14(20)8-17(15)22/h1-8,11,18H,9-10H2/t18-/m0/s1","BYBLEWFAAKGYCD-SFHVURJKSA-N"
982140,"4-[(2,4,6-Trioxotetrahydro-5(2H)-pyrimidinylidene)methyl]phenyl 3-bromobenzoate",413.985138,"C18H11BrN2O5","c1cc(cc(c1)Br)C(=O)Oc2ccc(cc2)C=C3C(=O)NC(=O)NC3=O","InChI=1S/C18H11BrN2O5/c19-12-3-1-2-11(9-12)17(24)26-13-6-4-10(5-7-13)8-14-15(22)20-18(25)21-16(14)23/h1-9H,(H2,20,21,22,23,25)","DOONVZWUPMVBTM-UHFFFAOYSA-N"
1006550,"(1,3-Dioxo-1,3-dihydro-2H-inden-2-ylidene)[(4-iodo-2-methylphenyl)amino]acetonitrile",413.986511,"C18H11IN2O2","Cc1cc(ccc1NC(=C2C(=O)c3ccccc3C2=O)C#N)I","InChI=1S/C18H11IN2O2/c1-10-8-11(19)6-7-14(10)21-15(9-20)16-17(22)12-4-2-3-5-13(12)18(16)23/h2-8,21H,1H3","UKGVERLAPHIVIS-UHFFFAOYSA-N"
1009285,"2-Chlorobenzyl 2-bromo-3,4,5-trimethoxybenzoate",413.986969,"C17H16BrClO5","COc1cc(c(c(c1OC)OC)Br)C(=O)OCc2ccccc2Cl","InChI=1S/C17H16BrClO5/c1-21-13-8-11(14(18)16(23-3)15(13)22-2)17(20)24-9-10-6-4-5-7-12(10)19/h4-8H,9H2,1-3H3","MNOTVLPTJQKXRG-UHFFFAOYSA-N"
1014737,"1-{2-[Bis(2,4-dichlorophenyl)methoxy]ethyl}-1H-imidazole",413.986023,"C18H14Cl4N2O","c1cc(c(cc1Cl)Cl)C(c2ccc(cc2Cl)Cl)OCCn3ccnc3","InChI=1S/C18H14Cl4N2O/c19-12-1-3-14(16(21)9-12)18(15-4-2-13(20)10-17(15)22)25-8-7-24-6-5-23-11-24/h1-6,9-11,18H,7-8H2","OLAZLMCPTXXFLF-UHFFFAOYSA-N"
1044561,"2-[(2-Anilino-2-oxoethyl)sulfanyl]-N-(2-bromo-4,6-difluorophenyl)acetamide",413.984894,"C16H13BrF2N2O2S","c1ccc(cc1)NC(=O)CSCC(=O)Nc2c(cc(cc2Br)F)F","InChI=1S/C16H13BrF2N2O2S/c17-12-6-10(18)7-13(19)16(12)21-15(23)9-24-8-14(22)20-11-4-2-1-3-5-11/h1-7H,8-9H2,(H,20,22)(H,21,23)","BGDLNAOEKPTFTB-UHFFFAOYSA-N"
1071130,"4-({(E)-[5-(2-Bromo-4-nitrophenyl)-2-furyl]methylene}amino)benzoic acid",413.985138,"C18H11BrN2O5","c1cc(ccc1C(=O)O)/N=C/c2ccc(o2)c3ccc(cc3Br)[N+](=O)[O-]","InChI=1S/C18H11BrN2O5/c19-16-9-13(21(24)25)5-7-15(16)17-8-6-14(26-17)10-20-12-3-1-11(2-4-12)18(22)23/h1-10H,(H,22,23)/b20-10+","WFFSOWXQEFJMPN-KEBDBYFISA-N"
1071133,"N-{(E)-[5-(2-Bromo-4-nitrophenyl)-2-furyl]methylene}-1,3-benzodioxol-5-amine",413.985138,"C18H11BrN2O5","c1cc2c(cc1/N=C/c3ccc(o3)c4ccc(cc4Br)[N+](=O)[O-])OCO2","InChI=1S/C18H11BrN2O5/c19-15-8-12(21(22)23)2-4-14(15)16-6-3-13(26-16)9-20-11-1-5-17-18(7-11)25-10-24-17/h1-9H,10H2/b20-9+","QWQKWSVYFHVHLI-AWQFTUOYSA-N"
1088432,"1-[4-Chloro-1-(2,4-dichlorobenzyl)-1H-pyrazol-3-yl]-3-(2-furylmethyl)thiourea",413.987549,"C16H13Cl3N4OS","c1cc(oc1)CNC(=S)Nc2c(cn(n2)Cc3ccc(cc3Cl)Cl)Cl","InChI=1S/C16H13Cl3N4OS/c17-11-4-3-10(13(18)6-11)8-23-9-14(19)15(22-23)21-16(25)20-7-12-2-1-5-24-12/h1-6,9H,7-8H2,(H2,20,21,22,25)","SHTOVWJIXYYKRS-UHFFFAOYSA-N"
1129720,"(5E)-1-(1,3-Benzodioxol-5-yl)-5-(4-bromobenzylidene)-2,4,6(1H,3H,5H)-pyrimidinetrione",413.985138,"C18H11BrN2O5","c1cc(ccc1/C=C/2\C(=O)NC(=O)N(C2=O)c3ccc4c(c3)OCO4)Br","InChI=1S/C18H11BrN2O5/c19-11-3-1-10(2-4-11)7-13-16(22)20-18(24)21(17(13)23)12-5-6-14-15(8-12)26-9-25-14/h1-8H,9H2,(H,20,22,24)/b13-7+","QVRKGWGFEUGDEP-NTUHNPAUSA-N"
1129721,"(5Z)-1-(1,3-Benzodioxol-5-yl)-5-(4-bromobenzylidene)-2,4,6(1H,3H,5H)-pyrimidinetrione",413.985138,"C18H11BrN2O5","c1cc(ccc1/C=C\2/C(=O)NC(=O)N(C2=O)c3ccc4c(c3)OCO4)Br","InChI=1S/C18H11BrN2O5/c19-11-3-1-10(2-4-11)7-13-16(22)20-18(24)21(17(13)23)12-5-6-14-15(8-12)26-9-25-14/h1-8H,9H2,(H,20,22,24)/b13-7-","QVRKGWGFEUGDEP-QPEQYQDCSA-N"
1130419,"5-(1,3-Benzodioxol-5-ylmethylene)-1-(3-bromophenyl)-2,4,6(1H,3H,5H)-pyrimidinetrione",413.985138,"C18H11BrN2O5","c1cc(cc(c1)Br)N2C(=O)C(=Cc3ccc4c(c3)OCO4)C(=O)NC2=O","InChI=1S/C18H11BrN2O5/c19-11-2-1-3-12(8-11)21-17(23)13(16(22)20-18(21)24)6-10-4-5-14-15(7-10)26-9-25-14/h1-8H,9H2,(H,20,22,24)","GPMWGQQAWOXGAQ-UHFFFAOYSA-N"
1140887,"5-(1,3-Benzodioxol-5-ylmethylene)-1-(4-bromophenyl)-2,4,6(1H,3H,5H)-pyrimidinetrione",413.985138,"C18H11BrN2O5","c1cc(ccc1N2C(=O)C(=Cc3ccc4c(c3)OCO4)C(=O)NC2=O)Br","InChI=1S/C18H11BrN2O5/c19-11-2-4-12(5-3-11)21-17(23)13(16(22)20-18(21)24)7-10-1-6-14-15(8-10)26-9-25-14/h1-8H,9H2,(H,20,22,24)","OKROLDLJZMWPIE-UHFFFAOYSA-N"
1155209,"4-[(2,4,6-Trioxotetrahydro-5(2H)-pyrimidinylidene)methyl]phenyl 4-bromobenzoate",413.985138,"C18H11BrN2O5","c1cc(ccc1C=C2C(=O)NC(=O)NC2=O)OC(=O)c3ccc(cc3)Br","InChI=1S/C18H11BrN2O5/c19-12-5-3-11(4-6-12)17(24)26-13-7-1-10(2-8-13)9-14-15(22)20-18(25)21-16(14)23/h1-9H,(H2,20,21,22,23,25)","VCTSBFXFLOXABP-UHFFFAOYSA-N"
1281470,"4-Chlorobenzyl 2-bromo-3,4,5-trimethoxybenzoate",413.986969,"C17H16BrClO5","COc1cc(c(c(c1OC)OC)Br)C(=O)OCc2ccc(cc2)Cl","InChI=1S/C17H16BrClO5/c1-21-13-8-12(14(18)16(23-3)15(13)22-2)17(20)24-9-10-4-6-11(19)7-5-10/h4-8H,9H2,1-3H3","KQIJZDWLWVWUDG-UHFFFAOYSA-N"
1481980,"3,5-Bis-(2-ethanesulfonyl-ethylsulfanyl)-isothiazole-4-carbonitrile",413.987,"C12H18N2O4S5","CCS(=O)(=O)CCSc1c(c(sn1)SCCS(=O)(=O)CC)C#N","InChI=1S/C12H18N2O4S5/c1-3-22(15,16)7-5-19-11-10(9-13)12(21-14-11)20-6-8-23(17,18)4-2/h3-8H2,1-2H3","HSOXXPZIAVHRTL-UHFFFAOYSA-N"
1590732,"2-{[4-(3,4-Dichlorophenyl)-1,3-thiazol-2-yl]amino}-2-oxoethyl 5,6-dihydro-1,4-dioxine-2-carboxylate",413.984406,"C16H12Cl2N2O5S","c1cc(c(cc1c2csc(n2)NC(=O)COC(=O)C3=COCCO3)Cl)Cl","InChI=1S/C16H12Cl2N2O5S/c17-10-2-1-9(5-11(10)18)12-8-26-16(19-12)20-14(21)7-25-15(22)13-6-23-3-4-24-13/h1-2,5-6,8H,3-4,7H2,(H,19,20,21)","GLTCDRNFAUULIT-UHFFFAOYSA-N"
1652960,"Methyl 4-{[(3,3-dichloro-2-oxo-2,3-dihydro-1H-indol-5-yl)sulfonyl]amino}benzoate",413.984406,"C16H12Cl2N2O5S","COC(=O)c1ccc(cc1)NS(=O)(=O)c2ccc3c(c2)C(C(=O)N3)(Cl)Cl","InChI=1S/C16H12Cl2N2O5S/c1-25-14(21)9-2-4-10(5-3-9)20-26(23,24)11-6-7-13-12(8-11)16(17,18)15(22)19-13/h2-8,20H,1H3,(H,19,22)","YQMQBRHIYONMOH-UHFFFAOYSA-N"
1683044,"(3R)-2-(3-Bromophenyl)-3-(2-thienyl)-5-[(E)-2-(2-thienyl)vinyl]-2,3-dihydro-1H-pyrazole",413.985992,"C19H15BrN2S2","c1cc(cc(c1)Br)N2[C@H](C=C(N2)/C=C/c3cccs3)c4cccs4","InChI=1S/C19H15BrN2S2/c20-14-4-1-5-16(12-14)22-18(19-7-3-11-24-19)13-15(21-22)8-9-17-6-2-10-23-17/h1-13,18,21H/b9-8+/t18-/m1/s1","IHGVKWIYHXKPED-GFOMBABLSA-N"
1683045,"(3S)-2-(3-Bromophenyl)-3-(2-thienyl)-5-[(E)-2-(2-thienyl)vinyl]-2,3-dihydro-1H-pyrazole",413.985992,"C19H15BrN2S2","c1cc(cc(c1)Br)N2[C@@H](C=C(N2)/C=C/c3cccs3)c4cccs4","InChI=1S/C19H15BrN2S2/c20-14-4-1-5-16(12-14)22-18(19-7-3-11-24-19)13-15(21-22)8-9-17-6-2-10-23-17/h1-13,18,21H/b9-8+/t18-/m0/s1","IHGVKWIYHXKPED-BLGFXRMMSA-N"
1691104,"(5E)-5-(1,3-Benzodioxol-5-ylmethylene)-1-(4-bromophenyl)-2,4,6(1H,3H,5H)-pyrimidinetrione",413.985138,"C18H11BrN2O5","c1cc(ccc1N2C(=O)/C(=C/c3ccc4c(c3)OCO4)/C(=O)NC2=O)Br","InChI=1S/C18H11BrN2O5/c19-11-2-4-12(5-3-11)21-17(23)13(16(22)20-18(21)24)7-10-1-6-14-15(8-10)26-9-25-14/h1-8H,9H2,(H,20,22,24)/b13-7+","OKROLDLJZMWPIE-NTUHNPAUSA-N"
1691105,"(5Z)-5-(1,3-Benzodioxol-5-ylmethylene)-1-(4-bromophenyl)-2,4,6(1H,3H,5H)-pyrimidinetrione",413.985138,"C18H11BrN2O5","c1cc(ccc1N2C(=O)/C(=C\c3ccc4c(c3)OCO4)/C(=O)NC2=O)Br","InChI=1S/C18H11BrN2O5/c19-11-2-4-12(5-3-11)21-17(23)13(16(22)20-18(21)24)7-10-1-6-14-15(8-10)26-9-25-14/h1-8H,9H2,(H,20,22,24)/b13-7-","OKROLDLJZMWPIE-QPEQYQDCSA-N"
1797673,"4-Bromo-2-chlorophenyl (3,4,5-trimethoxyphenyl)acetate",413.986969,"C17H16BrClO5","COc1cc(cc(c1OC)OC)CC(=O)Oc2ccc(cc2Cl)Br","InChI=1S/C17H16BrClO5/c1-21-14-6-10(7-15(22-2)17(14)23-3)8-16(20)24-13-5-4-11(18)9-12(13)19/h4-7,9H,8H2,1-3H3","UONUDDNJQINGGN-UHFFFAOYSA-N"
1961990,"2-[(3-Nitrophenyl)amino]-2-oxoethyl [(2,5-dichlorophenyl)sulfanyl]acetate",413.984406,"C16H12Cl2N2O5S","c1cc(cc(c1)[N+](=O)[O-])NC(=O)COC(=O)CSc2cc(ccc2Cl)Cl","InChI=1S/C16H12Cl2N2O5S/c17-10-4-5-13(18)14(6-10)26-9-16(22)25-8-15(21)19-11-2-1-3-12(7-11)20(23)24/h1-7H,8-9H2,(H,19,21)","CWSQGKNOUCOFHN-UHFFFAOYSA-N"
1981716,"N'-[(3-Fluorophenoxy)acetyl]-3-iodobenzohydrazide",413.98764,"C15H12FIN2O3","c1cc(cc(c1)I)C(=O)NNC(=O)COc2cccc(c2)F","InChI=1S/C15H12FIN2O3/c16-11-4-2-6-13(8-11)22-9-14(20)18-19-15(21)10-3-1-5-12(17)7-10/h1-8H,9H2,(H,18,20)(H,19,21)","IKEKAHHNZVJDOA-UHFFFAOYSA-N"
2080031,"2-({6-[(2,5-Dichlorophenyl)sulfonyl]-3-pyridinyl}carbamoyl)cyclopropanecarboxylic acid",413.984406,"C16H12Cl2N2O5S","c1cc(c(cc1Cl)S(=O)(=O)c2ccc(cn2)NC(=O)C3CC3C(=O)O)Cl","InChI=1S/C16H12Cl2N2O5S/c17-8-1-3-12(18)13(5-8)26(24,25)14-4-2-9(7-19-14)20-15(21)10-6-11(10)16(22)23/h1-5,7,10-11H,6H2,(H,20,21)(H,22,23)","VDNWDXNUSYDUTP-UHFFFAOYSA-N"
2089441,"3-(2-chloro-6-fluorophenyl)-N'-(3,5-dichloro-4-pyridinyl)-5-methyl-4-isoxazolecarbohydrazide",413.985352,"C16H10Cl3FN4O2","Cc1c(c(no1)c2c(cccc2Cl)F)C(=O)NNc3c(cncc3Cl)Cl","InChI=1S/C16H10Cl3FN4O2/c1-7-12(15(24-26-7)13-8(17)3-2-4-11(13)20)16(25)23-22-14-9(18)5-21-6-10(14)19/h2-6H,1H3,(H,21,22)(H,23,25)","AVRAHHGZTAYBRH-UHFFFAOYSA-N"
2107098,"1-(3-Bromophenyl)-5-(2-thienyl)-3-[2-(2-thienyl)vinyl]-4,5-dihydro-1H-pyrazole",413.985992,"C19H15BrN2S2","c1cc(cc(c1)Br)N2C(CC(=N2)C=Cc3cccs3)c4cccs4","InChI=1S/C19H15BrN2S2/c20-14-4-1-5-16(12-14)22-18(19-7-3-11-24-19)13-15(21-22)8-9-17-6-2-10-23-17/h1-12,18H,13H2","YDBNCYSTLUMTID-UHFFFAOYSA-N"
2160920,"2-Anilino-3-phenyl-4-(2-thienyl)-1,3-thiazol-3-ium bromide",413.985992,"C19H15BrN2S2","c1ccc(cc1)Nc2[n+](c(cs2)c3cccs3)c4ccccc4.[Br-]","InChI=1S/C19H14N2S2.BrH/c1-3-8-15(9-4-1)20-19-21(16-10-5-2-6-11-16)17(14-23-19)18-12-7-13-22-18;/h1-14H;1H","NDWKSIANHHLYDF-UHFFFAOYSA-N"
2166664,"1-(1,3-Benzodioxol-5-yl)-5-(4-bromobenzylidene)-2,4,6(1H,3H,5H)-pyrimidinetrione",413.985138,"C18H11BrN2O5","c1cc(ccc1C=C2C(=O)NC(=O)N(C2=O)c3ccc4c(c3)OCO4)Br","InChI=1S/C18H11BrN2O5/c19-11-3-1-10(2-4-11)7-13-16(22)20-18(24)21(17(13)23)12-5-6-14-15(8-12)26-9-25-14/h1-8H,9H2,(H,20,22,24)","QVRKGWGFEUGDEP-UHFFFAOYSA-N"
2200762,"1-(4-Bromophenyl)-6-hydroxy-5-(3-oxo-1,3-dihydro-2-benzofuran-1-yl)-2,4(1H,3H)-pyrimidinedione",413.985138,"C18H11BrN2O5","c1ccc2c(c1)C(OC2=O)c3c(=O)[nH]c(=O)n(c3O)c4ccc(cc4)Br","InChI=1S/C18H11BrN2O5/c19-9-5-7-10(8-6-9)21-16(23)13(15(22)20-18(21)25)14-11-3-1-2-4-12(11)17(24)26-14/h1-8,14,23H,(H,20,22,25)","DYAKXVKIMAETHM-UHFFFAOYSA-N"
2276622,"1-[3-(2,4-Dichlorophenoxy)-2-(2,4-dichlorophenyl)propyl]-1H-imidazole",413.986023,"C18H14Cl4N2O","c1cc(c(cc1Cl)Cl)C(Cn2ccnc2)COc3ccc(cc3Cl)Cl","InChI=1S/C18H14Cl4N2O/c19-13-1-3-15(16(21)7-13)12(9-24-6-5-23-11-24)10-25-18-4-2-14(20)8-17(18)22/h1-8,11-12H,9-10H2","HFPZVROVIKJAPZ-UHFFFAOYSA-N"
2346319,"1-[1-(1H-Benzimidazol-2-ylsulfanyl)-2,2,2-trichloroethyl]-3-phenylurea",413.987549,"C16H13Cl3N4OS","c1ccc(cc1)NC(=O)NC(C(Cl)(Cl)Cl)Sc2[nH]c3ccccc3n2","InChI=1S/C16H13Cl3N4OS/c17-16(18,19)13(23-14(24)20-10-6-2-1-3-7-10)25-15-21-11-8-4-5-9-12(11)22-15/h1-9,13H,(H,21,22)(H2,20,23,24)","MGLKNJKVEIGMEX-UHFFFAOYSA-N"
2678622,"4-Bromo-2-chloro-6-methylphenyl 3,4,5-trimethoxybenzoate",413.986969,"C17H16BrClO5","Cc1cc(cc(c1OC(=O)c2cc(c(c(c2)OC)OC)OC)Cl)Br","InChI=1S/C17H16BrClO5/c1-9-5-11(18)8-12(19)15(9)24-17(20)10-6-13(21-2)16(23-4)14(7-10)22-3/h5-8H,1-4H3","VSYLRMWSNRGGPM-UHFFFAOYSA-N"
2747560,"5-(1,3-Benzodioxol-5-yl)-3-(4-bromophenyl)-3aH-pyrrolo[3,4-d][1,2]oxazole-4,6(5H,6aH)-dione",413.985138,"C18H11BrN2O5","c1cc(ccc1C2=NOC3C2C(=O)N(C3=O)c4ccc5c(c4)OCO5)Br","InChI=1S/C18H11BrN2O5/c19-10-3-1-9(2-4-10)15-14-16(26-20-15)18(23)21(17(14)22)11-5-6-12-13(7-11)25-8-24-12/h1-7,14,16H,8H2","HIHMZIVFUFNVPW-UHFFFAOYSA-N"
2770246,"3-{[2-(4-Chlorophenoxy)ethyl]sulfanyl}-5-(2,5-dichlorophenyl)-4H-1,2,4-triazol-4-amine",413.987549,"C16H13Cl3N4OS","c1cc(ccc1OCCSc2nnc(n2N)c3cc(ccc3Cl)Cl)Cl","InChI=1S/C16H13Cl3N4OS/c17-10-1-4-12(5-2-10)24-7-8-25-16-22-21-15(23(16)20)13-9-11(18)3-6-14(13)19/h1-6,9H,7-8,20H2","LLFUJPDZRQMIEO-UHFFFAOYSA-N"
2772953,"4-({4-Chloro-3-[(4-chlorophenyl)sulfamoyl]phenyl}amino)-4-oxo-2-butenoic acid",413.984406,"C16H12Cl2N2O5S","c1cc(ccc1NS(=O)(=O)c2cc(ccc2Cl)NC(=O)C=CC(=O)O)Cl","InChI=1S/C16H12Cl2N2O5S/c17-10-1-3-11(4-2-10)20-26(24,25)14-9-12(5-6-13(14)18)19-15(21)7-8-16(22)23/h1-9,20H,(H,19,21)(H,22,23)","XTXJXMUVHNCDKH-UHFFFAOYSA-N"
2791119,"3-{[2-(4-Chlorophenoxy)ethyl]sulfanyl}-5-(2,4-dichlorophenyl)-4H-1,2,4-triazol-4-amine",413.987549,"C16H13Cl3N4OS","c1cc(ccc1OCCSc2nnc(n2N)c3ccc(cc3Cl)Cl)Cl","InChI=1S/C16H13Cl3N4OS/c17-10-1-4-12(5-2-10)24-7-8-25-16-22-21-15(23(16)20)13-6-3-11(18)9-14(13)19/h1-6,9H,7-8,20H2","JQUQPCCQFWQWPI-UHFFFAOYSA-N"
2805206,"2-({5-[(4-Chlorophenoxy)methyl]-1,3,4-oxadiazol-2-yl}sulfonyl)-N-(1,3-thiazol-2-yl)acetamide",413.985931,"C14H11ClN4O5S2","c1cc(ccc1OCc2nnc(o2)S(=O)(=O)CC(=O)Nc3nccs3)Cl","InChI=1S/C14H11ClN4O5S2/c15-9-1-3-10(4-2-9)23-7-12-18-19-14(24-12)26(21,22)8-11(20)17-13-16-5-6-25-13/h1-6H,7-8H2,(H,16,17,20)","DDVTYIHOJSTFKA-UHFFFAOYSA-N"
2817512,"8-Chloro-3-{[3-chloro-5-(trifluoromethyl)-2-pyridinyl]methyl}-6-(trifluoromethyl)[1,2,4]triazolo[4,3-a]pyridine",413.987366,"C14H6Cl2F6N4","c1c(cnc(c1Cl)Cc2nnc3n2cc(cc3Cl)C(F)(F)F)C(F)(F)F","InChI=1S/C14H6Cl2F6N4/c15-8-1-6(13(17,18)19)4-23-10(8)3-11-24-25-12-9(16)2-7(5-26(11)12)14(20,21)22/h1-2,4-5H,3H2","UAWBQEVWTGBHBL-UHFFFAOYSA-N"
2919512,"4-{[1-(4-Bromophenyl)-2,4,6-trioxotetrahydro-5(2H)-pyrimidinylidene]methyl}benzoic acid",413.985138,"C18H11BrN2O5","c1cc(ccc1C=C2C(=O)NC(=O)N(C2=O)c3ccc(cc3)Br)C(=O)O","InChI=1S/C18H11BrN2O5/c19-12-5-7-13(8-6-12)21-16(23)14(15(22)20-18(21)26)9-10-1-3-11(4-2-10)17(24)25/h1-9H,(H,24,25)(H,20,22,26)","PGZLTTMKDSSVFU-UHFFFAOYSA-N"
2998720,"4-Bromo-N-(2-cyanoethyl)-N-propyl-2-(trifluoromethoxy)benzenesulfonamide",413.986053,"C13H14BrF3N2O3S","CCCN(CCC#N)S(=O)(=O)c1ccc(cc1OC(F)(F)F)Br","InChI=1S/C13H14BrF3N2O3S/c1-2-7-19(8-3-6-18)23(20,21)12-5-4-10(14)9-11(12)22-13(15,16)17/h4-5,9H,2-3,7-8H2,1H3","HZQNXXQDLAYYLS-UHFFFAOYSA-N"
3113074,"N'-(4-Fluorobenzoyl)-3-iodo-4-methoxybenzohydrazide",413.98764,"C15H12FIN2O3","COc1ccc(cc1I)C(=O)NNC(=O)c2ccc(cc2)F","InChI=1S/C15H12FIN2O3/c1-22-13-7-4-10(8-12(13)17)15(21)19-18-14(20)9-2-5-11(16)6-3-9/h2-8H,1H3,(H,18,20)(H,19,21)","CIPYUKBJOQJDHW-UHFFFAOYSA-N"
3134929,"N-(2-Chloro-4,6-dimethylphenyl)-2-[(6,8-dichloro[1,2,4]triazolo[4,3-a]pyridin-3-yl)sulfanyl]acetamide",413.987549,"C16H13Cl3N4OS","Cc1cc(c(c(c1)Cl)NC(=O)CSc2nnc3n2cc(cc3Cl)Cl)C","InChI=1S/C16H13Cl3N4OS/c1-8-3-9(2)14(11(18)4-8)20-13(24)7-25-16-22-21-15-12(19)5-10(17)6-23(15)16/h3-6H,7H2,1-2H3,(H,20,24)","PJJUZGTWVBZIIA-UHFFFAOYSA-N"
3444140,"3-{[2-(2-Chlorophenoxy)ethyl]sulfanyl}-5-(2,5-dichlorophenyl)-4H-1,2,4-triazol-4-amine",413.987549,"C16H13Cl3N4OS","c1ccc(c(c1)OCCSc2nnc(n2N)c3cc(ccc3Cl)Cl)Cl","InChI=1S/C16H13Cl3N4OS/c17-10-5-6-12(18)11(9-10)15-21-22-16(23(15)20)25-8-7-24-14-4-2-1-3-13(14)19/h1-6,9H,7-8,20H2","WINCXLZWOADJOZ-UHFFFAOYSA-N"
3811997,"3-{[3-(6-Bromo-1,3-benzodioxol-5-yl)-2-cyanoacryloyl]amino}benzoic acid",413.985138,"C18H11BrN2O5","c1cc(cc(c1)NC(=O)C(=Cc2cc3c(cc2Br)OCO3)C#N)C(=O)O","InChI=1S/C18H11BrN2O5/c19-14-7-16-15(25-9-26-16)6-11(14)4-12(8-20)17(22)21-13-3-1-2-10(5-13)18(23)24/h1-7H,9H2,(H,21,22)(H,23,24)","UVBAHWDKZZJSKP-UHFFFAOYSA-N"
3841123,"2-{[3-(6-Bromo-1,3-benzodioxol-5-yl)-2-cyanoacryloyl]amino}benzoic acid",413.985138,"C18H11BrN2O5","c1ccc(c(c1)C(=O)O)NC(=O)C(=Cc2cc3c(cc2Br)OCO3)C#N","InChI=1S/C18H11BrN2O5/c19-13-7-16-15(25-9-26-16)6-10(13)5-11(8-20)17(22)21-14-4-2-1-3-12(14)18(23)24/h1-7H,9H2,(H,21,22)(H,23,24)","MDCVJSTUGFDXJJ-UHFFFAOYSA-N"
3914698,"4-({5-Chloro-2-[(2,4-dichlorobenzyl)oxy]benzyl}amino)-2,4-dihydro-3H-1,2,4-triazole-3-thione",413.987549,"C16H13Cl3N4OS","c1cc(c(cc1Cl)Cl)COc2ccc(cc2CNn3cn[nH]c3=S)Cl","InChI=1S/C16H13Cl3N4OS/c17-12-3-4-15(24-8-10-1-2-13(18)6-14(10)19)11(5-12)7-21-23-9-20-22-16(23)25/h1-6,9,21H,7-8H2,(H,22,25)","ZPRLGJDHFWKIEU-UHFFFAOYSA-N"
4029880,"5-Chloro-1-(2,4-dichlorobenzyl)-3-methyl-N-(5-methyl-1,3-thiazol-2-yl)-1H-pyrazole-4-carboxamide",413.987549,"C16H13Cl3N4OS","Cc1cnc(s1)NC(=O)c2c(nn(c2Cl)Cc3ccc(cc3Cl)Cl)C","InChI=1S/C16H13Cl3N4OS/c1-8-6-20-16(25-8)21-15(24)13-9(2)22-23(14(13)19)7-10-3-4-11(17)5-12(10)18/h3-6H,7H2,1-2H3,(H,20,21,24)","YITBBZBHFABULD-UHFFFAOYSA-N"
4131682,"N'-(2-Fluorobenzoyl)-3-iodo-4-methoxybenzohydrazide",413.98764,"C15H12FIN2O3","COc1ccc(cc1I)C(=O)NNC(=O)c2ccccc2F","InChI=1S/C15H12FIN2O3/c1-22-13-7-6-9(8-12(13)17)14(20)18-19-15(21)10-4-2-3-5-11(10)16/h2-8H,1H3,(H,18,20)(H,19,21)","MFPCLNWYSYTFLM-UHFFFAOYSA-N"
4188257,"3-(2-Chlorophenyl)-5-{[2-(2,4-dichlorophenoxy)ethyl]sulfanyl}-4H-1,2,4-triazol-4-amine",413.987549,"C16H13Cl3N4OS","c1ccc(c(c1)c2nnc(n2N)SCCOc3ccc(cc3Cl)Cl)Cl","InChI=1S/C16H13Cl3N4OS/c17-10-5-6-14(13(19)9-10)24-7-8-25-16-22-21-15(23(16)20)11-3-1-2-4-12(11)18/h1-6,9H,7-8,20H2","QXZHXUCDPKXPQL-UHFFFAOYSA-N"
4380003,"4-Chloro-3-nitro-N-[(4-sulfamoylphenyl)carbamothioyl]benzamide",413.985931,"C14H11ClN4O5S2","c1cc(ccc1NC(=S)NC(=O)c2ccc(c(c2)[N+](=O)[O-])Cl)S(=O)(=O)N","InChI=1S/C14H11ClN4O5S2/c15-11-6-1-8(7-12(11)19(21)22)13(20)18-14(25)17-9-2-4-10(5-3-9)26(16,23)24/h1-7H,(H2,16,23,24)(H2,17,18,20,25)","FFZZXJZQYHJJAM-UHFFFAOYSA-N"
4380846,"3-{[2-(2-Chlorophenoxy)ethyl]sulfanyl}-5-(2,4-dichlorophenyl)-4H-1,2,4-triazol-4-amine",413.987549,"C16H13Cl3N4OS","c1ccc(c(c1)OCCSc2nnc(n2N)c3ccc(cc3Cl)Cl)Cl","InChI=1S/C16H13Cl3N4OS/c17-10-5-6-11(13(19)9-10)15-21-22-16(23(15)20)25-8-7-24-14-4-2-1-3-12(14)18/h1-6,9H,7-8,20H2","WOUXQKGGNZNCLL-UHFFFAOYSA-N"
4419872,"N-[2-(4-Chlorophenyl)ethyl]-2-[(6,8-dichloro[1,2,4]triazolo[4,3-a]pyridin-3-yl)sulfanyl]acetamide",413.987549,"C16H13Cl3N4OS","c1cc(ccc1CCNC(=O)CSc2nnc3n2cc(cc3Cl)Cl)Cl","InChI=1S/C16H13Cl3N4OS/c17-11-3-1-10(2-4-11)5-6-20-14(24)9-25-16-22-21-15-13(19)7-12(18)8-23(15)16/h1-4,7-8H,5-6,9H2,(H,20,24)","XCYXKLPROGOOSV-UHFFFAOYSA-N"
4466676,"2,4-Dichloro-5-(dimethylsulfamoyl)-N-(1,1-dioxidotetrahydro-3-thiophenyl)benzamide",413.987762,"C13H16Cl2N2O5S2","CN(C)S(=O)(=O)c1cc(c(cc1Cl)Cl)C(=O)NC2CCS(=O)(=O)C2","InChI=1S/C13H16Cl2N2O5S2/c1-17(2)24(21,22)12-5-9(10(14)6-11(12)15)13(18)16-8-3-4-23(19,20)7-8/h5-6,8H,3-4,7H2,1-2H3,(H,16,18)","HUIBLIASTOWAMI-UHFFFAOYSA-N"
4483331,"2-[(4-Bromobenzyl)oxy]-5-(4-fluorophenyl)-3-(trifluoromethyl)furan",413.987854,"C18H11BrF4O2","c1cc(ccc1COc2c(cc(o2)c3ccc(cc3)F)C(F)(F)F)Br","InChI=1S/C18H11BrF4O2/c19-13-5-1-11(2-6-13)10-24-17-15(18(21,22)23)9-16(25-17)12-3-7-14(20)8-4-12/h1-9H,10H2","CILSHBOGFFPYNO-UHFFFAOYSA-N"
4507164,"(5E)-5-(1,3-Benzodioxol-5-ylmethylene)-1-(3-bromophenyl)-2,4,6(1H,3H,5H)-pyrimidinetrione",413.985138,"C18H11BrN2O5","c1cc(cc(c1)Br)N2C(=O)/C(=C/c3ccc4c(c3)OCO4)/C(=O)NC2=O","InChI=1S/C18H11BrN2O5/c19-11-2-1-3-12(8-11)21-17(23)13(16(22)20-18(21)24)6-10-4-5-14-15(7-10)26-9-25-14/h1-8H,9H2,(H,20,22,24)/b13-6+","GPMWGQQAWOXGAQ-AWNIVKPZSA-N"
4654311,"1-(3-Bromophenyl)-5-(2-thienyl)-3-[(E)-2-(2-thienyl)vinyl]-4,5-dihydro-1H-pyrazole",413.985992,"C19H15BrN2S2","c1cc(cc(c1)Br)N2C(CC(=N2)/C=C/c3cccs3)c4cccs4","InChI=1S/C19H15BrN2S2/c20-14-4-1-5-16(12-14)22-18(19-7-3-11-24-19)13-15(21-22)8-9-17-6-2-10-23-17/h1-12,18H,13H2/b9-8+","YDBNCYSTLUMTID-CMDGGOBGSA-N"
4656690,"3-Fluoro-N'-[(Z)-(3-iodo-5-methoxy-4-oxo-2,5-cyclohexadien-1-ylidene)methyl]benzohydrazide",413.98764,"C15H12FIN2O3","COC1=C/C(=C/NNC(=O)c2cccc(c2)F)/C=C(C1=O)I","InChI=1S/C15H12FIN2O3/c1-22-13-6-9(5-12(17)14(13)20)8-18-19-15(21)10-3-2-4-11(16)7-10/h2-8,18H,1H3,(H,19,21)/b9-8+","HUBPJLKCOYBIFS-CMDGGOBGSA-N"
4678187,"(4-Chlorophenyl)[(4E)-6-chloro-4-[(sulfooxy)imino]-3,4-dihydro-1(2H)-quinolinyl]methanone",413.984406,"C16H12Cl2N2O5S","c1cc(ccc1C(=O)N2CC/C(=N\OS(=O)(=O)O)/c3c2ccc(c3)Cl)Cl","InChI=1S/C16H12Cl2N2O5S/c17-11-3-1-10(2-4-11)16(21)20-8-7-14(19-25-26(22,23)24)13-9-12(18)5-6-15(13)20/h1-6,9H,7-8H2,(H,22,23,24)/b19-14+","VEGBRXSMIAYEAM-XMHGGMMESA-N"
4678197,"(4-Chlorophenyl)[(4E)-7-chloro-4-[(sulfooxy)imino]-3,4-dihydro-1(2H)-quinolinyl]methanone",413.984406,"C16H12Cl2N2O5S","c1cc(ccc1C(=O)N2CC/C(=N\OS(=O)(=O)O)/c3c2cc(cc3)Cl)Cl","InChI=1S/C16H12Cl2N2O5S/c17-11-3-1-10(2-4-11)16(21)20-8-7-14(19-25-26(22,23)24)13-6-5-12(18)9-15(13)20/h1-6,9H,7-8H2,(H,22,23,24)/b19-14+","PZVYGZTZJSXPON-XMHGGMMESA-N"
4723604,"(2E)-4-({4-Chloro-3-[(4-chlorophenyl)sulfamoyl]phenyl}amino)-4-oxo-2-butenoic acid",413.984406,"C16H12Cl2N2O5S","c1cc(ccc1NS(=O)(=O)c2cc(ccc2Cl)NC(=O)/C=C/C(=O)O)Cl","InChI=1S/C16H12Cl2N2O5S/c17-10-1-3-11(4-2-10)20-26(24,25)14-9-12(5-6-13(14)18)19-15(21)7-8-16(22)23/h1-9,20H,(H,19,21)(H,22,23)/b8-7+","XTXJXMUVHNCDKH-BQYQJAHWSA-N"
4737327,"4-{(E)-[1-(4-Bromophenyl)-2,4,6-trioxotetrahydro-5(2H)-pyrimidinylidene]methyl}benzoic acid",413.985138,"C18H11BrN2O5","c1cc(ccc1/C=C/2\C(=O)NC(=O)N(C2=O)c3ccc(cc3)Br)C(=O)O","InChI=1S/C18H11BrN2O5/c19-12-5-7-13(8-6-12)21-16(23)14(15(22)20-18(21)26)9-10-1-3-11(4-2-10)17(24)25/h1-9H,(H,24,25)(H,20,22,26)/b14-9+","PGZLTTMKDSSVFU-NTEUORMPSA-N"
4831945,"2-{[(2E)-3-(6-Bromo-1,3-benzodioxol-5-yl)-2-cyano-2-propenoyl]amino}benzoic acid",413.985138,"C18H11BrN2O5","O=C(O)c1ccccc1NC(=O)C(\C#N)=C\c2cc3OCOc3cc2Br","InChI=1S/C18H11BrN2O5/c19-13-7-16-15(25-9-26-16)6-10(13)5-11(8-20)17(22)21-14-4-2-1-3-12(14)18(23)24/h1-7H,9H2,(H,21,22)(H,23,24)/b11-5+","MDCVJSTUGFDXJJ-VZUCSPMQSA-N"
5036672,"1-[(2R)-2-[(2,6-Dichlorobenzyl)oxy]-2-(2,4-dichlorophenyl)ethyl]-1H-imidazole",413.986023,"C18H14Cl4N2O","c1cc(c(c(c1)Cl)CO[C@@H](Cn2ccnc2)c3ccc(cc3Cl)Cl)Cl","InChI=1S/C18H14Cl4N2O/c19-12-4-5-13(17(22)8-12)18(9-24-7-6-23-11-24)25-10-14-15(20)2-1-3-16(14)21/h1-8,11,18H,9-10H2/t18-/m0/s1","MPIPASJGOJYODL-SFHVURJKSA-N"
5685294,"2,4-Dichloro-5-(dimethylsulfamoyl)-N-[(3R)-1,1-dioxidotetrahydro-3-thiophenyl]benzamide",413.987762,"C13H16Cl2N2O5S2","O=S2(=O)CC[C@@H](NC(=O)c1cc(c(Cl)cc1Cl)S(=O)(=O)N(C)C)C2","InChI=1S/C13H16Cl2N2O5S2/c1-17(2)24(21,22)12-5-9(10(14)6-11(12)15)13(18)16-8-3-4-23(19,20)7-8/h5-6,8H,3-4,7H2,1-2H3,(H,16,18)/t8-/m1/s1","HUIBLIASTOWAMI-MRVPVSSYSA-N"
5685295,"2,4-Dichloro-5-(dimethylsulfamoyl)-N-[(3S)-1,1-dioxidotetrahydro-3-thiophenyl]benzamide",413.987762,"C13H16Cl2N2O5S2","O=S2(=O)CC[C@H](NC(=O)c1cc(c(Cl)cc1Cl)S(=O)(=O)N(C)C)C2","InChI=1S/C13H16Cl2N2O5S2/c1-17(2)24(21,22)12-5-9(10(14)6-11(12)15)13(18)16-8-3-4-23(19,20)7-8/h5-6,8H,3-4,7H2,1-2H3,(H,16,18)/t8-/m0/s1","HUIBLIASTOWAMI-QMMMGPOBSA-N"
5685489,"2-(4-Bromophenoxy)ethyl 3-chloro-5-ethoxy-4-hydroxybenzoate",413.986969,"C17H16BrClO5","Brc2ccc(OCCOC(=O)c1cc(OCC)c(O)c(Cl)c1)cc2","InChI=1S/C17H16BrClO5/c1-2-22-15-10-11(9-14(19)16(15)20)17(21)24-8-7-23-13-5-3-12(18)4-6-13/h3-6,9-10,20H,2,7-8H2,1H3","PLPUDGSJUJABJO-UHFFFAOYSA-N"
5689150,"2-(3-Bromophenoxy)ethyl 3-chloro-4,5-dimethoxybenzoate",413.986969,"C17H16BrClO5","Brc2cc(OCCOC(=O)c1cc(OC)c(OC)c(Cl)c1)ccc2","InChI=1S/C17H16BrClO5/c1-21-15-9-11(8-14(19)16(15)22-2)17(20)24-7-6-23-13-5-3-4-12(18)10-13/h3-5,8-10H,6-7H2,1-2H3","TTXQARLLWCXLOV-UHFFFAOYSA-N"
6113131,"4-Bromo-2,5-dimethoxybenzyl (3-chlorophenoxy)acetate",413.986969,"C17H16BrClO5","Brc1cc(OC)c(cc1OC)COC(=O)COc2cccc(Cl)c2","InChI=1S/C17H16BrClO5/c1-21-15-8-14(18)16(22-2)6-11(15)9-24-17(20)10-23-13-5-3-4-12(19)7-13/h3-8H,9-10H2,1-2H3","QKHWDZYJKBENRB-UHFFFAOYSA-N"
6227766,"4-Bromo-2-chloro-6-methylphenyl 2,4,5-trimethoxybenzoate",413.986969,"C17H16BrClO5","Clc2c(OC(=O)c1cc(OC)c(OC)cc1OC)c(cc(Br)c2)C","InChI=1S/C17H16BrClO5/c1-9-5-10(18)6-12(19)16(9)24-17(20)11-7-14(22-3)15(23-4)8-13(11)21-2/h5-8H,1-4H3","IHDKMGINOANNKK-UHFFFAOYSA-N"
6228030,"2,3-Dimethoxybenzyl (2-bromo-4-chlorophenoxy)acetate",413.986969,"C17H16BrClO5","Brc2cc(Cl)ccc2OCC(=O)OCc1cccc(OC)c1OC","InChI=1S/C17H16BrClO5/c1-21-15-5-3-4-11(17(15)22-2)9-24-16(20)10-23-14-7-6-12(19)8-13(14)18/h3-8H,9-10H2,1-2H3","LKEWXVQYFRPKDG-UHFFFAOYSA-N"
6705679,"2,6-Dimethoxyphenyl (4-bromo-2-chloro-6-methylphenoxy)acetate",413.986969,"C17H16BrClO5","Clc2c(OCC(=O)Oc1c(OC)cccc1OC)c(cc(Br)c2)C","InChI=1S/C17H16BrClO5/c1-10-7-11(18)8-12(19)16(10)23-9-15(20)24-17-13(21-2)5-4-6-14(17)22-3/h4-8H,9H2,1-3H3","LSXPWLNVVQVHKQ-UHFFFAOYSA-N"
6869113,"3,4-Dimethoxybenzyl (4-bromo-2-chlorophenoxy)acetate",413.986969,"C17H16BrClO5","Brc2cc(Cl)c(OCC(=O)OCc1ccc(OC)c(OC)c1)cc2","InChI=1S/C17H16BrClO5/c1-21-15-5-3-11(7-16(15)22-2)9-24-17(20)10-23-14-6-4-12(18)8-13(14)19/h3-8H,9-10H2,1-2H3","DGCSWXBCZXWVGL-UHFFFAOYSA-N"
7132509,"2-Bromo-4-chlorophenyl (3,4,5-trimethoxyphenyl)acetate",413.986969,"C17H16BrClO5","Brc2cc(Cl)ccc2OC(=O)Cc1cc(OC)c(OC)c(OC)c1","InChI=1S/C17H16BrClO5/c1-21-14-6-10(7-15(22-2)17(14)23-3)8-16(20)24-13-5-4-11(19)9-12(13)18/h4-7,9H,8H2,1-3H3","IOLNQNHXLSFDBY-UHFFFAOYSA-N"
7150198,"2,5-Dimethoxybenzyl (2-bromo-4-chlorophenoxy)acetate",413.986969,"C17H16BrClO5","Brc2cc(Cl)ccc2OCC(=O)OCc1cc(OC)ccc1OC","InChI=1S/C17H16BrClO5/c1-21-13-4-6-15(22-2)11(7-13)9-24-17(20)10-23-16-5-3-12(19)8-14(16)18/h3-8H,9-10H2,1-2H3","WXXIIRKYVGNXLE-UHFFFAOYSA-N"
7150312,"2,5-Dimethoxybenzyl (4-bromo-2-chlorophenoxy)acetate",413.986969,"C17H16BrClO5","Brc2cc(Cl)c(OCC(=O)OCc1cc(OC)ccc1OC)cc2","InChI=1S/C17H16BrClO5/c1-21-13-4-6-15(22-2)11(7-13)9-24-17(20)10-23-16-5-3-12(18)8-14(16)19/h3-8H,9-10H2,1-2H3","HJRRYWJXNXNZCQ-UHFFFAOYSA-N"
7231651,"2-Bromo-4,5-dimethoxybenzyl (2-chlorophenoxy)acetate",413.986969,"C17H16BrClO5","Brc1cc(OC)c(OC)cc1COC(=O)COc2ccccc2Cl","InChI=1S/C17H16BrClO5/c1-21-15-7-11(12(18)8-16(15)22-2)9-24-17(20)10-23-14-6-4-3-5-13(14)19/h3-8H,9-10H2,1-2H3","MBAPRKDQXRMXBV-UHFFFAOYSA-N"
7246518,"2-Bromo-4,5-dimethoxybenzyl (3-chlorophenoxy)acetate",413.986969,"C17H16BrClO5","Brc1cc(OC)c(OC)cc1COC(=O)COc2cccc(Cl)c2","InChI=1S/C17H16BrClO5/c1-21-15-6-11(14(18)8-16(15)22-2)9-24-17(20)10-23-13-5-3-4-12(19)7-13/h3-8H,9-10H2,1-2H3","IQSWZSGAKDMGRD-UHFFFAOYSA-N"
7385485,"3,4,5-Trimethoxybenzyl 5-bromo-2-chlorobenzoate",413.986969,"C17H16BrClO5","Clc2c(C(=O)OCc1cc(OC)c(OC)c(OC)c1)cc(Br)cc2","InChI=1S/C17H16BrClO5/c1-21-14-6-10(7-15(22-2)16(14)23-3)9-24-17(20)12-8-11(18)4-5-13(12)19/h4-8H,9H2,1-3H3","RPMWJDSRXNHYDL-UHFFFAOYSA-N"
7386862,"3,4-Dimethoxybenzyl (2-bromo-4-chlorophenoxy)acetate",413.986969,"C17H16BrClO5","Brc2cc(Cl)ccc2OCC(=O)OCc1ccc(OC)c(OC)c1","InChI=1S/C17H16BrClO5/c1-21-15-5-3-11(7-16(15)22-2)9-24-17(20)10-23-14-6-4-12(19)8-13(14)18/h3-8H,9-10H2,1-2H3","QGXUJQNARHZIKT-UHFFFAOYSA-N"
8063789,"1-{2-[(3,4-Dichlorobenzyl)oxy]-2-(3,4-dichlorophenyl)ethyl}-1H-imidazole",413.986023,"C18H14Cl4N2O","Clc1ccc(cc1Cl)C(OCc2ccc(Cl)c(Cl)c2)Cn3ccnc3","InChI=1S/C18H14Cl4N2O/c19-14-3-1-12(7-16(14)21)10-25-18(9-24-6-5-23-11-24)13-2-4-15(20)17(22)8-13/h1-8,11,18H,9-10H2","GKJSCIPDACPXBL-UHFFFAOYSA-N"
8177395,"5-(4-Iodophenyl)-1-phenyl-3-(trifluoromethyl)-1H-pyrazole",413.98407,"C16H10F3IN2","FC(F)(F)c2nn(c1ccccc1)c(c2)c3ccc(I)cc3","InChI=1S/C16H10F3IN2/c17-16(18,19)15-10-14(11-6-8-12(20)9-7-11)22(21-15)13-4-2-1-3-5-13/h1-10H","SDGRWZBKNXXXBC-UHFFFAOYSA-N"
8177453,"5-Bromo-N-[4,5-di(2-furyl)-1,3-oxazol-2-yl]-2-hydroxybenzamide",413.985138,"C18H11BrN2O5","O=C(Nc2nc(c1occc1)c(o2)c3occc3)c4cc(Br)ccc4O","InChI=1S/C18H11BrN2O5/c19-10-5-6-12(22)11(9-10)17(23)21-18-20-15(13-3-1-7-24-13)16(26-18)14-4-2-8-25-14/h1-9,22H,(H,20,21,23)","CREVSXRIYCOPPO-UHFFFAOYSA-N"
8377340,"2,4,5-Trifluoro-6-[2,3,5,6-tetrafluoro-4-(trifluoromethyl)phenoxy]isophthalonitrile",413.985107,"C15F10N2O","FC(F)(F)c2c(F)c(F)c(Oc1c(F)c(F)c(C#N)c(F)c1C#N)c(F)c2F","InChI=1S/C15F10N2O/c16-6-3(1-26)7(17)10(20)13(4(6)2-27)28-14-11(21)8(18)5(15(23,24)25)9(19)12(14)22","RUAFLSZNSOFHNQ-UHFFFAOYSA-N"
8377405,"[{2-Bromo-4-[(cyclohexylsulfanyl)methyl]phenyl}(difluoro)methyl]phosphonic acid",413.986572,"C14H18BrF2O3PS","O=P(O)(O)C(F)(F)c1ccc(cc1Br)CSC2CCCCC2","InChI=1S/C14H18BrF2O3PS/c15-13-8-10(9-22-11-4-2-1-3-5-11)6-7-12(13)14(16,17)21(18,19)20/h6-8,11H,1-5,9H2,(H2,18,19,20)","GIIUKNBVUVVWIQ-UHFFFAOYSA-N"
8463257,"5-(4,5-Dimethyl-1-oxido-3,6-dihydro-2H-1,2-thiazin-2-yl)-1-(2,4,6-trichlorophenyl)-1H-pyrazole-3-carbonitrile",413.987549,"C16H13Cl3N4OS","O=S3N(c1n(nc(C#N)c1)c2c(Cl)cc(Cl)cc2Cl)C\C(=C(/C3)C)C","InChI=1S/C16H13Cl3N4OS/c1-9-7-22(25(24)8-10(9)2)15-5-12(6-20)21-23(15)16-13(18)3-11(17)4-14(16)19/h3-5H,7-8H2,1-2H3","NSADJIJYTKJVPL-UHFFFAOYSA-N"
8585066,"1-{[6-Chloro-1-(2,4-dichlorophenyl)-1,3-dihydro-2-benzofuran-1-yl]methyl}-1H-imidazole hydrochloride (1:1)",413.986023,"C18H14Cl4N2O","Cl.Clc1ccc(c(Cl)c1)C3(OCc2ccc(Cl)cc23)Cn4ccnc4","InChI=1S/C18H13Cl3N2O.ClH/c19-13-2-1-12-9-24-18(16(12)7-13,10-23-6-5-22-11-23)15-4-3-14(20)8-17(15)21;/h1-8,11H,9-10H2;1H","FOVAVULWJFHYQP-UHFFFAOYSA-N"
8677305,"Methyl 4-fluoro-2-{[(2-iodophenyl)carbamoyl]amino}benzoate",413.98764,"C15H12FIN2O3","O=C(Nc1ccccc1I)Nc2cc(F)ccc2C(=O)OC","InChI=1S/C15H12FIN2O3/c1-22-14(20)10-7-6-9(16)8-13(10)19-15(21)18-12-5-3-2-4-11(12)17/h2-8H,1H3,(H2,18,19,21)","NXDKJXOYUVYXQA-UHFFFAOYSA-N"
8701213,"2-[(2-Iodophenyl)amino]-4H-naphtho[2,3-d][1,3]oxazin-4-one",413.986511,"C18H11IN2O2","C1=CC=C2C=C3C(=CC2=C1)C(=O)OC(=N3)NC4=CC=CC=C4I","InChI=1S/C18H11IN2O2/c19-14-7-3-4-8-15(14)20-18-21-16-10-12-6-2-1-5-11(12)9-13(16)17(22)23-18/h1-10H,(H,20,21)","AEMRKAJMXFCCAC-UHFFFAOYSA-N"
8701297,"(2-Chlorophenyl)[(4E)-6-chloro-4-[(sulfooxy)imino]-3,4-dihydro-1(2H)-quinolinyl]methanone",413.984406,"C16H12Cl2N2O5S","Clc1ccccc1C(=O)N3c2ccc(Cl)cc2\C(=N\OS(=O)(=O)O)CC3","InChI=1S/C16H12Cl2N2O5S/c17-10-5-6-15-12(9-10)14(19-25-26(22,23)24)7-8-20(15)16(21)11-3-1-2-4-13(11)18/h1-6,9H,7-8H2,(H,22,23,24)/b19-14+","VHCNGLODUDJTBS-XMHGGMMESA-N"
8701298,"(2-Chlorophenyl)[(4E)-7-chloro-4-[(sulfooxy)imino]-3,4-dihydro-1(2H)-quinolinyl]methanone",413.984406,"C16H12Cl2N2O5S","Clc1ccccc1C(=O)N3c2cc(Cl)ccc2\C(=N\OS(=O)(=O)O)CC3","InChI=1S/C16H12Cl2N2O5S/c17-10-5-6-12-14(19-25-26(22,23)24)7-8-20(15(12)9-10)16(21)11-3-1-2-4-13(11)18/h1-6,9H,7-8H2,(H,22,23,24)/b19-14+","RYECGKHEZJJPEJ-XMHGGMMESA-N"
8797062,"1,2-Ethanediylbis(oxy-2,1-ethanediyl) bis(trifluoromethanesulfonate)",413.987762,"C8H12F6O8S2","FC(F)(F)S(=O)(=O)OCCOCCOCCOS(=O)(=O)C(F)(F)F","InChI=1S/C8H12F6O8S2/c9-7(10,11)23(15,16)21-5-3-19-1-2-20-4-6-22-24(17,18)8(12,13)14/h1-6H2","MCLPSQRULXPUAS-UHFFFAOYSA-N"
8844868,"Potassium ({[(E)-(9-chloro-2-phenyl-4,5-dihydro-6H-pyrrolo[3,2,1-ij]quinolin-6-ylidene)amino]oxy}sulfonyl)oxidanide",413.984344,"C17H12ClKN2O4S","[K+].[O-]S(=O)(=O)O\N=C3\c4c2c(cc(c1ccccc1)n2CC3)c(Cl)cc4","InChI=1S/C17H13ClN2O4S.K/c18-14-7-6-12-15(19-24-25(21,22)23)8-9-20-16(10-13(14)17(12)20)11-4-2-1-3-5-11;/h1-7,10H,8-9H2,(H,21,22,23);/q;+1/p-1/b19-15+;","RXAIESAMVXKEAO-QTCZRQAZSA-M"
8915888,"(3-Chlorophenyl)[(4E)-7-chloro-4-[(sulfooxy)imino]-3,4-dihydro-1(2H)-quinolinyl]methanone",413.984406,"C16H12Cl2N2O5S","Clc1cccc(c1)C(=O)N3c2cc(Cl)ccc2\C(=N\OS(=O)(=O)O)CC3","InChI=1S/C16H12Cl2N2O5S/c17-11-3-1-2-10(8-11)16(21)20-7-6-14(19-25-26(22,23)24)13-5-4-12(18)9-15(13)20/h1-5,8-9H,6-7H2,(H,22,23,24)/b19-14+","KHUDZBFPWPHMOM-XMHGGMMESA-N"
9010935,"(2,4-Dichlorophenyl)[(4E)-4-[(sulfooxy)imino]-3,4-dihydro-1(2H)-quinolinyl]methanone",413.984406,"C16H12Cl2N2O5S","Clc1ccc(c(Cl)c1)C(=O)N3c2ccccc2\C(=N\OS(=O)(=O)O)CC3","InChI=1S/C16H12Cl2N2O5S/c17-10-5-6-11(13(18)9-10)16(21)20-8-7-14(19-25-26(22,23)24)12-3-1-2-4-15(12)20/h1-6,9H,7-8H2,(H,22,23,24)/b19-14+","MCRXTKYHYXVRIA-XMHGGMMESA-N"
9091898,"Iodo(dimethyl)[(1R,2S,4R)-1,7,7-trimethylbicyclo[2.2.1]hept-2-yl]stannane",413.986633,"C12H23ISn","I[Sn]([C@H]1C[C@H]2CC[C@]1(C)C2(C)C)(C)C","InChI=1S/C10H17.2CH3.HI.Sn/c1-9(2)8-4-6-10(9,3)7-5-8;;;;/h6,8H,4-5,7H2,1-3H3;2*1H3;1H;/q;;;;+1/p-1/t8-,10+;;;;/m0..../s1","LHMLUJZANMISOF-URJCYOEZSA-M"
9124865,"Oxomolybdenum - trimethylphosphine hydrochloride (1:3:2)",413.986237,"C9H29Cl2MoOP3","CP(C)C.CP(C)C.CP(C)C.O=[Mo].Cl.Cl","InChI=1S/3C3H9P.2ClH.Mo.O/c3*1-4(2)3;;;;/h3*1-3H3;2*1H;;","NEZGLYMTDPYZJV-UHFFFAOYSA-N"
9398768,"Chloro(dimethyl)silyl - diphenyl-lambda~2~-germane (2:1)",413.984894,"C16H22Cl2GeSi2","C[Si](C)Cl.C[Si](C)Cl.c1ccc(cc1)[Ge]c2ccccc2","InChI=1S/C12H10Ge.2C2H6ClSi/c1-3-7-11(8-4-1)13-12-9-5-2-6-10-12;2*1-4(2)3/h1-10H;2*1-2H3","NXKBQKQZOCDFLL-UHFFFAOYSA-N"
9456424,"5-[4-(Methylsulfonyl)phenyl]-4-(2-naphthyl)-3H-1,2-dithiole-3-thione",413.987671,"C20H14O2S4","O=S(=O)(c4ccc(C=1SSC(=S)C=1c3cc2ccccc2cc3)cc4)C","InChI=1S/C20H14O2S4/c1-26(21,22)17-10-8-14(9-11-17)19-18(20(23)25-24-19)16-7-6-13-4-2-3-5-15(13)12-16/h2-12H,1H3","PJBFPALEJLOZKD-UHFFFAOYSA-N"
9582230,"2-amino-6-chloro-9-(4-iodo-3,5-dimethylpyridin-2-ylmethyl)purine",413.985657,"C13H12ClIN6","CC1=CN=C(C(=C1I)C)CN2C=NC3=C2N=C(N=C3Cl)N","InChI=1S/C13H12ClIN6/c1-6-3-17-8(7(2)9(6)15)4-21-5-18-10-11(14)19-13(16)20-12(10)21/h3,5H,4H2,1-2H3,(H2,16,19,20)","CQDQVQZAUBBHPH-UHFFFAOYSA-N"
9593463,"5-Amino-1-[2,6-dichloro-4-(trifluoromethyl)phenyl]-4-(1,2,2-trifluorocyclopropyl)-1H-pyrazole-3-carbonitrile",413.987366,"C14H6Cl2F6N4","FC(F)(F)c3cc(Cl)c(n1nc(C#N)c(c1N)C2(F)CC2(F)F)c(Cl)c3","InChI=1S/C14H6Cl2F6N4/c15-6-1-5(14(20,21)22)2-7(16)10(6)26-11(24)9(8(3-23)25-26)12(17)4-13(12,18)19/h1-2H,4,24H2","NRDPYLHLITUUCV-UHFFFAOYSA-N"
9907150,"[7-Chloro-2-oxo-6-(4-sulfamoylphenyl)-1,2-dihydro-3-quinolinyl]phosphonic acid",413.984222,"C15H12ClN2O6PS","O=S(=O)(N)c3ccc(c2c(Cl)cc1c(\C=C(/C(=O)N1)P(=O)(O)O)c2)cc3","InChI=1S/C15H12ClN2O6PS/c16-12-7-13-9(6-14(15(19)18-13)25(20,21)22)5-11(12)8-1-3-10(4-2-8)26(17,23)24/h1-7H,(H,18,19)(H2,17,23,24)(H2,20,21,22)","LJJIIMHWMMCNMV-UHFFFAOYSA-N"
9986411,"[7-Chloro-2-oxo-6-(phenylsulfamoyl)-1,2-dihydro-3-quinolinyl]phosphonic acid",413.984222,"C15H12ClN2O6PS","c1ccc(cc1)NS(=O)(=O)c2cc3cc(c(=O)[nH]c3cc2Cl)P(=O)(O)O","InChI=1S/C15H12ClN2O6PS/c16-11-8-12-9(6-13(15(19)17-12)25(20,21)22)7-14(11)26(23,24)18-10-4-2-1-3-5-10/h1-8,18H,(H,17,19)(H2,20,21,22)","GDXHRJKAZGQGTI-UHFFFAOYSA-N"
10853955,"(2Z)-N,3-Diphenyl-4-(2-thienyl)-1,3-thiazol-2(3H)-imine hydrobromide (1:1)",413.985992,"C19H15BrN2S2","c1ccc(cc1)/N=c\2/n(c(cs2)c3cccs3)c4ccccc4.Br","InChI=1S/C19H14N2S2.BrH/c1-3-8-15(9-4-1)20-19-21(16-10-5-2-6-11-16)17(14-23-19)18-12-7-13-22-18;/h1-14H;1H/b20-19-;","NDWKSIANHHLYDF-BLTQDSCZSA-N"
11687950,"3-{[2-(3-Chlorophenoxy)ethyl]sulfanyl}-5-(2,4-dichlorophenyl)-4H-1,2,4-triazol-4-amine",413.987549,"C16H13Cl3N4OS","c1cc(cc(c1)Cl)OCCSc2nnc(n2N)c3ccc(cc3Cl)Cl","InChI=1S/C16H13Cl3N4OS/c17-10-2-1-3-12(8-10)24-6-7-25-16-22-21-15(23(16)20)13-5-4-11(18)9-14(13)19/h1-5,8-9H,6-7,20H2","HDFOURZAJNLGIS-UHFFFAOYSA-N"
11728232,"N'-[(2-Fluorophenoxy)acetyl]-4-iodobenzohydrazide",413.98764,"C15H12FIN2O3","c1ccc(c(c1)OCC(=O)NNC(=O)c2ccc(cc2)I)F","InChI=1S/C15H12FIN2O3/c16-12-3-1-2-4-13(12)22-9-14(20)18-19-15(21)10-5-7-11(17)8-6-10/h1-8H,9H2,(H,18,20)(H,19,21)","JUQPDVHJGLQUDA-UHFFFAOYSA-N"
11981340,"7-Bromo-2-methyl-1-(3-nitrophenyl)-1,2-dihydrochromeno[2,3-c]pyrrole-3,9-dione",413.985138,"C18H11BrN2O5","CN1C(c2c(=O)c3cc(ccc3oc2C1=O)Br)c4cccc(c4)[N+](=O)[O-]","InChI=1S/C18H11BrN2O5/c1-20-15(9-3-2-4-11(7-9)21(24)25)14-16(22)12-8-10(19)5-6-13(12)26-17(14)18(20)23/h2-8,15H,1H3","FIMSKAPTDRYPMH-UHFFFAOYSA-N"
11981342,"7-Bromo-2-methyl-1-(4-nitrophenyl)-1,2-dihydrochromeno[2,3-c]pyrrole-3,9-dione",413.985138,"C18H11BrN2O5","CN1C(c2c(=O)c3cc(ccc3oc2C1=O)Br)c4ccc(cc4)[N+](=O)[O-]","InChI=1S/C18H11BrN2O5/c1-20-15(9-2-5-11(6-3-9)21(24)25)14-16(22)12-8-10(19)4-7-13(12)26-17(14)18(20)23/h2-8,15H,1H3","QRLKMLCOGNRZFP-UHFFFAOYSA-N"
12781573,"4-{(Z)-[1-(4-Bromophenyl)-2,4,6-trioxotetrahydro-5(2H)-pyrimidinylidene]methyl}benzoic acid",413.985138,"C18H11BrN2O5","c1cc(ccc1/C=C\2/C(=O)NC(=O)N(C2=O)c3ccc(cc3)Br)C(=O)O","InChI=1S/C18H11BrN2O5/c19-12-5-7-13(8-6-12)21-16(23)14(15(22)20-18(21)26)9-10-1-3-11(4-2-10)17(24)25/h1-9H,(H,24,25)(H,20,22,26)/b14-9-","PGZLTTMKDSSVFU-ZROIWOOFSA-N"
12781585,"{4-[(E)-(1-Allyl-4,6-dioxo-2-thioxotetrahydro-5(2H)-pyrimidinylidene)methyl]-2,6-dichlorophenoxy}acetic acid",413.984406,"C16H12Cl2N2O5S","C=CCN1C(=O)/C(=C/c2cc(c(c(c2)Cl)OCC(=O)O)Cl)/C(=O)NC1=S","InChI=1S/C16H12Cl2N2O5S/c1-2-3-20-15(24)9(14(23)19-16(20)26)4-8-5-10(17)13(11(18)6-8)25-7-12(21)22/h2,4-6H,1,3,7H2,(H,21,22)(H,19,23,26)/b9-4+","LCGBVHJRUUWXAQ-RUDMXATFSA-N"
13021556,"{4-[(Z)-(1-Allyl-4,6-dioxo-2-thioxotetrahydro-5(2H)-pyrimidinylidene)methyl]-2,6-dichlorophenoxy}acetic acid",413.984406,"C16H12Cl2N2O5S","C=CCN1C(=O)/C(=C\c2cc(c(c(c2)Cl)OCC(=O)O)Cl)/C(=O)NC1=S","InChI=1S/C16H12Cl2N2O5S/c1-2-3-20-15(24)9(14(23)19-16(20)26)4-8-5-10(17)13(11(18)6-8)25-7-12(21)22/h2,4-6H,1,3,7H2,(H,21,22)(H,19,23,26)/b9-4-","LCGBVHJRUUWXAQ-WTKPLQERSA-N"
16111687,"2-{2-[(2,4-Dichlorobenzyl)oxy]-2-(2,4-dichlorophenyl)ethyl}-1H-imidazole",413.986023,"C18H14Cl4N2O","c1cc(c(cc1Cl)Cl)COC(Cc2[nH]ccn2)c3ccc(cc3Cl)Cl","InChI=1S/C18H14Cl4N2O/c19-12-2-1-11(15(21)7-12)10-25-17(9-18-23-5-6-24-18)14-4-3-13(20)8-16(14)22/h1-8,17H,9-10H2,(H,23,24)","VHVBYHWOJSMAKP-UHFFFAOYSA-N"
17062223,"3-{[2-(3-Chlorophenoxy)ethyl]sulfanyl}-5-(2,5-dichlorophenyl)-4H-1,2,4-triazol-4-amine",413.987549,"C16H13Cl3N4OS","c1cc(cc(c1)Cl)OCCSc2nnc(n2N)c3cc(ccc3Cl)Cl","InChI=1S/C16H13Cl3N4OS/c17-10-2-1-3-12(8-10)24-6-7-25-16-22-21-15(23(16)20)13-9-11(18)4-5-14(13)19/h1-5,8-9H,6-7,20H2","AVXUIRQKTMNOEZ-UHFFFAOYSA-N"
17522068,"4-Fluoro-N'-[(Z)-(3-iodo-5-methoxy-4-oxo-2,5-cyclohexadien-1-ylidene)methyl]benzohydrazide",413.98764,"C15H12FIN2O3","COC1=C/C(=C/NNC(=O)c2ccc(cc2)F)/C=C(C1=O)I","InChI=1S/C15H12FIN2O3/c1-22-13-7-9(6-12(17)14(13)20)8-18-19-15(21)10-2-4-11(16)5-3-10/h2-8,18H,1H3,(H,19,21)/b9-8+","PESRUKDUFUPYOH-CMDGGOBGSA-N"
18223743,"3-{[(2,2-Dichloro-1-methylcyclopropyl)carbonyl]amino}-5-(3-nitrophenyl)-2-thiophenecarboxylic acid",413.984406,"C16H12Cl2N2O5S","CC1(CC1(Cl)Cl)C(=O)Nc2cc(sc2C(=O)O)c3cccc(c3)[N+](=O)[O-]","InChI=1S/C16H12Cl2N2O5S/c1-15(7-16(15,17)18)14(23)19-10-6-11(26-12(10)13(21)22)8-3-2-4-9(5-8)20(24)25/h2-6H,7H2,1H3,(H,19,23)(H,21,22)","VUSSURFASMWBMD-UHFFFAOYSA-N"
20515251,"(2E)-N,3-Diphenyl-4-(2-thienyl)-1,3-thiazol-2(3H)-imine hydrobromide (1:1)",413.985992,"C19H15BrN2S2","c1ccc(cc1)/N=c/2\n(c(cs2)c3cccs3)c4ccccc4.Br","InChI=1S/C19H14N2S2.BrH/c1-3-8-15(9-4-1)20-19-21(16-10-5-2-6-11-16)17(14-23-19)18-12-7-13-22-18;/h1-14H;1H/b20-19+;","NDWKSIANHHLYDF-RZLHGTIFSA-N"
20706971,"3-Chloro-N-{[3-(trifluoromethyl)phenyl]carbamothioyl}-1-benzothiophene-2-carboxamide",413.987518,"C17H10ClF3N2OS2","c1ccc2c(c1)c(c(s2)C(=O)NC(=S)Nc3cccc(c3)C(F)(F)F)Cl","InChI=1S/C17H10ClF3N2OS2/c18-13-11-6-1-2-7-12(11)26-14(13)15(24)23-16(25)22-10-5-3-4-9(8-10)17(19,20)21/h1-8H,(H2,22,23,24,25)","MGAZAURFKLKCBG-UHFFFAOYSA-N"
21100654,"2,3-Bis(3,4-dichlorophenyl)hexahydro-1H-pyrrolo[1,2-c]imidazol-1-one",413.986023,"C18H14Cl4N2O","c1cc(c(cc1C2N3CCCC3C(=O)N2c4ccc(c(c4)Cl)Cl)Cl)Cl","InChI=1S/C18H14Cl4N2O/c19-12-5-3-10(8-14(12)21)17-23-7-1-2-16(23)18(25)24(17)11-4-6-13(20)15(22)9-11/h3-6,8-9,16-17H,1-2,7H2","UUEZFPBYCYDAJA-UHFFFAOYSA-N"
21167834,"5-{(E)-[4-(Dimethylamino)phenyl]diazenyl}-1,4-dimethyl-4H-1,2,4-triazol-1-ium trichlorozincate(1-)",413.987183,"C12H17Cl3N6Zn","Cn1cn[n+](c1/N=N/c2ccc(cc2)N(C)C)C.Cl[Zn-](Cl)Cl","InChI=1S/C12H17N6.3ClH.Zn/c1-16(2)11-7-5-10(6-8-11)14-15-12-17(3)9-13-18(12)4;;;;/h5-9H,1-4H3;3*1H;/q+1;;;;+2/p-3","DITYSXJJTFAZKO-UHFFFAOYSA-K"
21234199,"1-{2-[(2,6-Dichlorobenzyl)oxy]-2-(2,4-dichlorophenyl)ethyl}-1H-imidazole",413.986023,"C18H14Cl4N2O","c1cc(c(c(c1)Cl)COC(Cn2ccnc2)c3ccc(cc3Cl)Cl)Cl","InChI=1S/C18H14Cl4N2O/c19-12-4-5-13(17(22)8-12)18(9-24-7-6-23-11-24)25-10-14-15(20)2-1-3-16(14)21/h1-8,11,18H,9-10H2","MPIPASJGOJYODL-UHFFFAOYSA-N"
21271852,"4-{[(3,5-Dichloro-4-methoxybenzoyl)carbamothioyl]amino}-2-hydroxybenzoic acid",413.984406,"C16H12Cl2N2O5S","COc1c(cc(cc1Cl)C(=O)NC(=S)Nc2ccc(c(c2)O)C(=O)O)Cl","InChI=1S/C16H12Cl2N2O5S/c1-25-13-10(17)4-7(5-11(13)18)14(22)20-16(26)19-8-2-3-9(15(23)24)12(21)6-8/h2-6,21H,1H3,(H,23,24)(H2,19,20,22,26)","SDORUWCALXXPSF-UHFFFAOYSA-N"
21271853,"5-{[(3,5-Dichloro-4-methoxybenzoyl)carbamothioyl]amino}-2-hydroxybenzoic acid",413.984406,"C16H12Cl2N2O5S","COc1c(cc(cc1Cl)C(=O)NC(=S)Nc2ccc(c(c2)C(=O)O)O)Cl","InChI=1S/C16H12Cl2N2O5S/c1-25-13-10(17)4-7(5-11(13)18)14(22)20-16(26)19-8-2-3-12(21)9(6-8)15(23)24/h2-6,21H,1H3,(H,23,24)(H2,19,20,22,26)","GNGYCROLERTXMK-UHFFFAOYSA-N"
21510964,"3-(4-Bromophenyl)-6-hydroxy-5-(3-oxo-1,3-dihydro-2-benzofuran-1-yl)-2,4(1H,3H)-pyrimidinedione",413.985138,"C18H11BrN2O5","c1ccc2c(c1)C(OC2=O)c3c([nH]c(=O)n(c3=O)c4ccc(cc4)Br)O","InChI=1S/C18H11BrN2O5/c19-9-5-7-10(8-6-9)21-16(23)13(15(22)20-18(21)25)14-11-3-1-2-4-12(11)17(24)26-14/h1-8,14,22H,(H,20,25)","WJAXDILYRNTBLC-UHFFFAOYSA-N"
21637348,"4-Bromo-2-chloro-6-methylphenyl 2,3,4-trimethoxybenzoate",413.986969,"C17H16BrClO5","Cc1cc(cc(c1OC(=O)c2ccc(c(c2OC)OC)OC)Cl)Br","InChI=1S/C17H16BrClO5/c1-9-7-10(18)8-12(19)14(9)24-17(20)11-5-6-13(21-2)16(23-4)15(11)22-3/h5-8H,1-4H3","BHHGSYXWMCERNJ-UHFFFAOYSA-N"
21823192,"4-Fluoro-N'-[(Z)-(4-hydroxy-3-iodo-5-methoxyphenyl)methylene]benzohydrazide",413.98764,"C15H12FIN2O3","COc1cc(cc(c1O)I)/C=N\NC(=O)c2ccc(cc2)F","InChI=1S/C15H12FIN2O3/c1-22-13-7-9(6-12(17)14(13)20)8-18-19-15(21)10-2-4-11(16)5-3-10/h2-8,20H,1H3,(H,19,21)/b18-8-","ZDIJATANPRODOS-LSCVHKIXSA-N"
21976880,"2-[(4-Chloro-3-nitrophenyl)amino]-2-oxoethyl [(2-chlorophenyl)sulfanyl]acetate",413.984406,"C16H12Cl2N2O5S","c1ccc(c(c1)SCC(=O)OCC(=O)Nc2ccc(c(c2)[N+](=O)[O-])Cl)Cl","InChI=1S/C16H12Cl2N2O5S/c17-11-6-5-10(7-13(11)20(23)24)19-15(21)8-25-16(22)9-26-14-4-2-1-3-12(14)18/h1-7H,8-9H2,(H,19,21)","YUBJYSHLGRTICC-UHFFFAOYSA-N"
22003050,"2-[(2-Chloro-4-nitrophenyl)amino]-2-oxoethyl [(4-chlorophenyl)sulfanyl]acetate",413.984406,"C16H12Cl2N2O5S","c1cc(ccc1SCC(=O)OCC(=O)Nc2ccc(cc2Cl)[N+](=O)[O-])Cl","InChI=1S/C16H12Cl2N2O5S/c17-10-1-4-12(5-2-10)26-9-16(22)25-8-15(21)19-14-6-3-11(20(23)24)7-13(14)18/h1-7H,8-9H2,(H,19,21)","HKZRNFUXCQYGTP-UHFFFAOYSA-N"
22809806,"1-[(2-Bromophenyl)sulfonyl]-N-(2,2,2-trifluoroethyl)prolinamide",413.986053,"C13H14BrF3N2O3S","c1ccc(c(c1)S(=O)(=O)N2CCCC2C(=O)NCC(F)(F)F)Br","InChI=1S/C13H14BrF3N2O3S/c14-9-4-1-2-6-11(9)23(21,22)19-7-3-5-10(19)12(20)18-8-13(15,16)17/h1-2,4,6,10H,3,5,7-8H2,(H,18,20)","UBBYCIPUBULQDP-UHFFFAOYSA-N"
22825378,"3-Fluoro-N'-[(E)-(4-hydroxy-3-iodo-5-methoxyphenyl)methylene]benzohydrazide",413.98764,"C15H12FIN2O3","COc1cc(cc(c1O)I)/C=N/NC(=O)c2cccc(c2)F","InChI=1S/C15H12FIN2O3/c1-22-13-6-9(5-12(17)14(13)20)8-18-19-15(21)10-3-2-4-11(16)7-10/h2-8,20H,1H3,(H,19,21)/b18-8+","UIADDCURKKFTFW-QGMBQPNBSA-N"
22849113,"(3aR,6aS)-5-(1,3-Benzodioxol-5-yl)-3-(4-bromophenyl)-3aH-pyrrolo[3,4-d][1,2]oxazole-4,6(5H,6aH)-dione",413.985138,"C18H11BrN2O5","c1cc(ccc1C2=NO[C@H]3[C@@H]2C(=O)N(C3=O)c4ccc5c(c4)OCO5)Br","InChI=1S/C18H11BrN2O5/c19-10-3-1-9(2-4-10)15-14-16(26-20-15)18(23)21(17(14)22)11-5-6-12-13(7-11)25-8-24-12/h1-7,14,16H,8H2/t14-,16+/m1/s1","HIHMZIVFUFNVPW-ZBFHGGJFSA-N"
22893572,"2-({2-[(4-Bromophenyl)amino]-2-oxoethyl}sulfanyl)-N-(2,4-difluorophenyl)acetamide",413.984894,"C16H13BrF2N2O2S","c1cc(ccc1NC(=O)CSCC(=O)Nc2ccc(cc2F)F)Br","InChI=1S/C16H13BrF2N2O2S/c17-10-1-4-12(5-2-10)20-15(22)8-24-9-16(23)21-14-6-3-11(18)7-13(14)19/h1-7H,8-9H2,(H,20,22)(H,21,23)","IIDCYROFVDHOOK-UHFFFAOYSA-N"
22932244,"(2E)-N-(6-Bromo-2-oxo-2H-chromen-3-yl)-3-(3-nitrophenyl)acrylamide",413.985138,"C18H11BrN2O5","c1cc(cc(c1)[N+](=O)[O-])/C=C/C(=O)Nc2cc3cc(ccc3oc2=O)Br","InChI=1S/C18H11BrN2O5/c19-13-5-6-16-12(9-13)10-15(18(23)26-16)20-17(22)7-4-11-2-1-3-14(8-11)21(24)25/h1-10H,(H,20,22)/b7-4+","CJEQXCRIASRNDT-QPJJXVBHSA-N"
23167060,"2-(2,4-Dichlorophenyl)-1-(2,6-dichlorophenyl)-3-(1H-imidazol-1-yl)-2-propanol",413.986023,"C18H14Cl4N2O","c1cc(c(c(c1)Cl)CC(Cn2ccnc2)(c3ccc(cc3Cl)Cl)O)Cl","InChI=1S/C18H14Cl4N2O/c19-12-4-5-14(17(22)8-12)18(25,10-24-7-6-23-11-24)9-13-15(20)2-1-3-16(13)21/h1-8,11,25H,9-10H2","VOMUQNXFGYULRB-UHFFFAOYSA-N"
23330019,"1-[3-(2,4-Dichlorophenoxy)-3-(2,4-dichlorophenyl)propyl]-1H-imidazole",413.986023,"C18H14Cl4N2O","c1cc(c(cc1Cl)Cl)C(CCn2ccnc2)Oc3ccc(cc3Cl)Cl","InChI=1S/C18H14Cl4N2O/c19-12-1-3-14(15(21)9-12)17(5-7-24-8-6-23-11-24)25-18-4-2-13(20)10-16(18)22/h1-4,6,8-11,17H,5,7H2","CSAQBTXLVSYVNH-UHFFFAOYSA-N"
24383340,"N-{4-[(2,5-Dichlorophenyl)sulfanyl]-3-nitrobenzoyl}-L-alanine",413.984406,"C16H12Cl2N2O5S","C[C@@H](C(=O)O)NC(=O)c1ccc(c(c1)[N+](=O)[O-])Sc2cc(ccc2Cl)Cl","InChI=1S/C16H12Cl2N2O5S/c1-8(16(22)23)19-15(21)9-2-5-13(12(6-9)20(24)25)26-14-7-10(17)3-4-11(14)18/h2-8H,1H3,(H,19,21)(H,22,23)/t8-/m0/s1","FQIUZBBTWZZYRQ-QMMMGPOBSA-N"
24383428,"N-{4-[(2,6-Dichlorophenyl)sulfanyl]-3-nitrobenzoyl}-L-alanine",413.984406,"C16H12Cl2N2O5S","C[C@@H](C(=O)O)NC(=O)c1ccc(c(c1)[N+](=O)[O-])Sc2c(cccc2Cl)Cl","InChI=1S/C16H12Cl2N2O5S/c1-8(16(22)23)19-15(21)9-5-6-13(12(7-9)20(24)25)26-14-10(17)3-2-4-11(14)18/h2-8H,1H3,(H,19,21)(H,22,23)/t8-/m0/s1","LYDJSUJZNWANJO-QMMMGPOBSA-N"
24466864,"3-[(4-Bromo-3-nitrobenzoyl)amino]-2-naphthoic acid",413.985138,"C18H11BrN2O5","c1ccc2cc(c(cc2c1)C(=O)O)NC(=O)c3ccc(c(c3)[N+](=O)[O-])Br","InChI=1S/C18H11BrN2O5/c19-14-6-5-12(9-16(14)21(25)26)17(22)20-15-8-11-4-2-1-3-10(11)7-13(15)18(23)24/h1-9H,(H,20,22)(H,23,24)","MQINRENEVYNAOK-UHFFFAOYSA-N"
24507840,"4-{[(2E)-3-(7-Bromo-1,3-benzodioxol-5-yl)-2-cyano-2-propenoyl]amino}benzoic acid",413.985138,"C18H11BrN2O5","c1cc(ccc1C(=O)O)NC(=O)/C(=C/c2cc3c(c(c2)Br)OCO3)/C#N","InChI=1S/C18H11BrN2O5/c19-14-6-10(7-15-16(14)26-9-25-15)5-12(8-20)17(22)21-13-3-1-11(2-4-13)18(23)24/h1-7H,9H2,(H,21,22)(H,23,24)/b12-5+","HGDJVVIINZHBEJ-LFYBBSHMSA-N"
24508189,"4-{[(2E)-3-(6-Bromo-1,3-benzodioxol-5-yl)-2-cyano-2-propenoyl]amino}benzoic acid",413.985138,"C18H11BrN2O5","c1cc(ccc1C(=O)O)NC(=O)/C(=C/c2cc3c(cc2Br)OCO3)/C#N","InChI=1S/C18H11BrN2O5/c19-14-7-16-15(25-9-26-16)6-11(14)5-12(8-20)17(22)21-13-3-1-10(2-4-13)18(23)24/h1-7H,9H2,(H,21,22)(H,23,24)/b12-5+","NBZRGXMJWNEXBO-LFYBBSHMSA-N"
24508299,"2-{[(2E)-3-(7-Bromo-1,3-benzodioxol-5-yl)-2-cyano-2-propenoyl]amino}benzoic acid",413.985138,"C18H11BrN2O5","c1ccc(c(c1)C(=O)O)NC(=O)/C(=C/c2cc3c(c(c2)Br)OCO3)/C#N","InChI=1S/C18H11BrN2O5/c19-13-6-10(7-15-16(13)26-9-25-15)5-11(8-20)17(22)21-14-4-2-1-3-12(14)18(23)24/h1-7H,9H2,(H,21,22)(H,23,24)/b11-5+","IHTBIHMVKNSSSQ-VZUCSPMQSA-N"
26526352,"7-[(2-Fluoro-4-iodophenyl)amino]-5-oxo-1,2,3,5-tetrahydro-8-indolizinecarboxylic acid",413.98764,"C15H12FIN2O3","c1cc(c(cc1I)F)Nc2cc(=O)n3c(c2C(=O)O)CCC3","InChI=1S/C15H12FIN2O3/c16-9-6-8(17)3-4-10(9)18-11-7-13(20)19-5-1-2-12(19)14(11)15(21)22/h3-4,6-7,18H,1-2,5H2,(H,21,22)","QDODGBZMNFTXSZ-UHFFFAOYSA-N"
26581802,"2-Chloro-N'-[(2Z)-7-chloro-5-(2-chlorophenyl)-1,3-dihydro-2H-thieno[2,3-e][1,4]diazepin-2-ylidene]propanehydrazide",413.987549,"C16H13Cl3N4OS","CC(C(=O)NNC1=Nc2c(cc(s2)Cl)C(=NC1)c3ccccc3Cl)Cl","InChI=1S/C16H13Cl3N4OS/c1-8(17)15(24)23-22-13-7-20-14(9-4-2-3-5-11(9)18)10-6-12(19)25-16(10)21-13/h2-6,8H,7H2,1H3,(H,21,22)(H,23,24)","KVGWDRBTZPVECQ-UHFFFAOYSA-N"
28295167,"1-{2-[(2,5-Dichlorobenzyl)oxy]-2-(2,4-dichlorophenyl)ethyl}-1H-imidazole",413.986023,"C18H14Cl4N2O","c1cc(c(cc1Cl)Cl)C(Cn2ccnc2)OCc3cc(ccc3Cl)Cl","InChI=1S/C18H14Cl4N2O/c19-13-2-4-16(21)12(7-13)10-25-18(9-24-6-5-23-11-24)15-3-1-14(20)8-17(15)22/h1-8,11,18H,9-10H2","UXZDCVPAHZEYLF-UHFFFAOYSA-N"
28486038,"6-[(2,4-Dichlorophenyl)(methyl)sulfamoyl]-1-hydroxy-1H-indole-2-carboxylic acid",413.984406,"C16H12Cl2N2O5S","CN(c1ccc(cc1Cl)Cl)S(=O)(=O)c2ccc3cc(n(c3c2)O)C(=O)O","InChI=1S/C16H12Cl2N2O5S/c1-19(13-5-3-10(17)7-12(13)18)26(24,25)11-4-2-9-6-15(16(21)22)20(23)14(9)8-11/h2-8,23H,1H3,(H,21,22)","RFIGPMAXSSPDAW-UHFFFAOYSA-N"
28486039,"6-[(3,4-Dichlorophenyl)(methyl)sulfamoyl]-1-hydroxy-1H-indole-2-carboxylic acid",413.984406,"C16H12Cl2N2O5S","CN(c1ccc(c(c1)Cl)Cl)S(=O)(=O)c2ccc3cc(n(c3c2)O)C(=O)O","InChI=1S/C16H12Cl2N2O5S/c1-19(10-3-5-12(17)13(18)7-10)26(24,25)11-4-2-9-6-15(16(21)22)20(23)14(9)8-11/h2-8,23H,1H3,(H,21,22)","WTDHRCPPYZUMPS-UHFFFAOYSA-N"
28497294,"(5Z)-5-{[6-(4-Fluorophenyl)-2-(trifluoromethyl)imidazo[2,1-b][1,3,4]thiadiazol-5-yl]methylene}-1,3-thiazolidine-2,4-dione",413.986816,"C15H6F4N4O2S2","c1cc(ccc1c2c(n3c(n2)sc(n3)C(F)(F)F)/C=C\4/C(=O)NC(=O)S4)F","InChI=1S/C15H6F4N4O2S2/c16-7-3-1-6(2-4-7)10-8(5-9-11(24)21-14(25)26-9)23-13(20-10)27-12(22-23)15(17,18)19/h1-5H,(H,21,24,25)/b9-5-","MAJHRZYNTOYIHC-UITAMQMPSA-N"
28951064,"(3R,7aS)-2,3-Bis(3,4-dichlorophenyl)hexahydro-1H-pyrrolo[1,2-c]imidazol-1-one",413.986023,"C18H14Cl4N2O","c1cc(c(cc1[C@@H]2N3CCC[C@H]3C(=O)N2c4ccc(c(c4)Cl)Cl)Cl)Cl","InChI=1S/C18H14Cl4N2O/c19-12-5-3-10(8-14(12)21)17-23-7-1-2-16(23)18(25)24(17)11-4-6-13(20)15(22)9-11/h3-6,8-9,16-17H,1-2,7H2/t16-,17+/m0/s1","UUEZFPBYCYDAJA-DLBZAZTESA-N"
29318903,"Dimethyl[(1R,4R)-1,7,7-trimethylbicyclo[2.2.1]hept-2-yl]stannanylium iodide",413.986633,"C12H23ISn","C[C@@]12CC[C@@H](C1(C)C)CC2[Sn+](C)C.[I-]","InChI=1S/C10H17.2CH3.HI.Sn/c1-9(2)8-4-6-10(9,3)7-5-8;;;;/h6,8H,4-5,7H2,1-3H3;2*1H3;1H;/q;;;;+1/p-1/t8-,10+;;;;/m0..../s1","LHMLUJZANMISOF-URJCYOEZSA-M"
29980298,"3-Chloro-N-(3-cyano-4,5-dimethyl-2-thienyl)-6-(trifluoromethyl)-1-benzothiophene-2-carboxamide",413.987518,"C17H10ClF3N2OS2","Cc1c(sc(c1C#N)NC(=O)c2c(c3ccc(cc3s2)C(F)(F)F)Cl)C","InChI=1S/C17H10ClF3N2OS2/c1-7-8(2)25-16(11(7)6-22)23-15(24)14-13(18)10-4-3-9(17(19,20)21)5-12(10)26-14/h3-5H,1-2H3,(H,23,24)","PHQSPPBLBIBLLE-UHFFFAOYSA-N"
30709638,"2-[(2-Bromo-3,4-dimethoxybenzyl)sulfanyl]-5,6-difluoro-1H-benzimidazole",413.984894,"C16H13BrF2N2O2S","COc1ccc(c(c1OC)Br)CSc2[nH]c3cc(c(cc3n2)F)F","InChI=1S/C16H13BrF2N2O2S/c1-22-13-4-3-8(14(17)15(13)23-2)7-24-16-20-11-5-9(18)10(19)6-12(11)21-16/h3-6H,7H2,1-2H3,(H,20,21)","AGDFTJZBDUCCDS-UHFFFAOYSA-N"
30790131,"1-(4-Chlorophenyl)-2-{[4-(2-thienyl)-6-(trifluoromethyl)-2-pyrimidinyl]sulfanyl}ethanone",413.987518,"C17H10ClF3N2OS2","c1cc(sc1)c2cc(nc(n2)SCC(=O)c3ccc(cc3)Cl)C(F)(F)F","InChI=1S/C17H10ClF3N2OS2/c18-11-5-3-10(4-6-11)13(24)9-26-16-22-12(14-2-1-7-25-14)8-15(23-16)17(19,20)21/h1-8H,9H2","XNEOIHPIPXSFLU-UHFFFAOYSA-N"
31108442,"2-Chloro-5-nitro-N-[(4-sulfamoylphenyl)carbamothioyl]benzamide",413.985931,"C14H11ClN4O5S2","c1cc(ccc1NC(=S)NC(=O)c2cc(ccc2Cl)[N+](=O)[O-])S(=O)(=O)N","InChI=1S/C14H11ClN4O5S2/c15-12-6-3-9(19(21)22)7-11(12)13(20)18-14(25)17-8-1-4-10(5-2-8)26(16,23)24/h1-7H,(H2,16,23,24)(H2,17,18,20,25)","KZTQXHJTRKKEEJ-UHFFFAOYSA-N"
31108621,"4-Chloro-2-nitro-N-[(4-sulfamoylphenyl)carbamothioyl]benzamide",413.985931,"C14H11ClN4O5S2","c1cc(ccc1NC(=S)NC(=O)c2ccc(cc2[N+](=O)[O-])Cl)S(=O)(=O)N","InChI=1S/C14H11ClN4O5S2/c15-8-1-6-11(12(7-8)19(21)22)13(20)18-14(25)17-9-2-4-10(5-3-9)26(16,23)24/h1-7H,(H2,16,23,24)(H2,17,18,20,25)","FPBWRBBCLLFFBF-UHFFFAOYSA-N"
31114704,"1-{2-[(2,3-Dichlorobenzyl)oxy]-2-(2,4-dichlorophenyl)ethyl}-1H-imidazole",413.986023,"C18H14Cl4N2O","c1cc(c(c(c1)Cl)Cl)COC(Cn2ccnc2)c3ccc(cc3Cl)Cl","InChI=1S/C18H14Cl4N2O/c19-13-4-5-14(16(21)8-13)17(9-24-7-6-23-11-24)25-10-12-2-1-3-15(20)18(12)22/h1-8,11,17H,9-10H2","XTKZBMXOVFSCPT-UHFFFAOYSA-N"
31114705,"1-{2-[(3,4-Dichlorobenzyl)oxy]-2-(2,4-dichlorophenyl)ethyl}-1H-imidazole",413.986023,"C18H14Cl4N2O","c1cc(c(cc1COC(Cn2ccnc2)c3ccc(cc3Cl)Cl)Cl)Cl","InChI=1S/C18H14Cl4N2O/c19-13-2-3-14(16(21)8-13)18(9-24-6-5-23-11-24)25-10-12-1-4-15(20)17(22)7-12/h1-8,11,18H,9-10H2","SZRYZAYGHYHAFH-UHFFFAOYSA-N"
31117470,"(2S)-2-(4-Chlorophenyl)-N-[(2Z)-5,7-dichloro-2H-[1,2,4]thiadiazolo[2,3-a]pyrimidin-2-ylidene]-3-methylbutanamide",413.987549,"C16H13Cl3N4OS","CC(C)[C@@H](c1ccc(cc1)Cl)C(=O)/N=c\2/nc3nc(cc(n3s2)Cl)Cl","InChI=1S/C16H13Cl3N4OS/c1-8(2)13(9-3-5-10(17)6-4-9)14(24)21-16-22-15-20-11(18)7-12(19)23(15)25-16/h3-8,13H,1-2H3/b21-16-/t13-/m0/s1","RRBSFJPBOZMVRY-JPDJOPTESA-N"
31167714,"N~2~-{[(4-Bromophenyl)sulfanyl]acetyl}-N-(3,4-difluorophenyl)glycinamide",413.984894,"C16H13BrF2N2O2S","c1cc(ccc1SCC(=O)NCC(=O)Nc2ccc(c(c2)F)F)Br","InChI=1S/C16H13BrF2N2O2S/c17-10-1-4-12(5-2-10)24-9-16(23)20-8-15(22)21-11-3-6-13(18)14(19)7-11/h1-7H,8-9H2,(H,20,23)(H,21,22)","MJOZBBNTFYHPCF-UHFFFAOYSA-N"
31339563,"2-Bromo-5-(1-pyrrolidinylsulfonyl)-N-(2,2,2-trifluoroethyl)benzamide",413.986053,"C13H14BrF3N2O3S","c1cc(c(cc1S(=O)(=O)N2CCCC2)C(=O)NCC(F)(F)F)Br","InChI=1S/C13H14BrF3N2O3S/c14-11-4-3-9(23(21,22)19-5-1-2-6-19)7-10(11)12(20)18-8-13(15,16)17/h3-4,7H,1-2,5-6,8H2,(H,18,20)","PWTHTLXXGNGIDB-UHFFFAOYSA-N"
31345803,"2-[(4-Acetamidophenyl)sulfanyl]-N-(2-bromo-4,6-difluorophenyl)acetamide",413.984894,"C16H13BrF2N2O2S","CC(=O)Nc1ccc(cc1)SCC(=O)Nc2c(cc(cc2Br)F)F","InChI=1S/C16H13BrF2N2O2S/c1-9(22)20-11-2-4-12(5-3-11)24-8-15(23)21-16-13(17)6-10(18)7-14(16)19/h2-7H,8H2,1H3,(H,20,22)(H,21,23)","LEIIYDHAJHVASD-UHFFFAOYSA-N"
31349780,"N'-[(4-Fluorophenoxy)acetyl]-4-iodobenzohydrazide",413.98764,"C15H12FIN2O3","c1cc(ccc1C(=O)NNC(=O)COc2ccc(cc2)F)I","InChI=1S/C15H12FIN2O3/c16-11-3-7-13(8-4-11)22-9-14(20)18-19-15(21)10-1-5-12(17)6-2-10/h1-8H,9H2,(H,18,20)(H,19,21)","JJFZKJLEFAMOFB-UHFFFAOYSA-N"
31349784,"N'-[(4-Fluorophenoxy)acetyl]-3-iodobenzohydrazide",413.98764,"C15H12FIN2O3","c1cc(cc(c1)I)C(=O)NNC(=O)COc2ccc(cc2)F","InChI=1S/C15H12FIN2O3/c16-11-4-6-13(7-5-11)22-9-14(20)18-19-15(21)10-2-1-3-12(17)8-10/h1-8H,9H2,(H,18,20)(H,19,21)","FCEKAKTZNJEMHY-UHFFFAOYSA-N"
31393247,"1-[(5-Bromo-2-thienyl)methyl]-3-(6-fluoro-3,4-dihydro-2H-thiochromen-4-yl)-1-methylurea",413.987122,"C16H16BrFN2OS2","CN(Cc1ccc(s1)Br)C(=O)NC2CCSc3c2cc(cc3)F","InChI=1S/C16H16BrFN2OS2/c1-20(9-11-3-5-15(17)23-11)16(21)19-13-6-7-22-14-4-2-10(18)8-12(13)14/h2-5,8,13H,6-7,9H2,1H3,(H,19,21)","XDSNBPVMFUOUBG-UHFFFAOYSA-N"
31407324,"(2E)-3-(5-Bromo-2-thienyl)-N-[1-(3,4-difluorophenyl)-2-(methylamino)-2-oxoethyl]acrylamide",413.984894,"C16H13BrF2N2O2S","CNC(=O)C(c1ccc(c(c1)F)F)NC(=O)/C=C/c2ccc(s2)Br","InChI=1S/C16H13BrF2N2O2S/c1-20-16(23)15(9-2-5-11(18)12(19)8-9)21-14(22)7-4-10-3-6-13(17)24-10/h2-8,15H,1H3,(H,20,23)(H,21,22)/b7-4+","YFTAMVZKLANJBO-QPJJXVBHSA-N"
31530154,"3-Bromo-N-[2-({2-[(difluoromethyl)sulfanyl]phenyl}amino)-2-oxoethyl]benzamide",413.984894,"C16H13BrF2N2O2S","c1ccc(c(c1)NC(=O)CNC(=O)c2cccc(c2)Br)SC(F)F","InChI=1S/C16H13BrF2N2O2S/c17-11-5-3-4-10(8-11)15(23)20-9-14(22)21-12-6-1-2-7-13(12)24-16(18)19/h1-8,16H,9H2,(H,20,23)(H,21,22)","LXEIXFMLPORYAD-UHFFFAOYSA-N"
31727901,"2-[(5-Chloro-1-methyl-1H-benzimidazol-2-yl)sulfanyl]-N-(3,5-dichloro-2-pyridinyl)propanamide",413.987549,"C16H13Cl3N4OS","CC(C(=O)Nc1c(cc(cn1)Cl)Cl)Sc2nc3cc(ccc3n2C)Cl","InChI=1S/C16H13Cl3N4OS/c1-8(15(24)22-14-11(19)5-10(18)7-20-14)25-16-21-12-6-9(17)3-4-13(12)23(16)2/h3-8H,1-2H3,(H,20,22,24)","AOLNTQMEUUPSCA-UHFFFAOYSA-N"
31813952,"(3-Bromo-2-thienyl)[4-(2,6-difluorobenzoyl)-1-piperazinyl]methanone",413.984894,"C16H13BrF2N2O2S","c1cc(c(c(c1)F)C(=O)N2CCN(CC2)C(=O)c3c(ccs3)Br)F","InChI=1S/C16H13BrF2N2O2S/c17-10-4-9-24-14(10)16(23)21-7-5-20(6-8-21)15(22)13-11(18)2-1-3-12(13)19/h1-4,9H,5-8H2","IQVJVPUXVOGWBV-UHFFFAOYSA-N"
31818767,"N~2~-{[(3-Bromophenyl)sulfanyl]acetyl}-N-(3,4-difluorophenyl)glycinamide",413.984894,"C16H13BrF2N2O2S","c1cc(cc(c1)Br)SCC(=O)NCC(=O)Nc2ccc(c(c2)F)F","InChI=1S/C16H13BrF2N2O2S/c17-10-2-1-3-12(6-10)24-9-16(23)20-8-15(22)21-11-4-5-13(18)14(19)7-11/h1-7H,8-9H2,(H,20,23)(H,21,22)","YRNLQCIRBGCMEO-UHFFFAOYSA-N"
31883562,"N-[3-Fluoro-4-(1H-1,2,4-triazol-1-yl)phenyl]-2-(2,4,5-trichlorophenoxy)acetamide",413.985352,"C16H10Cl3FN4O2","c1cc(c(cc1NC(=O)COc2cc(c(cc2Cl)Cl)Cl)F)n3cncn3","InChI=1S/C16H10Cl3FN4O2/c17-10-4-12(19)15(5-11(10)18)26-6-16(25)23-9-1-2-14(13(20)3-9)24-8-21-7-22-24/h1-5,7-8H,6H2,(H,23,25)","MFOGIECQYBJZQR-UHFFFAOYSA-N"
32097599,"5-Chloro-1-ethyl-3-methyl-N-(2,4,6-trichlorophenyl)-1H-indole-2-carboxamide",413.986023,"C18H14Cl4N2O","CCn1c2ccc(cc2c(c1C(=O)Nc3c(cc(cc3Cl)Cl)Cl)C)Cl","InChI=1S/C18H14Cl4N2O/c1-3-24-15-5-4-10(19)6-12(15)9(2)17(24)18(25)23-16-13(21)7-11(20)8-14(16)22/h4-8H,3H2,1-2H3,(H,23,25)","GBEFNJRNPFDQHS-UHFFFAOYSA-N"
32097662,"5-Chloro-1-ethyl-3-methyl-N-(2,4,5-trichlorophenyl)-1H-indole-2-carboxamide",413.986023,"C18H14Cl4N2O","CCn1c2ccc(cc2c(c1C(=O)Nc3cc(c(cc3Cl)Cl)Cl)C)Cl","InChI=1S/C18H14Cl4N2O/c1-3-24-16-5-4-10(19)6-11(16)9(2)17(24)18(25)23-15-8-13(21)12(20)7-14(15)22/h4-8H,3H2,1-2H3,(H,23,25)","KANDSFSYTAPTBG-UHFFFAOYSA-N"
32452824,"N-{1-[(4-Bromophenyl)sulfonyl]-4-piperidinyl}-2,2,2-trifluoroacetamide",413.986053,"C13H14BrF3N2O3S","c1cc(ccc1S(=O)(=O)N2CCC(CC2)NC(=O)C(F)(F)F)Br","InChI=1S/C13H14BrF3N2O3S/c14-9-1-3-11(4-2-9)23(21,22)19-7-5-10(6-8-19)18-12(20)13(15,16)17/h1-4,10H,5-8H2,(H,18,20)","QEDUIRUTRPXQPI-UHFFFAOYSA-N"
32457377,"4-Bromo-N-[1-(trifluoroacetyl)-4-piperidinyl]benzenesulfonamide",413.986053,"C13H14BrF3N2O3S","c1cc(ccc1S(=O)(=O)NC2CCN(CC2)C(=O)C(F)(F)F)Br","InChI=1S/C13H14BrF3N2O3S/c14-9-1-3-11(4-2-9)23(21,22)18-10-5-7-19(8-6-10)12(20)13(15,16)17/h1-4,10,18H,5-8H2","IQAANQUJAATZFH-UHFFFAOYSA-N"
32882652,"2-Fluoro-N'-[(4-iodophenoxy)acetyl]benzohydrazide",413.98764,"C15H12FIN2O3","c1ccc(c(c1)C(=O)NNC(=O)COc2ccc(cc2)I)F","InChI=1S/C15H12FIN2O3/c16-13-4-2-1-3-12(13)15(21)19-18-14(20)9-22-11-7-5-10(17)6-8-11/h1-8H,9H2,(H,18,20)(H,19,21)","RWSDSZIBBPBEBT-UHFFFAOYSA-N"
33001764,"2-[(2-Chloro-5-nitrophenyl)amino]-2-oxoethyl [(2-chlorophenyl)sulfanyl]acetate",413.984406,"C16H12Cl2N2O5S","c1ccc(c(c1)SCC(=O)OCC(=O)Nc2cc(ccc2Cl)[N+](=O)[O-])Cl","InChI=1S/C16H12Cl2N2O5S/c17-11-6-5-10(20(23)24)7-13(11)19-15(21)8-25-16(22)9-26-14-4-2-1-3-12(14)18/h1-7H,8-9H2,(H,19,21)","HDFJYOFPZIVPMH-UHFFFAOYSA-N"
33020342,"2-[(4-Chloro-3-nitrophenyl)amino]-2-oxoethyl [(4-chlorophenyl)sulfanyl]acetate",413.984406,"C16H12Cl2N2O5S","c1cc(ccc1SCC(=O)OCC(=O)Nc2ccc(c(c2)[N+](=O)[O-])Cl)Cl","InChI=1S/C16H12Cl2N2O5S/c17-10-1-4-12(5-2-10)26-9-16(22)25-8-15(21)19-11-3-6-13(18)14(7-11)20(23)24/h1-7H,8-9H2,(H,19,21)","CIAIXFNBJPRPTR-UHFFFAOYSA-N"
33024936,"2-(6-Nitro-3,4-dihydro-1(2H)-quinolinyl)-2-oxoethyl 2,5-dichloro-3-thiophenecarboxylate",413.984406,"C16H12Cl2N2O5S","c1cc2c(cc1[N+](=O)[O-])CCCN2C(=O)COC(=O)c3cc(sc3Cl)Cl","InChI=1S/C16H12Cl2N2O5S/c17-13-7-11(15(18)26-13)16(22)25-8-14(21)19-5-1-2-9-6-10(20(23)24)3-4-12(9)19/h3-4,6-7H,1-2,5,8H2","AHALSNSBZBDLLB-UHFFFAOYSA-N"
33048436,"2-[(2,6-Dichlorophenyl)amino]-2-oxoethyl 5-(methylsulfanyl)-2-nitrobenzoate",413.984406,"C16H12Cl2N2O5S","CSc1ccc(c(c1)C(=O)OCC(=O)Nc2c(cccc2Cl)Cl)[N+](=O)[O-]","InChI=1S/C16H12Cl2N2O5S/c1-26-9-5-6-13(20(23)24)10(7-9)16(22)25-8-14(21)19-15-11(17)3-2-4-12(15)18/h2-7H,8H2,1H3,(H,19,21)","UIABIXIFDRJYNC-UHFFFAOYSA-N"
33169817,"N-(4-Chlorobenzyl)-2-[(6,8-dichloro[1,2,4]triazolo[4,3-a]pyridin-3-yl)sulfanyl]propanamide",413.987549,"C16H13Cl3N4OS","CC(C(=O)NCc1ccc(cc1)Cl)Sc2nnc3n2cc(cc3Cl)Cl","InChI=1S/C16H13Cl3N4OS/c1-9(15(24)20-7-10-2-4-11(17)5-3-10)25-16-22-21-14-13(19)6-12(18)8-23(14)16/h2-6,8-9H,7H2,1H3,(H,20,24)","VKYYOIBMXFFWMV-UHFFFAOYSA-N"
33173037,"2-[(4-Iodophenyl)amino]-2-oxoethyl 2-amino-4-fluorobenzoate",413.98764,"C15H12FIN2O3","c1cc(ccc1NC(=O)COC(=O)c2ccc(cc2N)F)I","InChI=1S/C15H12FIN2O3/c16-9-1-6-12(13(18)7-9)15(21)22-8-14(20)19-11-4-2-10(17)3-5-11/h1-7H,8,18H2,(H,19,20)","WMNFKAYZMCUXNU-UHFFFAOYSA-N"
33173163,"2-[(3-Iodophenyl)amino]-2-oxoethyl 2-amino-4-fluorobenzoate",413.98764,"C15H12FIN2O3","c1cc(cc(c1)I)NC(=O)COC(=O)c2ccc(cc2N)F","InChI=1S/C15H12FIN2O3/c16-9-4-5-12(13(18)6-9)15(21)22-8-14(20)19-11-3-1-2-10(17)7-11/h1-7H,8,18H2,(H,19,20)","MXQSVNPQFDEVLU-UHFFFAOYSA-N"
33407794,"N-[2-(3-Fluorophenyl)ethyl]-2-iodo-5-nitrobenzamide",413.98764,"C15H12FIN2O3","c1cc(cc(c1)F)CCNC(=O)c2cc(ccc2I)[N+](=O)[O-]","InChI=1S/C15H12FIN2O3/c16-11-3-1-2-10(8-11)6-7-18-15(20)13-9-12(19(21)22)4-5-14(13)17/h1-5,8-9H,6-7H2,(H,18,20)","QKBSGLNYRYBQMC-UHFFFAOYSA-N"
33437464,"N-[(4-Bromo-2-thienyl)methyl]-1-(2,4-difluorophenyl)-5-oxo-3-pyrrolidinecarboxamide",413.984894,"C16H13BrF2N2O2S","c1cc(c(cc1F)F)N2CC(CC2=O)C(=O)NCc3cc(cs3)Br","InChI=1S/C16H13BrF2N2O2S/c17-10-4-12(24-8-10)6-20-16(23)9-3-15(22)21(7-9)14-2-1-11(18)5-13(14)19/h1-2,4-5,8-9H,3,6-7H2,(H,20,23)","GUGAIPKUDPZFDY-UHFFFAOYSA-N"
33602064,"3-Fluoro-N-(4-iodo-2-methylphenyl)-4-methyl-5-nitrobenzamide",413.98764,"C15H12FIN2O3","Cc1cc(ccc1NC(=O)c2cc(c(c(c2)F)C)[N+](=O)[O-])I","InChI=1S/C15H12FIN2O3/c1-8-5-11(17)3-4-13(8)18-15(20)10-6-12(16)9(2)14(7-10)19(21)22/h3-7H,1-2H3,(H,18,20)","PQMPZTVDBAMWCR-UHFFFAOYSA-N"
33706655,"1-[(3-Bromophenyl)sulfonyl]-N-(2,2,2-trifluoroethyl)prolinamide",413.986053,"C13H14BrF3N2O3S","c1cc(cc(c1)Br)S(=O)(=O)N2CCCC2C(=O)NCC(F)(F)F","InChI=1S/C13H14BrF3N2O3S/c14-9-3-1-4-10(7-9)23(21,22)19-6-2-5-11(19)12(20)18-8-13(15,16)17/h1,3-4,7,11H,2,5-6,8H2,(H,18,20)","UBNYTRFPCLWGDT-UHFFFAOYSA-N"
33827342,"5-({3-[(4-Bromophenyl)sulfanyl]propanoyl}amino)-2,4-difluorobenzamide",413.984894,"C16H13BrF2N2O2S","c1cc(ccc1SCCC(=O)Nc2cc(c(cc2F)F)C(=O)N)Br","InChI=1S/C16H13BrF2N2O2S/c17-9-1-3-10(4-2-9)24-6-5-15(22)21-14-7-11(16(20)23)12(18)8-13(14)19/h1-4,7-8H,5-6H2,(H2,20,23)(H,21,22)","STWWHNWFGAEHIW-UHFFFAOYSA-N"
33854246,"6-Chloro-N-(7-chloro-2,3-dihydro-1,4-benzodioxin-6-yl)-2-oxo-5-indolinesulfonamide",413.984406,"C16H12Cl2N2O5S","c1c2c(cc(c1S(=O)(=O)Nc3cc4c(cc3Cl)OCCO4)Cl)NC(=O)C2","InChI=1S/C16H12Cl2N2O5S/c17-9-6-13-14(25-2-1-24-13)7-12(9)20-26(22,23)15-3-8-4-16(21)19-11(8)5-10(15)18/h3,5-7,20H,1-2,4H2,(H,19,21)","ZWCWLZAXNRPTNQ-UHFFFAOYSA-N"
33857592,"5-({3-[(2-Bromophenyl)sulfanyl]propanoyl}amino)-2,4-difluorobenzamide",413.984894,"C16H13BrF2N2O2S","c1ccc(c(c1)SCCC(=O)Nc2cc(c(cc2F)F)C(=O)N)Br","InChI=1S/C16H13BrF2N2O2S/c17-10-3-1-2-4-14(10)24-6-5-15(22)21-13-7-9(16(20)23)11(18)8-12(13)19/h1-4,7-8H,5-6H2,(H2,20,23)(H,21,22)","VFOCXOBYTPMXQX-UHFFFAOYSA-N"
33858234,"5-({[(4-Bromo-2-methylphenyl)sulfanyl]acetyl}amino)-2,4-difluorobenzamide",413.984894,"C16H13BrF2N2O2S","Cc1cc(ccc1SCC(=O)Nc2cc(c(cc2F)F)C(=O)N)Br","InChI=1S/C16H13BrF2N2O2S/c1-8-4-9(17)2-3-14(8)24-7-15(22)21-13-5-10(16(20)23)11(18)6-12(13)19/h2-6H,7H2,1H3,(H2,20,23)(H,21,22)","KSWPNAKPXQXNET-UHFFFAOYSA-N"
34004395,"2-[(5-Chloro-2-nitrophenyl)amino]-2-oxoethyl [(4-chlorophenyl)sulfanyl]acetate",413.984406,"C16H12Cl2N2O5S","c1cc(ccc1SCC(=O)OCC(=O)Nc2cc(ccc2[N+](=O)[O-])Cl)Cl","InChI=1S/C16H12Cl2N2O5S/c17-10-1-4-12(5-2-10)26-9-16(22)25-8-15(21)19-13-7-11(18)3-6-14(13)20(23)24/h1-7H,8-9H2,(H,19,21)","NBNJXYBQRXGWHP-UHFFFAOYSA-N"
34532259,"(5Z)-5-{[6-(2-Fluorophenyl)-2-(trifluoromethyl)imidazo[2,1-b][1,3,4]thiadiazol-5-yl]methylene}-1,3-thiazolidine-2,4-dione",413.986816,"C15H6F4N4O2S2","c1ccc(c(c1)c2c(n3c(n2)sc(n3)C(F)(F)F)/C=C\4/C(=O)NC(=O)S4)F","InChI=1S/C15H6F4N4O2S2/c16-7-4-2-1-3-6(7)10-8(5-9-11(24)21-14(25)26-9)23-13(20-10)27-12(22-23)15(17,18)19/h1-5H,(H,21,24,25)/b9-5-","VLFLBLLEPFIFMB-UITAMQMPSA-N"
34552605,"1-[(3R)-3-(2,4-Dichlorophenoxy)-3-(2,4-dichlorophenyl)propyl]-1H-imidazole",413.986023,"C18H14Cl4N2O","c1cc(c(cc1Cl)Cl)[C@@H](CC[n@]2ccnc2)Oc3ccc(cc3Cl)Cl","InChI=1S/C18H14Cl4N2O/c19-12-1-3-14(15(21)9-12)17(5-7-24-8-6-23-11-24)25-18-4-2-13(20)10-16(18)22/h1-4,6,8-11,17H,5,7H2/t17-/m1/s1","CSAQBTXLVSYVNH-QGZVFWFLSA-N"
35390330,"3-fluoro-N'-(4-hydroxy-3-iodo-5-methoxybenzylidene)benzohydrazide",413.98764,"C15H12FIN2O3","COc1cc(cc(c1O)I)C=NNC(=O)c2cccc(c2)F","InChI=1S/C15H12FIN2O3/c1-22-13-6-9(5-12(17)14(13)20)8-18-19-15(21)10-3-2-4-11(16)7-10/h2-8,20H,1H3,(H,19,21)","UIADDCURKKFTFW-UHFFFAOYSA-N"
35396397,"N-(6-Bromo-2-oxo-2H-chromen-3-yl)-3-(3-nitrophenyl)acrylamide",413.985138,"C18H11BrN2O5","c1cc(cc(c1)[N+](=O)[O-])C=CC(=O)Nc2cc3cc(ccc3oc2=O)Br","InChI=1S/C18H11BrN2O5/c19-13-5-6-16-12(9-13)10-15(18(23)26-16)20-17(22)7-4-11-2-1-3-14(8-11)21(24)25/h1-10H,(H,20,22)","CJEQXCRIASRNDT-UHFFFAOYSA-N"
35415501,"N-(1,3-Benzodioxol-5-yl)-1-[5-(2-bromo-4-nitrophenyl)-2-furyl]methanimine",413.985138,"C18H11BrN2O5","c1cc2c(cc1N=Cc3ccc(o3)c4ccc(cc4Br)[N+](=O)[O-])OCO2","InChI=1S/C18H11BrN2O5/c19-15-8-12(21(22)23)2-4-14(15)16-6-3-13(26-16)9-20-11-1-5-17-18(7-11)25-10-24-17/h1-9H,10H2","QWQKWSVYFHVHLI-UHFFFAOYSA-N"
35417737,"4-Fluoro-N'-(4-hydroxy-3-iodo-5-methoxybenzylidene)benzohydrazide",413.98764,"C15H12FIN2O3","COc1cc(cc(c1O)I)C=NNC(=O)c2ccc(cc2)F","InChI=1S/C15H12FIN2O3/c1-22-13-7-9(6-12(17)14(13)20)8-18-19-15(21)10-2-4-11(16)5-3-10/h2-8,20H,1H3,(H,19,21)","ZDIJATANPRODOS-UHFFFAOYSA-N"
39424194,"2,6-Dichloro-N-{2-[3-(methylsulfonyl)-1-pyrrolidinyl]-2-oxoethyl}benzenesulfonamide",413.987762,"C13H16Cl2N2O5S2","CS(=O)(=O)C1CCN(C1)C(=O)CNS(=O)(=O)c2c(cccc2Cl)Cl","InChI=1S/C13H16Cl2N2O5S2/c1-23(19,20)9-5-6-17(8-9)12(18)7-16-24(21,22)13-10(14)3-2-4-11(13)15/h2-4,9,16H,5-8H2,1H3","MKVRNOHALHLRRQ-UHFFFAOYSA-N"
