"Identifier","CompoundName","MonoisotopicMass","MolecularFormula","SMILES","InChI","InChIKey"
6982,"2,5-Diaminotoluene",122.084396,"C7H10N2","Cc1cc(ccc1N)N","InChI=1S/C7H10N2/c1-5-4-6(8)2-3-7(5)9/h2-4H,8-9H2,1H3","OBCSAIDCZQSFQH-UHFFFAOYSA-N"
6991,"2,4-Diaminotoluene",122.084396,"C7H10N2","Cc1ccc(cc1N)N","InChI=1S/C7H10N2/c1-5-2-3-6(8)4-7(5)9/h2-4H,8-9H2,1H3","VOZKAJLKRJDJLL-UHFFFAOYSA-N"
7663,"3,5-diaminotoluene",122.084396,"C7H10N2","Cc1cc(cc(c1)N)N","InChI=1S/C7H10N2/c1-5-2-6(8)4-7(9)3-5/h2-4H,8-9H2,1H3","LVNDUJYMLJDECN-UHFFFAOYSA-N"
9908,"3,4-Diaminotoluene",122.084396,"C7H10N2","Cc1ccc(c(c1)N)N","InChI=1S/C7H10N2/c1-5-2-3-6(8)7(9)4-5/h2-4H,8-9H2,1H3","DGRGLKZMKWPMOH-UHFFFAOYSA-N"
10392,"Diallylcyanamide",122.084396,"C7H10N2","C=CCN(CC=C)C#N","InChI=1S/C7H10N2/c1-3-5-9(7-8)6-4-2/h3-4H,1-2,5-6H2","ZOSAYFDMPYAZTB-UHFFFAOYSA-N"
10415,"4-Methylphenylhydrazine",122.084396,"C7H10N2","Cc1ccc(cc1)NN","InChI=1S/C7H10N2/c1-6-2-4-7(9-8)5-3-6/h2-5,9H,8H2,1H3","XAMBIJWZVIZZOG-UHFFFAOYSA-N"
10684,"Benzylhydrazine",122.084396,"C7H10N2","c1ccc(cc1)CNN","InChI=1S/C7H10N2/c8-9-6-7-4-2-1-3-5-7/h1-5,9H,6,8H2","NHOWLEZFTHYCTP-UHFFFAOYSA-N"
12070,"Pimelonitrile",122.084396,"C7H10N2","C(CCC#N)CCC#N","InChI=1S/C7H10N2/c8-6-4-2-1-3-5-7-9/h1-5H2","LLEVMYXEJUDBTA-UHFFFAOYSA-N"
12650,"2,6-diaminotoluene",122.084396,"C7H10N2","Cc1c(cccc1N)N","InChI=1S/C7H10N2/c1-5-6(8)3-2-4-7(5)9/h2-4H,8-9H2,1H3","RLYCRLGLCUXUPO-UHFFFAOYSA-N"
13646,"4-Dimethylaminopyridine",122.084396,"C7H10N2","CN(C)c1ccncc1","InChI=1S/C7H10N2/c1-9(2)7-3-5-8-6-4-7/h3-6H,1-2H3","VHYFNPMBLIVWCW-UHFFFAOYSA-N"
16633,"3-Methyl-1,2-benzenediamine",122.084396,"C7H10N2","Cc1cccc(c1N)N","InChI=1S/C7H10N2/c1-5-3-2-4-6(8)7(5)9/h2-4H,8-9H2,1H3","AXNUJYHFQHQZBE-UHFFFAOYSA-N"
20214,"4,6-Dimethylpyridin-2-amin",122.084396,"C7H10N2","Cc1cc(nc(c1)N)C","InChI=1S/C7H10N2/c1-5-3-6(2)9-7(8)4-5/h3-4H,1-2H3,(H2,8,9)","BRBUBVKGJRPRRD-UHFFFAOYSA-N"
20570,"2-(Dimethylamino)pyridine",122.084396,"C7H10N2","CN(C)c1ccccn1","InChI=1S/C7H10N2/c1-9(2)7-5-3-4-6-8-7/h3-6H,1-2H3","PSHKMPUSSFXUIA-UHFFFAOYSA-N"
24144,"2-Ethyl-5-methylpyrazine",122.084396,"C7H10N2","CCc1cnc(cn1)C","InChI=1S/C7H10N2/c1-3-7-5-8-6(2)4-9-7/h4-5H,3H2,1-2H3","OXCKCFJIKRGXMM-UHFFFAOYSA-N"
24534,"2-Ethyl-6-methylpyrazine",122.084396,"C7H10N2","CCc1cncc(n1)C","InChI=1S/C7H10N2/c1-3-7-5-8-4-6(2)9-7/h4-5H,3H2,1-2H3","RAFHQTNQEZECFL-UHFFFAOYSA-N"
24972,"Trimethylpyrazine",122.084396,"C7H10N2","Cc1cnc(c(n1)C)C","InChI=1S/C7H10N2/c1-5-4-8-6(2)7(3)9-5/h4H,1-3H3","IAEGWXHKWJGQAZ-UHFFFAOYSA-N"
25551,"2-Ethyl-3-methylpyrazine",122.084396,"C7H10N2","CCc1c(nccn1)C","InChI=1S/C7H10N2/c1-3-7-6(2)8-4-5-9-7/h4-5H,3H2,1-2H3","LNIMMWYNSBZESE-UHFFFAOYSA-N"
31832,"2-Isopropylpyrazine",122.084396,"C7H10N2","CC(C)c1cnccn1","InChI=1S/C7H10N2/c1-6(2)7-5-8-3-4-9-7/h3-6H,1-2H3","GIMBKDZNMKTZMG-UHFFFAOYSA-N"
33381,"1-Methylphenylhydrazine",122.084396,"C7H10N2","CN(c1ccccc1)N","InChI=1S/C7H10N2/c1-9(8)7-5-3-2-4-6-7/h2-6H,8H2,1H3","MWOODERJGVWYJE-UHFFFAOYSA-N"
61554,"(2-Methylphenyl)hydrazine",122.084396,"C7H10N2","Cc1ccccc1NN","InChI=1S/C7H10N2/c1-6-4-2-3-5-7(6)9-8/h2-5,9H,8H2,1H3","SCZGZDLUGUYLRV-UHFFFAOYSA-N"
67855,"4,5,6,7-Tetrahydro-1H-indazole",122.084396,"C7H10N2","c1c2c(n[nH]1)CCCC2","InChI=1S/C7H10N2/c1-2-4-7-6(3-1)5-8-9-7/h5H,1-4H2,(H,8,9)","GDSQTWDUCDSZEY-UHFFFAOYSA-N"
68424,"2-Pyridylethylamine",122.084396,"C7H10N2","c1ccnc(c1)CCN","InChI=1S/C7H10N2/c8-5-4-7-3-1-2-6-9-7/h1-3,6H,4-5,8H2","XPQIPUZPSLAZDV-UHFFFAOYSA-N"
69413,"2,6-Dimethyl-3-pyridinamine",122.084396,"C7H10N2","Cc1ccc(c(n1)C)N","InChI=1S/C7H10N2/c1-5-3-4-7(8)6(2)9-5/h3-4H,8H2,1-2H3","WISXXOGOMDYNSN-UHFFFAOYSA-N"
69493,"2,6-Dimethyl-4-pyridinamine",122.084396,"C7H10N2","Cc1cc(cc(n1)C)N","InChI=1S/C7H10N2/c1-5-3-7(8)4-6(2)9-5/h3-4H,1-2H3,(H2,8,9)","ZJXMKPARTVOUAM-UHFFFAOYSA-N"
70862,"n-methylbenzol-1,2-diamin",122.084396,"C7H10N2","CNc1ccccc1N","InChI=1S/C7H10N2/c1-9-7-5-3-2-4-6(7)8/h2-5,9H,8H2,1H3","RPKCLSMBVQLWIN-UHFFFAOYSA-N"
73480,"N-Methyl-1-(4-pyridinyl)methanamine",122.084396,"C7H10N2","CNCc1ccncc1","InChI=1S/C7H10N2/c1-8-6-7-2-4-9-5-3-7/h2-5,8H,6H2,1H3","DNBWGFKLIBQQSL-UHFFFAOYSA-N"
75068,"1-Allyl-2-methylimidazole",122.084396,"C7H10N2","Cc1nccn1CC=C","InChI=1S/C7H10N2/c1-3-5-9-6-4-8-7(9)2/h3-4,6H,1,5H2,2H3","SUILEBXRIVKHGT-UHFFFAOYSA-N"
75137,"2-(4-Pyridyl)ethylamine",122.084396,"C7H10N2","c1cnccc1CCN","InChI=1S/C7H10N2/c8-4-1-7-2-5-9-6-3-7/h2-3,5-6H,1,4,8H2","IDLHTECVNDEOIY-UHFFFAOYSA-N"
78899,"2-Propylpyrazine",122.084396,"C7H10N2","CCCc1cnccn1","InChI=1S/C7H10N2/c1-2-3-7-6-8-4-5-9-7/h4-6H,2-3H2,1H3","DJLLTFRHLPVCEL-UHFFFAOYSA-N"
79747,"(3-Methylaminomethyl)pyridine",122.084396,"C7H10N2","CNCc1cccnc1","InChI=1S/C7H10N2/c1-8-5-7-3-2-4-9-6-7/h2-4,6,8H,5H2,1H3","MCSAQVGDZLPTBS-UHFFFAOYSA-N"
80089,"(2-Methylaminomethyl)pyridine",122.084396,"C7H10N2","CNCc1ccccn1","InChI=1S/C7H10N2/c1-8-6-7-4-2-3-5-9-7/h2-5,8H,6H2,1H3","OOTKJPZEEVPWCR-UHFFFAOYSA-N"
80326,"6-Ethyl-2-pyridinamine",122.084396,"C7H10N2","CCc1cccc(n1)N","InChI=1S/C7H10N2/c1-2-6-4-3-5-7(8)9-6/h3-5H,2H2,1H3,(H2,8,9)","JXKAUUVMXZIJNZ-UHFFFAOYSA-N"
96506,"2-Ethyl-2-methylsuccinonitrile",122.084396,"C7H10N2","CCC(C)(CC#N)C#N","InChI=1S/C7H10N2/c1-3-7(2,6-9)4-5-8/h3-4H2,1-2H3","DJZGLUQLFIHGPM-UHFFFAOYSA-N"
105844,"4-Ethyl-2-pyridinamine",122.084396,"C7H10N2","CCc1ccnc(c1)N","InChI=1S/C7H10N2/c1-2-6-3-4-9-7(8)5-6/h3-5H,2H2,1H3,(H2,8,9)","SJWHILBZPGQBJE-UHFFFAOYSA-N"
109978,"5-dimethylaminopyridine",122.084396,"C7H10N2","CN(C)c1cccnc1","InChI=1S/C7H10N2/c1-9(2)7-4-3-5-8-6-7/h3-6H,1-2H3","JEDHEXUPBRMUMB-UHFFFAOYSA-N"
120616,"2-Isopropylsuccinonitrile",122.084396,"C7H10N2","CC(C)C(CC#N)C#N","InChI=1S/C7H10N2/c1-6(2)7(5-9)3-4-8/h6-7H,3H2,1-2H3","QZPWDZBGUWBAOQ-UHFFFAOYSA-N"
121793,"t-Butylmalononitrile",122.084396,"C7H10N2","CC(C)(C)C(C#N)C#N","InChI=1S/C7H10N2/c1-7(2,3)6(4-8)5-9/h6H,1-3H3","TUJPHMQZSDKRSL-UHFFFAOYSA-N"
124425,"3,4-Diazatricyclo[4.2.1.0~2,5~]non-3-ene",122.084396,"C7H10N2","C1CC2CC1C3C2N=N3","InChI=1S/C7H10N2/c1-2-5-3-4(1)6-7(5)9-8-6/h4-7H,1-3H2","UMXWGTUQNIRJLN-UHFFFAOYSA-N"
155038,"2-(Aminomethyl)aniline",122.084396,"C7H10N2","c1ccc(c(c1)CN)N","InChI=1S/C7H10N2/c8-5-6-3-1-2-4-7(6)9/h1-4H,5,8-9H2","GVOYKJPMUUJXBS-UHFFFAOYSA-N"
207361,"1-Allyl-4-methyl-1H-imidazole",122.084396,"C7H10N2","Cc1cn(cn1)CC=C","InChI=1S/C7H10N2/c1-3-4-9-5-7(2)8-6-9/h3,5-6H,1,4H2,2H3","CCCXEUIYYWUDID-UHFFFAOYSA-N"
215922,"(6-Methyl-2-pyridinyl)methanamine",122.084396,"C7H10N2","Cc1cccc(n1)CN","InChI=1S/C7H10N2/c1-6-3-2-4-7(5-8)9-6/h2-4H,5,8H2,1H3","HXFYXLLVIVSPLT-UHFFFAOYSA-N"
217118,"1-(4-Pyridinyl)ethanamine",122.084396,"C7H10N2","CC(c1ccncc1)N","InChI=1S/C7H10N2/c1-6(8)7-2-4-9-5-3-7/h2-6H,8H2,1H3","HIZMJYQEHFJWQY-UHFFFAOYSA-N"
230505,"5,6-Dimethyl-2-pyridinamine",122.084396,"C7H10N2","Cc1ccc(nc1C)N","InChI=1S/C7H10N2/c1-5-3-4-7(8)9-6(5)2/h3-4H,1-2H3,(H2,8,9)","UZAOIPZZPZCFES-UHFFFAOYSA-N"
232142,"3,3-Dimethylpentanedinitrile",122.084396,"C7H10N2","CC(C)(CC#N)CC#N","InChI=1S/C7H10N2/c1-7(2,3-5-8)4-6-9/h3-4H2,1-2H3","BXMUYUTXXSJYHR-UHFFFAOYSA-N"
254018,"2-methyladiponitrile",122.084396,"C7H10N2","CC(CCCC#N)C#N","InChI=1S/C7H10N2/c1-7(6-9)4-2-3-5-8/h7H,2-4H2,1H3","SBDSWNLTVOAIPQ-UHFFFAOYSA-N"
254555,"(2E)-1,4-Dimethyl-2(1H)-pyridinimine",122.084396,"C7H10N2","[H]/N=c/1\cc(ccn1C)C","InChI=1S/C7H10N2/c1-6-3-4-9(2)7(8)5-6/h3-5,8H,1-2H3","JIPSHGIBKGDJHE-UHFFFAOYSA-N"
256034,"2-Amino-1-cyclohexene-1-carbonitrile",122.084396,"C7H10N2","C1CCC(=C(C1)C#N)N","InChI=1S/C7H10N2/c8-5-6-3-1-2-4-7(6)9/h1-4,9H2","PFIVIEDNXASHEY-UHFFFAOYSA-N"
269054,"4,5,6,7-Tetrahydro-1H-benzimidazole",122.084396,"C7H10N2","c1[nH]c2c(n1)CCCC2","InChI=1S/C7H10N2/c1-2-4-7-6(3-1)8-5-9-7/h5H,1-4H2,(H,8,9)","KAWYASGZISVRAL-UHFFFAOYSA-N"
286961,"(2E)-2-Imino-3-methylcyclopentanecarbonitrile",122.084396,"C7H10N2","[H]/N=C/1\C(CCC1C#N)C","InChI=1S/C7H10N2/c1-5-2-3-6(4-8)7(5)9/h5-6,9H,2-3H2,1H3","SFROCXJTIOYLJY-UHFFFAOYSA-N"
286989,"(2E)-2-Iminocyclohexanecarbonitrile",122.084396,"C7H10N2","[H]/N=C/1\CCCCC1C#N","InChI=1S/C7H10N2/c8-5-6-3-1-2-4-7(6)9/h6,9H,1-4H2","LXVRLJJPHSMEHI-UHFFFAOYSA-N"
291556,"1-(3-Buten-2-yl)-1H-imidazole",122.084396,"C7H10N2","CC(C=C)n1ccnc1","InChI=1S/C7H10N2/c1-3-7(2)9-5-4-8-6-9/h3-7H,1H2,2H3","PXCBDUXMKGCEOG-UHFFFAOYSA-N"
378472,"4-(Aminomethyl)aniline",122.084396,"C7H10N2","c1cc(ccc1CN)N","InChI=1S/C7H10N2/c8-5-6-1-3-7(9)4-2-6/h1-4H,5,8-9H2","BFWYZZPDZZGSLJ-UHFFFAOYSA-N"
471869,"1-(2-Pyridyl)ethylamine",122.084396,"C7H10N2","CC(c1ccccn1)N","InChI=1S/C7H10N2/c1-6(8)7-4-2-3-5-9-7/h2-6H,8H2,1H3","PDNHLCRMUIGNBV-UHFFFAOYSA-N"
484037,"2-(1-Aziridinylmethyl)-1H-pyrrole",122.084396,"C7H10N2","c1cc([nH]c1)CN2CC2","InChI=1S/C7H10N2/c1-2-7(8-3-1)6-9-4-5-9/h1-3,8H,4-6H2","ALXAYLULTDFKBR-UHFFFAOYSA-N"
503149,"(2,6-Dimethyl-1-pyridiniumyl)azanide",122.084396,"C7H10N2","Cc1cccc([n+]1[NH-])C","InChI=1S/C7H10N2/c1-6-4-3-5-7(2)9(6)8/h3-5,8H,1-2H3","CBYXBMQBDPFWRT-UHFFFAOYSA-N"
503154,"Pyrazole, 1-vinyl-3,5-dimethyl-",122.084396,"C7H10N2","Cc1cc(n(n1)C=C)C","InChI=1S/C7H10N2/c1-4-9-7(3)5-6(2)8-9/h4-5H,1H2,2-3H3","PWHCXMAJNAYEOR-UHFFFAOYSA-N"
503230,"3,6-DIMETHYL-2-PYRIDINAMINE",122.084396,"C7H10N2","Cc1ccc(nc1N)C","InChI=1S/C7H10N2/c1-5-3-4-6(2)9-7(5)8/h3-4H,1-2H3,(H2,8,9)","HWMKUXXLKIOVQZ-UHFFFAOYSA-N"
556431,"1-Methyl-1,4,5,6-tetrahydro-3-pyridinecarbonitrile",122.084396,"C7H10N2","CN1CCCC(=C1)C#N","InChI=1S/C7H10N2/c1-9-4-2-3-7(5-8)6-9/h6H,2-4H2,1H3","KAEDLWDCQPUSJH-UHFFFAOYSA-N"
571500,"1-Ethyl-4(1H)-pyridinimine",122.084396,"C7H10N2","CCn1ccc(=N)cc1","InChI=1S/C7H10N2/c1-2-9-5-3-7(8)4-6-9/h3-6,8H,2H2,1H3","SSKSEXZATXLXLL-UHFFFAOYSA-N"
713941,"2,4,6-Trimethylpyrimidine",122.084396,"C7H10N2","Cc1cc(nc(n1)C)C","InChI=1S/C7H10N2/c1-5-4-6(2)9-7(3)8-5/h4H,1-3H3","HCATUIMBJIDQDT-UHFFFAOYSA-N"
714397,"N,3-Dimethyl-4-pyridinamine",122.084396,"C7H10N2","Cc1cnccc1NC","InChI=1S/C7H10N2/c1-6-5-9-4-3-7(6)8-2/h3-5H,1-2H3,(H,8,9)","HSOBREMHIAAEND-UHFFFAOYSA-N"
746434,"3-(2-Aminoethyl)pyridine",122.084396,"C7H10N2","c1cc(cnc1)CCN","InChI=1S/C7H10N2/c8-4-3-7-2-1-5-9-6-7/h1-2,5-6H,3-4,8H2","NAHHNSMHYCLMON-UHFFFAOYSA-N"
925092,"(S)-1-Pyridin-2-yl-ethylamine",122.084396,"C7H10N2","C[C@@H](c1ccccn1)N","InChI=1S/C7H10N2/c1-6(8)7-4-2-3-5-9-7/h2-6H,8H2,1H3/t6-/m0/s1","PDNHLCRMUIGNBV-LURJTMIESA-N"
925093,"(1R)-1-(2-Pyridinyl)ethanamine",122.084396,"C7H10N2","C[C@H](c1ccccn1)N","InChI=1S/C7H10N2/c1-6(8)7-4-2-3-5-9-7/h2-6H,8H2,1H3/t6-/m1/s1","PDNHLCRMUIGNBV-ZCFIWIBFSA-N"
925094,"(1S)-1-(3-Pyridinyl)ethanamine",122.084396,"C7H10N2","C[C@@H](c1cccnc1)N","InChI=1S/C7H10N2/c1-6(8)7-3-2-4-9-5-7/h2-6H,8H2,1H3/t6-/m0/s1","IQVQNBXPYJGNEA-LURJTMIESA-N"
925095,"(1R)-1-(3-Pyridinyl)ethanamine",122.084396,"C7H10N2","C[C@H](c1cccnc1)N","InChI=1S/C7H10N2/c1-6(8)7-3-2-4-9-5-7/h2-6H,8H2,1H3/t6-/m1/s1","IQVQNBXPYJGNEA-ZCFIWIBFSA-N"
925096,"(1S)-1-(4-Pyridinyl)ethanamine",122.084396,"C7H10N2","C[C@@H](c1ccncc1)N","InChI=1S/C7H10N2/c1-6(8)7-2-4-9-5-3-7/h2-6H,8H2,1H3/t6-/m0/s1","HIZMJYQEHFJWQY-LURJTMIESA-N"
925097,"(1R)-1-(4-Pyridinyl)ethanamine",122.084396,"C7H10N2","C[C@H](c1ccncc1)N","InChI=1S/C7H10N2/c1-6(8)7-2-4-9-5-3-7/h2-6H,8H2,1H3/t6-/m1/s1","HIZMJYQEHFJWQY-ZCFIWIBFSA-N"
1246116,"1-(3-Methyl-2-pyridinyl)methanamine",122.084396,"C7H10N2","Cc1cccnc1CN","InChI=1S/C7H10N2/c1-6-3-2-4-9-7(6)5-8/h2-4H,5,8H2,1H3","QNLAYSBIWHHNIT-UHFFFAOYSA-N"
1246117,"(3-methylpyridin-4-yl)methanamine",122.084396,"C7H10N2","Cc1cnccc1CN","InChI=1S/C7H10N2/c1-6-5-9-3-2-7(6)4-8/h2-3,5H,4,8H2,1H3","DZMLSCJHELOPFT-UHFFFAOYSA-N"
1266092,"1,2,3,4-Tetrahydropyrrolo[1,2-a]pyrazine",122.084396,"C7H10N2","c1cc2n(c1)CCNC2","InChI=1S/C7H10N2/c1-2-7-6-8-3-5-9(7)4-1/h1-2,4,8H,3,5-6H2","YZBDXDPBLIQCJY-UHFFFAOYSA-N"
2052127,"1-(3-Pyridinyl)ethanamine",122.084396,"C7H10N2","CC(c1cccnc1)N","InChI=1S/C7H10N2/c1-6(8)7-3-2-4-9-5-7/h2-6H,8H2,1H3","IQVQNBXPYJGNEA-UHFFFAOYSA-N"
2057518,"Diethylmalononitrile",122.084396,"C7H10N2","CCC(CC)(C#N)C#N","InChI=1S/C7H10N2/c1-3-7(4-2,5-8)6-9/h3-4H2,1-2H3","AIEHSKCCVPIDNR-UHFFFAOYSA-N"
2284274,"3,5-dimethyl-2-pyridinamine",122.084396,"C7H10N2","Cc1cc(c(nc1)N)C","InChI=1S/C7H10N2/c1-5-3-6(2)7(8)9-4-5/h3-4H,1-2H3,(H2,8,9)","NLDDLJBGRZJASZ-UHFFFAOYSA-N"
2304813,"5-(2-Methyl-1-propen-1-yl)-1H-pyrazole",122.084396,"C7H10N2","CC(=Cc1ccn[nH]1)C","InChI=1S/C7H10N2/c1-6(2)5-7-3-4-8-9-7/h3-5H,1-2H3,(H,8,9)","WLNPJBFMCCXPLZ-UHFFFAOYSA-N"
3064727,"N,6-Dimethyl-2-pyridinamine",122.084396,"C7H10N2","Cc1cccc(n1)NC","InChI=1S/C7H10N2/c1-6-4-3-5-7(8-2)9-6/h3-5H,1-2H3,(H,8,9)","PFVYSURSVXECJA-UHFFFAOYSA-N"
3387033,"2,5-Dimethyl-4-pyridinamine",122.084396,"C7H10N2","Cc1cc(c(cn1)C)N","InChI=1S/C7H10N2/c1-5-4-9-6(2)3-7(5)8/h3-4H,1-2H3,(H2,8,9)","KQCWCIYVDIVYAB-UHFFFAOYSA-N"
3662169,"(2E)-N,1-Dimethyl-2(1H)-pyridinimine",122.084396,"C7H10N2","C/N=c/1\ccccn1C","InChI=1S/C7H10N2/c1-8-7-5-3-4-6-9(7)2/h3-6H,1-2H3/b8-7+","YTIQFTPTAXWDTB-BQYQJAHWSA-N"
3819403,"3-(Aminomethyl)aniline",122.084396,"C7H10N2","c1cc(cc(c1)N)CN","InChI=1S/C7H10N2/c8-5-6-2-1-3-7(9)4-6/h1-4H,5,8-9H2","ZDBWYUOUYNQZBM-UHFFFAOYSA-N"
3849561,"(2-Ethyl-1-pyridiniumyl)azanide",122.084396,"C7H10N2","CCc1cccc[n+]1[NH-]","InChI=1S/C7H10N2/c1-2-7-5-3-4-6-9(7)8/h3-6,8H,2H2,1H3","MDXQDWUTFCWUMI-UHFFFAOYSA-N"
4321558,"1-Methyl-1,2,5,6-tetrahydro-3-pyridinecarbonitrile",122.084396,"C7H10N2","CN1CCC=C(C1)C#N","InChI=1S/C7H10N2/c1-9-4-2-3-7(5-8)6-9/h3H,2,4,6H2,1H3","VVYCNKGYADUXMA-UHFFFAOYSA-N"
4325128,"N-Methyl-1,3-benzenediamine",122.084396,"C7H10N2","CNc1cccc(c1)N","InChI=1S/C7H10N2/c1-9-7-4-2-3-6(8)5-7/h2-5,9H,8H2,1H3","DYNWNNKAUGBOOZ-UHFFFAOYSA-N"
4340457,"N,4-Dimethyl-2-pyridinamine",122.084396,"C7H10N2","Cc1ccnc(c1)NC","InChI=1S/C7H10N2/c1-6-3-4-9-7(5-6)8-2/h3-5H,1-2H3,(H,8,9)","XHWNIYRWGATTDA-UHFFFAOYSA-N"
4481523,"1-Methyl-1,2,5,6-tetrahydro-2-pyridinecarbonitrile",122.084396,"C7H10N2","CN1CCC=CC1C#N","InChI=1S/C7H10N2/c1-9-5-3-2-4-7(9)6-8/h2,4,7H,3,5H2,1H3","XPGCXCNNIYNUMX-UHFFFAOYSA-N"
4517510,"(2E)-3-(2,2-Dimethyl-1-aziridinyl)acrylonitrile",122.084396,"C7H10N2","CC1(CN1/C=C/C#N)C","InChI=1S/C7H10N2/c1-7(2)6-9(7)5-3-4-8/h3,5H,6H2,1-2H3/b5-3+","CHEZCHWDFNQNBB-HWKANZROSA-N"
4519196,"(2-Methylbut-2-enylideneamino)acetonitrile",122.084396,"C7H10N2","C/C=C(\C)/C=N/CC#N","InChI=1S/C7H10N2/c1-3-7(2)6-9-5-4-8/h3,6H,5H2,1-2H3/b7-3+,9-6+","PJOWMOHIFGMXNF-LBGDCKNPSA-N"
4520885,"2-(But-2-enylideneamino)-propionitrile",122.084396,"C7H10N2","C/C=C/C=N/C(C)C#N","InChI=1S/C7H10N2/c1-3-4-5-9-7(2)6-8/h3-5,7H,1-2H3/b4-3+,9-5+","SQKDBEIFYHOGMU-PRKJJMSOSA-N"
4520914,"2-[(2E)-2-Buten-1-yl]-1H-imidazole",122.084396,"C7H10N2","C/C=C/Cc1[nH]ccn1","InChI=1S/C7H10N2/c1-2-3-4-7-8-5-6-9-7/h2-3,5-6H,4H2,1H3,(H,8,9)/b3-2+","LMZMNCBELCUMGI-NSCUHMNNSA-N"
4528679,"N-[(E)-2H-Pyrrol-2-ylidenemethyl]ethanamine",122.084396,"C7H10N2","CCN/C=C/1\C=CC=N1","InChI=1S/C7H10N2/c1-2-8-6-7-4-3-5-9-7/h3-6,8H,2H2,1H3/b7-6+","BPTTXOBHJLVSDX-VOTSOKGWSA-N"
4897435,"1-Phenylmethanediamine",122.084396,"C7H10N2","c1ccc(cc1)C(N)N","InChI=1S/C7H10N2/c8-7(9)6-4-2-1-3-5-6/h1-5,7H,8-9H2","DYFXGORUJGZJCA-UHFFFAOYSA-N"
5416724,"4,6-Dimethyl-3-pyridinamine",122.084396,"C7H10N2","CC1=CC(=NC=C1N)C","InChI=1S/C7H10N2/c1-5-3-6(2)9-4-7(5)8/h3-4H,8H2,1-2H3","SHSQTJRJQHPJRQ-UHFFFAOYSA-N"
5658596,"2,3-Dimethyl-4-pyridinamine",122.084396,"C7H10N2","n1ccc(N)c(c1C)C","InChI=1S/C7H10N2/c1-5-6(2)9-4-3-7(5)8/h3-4H,1-2H3,(H2,8,9)","YHUUZKCUQVILTK-UHFFFAOYSA-N"
7988528,"5-Ethyl-2-pyridinamine",122.084396,"C7H10N2","CCC1=CN=C(C=C1)N","InChI=1S/C7H10N2/c1-2-6-3-4-7(8)9-5-6/h3-5H,2H2,1H3,(H2,8,9)","OQTNJLQWOVTCPV-UHFFFAOYSA-N"
8164846,"5,6,7,8-Tetrahydroimidazo[1,2-a]pyridine",122.084396,"C7H10N2","C1CCN2C=CN=C2C1","InChI=1S/C7H10N2/c1-2-5-9-6-4-8-7(9)3-1/h4,6H,1-3,5H2","PPRGXYWEHFENBY-UHFFFAOYSA-N"
8164847,"2-allyl-4-methyl-3H-imidazole",122.084396,"C7H10N2","n1cc(nc1C\C=C)C","InChI=1S/C7H10N2/c1-3-4-7-8-5-6(2)9-7/h3,5H,1,4H2,2H3,(H,8,9)","ZZPKIEOTWUDQIP-UHFFFAOYSA-N"
8373313,"1-Methyl-2-phenylhydrazine",122.084396,"C7H10N2","N(Nc1ccccc1)C","InChI=1S/C7H10N2/c1-8-9-7-5-3-2-4-6-7/h2-6,8-9H,1H3","DHLFKRNCGLBPRR-UHFFFAOYSA-N"
8594597,"5,6-Dimethylpyridin-3-amine",122.084396,"C7H10N2","CC1=CC(=CN=C1C)N","InChI=1S/C7H10N2/c1-5-3-7(8)4-9-6(5)2/h3-4H,8H2,1-2H3","FVIPZEZSEOZNTN-UHFFFAOYSA-N"
8782098,"(1S,2R)-1-Amino-2-[(1E)-1-propen-1-yl]cyclopropanecarbonitrile",122.084396,"C7H10N2","N#C[C@@]1(N)[C@@H](/C=C/C)C1","InChI=1S/C7H10N2/c1-2-3-6-4-7(6,9)5-8/h2-3,6H,4,9H2,1H3/b3-2+/t6-,7+/m0/s1","FPGAMYWMKKVXRD-AJFYLEMGSA-N"
8877165,"2,2,3-Trimethylsuccinonitrile",122.084396,"C7H10N2","N#CC(C)C(C)(C)C#N","InChI=1S/C7H10N2/c1-6(4-8)7(2,3)5-9/h6H,1-3H3","CNSPYNJBHDIHNJ-UHFFFAOYSA-N"
8900670,"(2E,4E)-5-dimethylaminopenta-2,4-dienenitrile",122.084396,"C7H10N2","N#C\C=C\C=C\N(C)C","InChI=1S/C7H10N2/c1-9(2)7-5-3-4-6-8/h3-5,7H,1-2H3/b4-3+,7-5+","RGXFESPWGWPLEK-BDWKERMESA-N"
9073968,"4-Oxo(3,3,5,5,5-~2~H_5_)pentan(~2~H)oic acid",122.085007,"C5H2D6O3","[2H]C([2H])(C(=O)C([2H])([2H])[2H])CC(=O)O[2H]","InChI=1S/C5H8O3/c1-4(6)2-3-5(7)8/h2-3H2,1H3,(H,7,8)/i1D3,2D2/hD","JOOXCMJARBKPKM-WYMDYBCKSA-N"
9183070,"3,4-Dimethyl-2-pyridinamine",122.084396,"C7H10N2","CC1=C(C(=NC=C1)N)C","InChI=1S/C7H10N2/c1-5-3-4-9-7(8)6(5)2/h3-4H,1-2H3,(H2,8,9)","GJHFAHVMZHRUFR-UHFFFAOYSA-N"
9215865,"(2E)-3-(1-Pyrrolidinyl)acrylonitrile",122.084396,"C7H10N2","N#C\C=C\N1CCCC1","InChI=1S/C7H10N2/c8-4-3-7-9-5-1-2-6-9/h3,7H,1-2,5-6H2/b7-3+","CVVPDNZTPNTUDH-XVNBXDOJSA-N"
9226798,"3-Ethyl-2-pyridinamine",122.084396,"C7H10N2","n1cccc(c1N)CC","InChI=1S/C7H10N2/c1-2-6-4-3-5-9-7(6)8/h3-5H,2H2,1H3,(H2,8,9)","WTAZAHLROWIQRC-UHFFFAOYSA-N"
9269737,"1-Isopropylidene-1H-pyridazin-1-ium-2-ide",122.084396,"C7H10N2","CC(=[N+]1C=CC=C[N-]1)C","InChI=1S/C7H10N2/c1-7(2)9-6-4-3-5-8-9/h3-6H,1-2H3","TYUJDUYLTNQHPJ-UHFFFAOYSA-N"
9322815,"(1R,6S)-7-Azabicyclo[4.1.0]heptane-7-carbonitrile",122.084396,"C7H10N2","N#CN1[C@@H]2CCCC[C@H]12","InChI=1S/C7H10N2/c8-5-9-6-3-1-2-4-7(6)9/h6-7H,1-4H2/t6-,7+,9?","TWWHIBJOHXWRBS-AVSFMBPQSA-N"
9369394,"2-[(1E)-1,3-Butadien-1-yl]-4,5-dihydro-1H-imidazole",122.084396,"C7H10N2","N\1=C(/C=C/C=C)NCC/1","InChI=1S/C7H10N2/c1-2-3-4-7-8-5-6-9-7/h2-4H,1,5-6H2,(H,8,9)/b4-3+","XMRMOIUQJRAUQS-ONEGZZNKSA-N"
9541895,"(1S,2R)-2-Amino-3-cyclohexene-1-carbonitrile",122.084396,"C7H10N2","N#C[C@@H]1[C@H](N)\C=C/CC1","InChI=1S/C7H10N2/c8-5-6-3-1-2-4-7(6)9/h2,4,6-7H,1,3,9H2/t6-,7-/m1/s1","GNXRHOZESHMNIT-RNFRBKRXSA-N"
9598462,"(5-Methylpyridin-2-yl)methanamine",122.084396,"C7H10N2","CC1=CN=C(C=C1)CN","InChI=1S/C7H10N2/c1-6-2-3-7(4-8)9-5-6/h2-3,5H,4,8H2,1H3","NXTVBKWLOZSCQE-UHFFFAOYSA-N"
9598463,"2-Azabicyclo[2.1.1]hex-1-ylacetonitrile",122.084396,"C7H10N2","C1C2CC1(NC2)CC#N","InChI=1S/C7H10N2/c8-2-1-7-3-6(4-7)5-9-7/h6,9H,1,3-5H2","HMHJTZOOLVBTBN-UHFFFAOYSA-N"
9609803,"(2-methylpyridin-3-yl)methanamine",122.084396,"C7H10N2","CC1=C(C=CC=N1)CN","InChI=1S/C7H10N2/c1-6-7(5-8)3-2-4-9-6/h2-4H,5,8H2,1H3","YMROUWDKBBTAPS-UHFFFAOYSA-N"
9979409,"N-Ethyl-3-pyridinamine",122.084396,"C7H10N2","n1cccc(NCC)c1","InChI=1S/C7H10N2/c1-2-9-7-4-3-5-8-6-7/h3-6,9H,2H2,1H3","JNHZPXFARRJZQR-UHFFFAOYSA-N"
9979410,"N-Ethyl-2-pyridinamine",122.084396,"C7H10N2","n1ccccc1NCC","InChI=1S/C7H10N2/c1-2-8-7-5-3-4-6-9-7/h3-6H,2H2,1H3,(H,8,9)","CXGFWBPQQXZELI-UHFFFAOYSA-N"
10203717,"3-Methyl-2,4,5,6-tetrahydrocyclopenta[c]pyrazole",122.084396,"C7H10N2","Cc1c2c(n[nH]1)CCC2","InChI=1S/C7H10N2/c1-5-6-3-2-4-7(6)9-8-5/h2-4H2,1H3,(H,8,9)","IXNQBWLXUUVFBQ-UHFFFAOYSA-N"
10216186,"1-Isopropenyl-2-methyl-1H-imidazole",122.084396,"C7H10N2","Cc1nccn1C(=C)C","InChI=1S/C7H10N2/c1-6(2)9-5-4-8-7(9)3/h4-5H,1H2,2-3H3","VHMIULXMTVSPCW-UHFFFAOYSA-N"
10274690,"N,4-Dimethyl-3-pyridinamine",122.084396,"C7H10N2","Cc1ccncc1NC","InChI=1S/C7H10N2/c1-6-3-4-9-5-7(6)8-2/h3-5,8H,1-2H3","HJDXNIYRGXNPCP-UHFFFAOYSA-N"
10302709,"1-Methyl-1,4,5,6-tetrahydro-2-pyridinecarbonitrile",122.084396,"C7H10N2","CN1CCCC=C1C#N","InChI=1S/C7H10N2/c1-9-5-3-2-4-7(9)6-8/h4H,2-3,5H2,1H3","NKWHJBOTECYSNZ-UHFFFAOYSA-N"
10386098,"2,4-Dimethyl-3-pyridinamine",122.084396,"C7H10N2","Cc1ccnc(c1N)C","InChI=1S/C7H10N2/c1-5-3-4-9-6(2)7(5)8/h3-4H,8H2,1-2H3","FSYHJEBPLDNXAM-UHFFFAOYSA-N"
10421636,"(2Z)-3-(2,2-Dimethyl-1-aziridinyl)acrylonitrile",122.084396,"C7H10N2","CC1(CN1/C=C\C#N)C","InChI=1S/C7H10N2/c1-7(2)6-9(7)5-3-4-8/h3,5H,6H2,1-2H3/b5-3-","CHEZCHWDFNQNBB-HYXAFXHYSA-N"
10437125,"3-Ethyl-4-pyridinamine",122.084396,"C7H10N2","CCc1cnccc1N","InChI=1S/C7H10N2/c1-2-6-5-9-4-3-7(6)8/h3-5H,2H2,1H3,(H2,8,9)","ODKNKXQVRUFTPT-UHFFFAOYSA-N"
10467846,"3,5-Dimethyl-4-pyridinamine",122.084396,"C7H10N2","Cc1cncc(c1N)C","InChI=1S/C7H10N2/c1-5-3-9-4-6(2)7(5)8/h3-4H,1-2H3,(H2,8,9)","QFLLABOTLITCPP-UHFFFAOYSA-N"
10485197,"4-Ethyl-2-methylpyrimidine",122.084396,"C7H10N2","CCc1ccnc(C)n1","InChI=1S/C7H10N2/c1-3-7-4-5-8-6(2)9-7/h4-5H,3H2,1-2H3","FYXJYERDXXUGDP-UHFFFAOYSA-N"
10498664,"(2E)-(1-Methyl-2-pyrrolidinylidene)acetonitrile",122.084396,"C7H10N2","CN\1CCC/C1=C\C#N","InChI=1S/C7H10N2/c1-9-6-2-3-7(9)4-5-8/h4H,2-3,6H2,1H3/b7-4+","ISCVFPUOTPSSOQ-QPJJXVBHSA-N"
10516974,"4,5-Dimethyl-2-pyridinamine",122.084396,"C7H10N2","CC1=CC(=NC=C1C)N","InChI=1S/C7H10N2/c1-5-3-7(8)9-4-6(5)2/h3-4H,1-2H3,(H2,8,9)","VYQFIVPHBLAONR-UHFFFAOYSA-N"
10528831,"1-Methyl-1,2,3,6-tetrahydro-4-pyridinecarbonitrile",122.084396,"C7H10N2","CN1CCC(=CC1)C#N","InChI=1S/C7H10N2/c1-9-4-2-7(6-8)3-5-9/h2H,3-5H2,1H3","PQUMHXSRGJIZOH-UHFFFAOYSA-N"
10544169,"2-Isopropylpyrimidine",122.084396,"C7H10N2","CC(C)c1ncccn1","InChI=1S/C7H10N2/c1-6(2)7-8-4-3-5-9-7/h3-6H,1-2H3","BGNWXRJWDQHCRB-UHFFFAOYSA-N"
10628820,"2-Ethyl-3-pyridinamine",122.084396,"C7H10N2","Nc1cccnc1CC","InChI=1S/C7H10N2/c1-2-7-6(8)4-3-5-9-7/h3-5H,2,8H2,1H3","OXIZYKRCAPLHDM-UHFFFAOYSA-N"
10634788,"N-Ethyl-4-pyridinamine",122.084396,"C7H10N2","CCNc1ccncc1","InChI=1S/C7H10N2/c1-2-9-7-3-5-8-6-4-7/h3-6H,2H2,1H3,(H,8,9)","OTIDWUALRXXVIM-UHFFFAOYSA-N"
10696196,"2-Propylpyrimidine",122.084396,"C7H10N2","CCCc1ncccn1","InChI=1S/C7H10N2/c1-2-4-7-8-5-3-6-9-7/h3,5-6H,2,4H2,1H3","YVHDMQRVTVCDAS-UHFFFAOYSA-N"
10749906,"4,5,6,7-Tetrahydropyrazolo[1,5-a]pyridine",122.084396,"C7H10N2","c1cnn2c1CCCC2","InChI=1S/C7H10N2/c1-2-6-9-7(3-1)4-5-8-9/h4-5H,1-3,6H2","IDHRHHLXBFGLSE-UHFFFAOYSA-N"
11181133,"2,3,3a,7a-Tetrahydro-1H-indazole",122.084396,"C7H10N2","C1C2C=CC=CC2NN1","InChI=1S/C7H10N2/c1-2-4-7-6(3-1)5-8-9-7/h1-4,6-9H,5H2","CSDFHCDNAZPVKH-UHFFFAOYSA-N"
11219257,"5-Propylpyrimidine",122.084396,"C7H10N2","CCCc1cncnc1","InChI=1S/C7H10N2/c1-2-3-7-4-8-6-9-5-7/h4-6H,2-3H2,1H3","KQDSGLOOXIYGDD-UHFFFAOYSA-N"
11276744,"2,5-Dimethyl-1-vinyl-1H-imidazole",122.084396,"C7H10N2","Cc1cnc(n1C=C)C","InChI=1S/C7H10N2/c1-4-9-6(2)5-8-7(9)3/h4-5H,1H2,2-3H3","FHBMTTXESSVBHF-UHFFFAOYSA-N"
11323260,"1-(4-Methyl-2-pyridinyl)methanamine",122.084396,"C7H10N2","Cc1ccnc(c1)CN","InChI=1S/C7H10N2/c1-6-2-3-9-7(4-6)5-8/h2-4H,5,8H2,1H3","QVDFBCYBLHPIOI-UHFFFAOYSA-N"
11391870,"2-Ethyl-4-pyridinamine",122.084396,"C7H10N2","CCc1cc(ccn1)N","InChI=1S/C7H10N2/c1-2-7-5-6(8)3-4-9-7/h3-5H,2H2,1H3,(H2,8,9)","AKZCAQJRKXGRMH-UHFFFAOYSA-N"
11542519,"2,4-Dimethylpentanedinitrile",122.084396,"C7H10N2","CC(CC(C)C#N)C#N","InChI=1S/C7H10N2/c1-6(4-8)3-7(2)5-9/h6-7H,3H2,1-2H3","RISJWFYSMKOETR-UHFFFAOYSA-N"
13073478,"1-(2-Methyl-2-propen-1-yl)-1H-imidazole",122.084396,"C7H10N2","CC(=C)Cn1ccnc1","InChI=1S/C7H10N2/c1-7(2)5-9-4-3-8-6-9/h3-4,6H,1,5H2,2H3","WUDVWMMEWXYZOX-UHFFFAOYSA-N"
13167659,"3-[Methyl(2-propyn-1-yl)amino]propanenitrile",122.084396,"C7H10N2","CN(CCC#N)CC#C","InChI=1S/C7H10N2/c1-3-6-9(2)7-4-5-8/h1H,4,6-7H2,2H3","YFGBSGKXISXLSQ-UHFFFAOYSA-N"
13425502,"(6-methylpyridin-3-yl)methanamine",122.084396,"C7H10N2","Cc1ccc(cn1)CN","InChI=1S/C7H10N2/c1-6-2-3-7(4-8)5-9-6/h2-3,5H,4,8H2,1H3","NZPFQOXRHLUPRT-UHFFFAOYSA-N"
13626729,"4,5,6,7-Tetrahydro-2H-benzimidazole",122.084396,"C7H10N2","C1CCC2=NCN=C2C1","InChI=1S/C7H10N2/c1-2-4-7-6(3-1)8-5-9-7/h1-5H2","SQBGGEDIQXHHJE-UHFFFAOYSA-N"
13695759,"3-Cyclopropyl-1-methyl-1H-pyrazole",122.084396,"C7H10N2","Cn1ccc(n1)C2CC2","InChI=1S/C7H10N2/c1-9-5-4-7(8-9)6-2-3-6/h4-6H,2-3H2,1H3","SLCCNZAJZZHXSD-UHFFFAOYSA-N"
13761558,"4-Ethyl-1-vinyl-1H-imidazole",122.084396,"C7H10N2","CCc1cn(cn1)C=C","InChI=1S/C7H10N2/c1-3-7-5-9(4-2)6-8-7/h4-6H,2-3H2,1H3","NXSFTHQONZEHFD-UHFFFAOYSA-N"
13770407,"6-Ethyl-3-pyridinamine",122.084396,"C7H10N2","CCc1ccc(cn1)N","InChI=1S/C7H10N2/c1-2-7-4-3-6(8)5-9-7/h3-5H,2,8H2,1H3","ZKPKEODUAJQPCV-UHFFFAOYSA-N"
13904952,"1-Azabicyclo[2.2.1]heptane-4-carbonitrile",122.084396,"C7H10N2","C1CN2CCC1(C2)C#N","InChI=1S/C7H10N2/c8-5-7-1-3-9(6-7)4-2-7/h1-4,6H2","KRWYBTQGXVMLBR-UHFFFAOYSA-N"
13929403,"(4-methylpyridin-3-yl)methanamine",122.084396,"C7H10N2","Cc1ccncc1CN","InChI=1S/C7H10N2/c1-6-2-3-9-5-7(6)4-8/h2-3,5H,4,8H2,1H3","VLIQJGACTLGWCQ-UHFFFAOYSA-N"
14132494,"N,3-dimethylpyridin-2-amine",122.084396,"C7H10N2","Cc1cccnc1NC","InChI=1S/C7H10N2/c1-6-4-3-5-9-7(6)8-2/h3-5H,1-2H3,(H,8,9)","CCLYAMRVRNNGEV-UHFFFAOYSA-N"
14137992,"5,6,7,8-Tetrahydroimidazo[1,5-a]pyridine",122.084396,"C7H10N2","c1c2n(cn1)CCCC2","InChI=1S/C7H10N2/c1-2-4-9-6-8-5-7(9)3-1/h5-6H,1-4H2","FYDYYNBALSEMHM-UHFFFAOYSA-N"
14147593,"1-Azabicyclo[2.2.1]heptane-3-carbonitrile",122.084396,"C7H10N2","C1CN2CC1C(C2)C#N","InChI=1S/C7H10N2/c8-3-7-5-9-2-1-6(7)4-9/h6-7H,1-2,4-5H2","PFAUUHBCMMOTPG-UHFFFAOYSA-N"
14172807,"4-Ethyl-5-methylpyrimidine",122.084396,"C7H10N2","CCc1c(cncn1)C","InChI=1S/C7H10N2/c1-3-7-6(2)4-8-5-9-7/h4-5H,3H2,1-2H3","AFUNAWVZKQOGOO-UHFFFAOYSA-N"
14191810,"4-Propylpyrimidine",122.084396,"C7H10N2","CCCc1ccncn1","InChI=1S/C7H10N2/c1-2-3-7-4-5-8-6-9-7/h4-6H,2-3H2,1H3","PLKFCWYWRJDCLF-UHFFFAOYSA-N"
14287623,"4-Isopropylpyrimidine",122.084396,"C7H10N2","CC(C)c1ccncn1","InChI=1S/C7H10N2/c1-6(2)7-3-4-8-5-9-7/h3-6H,1-2H3","KRNKNRPGDFPSFD-UHFFFAOYSA-N"
14288743,"N,2-Dimethyl-3-pyridinamine",122.084396,"C7H10N2","Cc1c(cccn1)NC","InChI=1S/C7H10N2/c1-6-7(8-2)4-3-5-9-6/h3-5,8H,1-2H3","STLSDMWQIGIOTM-UHFFFAOYSA-N"
14325516,"5-Ethyl-2-methylpyrimidine",122.084396,"C7H10N2","CCc1cnc(nc1)C","InChI=1S/C7H10N2/c1-3-7-4-8-6(2)9-5-7/h4-5H,3H2,1-2H3","MTLVCZCTTNTNHX-UHFFFAOYSA-N"
14438175,"2,2-Dimethylpentanedinitrile",122.084396,"C7H10N2","CC(C)(CCC#N)C#N","InChI=1S/C7H10N2/c1-7(2,6-9)4-3-5-8/h3-4H2,1-2H3","YTAGXUZOUXMDHY-UHFFFAOYSA-N"
14494734,"5-Ethyl-3-pyridinamine",122.084396,"C7H10N2","CCc1cc(cnc1)N","InChI=1S/C7H10N2/c1-2-6-3-7(8)5-9-4-6/h3-5H,2,8H2,1H3","JORHXIQAVSSYQC-UHFFFAOYSA-N"
14577651,"2-(1-Pyrrolidinyl)acrylonitrile",122.084396,"C7H10N2","C=C(C#N)N1CCCC1","InChI=1S/C7H10N2/c1-7(6-8)9-4-2-3-5-9/h1-5H2","LHVLOCLXLUFPIG-UHFFFAOYSA-N"
14578528,"3,5-Dimethyl-4-vinyl-1H-pyrazole",122.084396,"C7H10N2","Cc1c(c(n[nH]1)C)C=C","InChI=1S/C7H10N2/c1-4-7-5(2)8-9-6(7)3/h4H,1H2,2-3H3,(H,8,9)","FSJZYUHEOGDHEV-UHFFFAOYSA-N"
14637802,"1-(3-Buten-1-yl)-1H-imidazole",122.084396,"C7H10N2","C=CCCn1ccnc1","InChI=1S/C7H10N2/c1-2-3-5-9-6-4-8-7-9/h2,4,6-7H,1,3,5H2","LFXVROMKMIUYTC-UHFFFAOYSA-N"
14637803,"1-[(2E)-2-Buten-1-yl]-1H-imidazole",122.084396,"C7H10N2","C/C=C/Cn1ccnc1","InChI=1S/C7H10N2/c1-2-3-5-9-6-4-8-7-9/h2-4,6-7H,5H2,1H3/b3-2+","AKBNVSZFPAJJDT-NSCUHMNNSA-N"
14828442,"2-Ethylpentanedinitrile",122.084396,"C7H10N2","CCC(CCC#N)C#N","InChI=1S/C7H10N2/c1-2-7(6-9)4-3-5-8/h7H,2-4H2,1H3","CFNZJVQAYXODOE-UHFFFAOYSA-N"
14930694,"2,5-Dimethyl-3-pyridinamine",122.084396,"C7H10N2","Cc1cc(c(nc1)C)N","InChI=1S/C7H10N2/c1-5-3-7(8)6(2)9-4-5/h3-4H,8H2,1-2H3","OQLYLAOKFUUBBI-UHFFFAOYSA-N"
15016144,"(5-methylpyridin-3-yl)methanamine",122.084396,"C7H10N2","Cc1cc(cnc1)CN","InChI=1S/C7H10N2/c1-6-2-7(3-8)5-9-4-6/h2,4-5H,3,8H2,1H3","ZKAUZQFUIATOQP-UHFFFAOYSA-N"
15016146,"(2-methylpyridin-4-yl)methanamine",122.084396,"C7H10N2","Cc1cc(ccn1)CN","InChI=1S/C7H10N2/c1-6-4-7(5-8)2-3-9-6/h2-4H,5,8H2,1H3","SYSGWPLRRPINQC-UHFFFAOYSA-N"
15080659,"2-Isopropenyl-1-methyl-1H-imidazole",122.084396,"C7H10N2","CC(=C)c1nccn1C","InChI=1S/C7H10N2/c1-6(2)7-8-4-5-9(7)3/h4-5H,1H2,2-3H3","GTFRXUGXAAINAF-UHFFFAOYSA-N"
15250920,"3-Methyl-3-azabicyclo[3.1.0]hexane-1-carbonitrile",122.084396,"C7H10N2","CN1CC2CC2(C1)C#N","InChI=1S/C7H10N2/c1-9-3-6-2-7(6,4-8)5-9/h6H,2-3,5H2,1H3","RSRCMBRDWDMVCC-UHFFFAOYSA-N"
15268364,"1-Methyl-1,2,3,6-tetrahydro-2-pyridinecarbonitrile",122.084396,"C7H10N2","CN1CC=CCC1C#N","InChI=1S/C7H10N2/c1-9-5-3-2-4-7(9)6-8/h2-3,7H,4-5H2,1H3","XRNVFBWUWNIMST-UHFFFAOYSA-N"
15293808,"5-Isopropylpyrimidine",122.084396,"C7H10N2","CC(C)c1cncnc1","InChI=1S/C7H10N2/c1-6(2)7-3-8-5-9-4-7/h3-6H,1-2H3","BAUXVVCVEDWRGY-UHFFFAOYSA-N"
15518833,"4,5,6,7-Tetrahydro-1H-pyrrolo[3,2-c]pyridine",122.084396,"C7H10N2","c1c[nH]c2c1CNCC2","InChI=1S/C7H10N2/c1-4-9-7-2-3-8-5-6(1)7/h1,4,8-9H,2-3,5H2","YSKQDZSOABYDAG-UHFFFAOYSA-N"
15643913,"1-Ethyl-5-vinyl-1H-imidazole",122.084396,"C7H10N2","CCn1cncc1C=C","InChI=1S/C7H10N2/c1-3-7-5-8-6-9(7)4-2/h3,5-6H,1,4H2,2H3","PXKMUNNPCVXVGE-UHFFFAOYSA-N"
16159988,"4-Ethyl-3-pyridinamine",122.084396,"C7H10N2","CCc1ccncc1N","InChI=1S/C7H10N2/c1-2-6-3-4-9-5-7(6)8/h3-5H,2,8H2,1H3","GPGQIDCPGHSCGP-UHFFFAOYSA-N"
16454379,"N,5-Dimethyl-2-pyridinamine",122.084396,"C7H10N2","Cc1ccc(nc1)NC","InChI=1S/C7H10N2/c1-6-3-4-7(8-2)9-5-6/h3-5H,1-2H3,(H,8,9)","ASYFGSIOATXWJA-UHFFFAOYSA-N"
17951795,"(2Z)-N,1-Dimethyl-2(1H)-pyridinimine",122.084396,"C7H10N2","C/N=c\1/ccccn1C","InChI=1S/C7H10N2/c1-8-7-5-3-4-6-9(7)2/h3-6H,1-2H3/b8-7-","YTIQFTPTAXWDTB-FPLPWBNLSA-N"
18947073,"2,4,5-Trimethylpyrimidine",122.084396,"C7H10N2","Cc1cnc(nc1C)C","InChI=1S/C7H10N2/c1-5-4-8-7(3)9-6(5)2/h4H,1-3H3","GNYSCXATUGEYET-UHFFFAOYSA-N"
18993168,"4,5,6-Trimethylpyrimidine",122.084396,"C7H10N2","Cc1c(ncnc1C)C","InChI=1S/C7H10N2/c1-5-6(2)8-4-9-7(5)3/h4H,1-3H3","HLTWPEDCRAMGSW-UHFFFAOYSA-N"
19296692,"N,6-Dimethyl-3-pyridinamine",122.084396,"C7H10N2","Cc1ccc(cn1)NC","InChI=1S/C7H10N2/c1-6-3-4-7(8-2)5-9-6/h3-5,8H,1-2H3","LVDLXEFCWOMUGO-UHFFFAOYSA-N"
19430426,"N,2-Dimethyl-4-pyridinamine",122.084396,"C7H10N2","Cc1cc(ccn1)NC","InChI=1S/C7H10N2/c1-6-5-7(8-2)3-4-9-6/h3-5H,1-2H3,(H,8,9)","HCUFKIUYBRJORR-UHFFFAOYSA-N"
19466293,"4-Ethyl-6-methylpyrimidine",122.084396,"C7H10N2","CCc1cc(ncn1)C","InChI=1S/C7H10N2/c1-3-7-4-6(2)8-5-9-7/h4-5H,3H2,1-2H3","FXQWSCWGPBMTHP-UHFFFAOYSA-N"
19580423,"2-Ethyl-4-methylpyrimidine",122.084396,"C7H10N2","CCc1nccc(n1)C","InChI=1S/C7H10N2/c1-3-7-8-5-4-6(2)9-7/h4-5H,3H2,1-2H3","XNWDWIGATDEYAZ-UHFFFAOYSA-N"
19581742,"3-Methyl-6,7-dihydro-5H-pyrrolo[1,2-a]imidazole",122.084396,"C7H10N2","Cc1cnc2n1CCC2","InChI=1S/C7H10N2/c1-6-5-8-7-3-2-4-9(6)7/h5H,2-4H2,1H3","YZSXAXLYUMCLIX-UHFFFAOYSA-N"
21171711,"(3-Methylphenyl)hydrazine",122.084396,"C7H10N2","Cc1cccc(c1)NN","InChI=1S/C7H10N2/c1-6-3-2-4-7(5-6)9-8/h2-5,9H,8H2,1H3","GPTOGZLZMLJZCV-UHFFFAOYSA-N"
21259528,"N-Methyl-1,4-benzenediamine",122.084396,"C7H10N2","CNc1ccc(cc1)N","InChI=1S/C7H10N2/c1-9-7-4-2-6(8)3-5-7/h2-5,9H,8H2,1H3","VVYWUQOTMZEJRJ-UHFFFAOYSA-N"
21266511,"5-Cyclopropyl-1-methyl-1H-pyrazole",122.084396,"C7H10N2","Cn1c(ccn1)C2CC2","InChI=1S/C7H10N2/c1-9-7(4-5-8-9)6-2-3-6/h4-6H,2-3H2,1H3","STJGYRNNFVLOBF-UHFFFAOYSA-N"
21411932,"(2Z)-(1-Methyl-2-pyrrolidinylidene)acetonitrile",122.084396,"C7H10N2","CN\1CCC/C1=C/C#N","InChI=1S/C7H10N2/c1-9-6-2-3-7(9)4-5-8/h4H,2-3,6H2,1H3/b7-4-","ISCVFPUOTPSSOQ-DAXSKMNVSA-N"
21427448,"2-Methylhexanedinitrile",122.084396,"C7H10N2","CC(CCCC#N)C#N","InChI=1S/C7H10N2/c1-7(6-9)4-2-3-5-8/h7H,2-4H2,1H3","SBDSWNLTVOAIPQ-UHFFFAOYSA-N"
21670944,"2-Methyl-6,7-dihydro-5H-pyrrolo[1,2-a]imidazole",122.084396,"C7H10N2","Cc1cn2c(n1)CCC2","InChI=1S/C7H10N2/c1-6-5-9-4-2-3-7(9)8-6/h5H,2-4H2,1H3","FFEUHXDQNGETPU-UHFFFAOYSA-N"
23201705,"1-(Cyclopropylmethyl)-1H-imidazole",122.084396,"C7H10N2","c1cn(cn1)CC2CC2","InChI=1S/C7H10N2/c1-2-7(1)5-9-4-3-8-6-9/h3-4,6-7H,1-2,5H2","BSRRKSSFRABLLB-UHFFFAOYSA-N"
24194714,"6-Vinyl-1,4-diazabicyclo[3.2.0]hept-4-ene",122.084396,"C7H10N2","C=CC1CN2C1=NCC2","InChI=1S/C7H10N2/c1-2-6-5-9-4-3-8-7(6)9/h2,6H,1,3-5H2","URUINUQNOBFYEL-UHFFFAOYSA-N"
24194715,"2,3,5,6-Tetrahydroimidazo[1,2-a]pyridine",122.084396,"C7H10N2","C1CN2CCN=C2C=C1","InChI=1S/C7H10N2/c1-2-5-9-6-4-8-7(9)3-1/h1,3H,2,4-6H2","XVMYODJNZPSKSC-UHFFFAOYSA-N"
24194716,"7-Azabicyclo[4.1.0]heptane-7-carbonitrile",122.084396,"C7H10N2","C1CCC2C(C1)N2C#N","InChI=1S/C7H10N2/c8-5-9-6-3-1-2-4-7(6)9/h6-7H,1-4H2","TWWHIBJOHXWRBS-UHFFFAOYSA-N"
24194717,"1-Methyl-1,4,5,6-tetrahydrocyclopenta[d]imidazole",122.084396,"C7H10N2","Cn1cnc2c1CCC2","InChI=1S/C7H10N2/c1-9-5-8-6-3-2-4-7(6)9/h5H,2-4H2,1H3","BLUUHKFIOWPMKS-UHFFFAOYSA-N"
24194728,"(2Z)-3-(1-Pyrrolidinyl)acrylonitrile",122.084396,"C7H10N2","C1CCN(C1)/C=C\C#N","InChI=1S/C7H10N2/c8-4-3-7-9-5-1-2-6-9/h3,7H,1-2,5-6H2/b7-3-","CVVPDNZTPNTUDH-CLTKARDFSA-N"
24194730,"(2E)-2-(Dimethylamino)-2,4-pentadienenitrile",122.084396,"C7H10N2","CN(C)/C(=C/C=C)/C#N","InChI=1S/C7H10N2/c1-4-5-7(6-8)9(2)3/h4-5H,1H2,2-3H3/b7-5+","UPZSVPBPKMCYQL-FNORWQNLSA-N"
24194731,"N,1-Dimethyl-4(1H)-pyridinimine",122.084396,"C7H10N2","CN=c1ccn(cc1)C","InChI=1S/C7H10N2/c1-8-7-3-5-9(2)6-4-7/h3-6H,1-2H3","MLKRIQIUCYWOFH-UHFFFAOYSA-N"
24194738,"1-[(2E)-2-Buten-2-yl]-1H-imidazole",122.084396,"C7H10N2","C/C=C(\C)/n1ccnc1","InChI=1S/C7H10N2/c1-3-7(2)9-5-4-8-6-9/h3-6H,1-2H3/b7-3+","USCLZROWXAGSQY-XVNBXDOJSA-N"
24206593,"2-Azabicyclo[2.2.1]heptane-5-carbonitrile",122.084396,"C7H10N2","C1C2CC(C1CN2)C#N","InChI=1S/C7H10N2/c8-3-5-1-7-2-6(5)4-9-7/h5-7,9H,1-2,4H2","ZYGSYWNTOIZIMA-UHFFFAOYSA-N"
24206598,"2,8-Diazatetracyclo[4.3.0.0~3,9~.0~4,7~]nonane",122.084396,"C7H10N2","C1C2C3C1C4C(C2N4)N3","InChI=1S/C7H10N2/c1-2-4-3(1)6-7(8-4)5(2)9-6/h2-9H,1H2","WIEICOBSYHBNPQ-UHFFFAOYSA-N"
24206600,"3-Azabicyclo[3.2.0]heptane-2-carbonitrile",122.084396,"C7H10N2","C1CC2C1CNC2C#N","InChI=1S/C7H10N2/c8-3-7-6-2-1-5(6)4-9-7/h5-7,9H,1-2,4H2","UMABWJXDFMXDGG-UHFFFAOYSA-N"
24206607,"4,6-Dimethyl-1,7-diazabicyclo[3.2.0]hepta-3,6-diene",122.084396,"C7H10N2","CC1=CCN2C1C(=N2)C","InChI=1S/C7H10N2/c1-5-3-4-9-7(5)6(2)8-9/h3,7H,4H2,1-2H3","PBYYOFKRKRXBEN-UHFFFAOYSA-N"
24206611,"2,3-Dihydro-1H-pyrrolizin-1-amine",122.084396,"C7H10N2","c1cc2n(c1)CCC2N","InChI=1S/C7H10N2/c8-6-3-5-9-4-1-2-7(6)9/h1-2,4,6H,3,5,8H2","YRIQDCAIJWNJJR-UHFFFAOYSA-N"
24772243,"(E)-N-Methyl-1-(1-methyl-1H-pyrrol-2-yl)methanimine",122.084396,"C7H10N2","C/N=C/c1cccn1C","InChI=1S/C7H10N2/c1-8-6-7-4-3-5-9(7)2/h3-6H,1-2H3/b8-6+","LZDOEBQQAZKQNE-SOFGYWHQSA-N"
25022083,"1,4-Dimethyl-2(1H)-pyridinimine",122.084396,"C7H10N2","Cc1ccn(c(=N)c1)C","InChI=1S/C7H10N2/c1-6-3-4-9(2)7(8)5-6/h3-5,8H,1-2H3","JIPSHGIBKGDJHE-UHFFFAOYSA-N"
25070624,"5-Cyclopropyl-3-methyl-1H-pyrazole",122.084396,"C7H10N2","Cc1cc([nH]n1)C2CC2","InChI=1S/C7H10N2/c1-5-4-7(9-8-5)6-2-3-6/h4,6H,2-3H2,1H3,(H,8,9)","WDRXGHDARKWPNA-UHFFFAOYSA-N"
25083970,"1,3-Diisocyano-2,2-dimethylpropane",122.084396,"C7H10N2","CC(C)(C[N+]#[C-])C[N+]#[C-]","InChI=1S/C7H10N2/c1-7(2,5-8-3)6-9-4/h5-6H2,1-2H3","FDUMIEUUANHYAI-UHFFFAOYSA-N"
25446084,"N-Phenylmethanediamine",122.084,"C7H10N2","c1ccc(cc1)NCN","InChI=1S/C7H10N2/c8-6-9-7-4-2-1-3-5-7/h1-5,9H,6,8H2","NUJAPVSRDGSINW-UHFFFAOYSA-N"
25996806,"Butylmalononitrile",122.084396,"C7H10N2","CCCCC(C#N)C#N","InChI=1S/C7H10N2/c1-2-3-4-7(5-8)6-9/h7H,2-4H2,1H3","IHHJYYHYSAGXEE-UHFFFAOYSA-N"
26267885,"Isobutylmalononitrile",122.084396,"C7H10N2","CC(C)CC(C#N)C#N","InChI=1S/C7H10N2/c1-6(2)3-7(4-8)5-9/h6-7H,3H2,1-2H3","OZIRUVADHRKHPZ-UHFFFAOYSA-N"
26483226,"1-(1H-Pyrrol-2-yl)cyclopropanamine",122.084396,"C7H10N2","c1cc([nH]c1)C2(CC2)N","InChI=1S/C7H10N2/c8-7(3-4-7)6-2-1-5-9-6/h1-2,5,9H,3-4,8H2","FMVVRQXWISAVAI-UHFFFAOYSA-N"
26540183,"2-Imino-3-methylcyclopentanecarbonitrile",122.084396,"C7H10N2","CC1CCC(C1=N)C#NCC1CCC(C1=N)C#N","InChI=1S/C14H19N4/c1-9-2-3-11(13(9)16)7-18-8-12-5-4-10(6-15)14(12)17/h9-12,16-17H,2-5,8H2,1H3","JCOSTBQDGKUHFS-UHFFFAOYSA-N"
26567609,"2-Amino-5-heptynenitrile",122.084396,"C7H10N2","CC#CCCC(C#N)N","InChI=1S/C7H10N2/c1-2-3-4-5-7(9)6-8/h7H,4-5,9H2,1H3","BOFSCLIFIUPXJO-UHFFFAOYSA-N"
26993595,"1,2,3,5-Tetrahydroimidazo[1,2-a]pyridine",122.084396,"C7H10N2","C1CN2CC=CC=C2N1","InChI=1S/C7H10N2/c1-2-5-9-6-4-8-7(9)3-1/h1-3,8H,4-6H2","YARWQNYLMMFXAF-UHFFFAOYSA-N"
27016276,"(2Z,4Z)-5-(Methylamino)-2,4-hexadienenitrile",122.084396,"C7H10N2","C/C(=C/C=C\C#N)/NC","InChI=1S/C7H10N2/c1-7(9-2)5-3-4-6-8/h3-5,9H,1-2H3/b4-3-,7-5-","IMOZWSKFVWJVID-MRWCJKGFSA-N"
28291475,"2-Cyclopropyl-1-methyl-1H-imidazole",122.084396,"C7H10N2","Cn1ccnc1C2CC2","InChI=1S/C7H10N2/c1-9-5-4-8-7(9)6-2-3-6/h4-6H,2-3H2,1H3","CVWGFCNSHOZVQS-UHFFFAOYSA-N"
28424682,"4-Allyl-1-methyl-1H-pyrazole",122.084396,"C7H10N2","Cn1cc(cn1)CC=C","InChI=1S/C7H10N2/c1-3-4-7-5-8-9(2)6-7/h3,5-6H,1,4H2,2H3","ZERVVYATDRNKEY-UHFFFAOYSA-N"
28578817,"3-Cyclobutyl-1H-pyrazole",122.084396,"C7H10N2","c1c[nH]nc1C2CCC2","InChI=1S/C7H10N2/c1-2-6(3-1)7-4-5-8-9-7/h4-6H,1-3H2,(H,8,9)","HLPBQDVLMHJKRN-UHFFFAOYSA-N"
28579601,"1,2-Diazaspiro[4.4]nona-1,3-diene",122.084396,"C7H10N2","C1CCC2(C1)C=CN=N2","InChI=1S/C7H10N2/c1-2-4-7(3-1)5-6-8-9-7/h5-6H,1-4H2","ZYTAAAFDDCKEDZ-UHFFFAOYSA-N"
28686888,"3,3-Dicyclopropyl-3H-diazirene",122.084396,"C7H10N2","C1CC1C2(N=N2)C3CC3","InChI=1S/C7H10N2/c1-2-5(1)7(8-9-7)6-3-4-6/h5-6H,1-4H2","PBQTUYDDXFQEIS-UHFFFAOYSA-N"
28706793,"1,5-Dimethyl-4-vinyl-1H-pyrazole",122.084396,"C7H10N2","Cc1c(cnn1C)C=C","InChI=1S/C7H10N2/c1-4-7-5-8-9(3)6(7)2/h4-5H,1H2,2-3H3","XEAZNWIGZRYUIU-UHFFFAOYSA-N"
28708540,"1,3-Dimethyl-5-vinyl-1H-pyrazole",122.084396,"C7H10N2","Cc1cc(n(n1)C)C=C","InChI=1S/C7H10N2/c1-4-7-5-6(2)8-9(7)3/h4-5H,1H2,2-3H3","VPLOAXPECGVSGU-UHFFFAOYSA-N"
29211715,"1-(Cyclopropylmethyl)-1H-pyrazole",122.084396,"C7H10N2","c1cnn(c1)CC2CC2","InChI=1S/C7H10N2/c1-4-8-9(5-1)6-7-2-3-7/h1,4-5,7H,2-3,6H2","IWZYEIKJKNCJNW-UHFFFAOYSA-N"
29291095,"4-Cyclopropyl-5-methyl-1H-imidazole",122.084396,"C7H10N2","Cc1c(nc[nH]1)C2CC2","InChI=1S/C7H10N2/c1-5-7(6-2-3-6)9-4-8-5/h4,6H,2-3H2,1H3,(H,8,9)","SMBXFILRYIQMOZ-UHFFFAOYSA-N"
29357006,"2-Cyclobutyl-1H-imidazole",122.084396,"C7H10N2","c1cnc([nH]1)C2CCC2","InChI=1S/C7H10N2/c1-2-6(3-1)7-8-4-5-9-7/h4-6H,1-3H2,(H,8,9)","CNOAXNNBTQYBCJ-UHFFFAOYSA-N"
29776896,"5-Ethyl-4-methylpyrimidine",122.084396,"C7H10N2","CCc1cncnc1C","InChI=1S/C7H10N2/c1-3-7-4-8-5-9-6(7)2/h4-5H,3H2,1-2H3","VBYNWDSUFLFBCG-UHFFFAOYSA-N"
29776916,"(2E)-3-[(2S)-2-Pyrrolidinyl]acrylonitrile",122.084396,"C7H10N2","C1C[C@H](NC1)/C=C/C#N","InChI=1S/C7H10N2/c8-5-1-3-7-4-2-6-9-7/h1,3,7,9H,2,4,6H2/b3-1+/t7-/m1/s1","NYVUSGMSLBQXDA-RCYFRSRISA-N"
29776945,"(3E)-5-(1-Aziridinyl)-3-pentenenitrile",122.084396,"C7H10N2","C1CN1C/C=C/CC#N","InChI=1S/C7H10N2/c8-4-2-1-3-5-9-6-7-9/h1,3H,2,5-7H2/b3-1+","ZJGCLYZOMXCYJS-HNQUOIGGSA-N"
29776963,"3-Methyl-3,6-dihydro-1(2H)-pyridinecarbonitrile",122.084396,"C7H10N2","CC1CN(CC=C1)C#N","InChI=1S/C7H10N2/c1-7-3-2-4-9(5-7)6-8/h2-3,7H,4-5H2,1H3","YDAUZDGZGSTHOP-UHFFFAOYSA-N"
30804123,"1-Cyclobutyl-1H-pyrazole",122.084396,"C7H10N2","c1cnn(c1)C2CCC2","InChI=1S/C7H10N2/c1-3-7(4-1)9-6-2-5-8-9/h2,5-7H,1,3-4H2","AXWRKAANHAVLRK-UHFFFAOYSA-N"
32034323,"N,5-Dimethyl-3-pyridinamine",122.084396,"C7H10N2","Cc1cc(cnc1)NC","InChI=1S/C7H10N2/c1-6-3-7(8-2)5-9-4-6/h3-5,8H,1-2H3","UNVSIROLDZAQMW-UHFFFAOYSA-N"
32688174,"2-(1-Methylcyclopropyl)-1H-imidazole",122.084396,"C7H10N2","CC1(CC1)c2[nH]ccn2","InChI=1S/C7H10N2/c1-7(2-3-7)6-8-4-5-9-6/h4-5H,2-3H2,1H3,(H,8,9)","GUXIRHGZIZSWFC-UHFFFAOYSA-N"
32772151,"(2Z)-2-Imino-3-methylcyclopentanecarbonitrile",122.084396,"C7H10N2","[H]/N=C\1/C(CCC1C#N)C","InChI=1S/C7H10N2/c1-5-2-3-6(4-8)7(5)9/h5-6,9H,2-3H2,1H3","SFROCXJTIOYLJY-UHFFFAOYSA-N"
32772154,"(2Z)-2-Iminocyclohexanecarbonitrile",122.084396,"C7H10N2","[H]/N=C\1/CCCCC1C#N","InChI=1S/C7H10N2/c8-5-6-3-1-2-4-7(6)9/h6,9H,1-4H2","LXVRLJJPHSMEHI-UHFFFAOYSA-N"
32797158,"1,2,3,4-Tetrahydropyrrolo[1,2-a]pyrimidine",122.084396,"C7H10N2","c1cc2n(c1)CCCN2","InChI=1S/C7H10N2/c1-3-7-8-4-2-6-9(7)5-1/h1,3,5,8H,2,4,6H2","UEOKIZCMXXMZMD-UHFFFAOYSA-N"
32843831,"1-Ethyl-4-vinyl-1H-pyrazole",122.084396,"C7H10N2","CCn1cc(cn1)C=C","InChI=1S/C7H10N2/c1-3-7-5-8-9(4-2)6-7/h3,5-6H,1,4H2,2H3","NWNOTWZWWRAUMN-UHFFFAOYSA-N"
32983830,"1-(1H-Pyrrol-2-yl)-2-propen-1-amine",122.084396,"C7H10N2","C=CC(c1ccc[nH]1)N","InChI=1S/C7H10N2/c1-2-6(8)7-4-3-5-9-7/h2-6,9H,1,8H2","SVCZLBOPSRKEFO-UHFFFAOYSA-N"
34215042,"3-(1-Methylcyclopropyl)-1H-pyrazole",122.084396,"C7H10N2","CC1(CC1)c2cc[nH]n2","InChI=1S/C7H10N2/c1-7(3-4-7)6-2-5-8-9-6/h2,5H,3-4H2,1H3,(H,8,9)","RGQQTRKDYZKYMP-UHFFFAOYSA-N"
35784955,"sec-Butylmalononitrile",122.084396,"C7H10N2","CCC(C)C(C#N)C#N","InChI=1S/C7H10N2/c1-3-6(2)7(4-8)5-9/h6-7H,3H2,1-2H3","LVLZHAYOQDBMAP-UHFFFAOYSA-N"
35807305,"1,1'-(Diazomethylene)dicyclopropane",122.084396,"C7H10N2","C1CC1C(=[N+]=[N-])C2CC2","InChI=1S/C7H10N2/c8-9-7(5-1-2-5)6-3-4-6/h5-6H,1-4H2","NWWZTJIJSJWQBC-UHFFFAOYSA-N"
36809990,"1,3-Dimethyl-4-vinyl-1H-pyrazole",122.084396,"C7H10N2","Cc1c(cn(n1)C)C=C","InChI=1S/C7H10N2/c1-4-7-5-9(3)8-6(7)2/h4-5H,1H2,2-3H3","LNMCFPSTJULCAS-UHFFFAOYSA-N"
37487890,"2,3-Dihydro-1H-pyrrolizin-6-amine",122.084396,"C7H10N2","c1c(cn2c1CCC2)N","InChI=1S/C7H10N2/c8-6-4-7-2-1-3-9(7)5-6/h4-5H,1-3,8H2","SDVVYCLETKTQCJ-UHFFFAOYSA-N"
37487891,"2,3-Dihydro-1H-pyrrolizin-5-amine",122.084396,"C7H10N2","c1cc(n2c1CCC2)N","InChI=1S/C7H10N2/c8-7-4-3-6-2-1-5-9(6)7/h3-4H,1-2,5,8H2","AYUJQZQGDJXEFD-UHFFFAOYSA-N"
37487892,"1,4,5,6-Tetrahydrocyclopenta[b]pyrrol-3-amine",122.084396,"C7H10N2","c1c(c2c([nH]1)CCC2)N","InChI=1S/C7H10N2/c8-6-4-9-7-3-1-2-5(6)7/h4,9H,1-3,8H2","LWFFDOHOJHMPMQ-UHFFFAOYSA-N"
37487893,"4-Methyl-1,2,3,5-tetrahydropyrrolo[3,4-c]pyrrole",122.084396,"C7H10N2","Cc1c2c(c[nH]1)CNC2","InChI=1S/C7H10N2/c1-5-7-4-8-2-6(7)3-9-5/h3,8-9H,2,4H2,1H3","LJSMGPONFNFVMG-UHFFFAOYSA-N"
37548827,"1-Cyclopropyl-2-methyl-1H-imidazole",122.084396,"C7H10N2","Cc1nccn1C2CC2","InChI=1S/C7H10N2/c1-6-8-4-5-9(6)7-2-3-7/h4-5,7H,2-3H2,1H3","XKWHGSSBTIHLIA-UHFFFAOYSA-N"
37548895,"1-Cyclopropyl-5-methyl-1H-pyrazole",122.084396,"C7H10N2","Cc1ccnn1C2CC2","InChI=1S/C7H10N2/c1-6-4-5-8-9(6)7-2-3-7/h4-5,7H,2-3H2,1H3","PDQIHHDEBPSJCE-UHFFFAOYSA-N"
37606045,"1-(1H-Pyrrol-3-yl)-2-propen-1-amine",122.084396,"C7H10N2","C=CC(c1cc[nH]c1)N","InChI=1S/C7H10N2/c1-2-7(8)6-3-4-9-5-6/h2-5,7,9H,1,8H2","SRXIGTINGIAJAS-UHFFFAOYSA-N"
37652164,"1-(3-Azetidinyl)-1H-pyrrole",122.084396,"C7H10N2","c1ccn(c1)C2CNC2","InChI=1S/C7H10N2/c1-2-4-9(3-1)7-5-8-6-7/h1-4,7-8H,5-6H2","IXBYVUWZZBDMKG-UHFFFAOYSA-N"
37686315,"N-Cyclopropyl-1H-pyrrol-2-amine",122.084396,"C7H10N2","c1cc([nH]c1)NC2CC2","InChI=1S/C7H10N2/c1-2-7(8-5-1)9-6-3-4-6/h1-2,5-6,8-9H,3-4H2","UCVJJSBRVQQQMU-UHFFFAOYSA-N"
37686316,"N-Cyclopropyl-1H-pyrrol-3-amine",122.084396,"C7H10N2","c1c[nH]cc1NC2CC2","InChI=1S/C7H10N2/c1-2-6(1)9-7-3-4-8-5-7/h3-6,8-9H,1-2H2","NRGNMEJZYNWMBE-UHFFFAOYSA-N"
37700126,"(2E)-3-(1H-Pyrrol-2-yl)-2-propen-1-amine",122.084396,"C7H10N2","c1cc([nH]c1)/C=C/CN","InChI=1S/C7H10N2/c8-5-1-3-7-4-2-6-9-7/h1-4,6,9H,5,8H2/b3-1+","YOWVTGMRYZXBMI-HNQUOIGGSA-N"
38776162,"4-Cyclobutyl-1H-imidazole",122.084396,"C7H10N2","c1c(nc[nH]1)C2CCC2","InChI=1S/C7H10N2/c1-2-6(3-1)7-4-8-5-9-7/h4-6H,1-3H2,(H,8,9)","GDSUGNGWROJMJM-UHFFFAOYSA-N"
38950317,"[3-Butyn-1-yl(methyl)amino]acetonitrile",122.084396,"C7H10N2","CN(CCC#C)CC#N","InChI=1S/C7H10N2/c1-3-4-6-9(2)7-5-8/h1H,4,6-7H2,2H3","QQZFAJNTRIAFCR-UHFFFAOYSA-N"
376518,"2,3-Diazaspiro[bicyclo[2.2.1]heptane-7,1'-cyclopropane]-2-ene",122.084396,"C7H10N2","C1CC2C3(C1N=N2)CC3","InChI=1S/C7H10N2/c1-2-6-7(3-4-7)5(1)8-9-6/h5-6H,1-4H2","WRWMGNUKEDPAFY-UHFFFAOYSA-N"
4401687,"3a,6,7,7a-Tetrahydro-1H-pyrrolo[2,3-b]pyridine",122.084396,"C7H10N2","C1C=CC2C=CNC2N1","InChI=1S/C7H10N2/c1-2-6-3-5-9-7(6)8-4-1/h1-3,5-9H,4H2","SOZFKPGOMNZFER-UHFFFAOYSA-N"
9074232,"[(3S)-4-Methylene-3-pyrrolidinyl]acetonitrile",122.084396,"C7H10N2","N#CC[C@H]1C(=C)\CNC1","InChI=1S/C7H10N2/c1-6-4-9-5-7(6)2-3-8/h7,9H,1-2,4-5H2/t7-/m1/s1","VEXVUYHPBLLRKL-SSDOTTSWSA-N"
10413790,"2-(2,4-Cyclopentadien-1-ylidene)-1,1-dimethylhydrazine",122.084396,"C7H10N2","CN(C)N=C1C=CC=C1","InChI=1S/C7H10N2/c1-9(2)8-7-5-3-4-6-7/h3-6H,1-2H3","BVXCLKUHWQIURF-UHFFFAOYSA-N"
10491266,"5-Ethyl-3-methylpyridazine",122.084396,"C7H10N2","Cc1cc(CC)cnn1","InChI=1S/C7H10N2/c1-3-7-4-6(2)9-8-5-7/h4-5H,3H2,1-2H3","OYLPFRVXYIMXQK-UHFFFAOYSA-N"
10502270,"N,N'-Diallylcarbodiimide",122.084396,"C7H10N2","C=CC\N=C=N\CC=C","InChI=1S/C7H10N2/c1-3-5-8-7-9-6-4-2/h3-4H,1-2,5-6H2","JKOPIMHCDFWZHJ-UHFFFAOYSA-N"
10539026,"1,3-Dimethyl-2(1H)-pyridinimine",122.084396,"C7H10N2","C\C1=C\C=C/N(C)C1=N","InChI=1S/C7H10N2/c1-6-4-3-5-9(2)7(6)8/h3-5,8H,1-2H3","DPEHCVJYXPATBX-UHFFFAOYSA-N"
13082145,"(2R)-1-Methyl-1,2,5,6-tetrahydro-2-pyridinecarbonitrile",122.084396,"C7H10N2","CN1CCC=C[C@@H]1C#N","InChI=1S/C7H10N2/c1-9-5-3-2-4-7(9)6-8/h2,4,7H,3,5H2,1H3/t7-/m1/s1","XPGCXCNNIYNUMX-SSDOTTSWSA-N"
14072820,"2,3,3a,4-Tetrahydro-1H-benzimidazole",122.084396,"C7H10N2","C1C=CC=C2C1NCN2","InChI=1S/C7H10N2/c1-2-4-7-6(3-1)8-5-9-7/h1-3,7-9H,4-5H2","OJHWPOJTJKJBLA-UHFFFAOYSA-N"
15079397,"1-Allyl-3-methyl-2-aziridinecarbonitrile",122.084396,"C7H10N2","CC1C(N1CC=C)C#N","InChI=1S/C7H10N2/c1-3-4-9-6(2)7(9)5-8/h3,6-7H,1,4H2,2H3","QSESYYMGEDCKCC-UHFFFAOYSA-N"
15079399,"1-(2-Methyl-2-propen-1-yl)-2-aziridinecarbonitrile",122.084396,"C7H10N2","CC(=C)CN1CC1C#N","InChI=1S/C7H10N2/c1-6(2)4-9-5-7(9)3-8/h7H,1,4-5H2,2H3","JJVJOFAXYJBYTQ-UHFFFAOYSA-N"
15208271,"1,5-Diisocyanopentane",122.084396,"C7H10N2","[C-]#[N+]CCCCC[N+]#[C-]","InChI=1S/C7H10N2/c1-8-6-4-3-5-7-9-2/h3-7H2","FNQAPWLAAGKPBO-UHFFFAOYSA-N"
21418590,"(1E)-N-Methyl-1-(1H-pyrrol-2-yl)ethanimine",122.084396,"C7H10N2","C/C(=N\C)/c1ccc[nH]1","InChI=1S/C7H10N2/c1-6(8-2)7-4-3-5-9-7/h3-5,9H,1-2H3/b8-6+","SKWBOKUOGVUGMN-SOFGYWHQSA-N"
24194721,"(2E,4Z)-5-(Dimethylamino)-2,4-pentadienenitrile",122.084396,"C7H10N2","CN(C)/C=C\C=C\C#N","InChI=1S/C7H10N2/c1-9(2)7-5-3-4-6-8/h3-5,7H,1-2H3/b4-3+,7-5-","RGXFESPWGWPLEK-BZDQXIRASA-N"
24194735,"1-[(2Z)-2-Buten-1-yl]-2-aziridinecarbonitrile",122.084396,"C7H10N2","C/C=C\CN1CC1C#N","InChI=1S/C7H10N2/c1-2-3-4-9-6-7(9)5-8/h2-3,7H,4,6H2,1H3/b3-2-","FGZMPRNCRAYNBX-IHWYPQMZSA-N"
24194737,"(3Z)-5-(1-Aziridinyl)-3-pentenenitrile",122.084396,"C7H10N2","C1CN1C/C=C\CC#N","InChI=1S/C7H10N2/c8-4-2-1-3-5-9-6-7-9/h1,3H,2,5-7H2/b3-1-","ZJGCLYZOMXCYJS-IWQZZHSRSA-N"
24194739,"(Z)-N-Methyl-1-(1-methyl-1H-pyrrol-2-yl)methanimine",122.084396,"C7H10N2","C/N=C\c1cccn1C","InChI=1S/C7H10N2/c1-8-6-7-4-3-5-9(7)2/h3-6H,1-2H3/b8-6-","LZDOEBQQAZKQNE-VURMDHGXSA-N"
24194740,"1-[(2Z)-2-Buten-2-yl]-2-aziridinecarbonitrile",122.084396,"C7H10N2","C/C=C(/C)\N1CC1C#N","InChI=1S/C7H10N2/c1-3-6(2)9-5-7(9)4-8/h3,7H,5H2,1-2H3/b6-3-","WDUWGPZWRVTMJM-UTCJRWHESA-N"
24194744,"1-Allyl-2-methyl-2-aziridinecarbonitrile",122.084396,"C7H10N2","CC1(CN1CC=C)C#N","InChI=1S/C7H10N2/c1-3-4-9-6-7(9,2)5-8/h3H,1,4,6H2,2H3","JKKQFHBNGNMRRH-UHFFFAOYSA-N"
24194754,"3-(2,5-Dihydro-1H-pyrrol-1-yl)propanenitrile",122.084396,"C7H10N2","C1C=CCN1CCC#N","InChI=1S/C7H10N2/c8-4-3-7-9-5-1-2-6-9/h1-2H,3,5-7H2","RKFGNBISKGQZJF-UHFFFAOYSA-N"
24194755,"1-[(2Z)-2-Buten-1-yl]-1H-imidazole",122.084396,"C7H10N2","C/C=C\Cn1ccnc1","InChI=1S/C7H10N2/c1-2-3-5-9-6-4-8-7-9/h2-4,6-7H,5H2,1H3/b3-2-","AKBNVSZFPAJJDT-IHWYPQMZSA-N"
24194756,"3-(Diethylamino)-2-propynenitrile",122.084396,"C7H10N2","CCN(CC)C#CC#N","InChI=1S/C7H10N2/c1-3-9(4-2)7-5-6-8/h3-4H2,1-2H3","WRMVDJZFYHDVDL-UHFFFAOYSA-N"
32867338,"2-[(2R)-2-Aziridinyl]-1-methyl-1H-pyrrole",122.084396,"C7H10N2","Cn1cccc1[C@H]2CN2","InChI=1S/C7H10N2/c1-9-4-2-3-7(9)6-5-8-6/h2-4,6,8H,5H2,1H3/t6-/m1/s1","AOISWKWKGIOFAH-ZCFIWIBFSA-N"
32867538,"2-[(2R)-2-Azetidinyl]-1H-pyrrole",122.084396,"C7H10N2","c1cc([nH]c1)[C@H]2CCN2","InChI=1S/C7H10N2/c1-2-6(8-4-1)7-3-5-9-7/h1-2,4,7-9H,3,5H2/t7-/m1/s1","RTDKGXLFFBXADI-SSDOTTSWSA-N"
32974295,"2-Amino-6-heptynenitrile",122.084396,"C7H10N2","C#CCCCC(C#N)N","InChI=1S/C7H10N2/c1-2-3-4-5-7(9)6-8/h1,7H,3-5,9H2","HVMQBJSRWTXBCX-UHFFFAOYSA-N"
32974754,"2-Amino-5-methyl-1-cyclopentene-1-carbonitrile",122.084396,"C7H10N2","CC1CCC(=C1C#N)N","InChI=1S/C7H10N2/c1-5-2-3-7(9)6(5)4-8/h5H,2-3,9H2,1H3","UMSGOXYRQATIAL-UHFFFAOYSA-N"
32975618,"4,5,6,7-Tetrahydro-1H-pyrrolo[2,3-b]pyridine",122.084396,"C7H10N2","c1c[nH]c2c1CCCN2","InChI=1S/C7H10N2/c1-2-6-3-5-9-7(6)8-4-1/h3,5,8-9H,1-2,4H2","REPGMMMMEXASST-UHFFFAOYSA-N"
32976097,"7-Azabicyclo[2.2.1]heptane-1-carbonitrile",122.084396,"C7H10N2","C1CC2(CCC1N2)C#N","InChI=1S/C7H10N2/c8-5-7-3-1-6(9-7)2-4-7/h6,9H,1-4H2","DSAQJGKQAQQZEM-UHFFFAOYSA-N"
32976304,"2,3,4,5-Tetrahydro-1H-benzimidazole",122.084396,"C7H10N2","C1CC2=C(C=C1)NCN2","InChI=1S/C7H10N2/c1-2-4-7-6(3-1)8-5-9-7/h1,3,8-9H,2,4-5H2","CVEKMBNJIHNMNF-UHFFFAOYSA-N"
32976536,"N-Methyl-3H-azepin-2-amine",122.084396,"C7H10N2","CNC1=NC=CC=CC1","InChI=1S/C7H10N2/c1-8-7-5-3-2-4-6-9-7/h2-4,6H,5H2,1H3,(H,8,9)","HZURBXCYGLTMJN-UHFFFAOYSA-N"
32977315,"1,2,3,8a-Tetrahydroimidazo[1,5-a]pyridine",122.084396,"C7H10N2","C1C2C=CC=CN2CN1","InChI=1S/C7H10N2/c1-2-4-9-6-8-5-7(9)3-1/h1-4,7-8H,5-6H2","ZRUIEYCAUAOEOS-UHFFFAOYSA-N"
32982066,"4-Amino-1-cyclohexene-1-carbonitrile",122.084396,"C7H10N2","C1CC(=CCC1N)C#N","InChI=1S/C7H10N2/c8-5-6-1-3-7(9)4-2-6/h1,7H,2-4,9H2","RGRPADFATWWPMN-UHFFFAOYSA-N"
32982114,"2-Aminobicyclo[2.1.1]hexane-2-carbonitrile",122.084396,"C7H10N2","C1C2CC1C(C2)(C#N)N","InChI=1S/C7H10N2/c8-4-7(9)3-5-1-6(7)2-5/h5-6H,1-3,9H2","XDYDMVIYJVXVHB-UHFFFAOYSA-N"
32982928,"(1R)-1-(1H-Pyrrol-2-yl)-2-propen-1-amine",122.084396,"C7H10N2","C=C[C@H](c1ccc[nH]1)N","InChI=1S/C7H10N2/c1-2-6(8)7-4-3-5-9-7/h2-6,9H,1,8H2/t6-/m1/s1","SVCZLBOPSRKEFO-ZCFIWIBFSA-N"
32984103,"2-(2-Azetidinyl)-1H-pyrrole",122.084396,"C7H10N2","c1cc([nH]c1)C2CCN2","InChI=1S/C7H10N2/c1-2-6(8-4-1)7-3-5-9-7/h1-2,4,7-9H,3,5H2","RTDKGXLFFBXADI-UHFFFAOYSA-N"
32988509,"(2Z,4E)-2-Methyl-5-(methylamino)-2,4-pentadienenitrile",122.084396,"C7H10N2","C/C(=C/C=C/NC)/C#N","InChI=1S/C7H10N2/c1-7(6-8)4-3-5-9-2/h3-5,9H,1-2H3/b5-3+,7-4-","MKWKHAMUPSYRHP-AECUNDDTSA-N"
32989663,"(2E)-(5-Methyl-2-pyrrolidinylidene)acetonitrile",122.084396,"C7H10N2","CC1CC/C(=C\C#N)/N1","InChI=1S/C7H10N2/c1-6-2-3-7(9-6)4-5-8/h4,6,9H,2-3H2,1H3/b7-4+","FGNSMBFQSDGOIS-QPJJXVBHSA-N"
32990445,"7-Azabicyclo[4.1.0]heptane-1-carbonitrile",122.084396,"C7H10N2","C1CCC2(C(C1)N2)C#N","InChI=1S/C7H10N2/c8-5-7-4-2-1-3-6(7)9-7/h6,9H,1-4H2","WFMBIDCUPBYHMX-UHFFFAOYSA-N"
32990954,"(1R,2S,4S)-7-Azabicyclo[2.2.1]heptane-2-carbonitrile",122.084396,"C7H10N2","C1C[C@@H]2[C@H](C[C@H]1N2)C#N","InChI=1S/C7H10N2/c8-4-5-3-6-1-2-7(5)9-6/h5-7,9H,1-3H2/t5-,6+,7-/m1/s1","HTFXNBOYPKAIPY-DSYKOEDSSA-N"
32991059,"4-[(2E)-2-Buten-2-yl]-1H-imidazole",122.084396,"C7H10N2","C/C=C(\C)/c1c[nH]cn1","InChI=1S/C7H10N2/c1-3-6(2)7-4-8-5-9-7/h3-5H,1-2H3,(H,8,9)/b6-3+","AVVRDVRWQZDCFS-ZZXKWVIFSA-N"
32991136,"2-Cyclopropyl-4-methyl-1H-imidazole",122.084396,"C7H10N2","Cc1c[nH]c(n1)C2CC2","InChI=1S/C7H10N2/c1-5-4-8-7(9-5)6-2-3-6/h4,6H,2-3H2,1H3,(H,8,9)","MLNFYQLXIZUERK-UHFFFAOYSA-N"
32991153,"(2Z)-2-Piperidinylideneacetonitrile",122.084396,"C7H10N2","C1CCN/C(=C\C#N)/C1","InChI=1S/C7H10N2/c8-5-4-7-3-1-2-6-9-7/h4,9H,1-3,6H2/b7-4-","DDVXVUONUXMQBT-DAXSKMNVSA-N"
32992023,"(1S,3R,4R)-2-Azabicyclo[2.2.1]heptane-3-carbonitrile",122.084396,"C7H10N2","C1C[C@H]2C[C@@H]1[C@@H](N2)C#N","InChI=1S/C7H10N2/c8-4-7-5-1-2-6(3-5)9-7/h5-7,9H,1-3H2/t5-,6+,7+/m1/s1","CBECPKLEGGTSOV-VQVTYTSYSA-N"
32992291,"(1S,3S,4R)-2-Azabicyclo[2.2.1]heptane-3-carbonitrile",122.084396,"C7H10N2","C1C[C@H]2C[C@@H]1[C@H](N2)C#N","InChI=1S/C7H10N2/c8-4-7-5-1-2-6(3-5)9-7/h5-7,9H,1-3H2/t5-,6+,7-/m1/s1","CBECPKLEGGTSOV-DSYKOEDSSA-N"
32995605,"(2E,4E)-4-Methyl-5-(methylamino)-2,4-pentadienenitrile",122.084396,"C7H10N2","C/C(=C\NC)/C=C/C#N","InChI=1S/C7H10N2/c1-7(6-9-2)4-3-5-8/h3-4,6,9H,1-2H3/b4-3+,7-6+","WBUQOKJDGYQSMU-FZWLCVONSA-N"
32995606,"(2Z,4E)-3-Methyl-5-(methylamino)-2,4-pentadienenitrile",122.084396,"C7H10N2","C/C(=C/C#N)/C=C/NC","InChI=1S/C7H10N2/c1-7(3-5-8)4-6-9-2/h3-4,6,9H,1-2H3/b6-4+,7-3-","LJMMEHPYSNVPPI-KUSYPTLRSA-N"
33286918,"(E)-1-(1-Ethynyl-2-pyrrolidinylidene)methanamine",122.084396,"C7H10N2","C#CN\1CCC/C1=C\N","InChI=1S/C7H10N2/c1-2-9-5-3-4-7(9)6-8/h1,6H,3-5,8H2/b7-6+","OYQBIUDAKKQZSM-VOTSOKGWSA-N"
34066300,"4-Cyclopropyl-1-methyl-1H-imidazole",122.084396,"C7H10N2","Cn1cc(nc1)C2CC2","InChI=1S/C7H10N2/c1-9-4-7(8-5-9)6-2-3-6/h4-6H,2-3H2,1H3","WSMJRGQWZDXEJO-UHFFFAOYSA-N"
38950916,"[Ethyl(2-propyn-1-yl)amino]acetonitrile",122.084396,"C7H10N2","CCN(CC#C)CC#N","InChI=1S/C7H10N2/c1-3-6-9(4-2)7-5-8/h1H,4,6-7H2,2H3","IOMCDDIMVYYDSZ-UHFFFAOYSA-N"
38967800,"2-[Methyl(2-propyn-1-yl)amino]propanenitrile",122.084396,"C7H10N2","CC(C#N)N(C)CC#C","InChI=1S/C7H10N2/c1-4-5-9(3)7(2)6-8/h1,7H,5H2,2-3H3","ATZZFIDFFHLRHB-UHFFFAOYSA-N"
39168698,"3-(3-Butyn-1-ylamino)propanenitrile",122.084396,"C7H10N2","C#CCCNCCC#N","InChI=1S/C7H10N2/c1-2-3-6-9-7-4-5-8/h1,9H,3-4,6-7H2","AHMJQRQIVFXVMB-UHFFFAOYSA-N"
39796249,"[2-Butyn-1-yl(methyl)amino]acetonitrile",122.084396,"C7H10N2","CC#CCN(C)CC#N","InChI=1S/C7H10N2/c1-3-4-6-9(2)7-5-8/h6-7H2,1-2H3","WMXDFIFGRQLXBK-UHFFFAOYSA-N"
40495244,"(2E)-(1-Methyl-3-pyrrolidinylidene)acetonitrile",122.084396,"C7H10N2","CN1CC/C(=C\C#N)/C1","InChI=1S/C7H10N2/c1-9-5-3-7(6-9)2-4-8/h2H,3,5-6H2,1H3/b7-2+","NCXROSJAKUUOFB-FARCUNLSSA-N"
41204217,"2-Allyl-1-methyl-1H-imidazole",122.084396,"C7H10N2","Cn1ccnc1CC=C","InChI=1S/C7H10N2/c1-3-4-7-8-5-6-9(7)2/h3,5-6H,1,4H2,2H3","JCZRGHOQRICMFX-UHFFFAOYSA-N"
41204246,"5-Allyl-1-methyl-1H-pyrazole",122.084396,"C7H10N2","Cn1c(ccn1)CC=C","InChI=1S/C7H10N2/c1-3-4-7-5-6-8-9(7)2/h3,5-6H,1,4H2,2H3","AJCCRRRWAJNBTE-UHFFFAOYSA-N"
42100091,"(3-Cyclopenten-1-ylamino)acetonitrile",122.084396,"C7H10N2","C1C=CCC1NCC#N","InChI=1S/C7H10N2/c8-5-6-9-7-3-1-2-4-7/h1-2,7,9H,3-4,6H2","ODYOSMFDCVNQNW-UHFFFAOYSA-N"
42139233,"5-Hexyn-3-ylcyanamide",122.084396,"C7H10N2","CCC(CC#C)NC#N","InChI=1S/C7H10N2/c1-3-5-7(4-2)9-6-8/h1,7,9H,4-5H2,2H3","GGARXBZYFVIMFS-UHFFFAOYSA-N"
42139662,"(4-Pentyn-2-ylamino)acetonitrile",122.084396,"C7H10N2","CC(CC#C)NCC#N","InChI=1S/C7H10N2/c1-3-4-7(2)9-6-5-8/h1,7,9H,4,6H2,2H3","PGQIMOXXKQVPOS-UHFFFAOYSA-N"
42409140,"3-(2-Butyn-1-ylamino)propanenitrile",122.084396,"C7H10N2","CC#CCNCCC#N","InChI=1S/C7H10N2/c1-2-3-6-9-7-4-5-8/h9H,4,6-7H2,1H3","BSQOLSAFPOAGGG-UHFFFAOYSA-N"
42409319,"2-(2-Butyn-1-ylamino)propanenitrile",122.084396,"C7H10N2","CC#CCNC(C)C#N","InChI=1S/C7H10N2/c1-3-4-5-9-7(2)6-8/h7,9H,5H2,1-2H3","QVARRXFOBGZKEA-UHFFFAOYSA-N"
42964952,"1-Ethyl-5-vinyl-1H-pyrazole",122.084396,"C7H10N2","CCn1c(ccn1)C=C","InChI=1S/C7H10N2/c1-3-7-5-6-8-9(7)4-2/h3,5-6H,1,4H2,2H3","BXYFMWBDVFCGFV-UHFFFAOYSA-N"
43037656,"4-Methyl-3,6-dihydro-1(2H)-pyridinecarbonitrile",122.084396,"C7H10N2","CC1=CCN(CC1)C#N","InChI=1S/C7H10N2/c1-7-2-4-9(6-8)5-3-7/h2H,3-5H2,1H3","UFAWNDDFWKIRGI-UHFFFAOYSA-N"
43044458,"3-(3-Butyn-2-ylamino)propanenitrile",122.084396,"C7H10N2","CC(C#C)NCCC#N","InChI=1S/C7H10N2/c1-3-7(2)9-6-4-5-8/h1,7,9H,4,6H2,2H3","IWICFSRLADHYMC-UHFFFAOYSA-N"
43044497,"2-(3-Butyn-2-ylamino)propanenitrile",122.084396,"C7H10N2","CC(C#C)NC(C)C#N","InChI=1S/C7H10N2/c1-4-6(2)9-7(3)5-8/h1,6-7,9H,2-3H3","IJBURFLLBZSYDA-UHFFFAOYSA-N"
