"Identifier","CompoundName","MonoisotopicMass","MolecularFormula","SMILES","InChI","InChIKey"
11594,"4-Nitrobenzamide",166.037842,"C7H6N2O3","c1cc(ccc1C(=O)N)[N+](=O)[O-]","InChI=1S/C7H6N2O3/c8-7(10)5-1-3-6(4-2-5)9(11)12/h1-4H,(H2,8,10)","ZESWUEBPRPGMTP-UHFFFAOYSA-N"
73478,"3-nitro-4-nitrosotoluene",166.037842,"C7H6N2O3","Cc1ccc(c(c1)[N+](=O)[O-])N=O","InChI=1S/C7H6N2O3/c1-5-2-3-6(8-10)7(4-5)9(11)12/h2-4H,1H3","UORRERBFSRQJHQ-UHFFFAOYSA-N"
76930,"N-(4-Nitrophenyl)formamide",166.037842,"C7H6N2O3","c1cc(ccc1NC=O)[N+](=O)[O-]","InChI=1S/C7H6N2O3/c10-5-8-6-1-3-7(4-2-6)9(11)12/h1-5H,(H,8,10)","ZTCQFVRINYOPOH-UHFFFAOYSA-N"
84607,"2-Methyl-4-nitro-1-nitrosobenzene",166.037842,"C7H6N2O3","Cc1cc(ccc1N=O)[N+](=O)[O-]","InChI=1S/C7H6N2O3/c1-5-4-6(9(11)12)2-3-7(5)8-10/h2-4H,1H3","BJYRPJHNDONQKN-UHFFFAOYSA-N"
86743,"N-Hydroxy-1-(2-nitrophenyl)methanimine",166.037842,"C7H6N2O3","c1ccc(c(c1)C=NO)[N+](=O)[O-]","InChI=1S/C7H6N2O3/c10-8-5-6-3-1-2-4-7(6)9(11)12/h1-5,10H","IHMGDCCTWRRUDX-UHFFFAOYSA-N"
86963,"N-Hydroxy-1-(4-nitrophenyl)methanimine",166.037842,"C7H6N2O3","c1cc(ccc1C=NO)[N+](=O)[O-]","InChI=1S/C7H6N2O3/c10-8-5-6-1-3-7(4-2-6)9(11)12/h1-5,10H","WTLPAVBACRIHHC-UHFFFAOYSA-N"
132224,"1-Methyl-4-nitro-2-nitrosobenzene",166.037842,"C7H6N2O3","Cc1ccc(cc1N=O)[N+](=O)[O-]","InChI=1S/C7H6N2O3/c1-5-2-3-6(9(11)12)4-7(5)8-10/h2-4H,1H3","NOIZTWYRRJGHAL-UHFFFAOYSA-N"
132837,"1-Methyl-2-nitro-4-nitrosobenzene",166.037842,"C7H6N2O3","Cc1ccc(cc1[N+](=O)[O-])N=O","InChI=1S/C7H6N2O3/c1-5-2-3-6(8-10)4-7(5)9(11)12/h2-4H,1H3","ZSCJZIDMDQTVQL-UHFFFAOYSA-N"
136179,"2-Methyl-1-nitro-3-nitrosobenzene",166.037842,"C7H6N2O3","Cc1c(cccc1[N+](=O)[O-])N=O","InChI=1S/C7H6N2O3/c1-5-6(8-10)3-2-4-7(5)9(11)12/h2-4H,1H3","IMKJLWRKHDPLMZ-UHFFFAOYSA-N"
189942,"N-Hydroxy-1-(3-nitrophenyl)methanimine",166.037842,"C7H6N2O3","c1cc(cc(c1)[N+](=O)[O-])C=NO","InChI=1S/C7H6N2O3/c10-8-5-6-2-1-3-7(4-6)9(11)12/h1-5,10H","GQMMRLBWXCGBEV-UHFFFAOYSA-N"
196569,"5-(2-Furyl)-2,4-imidazolidinedione",166.037842,"C7H6N2O3","c1cc(oc1)C2C(=O)NC(=O)N2","InChI=1S/C7H6N2O3/c10-6-5(8-7(11)9-6)4-2-1-3-12-4/h1-3,5H,(H2,8,9,10,11)","FRUPUSOXGOBUQA-UHFFFAOYSA-N"
226697,"N-(2-Nitrophenyl)formamide",166.037842,"C7H6N2O3","c1ccc(c(c1)NC=O)[N+](=O)[O-]","InChI=1S/C7H6N2O3/c10-5-8-6-3-1-2-4-7(6)9(11)12/h1-5H,(H,8,10)","BZYJTNRRZYHLMH-UHFFFAOYSA-N"
227129,"2-Carbamoylnicotinic acid",166.037842,"C7H6N2O3","c1cc(c(nc1)C(=O)N)C(=O)O","InChI=1S/C7H6N2O3/c8-6(10)5-4(7(11)12)2-1-3-9-5/h1-3H,(H2,8,10)(H,11,12)","DIABIDLZBNRSPR-UHFFFAOYSA-N"
245873,"2-Amino-5-nitrobenzaldehyde",166.037842,"C7H6N2O3","c1cc(c(cc1[N+](=O)[O-])C=O)N","InChI=1S/C7H6N2O3/c8-7-2-1-6(9(11)12)3-5(7)4-10/h1-4H,8H2","BXXBQHFYNFGHNG-UHFFFAOYSA-N"
284177,"5-methoxybenzofuroxan",166.037842,"C7H6N2O3","COc1ccc2c(c1)no[n+]2[O-]","InChI=1S/C7H6N2O3/c1-11-5-2-3-7-6(4-5)8-12-9(7)10/h2-4H,1H3","ABSKHUSUHODMEL-UHFFFAOYSA-N"
289357,"4-Methylthieno[3,2-d][1,2,3]diazaborinin-1(2H)-ol",166.037216,"C6H7BN2OS","B1(c2ccsc2C(=NN1)C)O","InChI=1S/C6H7BN2OS/c1-4-6-5(2-3-11-6)7(10)9-8-4/h2-3,9-10H,1H3","LVZUMSAOORDPBX-UHFFFAOYSA-N"
289360,"4-Methylthieno(2,3-d)(1,2,3)diazaborinin-1(2H)-ol",166.037216,"C6H7BN2OS","B1(c2c(ccs2)C(=NN1)C)O","InChI=1S/C6H7BN2OS/c1-4-5-2-3-11-6(5)7(10)9-8-4/h2-3,9-10H,1H3","FWNVLTMEXBJHNS-UHFFFAOYSA-N"
298391,"5-Carbamoylnicotinic acid",166.037842,"C7H6N2O3","c1c(cncc1C(=O)O)C(=O)N","InChI=1S/C7H6N2O3/c8-6(10)4-1-5(7(11)12)3-9-2-4/h1-3H,(H2,8,10)(H,11,12)","SRIRTFSQYOUBGL-UHFFFAOYSA-N"
391773,"4-Hydroxy-3-nitrosobenzamide",166.037842,"C7H6N2O3","c1cc(c(cc1C(=O)N)N=O)O","InChI=1S/C7H6N2O3/c8-7(11)4-1-2-6(10)5(3-4)9-12/h1-3,10H,(H2,8,11)","GUWUNALKOAAXJC-UHFFFAOYSA-N"
477336,"6-Methoxybenzofuroxan",166.037842,"C7H6N2O3","COc1ccc2c(c1)[n+](on2)[O-]","InChI=1S/C7H6N2O3/c1-11-5-2-3-6-7(4-5)9(10)12-8-6/h2-4H,1H3","XCWFKHHSXPIDHN-UHFFFAOYSA-N"
483406,"Oxo(2-pyridinylamino)acetic acid ",166.037842,"C7H6N2O3","c1ccnc(c1)NC(=O)C(=O)O","InChI=1S/C7H6N2O3/c10-6(7(11)12)9-5-3-1-2-4-8-5/h1-4H,(H,11,12)(H,8,9,10)","RQLBRIIHVJSCTG-UHFFFAOYSA-N"
519069,"N-(3-Nitrophenyl)formamide",166.037842,"C7H6N2O3","c1cc(cc(c1)[N+](=O)[O-])NC=O","InChI=1S/C7H6N2O3/c10-5-8-6-2-1-3-7(4-6)9(11)12/h1-5H,(H,8,10)","QCDUUALALDXTAD-UHFFFAOYSA-N"
631590,"1,3-Dihydroxy-1,3-dihydro-2H-benzimidazol-2-one",166.037842,"C7H6N2O3","c1ccc2c(c1)n(c(=O)n2O)O","InChI=1S/C7H6N2O3/c10-7-8(11)5-3-1-2-4-6(5)9(7)12/h1-4,11-12H","MVYNLSRYRQAPAX-UHFFFAOYSA-N"
1013231,"4-Carbamoylnicotinic acid",166.037842,"C7H6N2O3","c1cncc(c1C(=O)N)C(=O)O","InChI=1S/C7H6N2O3/c8-6(10)4-1-2-9-3-5(4)7(11)12/h1-3H,(H2,8,10)(H,11,12)","PUXXPJODVNKSAT-UHFFFAOYSA-N"
2008716,"5-Carbamoyl-2-pyridinecarboxylic acid",166.037842,"C7H6N2O3","c1cc(ncc1C(=O)N)C(=O)O","InChI=1S/C7H6N2O3/c8-6(10)4-1-2-5(7(11)12)9-3-4/h1-3H,(H2,8,10)(H,11,12)","KGBSMDOELQXOBN-UHFFFAOYSA-N"
2032445,"2-Oxo-3,3a,7,7a-tetrahydro-2H-pyrano[2,3-d][1,3]oxazole-5-carbonitrile",166.037842,"C7H6N2O3","C1C=C(OC2C1OC(=O)N2)C#N","InChI=1S/C7H6N2O3/c8-3-4-1-2-5-6(11-4)9-7(10)12-5/h1,5-6H,2H2,(H,9,10)","DKFVTWHVBCAVMH-UHFFFAOYSA-N"
2043229,"1-(3-Nitro-4-pyridinyl)ethanone",166.037842,"C7H6N2O3","CC(=O)c1ccncc1[N+](=O)[O-]","InChI=1S/C7H6N2O3/c1-5(10)6-2-3-8-4-7(6)9(11)12/h2-4H,1H3","WJBPEUKZXRFJDM-UHFFFAOYSA-N"
2283380,"6-Methyl-5-nitropicolinaldehyde",166.037842,"C7H6N2O3","Cc1c(ccc(n1)C=O)[N+](=O)[O-]","InChI=1S/C7H6N2O3/c1-5-7(9(11)12)3-2-6(4-10)8-5/h2-4H,1H3","NKZIEDOFORWCFI-UHFFFAOYSA-N"
2294214,"1-Methyl-3-(2-propynyl)imidazolidinetrione",166.037842,"C7H6N2O3","CN1C(=O)C(=O)N(C1=O)CC#C","InChI=1S/C7H6N2O3/c1-3-4-9-6(11)5(10)8(2)7(9)12/h1H,4H2,2H3","UPHTWNVHKJPWCV-UHFFFAOYSA-N"
2926733,"2-Methylthieno[3,2-d][1,2,3]diazaborinin-1(2H)-ol",166.037216,"C6H7BN2OS","B1(c2ccsc2C=NN1C)O","InChI=1S/C6H7BN2OS/c1-9-7(10)5-2-3-11-6(5)4-8-9/h2-4,10H,1H3","DHYSJNFOWHASBD-UHFFFAOYSA-N"
2934228,"4-Nitro-2,3-dihydro-1,3-benzoxazole",166.037842,"C7H6N2O3","c1cc(c2c(c1)OCN2)[N+](=O)[O-]","InChI=1S/C7H6N2O3/c10-9(11)5-2-1-3-6-7(5)8-4-12-6/h1-3,8H,4H2","TUCJMBANSXLUGL-UHFFFAOYSA-N"
4318374,"2-(2-Furyl)-1H-imidazol-1-ol 3-oxide",166.037842,"C7H6N2O3","c1cc(oc1)c2n(cc[n+]2[O-])O","InChI=1S/C7H6N2O3/c10-8-3-4-9(11)7(8)6-2-1-5-12-6/h1-5,10H","WKECHNGQVCRRAM-UHFFFAOYSA-N"
4332758,"4-Oxo-4-(1H-pyrazol-1-yl)-2-butenoic acid",166.037842,"C7H6N2O3","c1cnn(c1)C(=O)C=CC(=O)O","InChI=1S/C7H6N2O3/c10-6(2-3-7(11)12)9-5-1-4-8-9/h1-5H,(H,11,12)","UJFQLMMNDJZRBU-UHFFFAOYSA-N"
4510308,"m-Nitrobenzaldehyde oxime",166.037842,"C7H6N2O3","c1cc(cc(c1)[N+](=O)[O-])/C=N/O","InChI=1S/C7H6N2O3/c10-8-5-6-2-1-3-7(4-6)9(11)12/h1-5,10H/b8-5+","GQMMRLBWXCGBEV-VMPITWQZSA-N"
4510610,"(6E)-4-(Hydroxyamino)-6-(nitrosomethylene)-2,4-cyclohexadien-1-one",166.037842,"C7H6N2O3","C1=CC(=O)/C(=C/N=O)/C=C1NO","InChI=1S/C7H6N2O3/c10-7-2-1-6(9-12)3-5(7)4-8-11/h1-4,9,12H/b5-4+","IQKKRUVILXJIFU-SNAWJCMRSA-N"
4520016,"(3E)-2-Oxo-3-(2(1H)-pyrazinylidene)propanoic acid",166.037842,"C7H6N2O3","C1=CN=C/C(=C\C(=O)C(=O)O)/N1","InChI=1S/C7H6N2O3/c10-6(7(11)12)3-5-4-8-1-2-9-5/h1-4,9H,(H,11,12)/b5-3+","GPPLFECAZXZKSA-HWKANZROSA-N"
4520439,"3-NITROBENZALDOXIME",166.037842,"C7H6N2O3","c1cc(cc(c1)[N+](=O)[O-])/C=N\O","InChI=1S/C7H6N2O3/c10-8-5-6-2-1-3-7(4-6)9(11)12/h1-5,10H/b8-5-","GQMMRLBWXCGBEV-YVMONPNESA-N"
4522436,"2-NITROBENZALDOXIME",166.037842,"C7H6N2O3","c1ccc(c(c1)/C=N\O)[N+](=O)[O-]","InChI=1S/C7H6N2O3/c10-8-5-6-3-1-2-4-7(6)9(11)12/h1-5,10H/b8-5-","IHMGDCCTWRRUDX-YVMONPNESA-N"
4523938,"Benzaldehyde, 4-nitro-, oxime (9CI)",166.037842,"C7H6N2O3","c1cc(ccc1/C=N/O)[N+](=O)[O-]","InChI=1S/C7H6N2O3/c10-8-5-6-1-3-7(4-2-6)9(11)12/h1-5,10H/b8-5+","WTLPAVBACRIHHC-VMPITWQZSA-N"
4523939,"P-NITROBENZALDOXIME",166.037842,"C7H6N2O3","c1cc(ccc1/C=N\O)[N+](=O)[O-]","InChI=1S/C7H6N2O3/c10-8-5-6-1-3-7(4-2-6)9(11)12/h1-5,10H/b8-5-","WTLPAVBACRIHHC-YVMONPNESA-N"
4533711,"(6Z)-6-(Aminomethylene)-4-nitro-2,4-cyclohexadien-1-one",166.037842,"C7H6N2O3","C1=CC(=O)/C(=C\N)/C=C1[N+](=O)[O-]","InChI=1S/C7H6N2O3/c8-4-5-3-6(9(11)12)1-2-7(5)10/h1-4H,8H2/b5-4-","GSLAPJUUNZARSY-PLNGDYQASA-N"
4873232,"(2E)-4-Oxo-4-(1H-pyrazol-1-yl)-2-butenoic acid",166.037842,"C7H6N2O3","c1cnn(c1)C(=O)/C=C/C(=O)O","InChI=1S/C7H6N2O3/c10-6(2-3-7(11)12)9-5-1-4-8-9/h1-5H,(H,11,12)/b3-2+","UJFQLMMNDJZRBU-NSCUHMNNSA-N"
4929379,"N-(5-Hydroxy-2-nitrosophenyl)formamide",166.037842,"C7H6N2O3","c1cc(c(cc1O)NC=O)N=O","InChI=1S/C7H6N2O3/c10-4-8-7-3-5(11)1-2-6(7)9-12/h1-4,11H,(H,8,10)","DEOFWKQJVXWMGW-UHFFFAOYSA-N"
4944184,"(2E)-3-(2,4-dioxo-3,4-dihydropyrimidin-1(2H)-yl)prop-2-enal",166.037842,"C7H6N2O3","c1cn(c(=O)[nH]c1=O)/C=C/C=O","InChI=1S/C7H6N2O3/c10-5-1-3-9-4-2-6(11)8-7(9)12/h1-5H,(H,8,11,12)/b3-1+","HWONZTOPTYHAOP-HNQUOIGGSA-N"
5498759,"(3aR,7aS)-2-Oxo-3,3a,7,7a-tetrahydro-2H-pyrano[2,3-d][1,3]oxazole-5-carbonitrile",166.037842,"C7H6N2O3","O=C1O[C@H]2C/C=C(\O[C@H]2N1)C#N","InChI=1S/C7H6N2O3/c8-3-4-1-2-5-6(11-4)9-7(10)12-5/h1,5-6H,2H2,(H,9,10)/t5-,6+/m0/s1","DKFVTWHVBCAVMH-NTSWFWBYSA-N"
5498760,"(3aS,7aS)-2-Oxo-3,3a,7,7a-tetrahydro-2H-pyrano[2,3-d][1,3]oxazole-5-carbonitrile",166.037842,"C7H6N2O3","O=C1O[C@H]2C/C=C(\O[C@@H]2N1)C#N","InChI=1S/C7H6N2O3/c8-3-4-1-2-5-6(11-4)9-7(10)12-5/h1,5-6H,2H2,(H,9,10)/t5-,6-/m0/s1","DKFVTWHVBCAVMH-WDSKDSINSA-N"
5498762,"(3aR,7aR)-2-Oxo-3,3a,7,7a-tetrahydro-2H-pyrano[2,3-d][1,3]oxazole-5-carbonitrile",166.037842,"C7H6N2O3","O=C1O[C@@H]2C/C=C(\O[C@H]2N1)C#N","InChI=1S/C7H6N2O3/c8-3-4-1-2-5-6(11-4)9-7(10)12-5/h1,5-6H,2H2,(H,9,10)/t5-,6-/m1/s1","DKFVTWHVBCAVMH-PHDIDXHHSA-N"
5498763,"(3aS,7aR)-2-Oxo-3,3a,7,7a-tetrahydro-2H-pyrano[2,3-d][1,3]oxazole-5-carbonitrile",166.037842,"C7H6N2O3","O=C1O[C@@H]2C/C=C(\O[C@@H]2N1)C#N","InChI=1S/C7H6N2O3/c8-3-4-1-2-5-6(11-4)9-7(10)12-5/h1,5-6H,2H2,(H,9,10)/t5-,6+/m1/s1","DKFVTWHVBCAVMH-RITPCOANSA-N"
5660690,"(E)-N-Hydroxy-1-(2-nitrophenyl)methanimine",166.037842,"C7H6N2O3","C1=CC=C(C(=C1)/C=N/O)[N+](=O)[O-]","InChI=1S/C7H6N2O3/c10-8-5-6-3-1-2-4-7(6)9(11)12/h1-5,10H/b8-5+","IHMGDCCTWRRUDX-VMPITWQZSA-N"
7988609,"(6Z)-6-Hydrazono-3-oxo-1,4-cyclohexadiene-1-carboxylic acid",166.037842,"C7H6N2O3","O=C(O)C=1\C(=N/N)\C=C/C(=O)C=1","InChI=1S/C7H6N2O3/c8-9-6-2-1-4(10)3-5(6)7(11)12/h1-3H,8H2,(H,11,12)/b9-6-","ZEPDYVSDGNBLDK-TWGQIWQCSA-N"
8187839,"4-(N'-oxohydrazino)benzoic acid",166.037842,"C7H6N2O3","O=NNc1ccc(cc1)C(=O)O","InChI=1S/C7H6N2O3/c10-7(11)5-1-3-6(4-2-5)8-9-12/h1-4H,(H,8,12)(H,10,11)","ZENPAMSYUBFEOH-UHFFFAOYSA-N"
8488738,"3-carbamoyl-picolinic acid",166.037842,"C7H6N2O3","C1=CC(=C(N=C1)C(=O)O)C(=O)N","InChI=1S/C7H6N2O3/c8-6(10)4-2-1-3-9-5(4)7(11)12/h1-3H,(H2,8,10)(H,11,12)","CGDAWEVRGAIHJH-UHFFFAOYSA-N"
8505115,"4-Methyl-3-nitro-2-pyridinecarbaldehyde",166.037842,"C7H6N2O3","CC1=C(C(=NC=C1)C=O)[N+](=O)[O-]","InChI=1S/C7H6N2O3/c1-5-2-3-8-6(4-10)7(5)9(11)12/h2-4H,1H3","WSMQBQZASSMEEY-UHFFFAOYSA-N"
8662649,"(1-Oxido-2,1,3-benzoxadiazol-4-yl)methanol",166.037842,"C7H6N2O3","[O-][n+]1onc2c(cccc12)CO","InChI=1S/C7H6N2O3/c10-4-5-2-1-3-6-7(5)8-12-9(6)11/h1-3,10H,4H2","BSIYAABPZQBRMU-UHFFFAOYSA-N"
8662650,"7-Nitro-2,3-dihydrofuro[2,3-c]pyridine",166.037842,"C7H6N2O3","[O-][N+](=O)c2nccc1c2OCC1","InChI=1S/C7H6N2O3/c10-9(11)7-6-5(1-3-8-7)2-4-12-6/h1,3H,2,4H2","RAZLXPDPXAMVBL-UHFFFAOYSA-N"
8710443,"(1-Oxido-2,1,3-benzoxadiazol-5-yl)methanol",166.037842,"C7H6N2O3","[O-][n+]1onc2cc(ccc12)CO","InChI=1S/C7H6N2O3/c10-4-5-1-2-7-6(3-5)8-12-9(7)11/h1-3,10H,4H2","PGGQDQFDAHJMTE-UHFFFAOYSA-N"
8782512,"(3-Oxido-2,1,3-benzoxadiazol-5-yl)methanol",166.037842,"C7H6N2O3","[O-][n+]1onc2ccc(cc12)CO","InChI=1S/C7H6N2O3/c10-4-5-1-2-6-7(3-5)9(11)12-8-6/h1-3,10H,4H2","LWORIAJJERMONP-UHFFFAOYSA-N"
8829962,"5-Nitro-2,3-dihydrofuro[3,2-b]pyridine",166.037842,"C7H6N2O3","[O-][N+](=O)c2nc1c(OCC1)cc2","InChI=1S/C7H6N2O3/c10-9(11)7-2-1-6-5(8-7)3-4-12-6/h1-2H,3-4H2","CPTDYXQLDXOWTB-UHFFFAOYSA-N"
8829963,"5-Nitro-2,3-dihydrofuro[2,3-c]pyridine",166.037842,"C7H6N2O3","[O-][N+](=O)c1ncc2OCCc2c1","InChI=1S/C7H6N2O3/c10-9(11)7-3-5-1-2-12-6(5)4-8-7/h3-4H,1-2H2","CUQVUFAXQJGREC-UHFFFAOYSA-N"
8877546,"(3-Oxido-2,1,3-benzoxadiazol-4-yl)methanol",166.037842,"C7H6N2O3","c1cc(c2c(c1)no[n+]2[O-])CO","InChI=1S/C7H6N2O3/c10-4-5-2-1-3-6-7(5)9(11)12-8-6/h1-3,10H,4H2","XVZDFWWMVYNFIX-UHFFFAOYSA-N"
8996247,"(4-Amino-3-pyridinyl)(oxo)acetic acid",166.037842,"C7H6N2O3","O=C(c1c(N)ccnc1)C(=O)O","InChI=1S/C7H6N2O3/c8-5-1-2-9-3-4(5)6(10)7(11)12/h1-3H,(H2,8,9)(H,11,12)","VEDDSQRMXQATTP-UHFFFAOYSA-N"
10033501,"Ethyl 3,3-dicyano-2-hydroxyacrylate",166.037842,"C7H6N2O3","CCOC(=O)C(=C(C#N)C#N)O","InChI=1S/C7H6N2O3/c1-2-12-7(11)6(10)5(3-8)4-9/h10H,2H2,1H3","HUZJIBOGNDSXPB-UHFFFAOYSA-N"
10366843,"1-(5-Nitro-3-pyridinyl)ethanone",166.037842,"C7H6N2O3","CC(=O)c1cc(cnc1)[N+](=O)[O-]","InChI=1S/C7H6N2O3/c1-5(10)6-2-7(9(11)12)4-8-3-6/h2-4H,1H3","AMRROBUZGNVCBL-UHFFFAOYSA-N"
10386103,"4-Methyl-5-nitro-2-pyridinecarbaldehyde",166.037842,"C7H6N2O3","Cc1cc(ncc1[N+]([O-])=O)C=O","InChI=1S/C7H6N2O3/c1-5-2-6(4-10)8-3-7(5)9(11)12/h2-4H,1H3","OBGLQHSGHQAMLV-UHFFFAOYSA-N"
10543987,"5-Hydroxy-2-methyl-7H-[1,2]oxazolo[2,3-a]pyrimidin-7-one",166.037842,"C7H6N2O3","C/C1=C/C2=NC(\O)=C/C(=O)N2O1","InChI=1S/C7H6N2O3/c1-4-2-5-8-6(10)3-7(11)9(5)12-4/h2-3,10H,1H3","MJRFPYYMNDKFDA-UHFFFAOYSA-N"
10561258,"5,6-Dihydroxy-1,3-dihydro-2H-benzimidazol-2-one",166.037842,"C7H6N2O3","Oc1cc2NC(=O)Nc2cc1O","InChI=1S/C7H6N2O3/c10-5-1-3-4(2-6(5)11)9-7(12)8-3/h1-2,10-11H,(H2,8,9,12)","UGPAJONXSJEDAO-UHFFFAOYSA-N"
10580492,"4-Hydroxy-3-methyl[1,2]oxazolo[5,4-b]pyridin-6(7H)-one",166.037842,"C7H6N2O3","Oc1cc(O)nc2onc(C)c12","InChI=1S/C7H6N2O3/c1-3-6-4(10)2-5(11)8-7(6)12-9-3/h2H,1H3,(H2,8,10,11)","NODOGPNHOKMMNY-UHFFFAOYSA-N"
10590836,"2,5-Dihydroxy-1-methyl-6-oxo-1,6-dihydro-3-pyridinecarbonitrile",166.037842,"C7H6N2O3","O\C1=C\C(C#N)=C(\O)N(C)C1=O","InChI=1S/C7H6N2O3/c1-9-6(11)4(3-8)2-5(10)7(9)12/h2,10-11H,1H3","XXTCQCXRUDDCCX-UHFFFAOYSA-N"
10697291,"4-Oxo-6,7-dihydro-4H-pyrazolo[5,1-c][1,4]oxazine-2-carbaldehyde",166.037842,"C7H6N2O3","O=C1OCCn2nc(cc12)C=O","InChI=1S/C7H6N2O3/c10-4-5-3-6-7(11)12-2-1-9(6)8-5/h3-4H,1-2H2","KUEDVGNDBLCOED-UHFFFAOYSA-N"
10715122,"3-(Nitrosoamino)benzoic acid",166.037842,"C7H6N2O3","O\N=N\c1cc(ccc1)C(O)=O","InChI=1S/C7H6N2O3/c10-7(11)5-2-1-3-6(4-5)8-9-12/h1-4H,(H,8,12)(H,10,11)","HWBWHTJVRRYKHW-UHFFFAOYSA-N"
10808476,"2-Amino-4-nitrobenzaldehyde",166.037842,"C7H6N2O3","c1cc(c(cc1[N+](=O)[O-])N)C=O","InChI=1S/C7H6N2O3/c8-7-3-6(9(11)12)2-1-5(7)4-10/h1-4H,8H2","DKVANZONLCMNBC-UHFFFAOYSA-N"
11178542,"2-Nitrobenzamide",166.037842,"C7H6N2O3","c1ccc(c(c1)C(=O)N)[N+](=O)[O-]","InChI=1S/C7H6N2O3/c8-7(10)5-3-1-2-4-6(5)9(11)12/h1-4H,(H2,8,10)","KLGQWSOYKYFBTR-UHFFFAOYSA-N"
11194109,"5-(3-Hydroxy-1-propyn-1-yl)-2,4(1H,3H)-pyrimidinedione",166.037842,"C7H6N2O3","c1c(c(=O)[nH]c(=O)[nH]1)C#CCO","InChI=1S/C7H6N2O3/c10-3-1-2-5-4-8-7(12)9-6(5)11/h4,10H,3H2,(H2,8,9,11,12)","QQUDYGFTJFEYEA-UHFFFAOYSA-N"
11202219,"3-Nitrobenzamide",166.037842,"C7H6N2O3","c1cc(cc(c1)[N+](=O)[O-])C(=O)N","InChI=1S/C7H6N2O3/c8-7(10)5-2-1-3-6(4-5)9(11)12/h1-4H,(H2,8,10)","KWAYEPXDGHYGRW-UHFFFAOYSA-N"
13338386,"6-Carbamoyl-2-pyridinecarboxylic acid",166.037842,"C7H6N2O3","c1cc(nc(c1)C(=O)O)C(=O)N","InChI=1S/C7H6N2O3/c8-6(10)4-2-1-3-5(9-4)7(11)12/h1-3H,(H2,8,10)(H,11,12)","MUTVEWJASOPKGU-UHFFFAOYSA-N"
13352549,"3-Oxo-3-(2-pyrazinyl)propanoic acid",166.037842,"C7H6N2O3","c1cnc(cn1)C(=O)CC(=O)O","InChI=1S/C7H6N2O3/c10-6(3-7(11)12)5-4-8-1-2-9-5/h1-2,4H,3H2,(H,11,12)","KCHSCQZIKDBTIJ-UHFFFAOYSA-N"
14058161,"1-(3-Nitro-2-pyridinyl)ethanone",166.037842,"C7H6N2O3","CC(=O)c1c(cccn1)N(=O)=O","InChI=1S/C7H6N2O3/c1-5(10)7-6(9(11)12)3-2-4-8-7/h2-4H,1H3","UOSQCJBQCZOILA-UHFFFAOYSA-N"
14087118,"2-Carbamoylisonicotinic acid",166.037842,"C7H6N2O3","c1cnc(cc1C(=O)O)C(=O)N","InChI=1S/C7H6N2O3/c8-6(10)5-3-4(7(11)12)1-2-9-5/h1-3H,(H2,8,10)(H,11,12)","RIEKUXDEDZHANI-UHFFFAOYSA-N"
14243337,"6-Carbamoylnicotinic acid",166.037842,"C7H6N2O3","c1cc(ncc1C(=O)O)C(=O)N","InChI=1S/C7H6N2O3/c8-6(10)5-2-1-4(3-9-5)7(11)12/h1-3H,(H2,8,10)(H,11,12)","JFCICVDKSOXXCF-UHFFFAOYSA-N"
14262579,"N-Nitrobenzamide",166.037842,"C7H6N2O3","c1ccc(cc1)C(=O)N[N+](=O)[O-]","InChI=1S/C7H6N2O3/c10-7(8-9(11)12)6-4-2-1-3-5-6/h1-5H,(H,8,10)","PCDOBTHDMDMWGS-UHFFFAOYSA-N"
14272121,"2-(Nitrosoamino)benzoic acid",166.037842,"C7H6N2O3","c1ccc(c(c1)C(=O)O)/N=N/O","InChI=1S/C7H6N2O3/c10-7(11)5-3-1-2-4-6(5)8-9-12/h1-4H,(H,8,12)(H,10,11)","PLYZRRVRRKNGRW-UHFFFAOYSA-N"
14483662,"5-Acetyl-4-pyrimidinecarboxylic acid",166.037842,"C7H6N2O3","CC(=O)c1cncnc1C(=O)O","InChI=1S/C7H6N2O3/c1-4(10)5-2-8-3-9-6(5)7(11)12/h2-3H,1H3,(H,11,12)","HOFDMRIORCOHPZ-UHFFFAOYSA-N"
15155697,"(2Z)-(Hydroxyimino)(2-pyridinyl)acetic acid",166.037842,"C7H6N2O3","c1ccnc(c1)/C(=N/O)/C(=O)O","InChI=1S/C7H6N2O3/c10-7(11)6(9-12)5-3-1-2-4-8-5/h1-4,12H,(H,10,11)/b9-6-","XEUZNFOODWAMRO-TWGQIWQCSA-N"
15328277,"Oxo(3-pyridinylamino)acetic acid",166.037842,"C7H6N2O3","c1cc(cnc1)NC(=O)C(=O)O","InChI=1S/C7H6N2O3/c10-6(7(11)12)9-5-2-1-3-8-4-5/h1-4H,(H,9,10)(H,11,12)","WUYWZTQKSABHSR-UHFFFAOYSA-N"
15927972,"4-Methyl-5-(1,3-oxazol-2-yl)-1,2-oxazol-3(2H)-one",166.037842,"C7H6N2O3","Cc1c(onc1O)c2ncco2","InChI=1S/C7H6N2O3/c1-4-5(12-9-6(4)10)7-8-2-3-11-7/h2-3H,1H3,(H,9,10)","AKZDNPSEWRLUBY-UHFFFAOYSA-N"
16423952,"1-(5-Nitro-2-pyridinyl)ethanone",166.037842,"C7H6N2O3","CC(=O)c1ccc(cn1)[N+](=O)[O-]","InChI=1S/C7H6N2O3/c1-5(10)7-3-2-6(4-8-7)9(11)12/h2-4H,1H3","QTGKFJUCQAYIRK-UHFFFAOYSA-N"
19969738,"3-Diazo-6-hydroxy-1,4-cyclohexadiene-1-carboxylic acid",166.037842,"C7H6N2O3","C1=CC(=[N+]=[N-])C=C(C1O)C(=O)O","InChI=1S/C7H6N2O3/c8-9-4-1-2-6(10)5(3-4)7(11)12/h1-3,6,10H,(H,11,12)","JXZFHXISNKUPLK-UHFFFAOYSA-N"
20122740,"2-Hydroxy-3-pyrazin-2-ylacrylic acid",166.037842,"C7H6N2O3","c1cnc(cn1)/C=C(/C(=O)O)\O","InChI=1S/C7H6N2O3/c10-6(7(11)12)3-5-4-8-1-2-9-5/h1-4,10H,(H,11,12)/b6-3-","LXLIUACVBRZLDP-UTCJRWHESA-N"
21265489,"6-[(E)-(Hydroxyimino)methyl]nicotinic acid",166.037842,"C7H6N2O3","c1cc(ncc1C(=O)O)/C=N/O","InChI=1S/C7H6N2O3/c10-7(11)5-1-2-6(4-9-12)8-3-5/h1-4,12H,(H,10,11)/b9-4+","QUNZFENYFPTWOD-RUDMXATFSA-N"
21404265,"4-Amino-3-nitrobenzaldehyde",166.037842,"C7H6N2O3","c1cc(c(cc1C=O)[N+](=O)[O-])N","InChI=1S/C7H6N2O3/c8-6-2-1-5(4-10)3-7(6)9(11)12/h1-4H,8H2","IIOCECYTBZBBAL-UHFFFAOYSA-N"
21410319,"1,3-Oxazol-2-yl(1,3-oxazol-5-yl)methanol",166.037842,"C7H6N2O3","c1coc(n1)C(c2cnco2)O","InChI=1S/C7H6N2O3/c10-6(5-3-8-4-12-5)7-9-1-2-11-7/h1-4,6,10H","DFQADTWBOUYTGI-UHFFFAOYSA-N"
21513260,"6-methyl-3-nitropicolinaldehyde",166.037842,"C7H6N2O3","Cc1ccc(c(n1)C=O)[N+](=O)[O-]","InChI=1S/C7H6N2O3/c1-5-2-3-7(9(11)12)6(4-10)8-5/h2-4H,1H3","SVWHYBSSVDITJE-UHFFFAOYSA-N"
21787396,"5-Methyl-2,3-dihydrofuro[3,4-d]pyridazine-1,4-dione",166.037842,"C7H6N2O3","Cc1c2c(co1)c(=O)[nH][nH]c2=O","InChI=1S/C7H6N2O3/c1-3-5-4(2-12-3)6(10)8-9-7(5)11/h2H,1H3,(H,8,10)(H,9,11)","CXCZQSGWRKQGBD-UHFFFAOYSA-N"
23979725,"7-Hydroxy-3-methyl[1,2]oxazolo[4,5-b]pyridin-5(4H)-one",166.037842,"C7H6N2O3","Cc1c2c(c(cc(=O)[nH]2)O)on1","InChI=1S/C7H6N2O3/c1-3-6-7(12-9-3)4(10)2-5(11)8-6/h2H,1H3,(H2,8,10,11)","ZRMKJTYAICJZEZ-UHFFFAOYSA-N"
24188534,"[1,3]Oxazolo[5,4-c]pyridine-5(2H)-carboxylic acid",166.037842,"C7H6N2O3","C1N=C2C=CN(C=C2O1)C(=O)O","InChI=1S/C7H6N2O3/c10-7(11)9-2-1-5-6(3-9)12-4-8-5/h1-3H,4H2,(H,10,11)","LQEZUVPRVAJWBQ-UHFFFAOYSA-N"
24188608,"Methyl 5-formyl-2-pyrazinecarboxylate",166.037842,"C7H6N2O3","COC(=O)c1cnc(cn1)C=O","InChI=1S/C7H6N2O3/c1-12-7(11)6-3-8-5(4-10)2-9-6/h2-4H,1H3","KNAAFIKYVYERNG-UHFFFAOYSA-N"
24188611,"(2E)-(Hydroxyimino)(2-pyridinyl)acetic acid",166.037842,"C7H6N2O3","c1ccnc(c1)/C(=N\O)/C(=O)O","InChI=1S/C7H6N2O3/c10-7(11)6(9-12)5-3-1-2-4-8-5/h1-4,12H,(H,10,11)/b9-6+","XEUZNFOODWAMRO-RMKNXTFCSA-N"
24188626,"5-Acetyl-2-pyrazinecarboxylic acid",166.037842,"C7H6N2O3","CC(=O)c1cnc(cn1)C(=O)O","InChI=1S/C7H6N2O3/c1-4(10)5-2-9-6(3-8-5)7(11)12/h2-3H,1H3,(H,11,12)","HMUCEWYEXBWAGY-UHFFFAOYSA-N"
24188628,"(2Z)-(Hydroxyimino)(3-pyridinyl)acetic acid",166.037842,"C7H6N2O3","c1cc(cnc1)/C(=N/O)/C(=O)O","InChI=1S/C7H6N2O3/c10-7(11)6(9-12)5-2-1-3-8-4-5/h1-4,12H,(H,10,11)/b9-6-","HXQUIONKMXRBQC-TWGQIWQCSA-N"
24188629,"(2E)-(Hydroxyimino)(3-pyridinyl)acetic acid",166.037842,"C7H6N2O3","c1cc(cnc1)/C(=N\O)/C(=O)O","InChI=1S/C7H6N2O3/c10-7(11)6(9-12)5-2-1-3-8-4-5/h1-4,12H,(H,10,11)/b9-6+","HXQUIONKMXRBQC-RMKNXTFCSA-N"
24196267,"(2Z)-(Hydroxyimino)(2-oxo-1(2H)-pyridinyl)acetaldehyde",166.037842,"C7H6N2O3","c1ccn(c(=O)c1)/C(=N\O)/C=O","InChI=1S/C7H6N2O3/c10-5-6(8-12)9-4-2-1-3-7(9)11/h1-5,12H/b8-6-","OXKLNBJFXDMYLQ-VURMDHGXSA-N"
24214696,"5H-2,3'-Bi-1,2-oxazole-4'-carbaldehyde",166.037842,"C7H6N2O3","c1c(c(no1)N2C=CCO2)C=O","InChI=1S/C7H6N2O3/c10-4-6-5-11-8-7(6)9-2-1-3-12-9/h1-2,4-5H,3H2","UUQQSFYXFLIJFR-UHFFFAOYSA-N"
24214748,"2'H,4H-Spiro[furo[3,4-d][1,2]oxazole-6,5'-[1,2]oxazole]",166.037842,"C7H6N2O3","c1c2c(on1)C3(C=CNO3)OC2","InChI=1S/C7H6N2O3/c1-2-8-12-7(1)6-5(4-10-7)3-9-11-6/h1-3,8H,4H2","BSICGUGJKSXHNU-UHFFFAOYSA-N"
24214759,"3-Methyl[1,2]oxazolo[4,5-b]pyridine 2,4-dioxide",166.037842,"C7H6N2O3","Cc1c2c(ccc[n+]2[O-])o[n+]1[O-]","InChI=1S/C7H6N2O3/c1-5-7-6(12-9(5)11)3-2-4-8(7)10/h2-4H,1H3","NFPUAURMWPSOFJ-UHFFFAOYSA-N"
24214761,"(4-Cyano-5-methyl-1,2-oxazol-3-yl)acetic acid",166.037842,"C7H6N2O3","Cc1c(c(no1)CC(=O)O)C#N","InChI=1S/C7H6N2O3/c1-4-5(3-8)6(9-12-4)2-7(10)11/h2H2,1H3,(H,10,11)","OFAJKJYAXWKZSZ-UHFFFAOYSA-N"
24217762,"(2Z)-2-Hydroxy-3-(4-pyrimidinyl)acrylic acid",166.037842,"C7H6N2O3","c1cncnc1/C=C(/C(=O)O)\O","InChI=1S/C7H6N2O3/c10-6(7(11)12)3-5-1-2-8-4-9-5/h1-4,10H,(H,11,12)/b6-3-","AAYSSORSZIRFNV-UTCJRWHESA-N"
24221906,"1-Nitro-4-(nitrosomethyl)benzene",166.037842,"C7H6N2O3","c1cc(ccc1CN=O)[N+](=O)[O-]","InChI=1S/C7H6N2O3/c10-8-5-6-1-3-7(4-2-6)9(11)12/h1-4H,5H2","LRYUWXNYWAFFAX-UHFFFAOYSA-N"
24609588,"2-Amino-3-nitrobenzaldehyde",166.037842,"C7H6N2O3","c1cc(c(c(c1)[N+](=O)[O-])N)C=O","InChI=1S/C7H6N2O3/c8-7-5(4-10)2-1-3-6(7)9(11)12/h1-4H,8H2","LDKGAMZVANIDGZ-UHFFFAOYSA-N"
25071693,"2-Cyano-2-hydroxy-1,2-dihydro-4-pyridinecarboxylic acid",166.037842,"C7H6N2O3","C1=CNC(C=C1C(=O)O)(C#N)O","InChI=1S/C7H6N2O3/c8-4-7(12)3-5(6(10)11)1-2-9-7/h1-3,9,12H,(H,10,11)","DWMKOTYMYFYTSZ-UHFFFAOYSA-N"
26053540,"[3-(2-Furyl)-1,2,4-oxadiazol-5-yl]methanol",166.037842,"C7H6N2O3","c1cc(oc1)c2nc(on2)CO","InChI=1S/C7H6N2O3/c10-4-6-8-7(9-12-6)5-2-1-3-11-5/h1-3,10H,4H2","HFRJJVIUNJBIHI-UHFFFAOYSA-N"
26480730,"3-Oxo-3-(2-pyrimidinyl)propanoic acid",166.037842,"C7H6N2O3","c1cnc(nc1)C(=O)CC(=O)O","InChI=1S/C7H6N2O3/c10-5(4-6(11)12)7-8-2-1-3-9-7/h1-3H,4H2,(H,11,12)","GSHHUBYXDPBSND-UHFFFAOYSA-N"
26526214,"Methyl 2-formyl-5-pyrimidinecarboxylate",166.037842,"C7H6N2O3","COC(=O)c1cnc(nc1)C=O","InChI=1S/C7H6N2O3/c1-12-7(11)5-2-8-6(4-10)9-3-5/h2-4H,1H3","RDKPAGIQZAZQRJ-UHFFFAOYSA-N"
26944430,"4',5'-Dihydro-2,2'-bi-1,3-oxazol-4(5H)-ylidenemethanone",166.037842,"C7H6N2O3","C1COC(=N1)C2=NC(=C=O)CO2","InChI=1S/C7H6N2O3/c10-3-5-4-12-7(9-5)6-8-1-2-11-6/h1-2,4H2","UMFMQCWBCVZAGJ-UHFFFAOYSA-N"
26948810,"1-(2-Propyn-1-yloxy)-2,4(1H,3H)-pyrimidinedione",166.037842,"C7H6N2O3","C#CCOn1ccc(=O)[nH]c1=O","InChI=1S/C7H6N2O3/c1-2-5-12-9-4-3-6(10)8-7(9)11/h1,3-4H,5H2,(H,8,10,11)","KEBYZWDSQSDCDM-UHFFFAOYSA-N"
28189474,"6,7-Dihydro[1,4]dioxino[2,3-c]pyridazine-3-carbaldehyde",166.037842,"C7H6N2O3","c1c(nnc2c1OCCO2)C=O","InChI=1S/C7H6N2O3/c10-4-5-3-6-7(9-8-5)12-2-1-11-6/h3-4H,1-2H2","CAZNYHXZJYLYJA-UHFFFAOYSA-N"
28190432,"6-(Hydroxymethyl)furo[2,3-d]pyrimidin-2(1H)-one",166.037842,"C7H6N2O3","c1c2cnc(=O)[nH]c2oc1CO","InChI=1S/C7H6N2O3/c10-3-5-1-4-2-8-7(11)9-6(4)12-5/h1-2,10H,3H2,(H,8,9,11)","QKUORMNQOZKRCD-UHFFFAOYSA-N"
28291704,"3,3'-Bi-1,2-oxazol-5-ylmethanol",166.037842,"C7H6N2O3","c1conc1c2cc(on2)CO","InChI=1S/C7H6N2O3/c10-4-5-3-7(9-12-5)6-1-2-11-8-6/h1-3,10H,4H2","KGMXOLGOPZWHKU-UHFFFAOYSA-N"
28291728,"4,7-Dihydroxy-1,3-dihydro-2H-benzimidazol-2-one",166.037842,"C7H6N2O3","c1cc(c2c(c1O)[nH]c(=O)[nH]2)O","InChI=1S/C7H6N2O3/c10-3-1-2-4(11)6-5(3)8-7(12)9-6/h1-2,10-11H,(H2,8,9,12)","RBUQGQSNROFKBM-UHFFFAOYSA-N"
28420421,"3-Amino-2-nitrobenzaldehyde",166.037842,"C7H6N2O3","c1cc(c(c(c1)N)[N+](=O)[O-])C=O","InChI=1S/C7H6N2O3/c8-6-3-1-2-5(4-10)7(6)9(11)12/h1-4H,8H2","MYJSHORNYHNRIP-UHFFFAOYSA-N"
28426493,"3-Amino-5-nitrobenzaldehyde",166.037842,"C7H6N2O3","c1c(cc(cc1N)[N+](=O)[O-])C=O","InChI=1S/C7H6N2O3/c8-6-1-5(4-10)2-7(3-6)9(11)12/h1-4H,8H2","MMOCLSLSNCMWAS-UHFFFAOYSA-N"
29379614,"5-(2-Methyl-3-furyl)-1,3,4-oxadiazol-2(3H)-one",166.037842,"C7H6N2O3","Cc1c(cco1)c2n[nH]c(=O)o2","InChI=1S/C7H6N2O3/c1-4-5(2-3-11-4)6-8-9-7(10)12-6/h2-3H,1H3,(H,9,10)","SYWBKMPGLUCRKJ-UHFFFAOYSA-N"
29434657,"3-(2-Propyn-1-yloxy)-2,4(1H,3H)-pyrimidinedione",166.037842,"C7H6N2O3","C#CCOn1c(=O)cc[nH]c1=O","InChI=1S/C7H6N2O3/c1-2-5-12-9-6(10)3-4-8-7(9)11/h1,3-4H,5H2,(H,8,11)","FLSICYZXFARYCX-UHFFFAOYSA-N"
29773582,"4,7-Dihydroxy-1,3-dihydro-2H-pyrrolo[2,3-c]pyridin-2-one",166.037842,"C7H6N2O3","c1c(c2c(c(n1)O)NC(=O)C2)O","InChI=1S/C7H6N2O3/c10-4-2-8-7(12)6-3(4)1-5(11)9-6/h2,10H,1H2,(H,8,12)(H,9,11)","NPFIIDZBRCVBDW-UHFFFAOYSA-N"
29791537,"6-[(Hydroxyimino)methyl]nicotinic acid",166.037842,"C7H6N2O3","c1cc(ncc1C(=O)O)C=NO","InChI=1S/C7H6N2O3/c10-7(11)5-1-2-6(4-9-12)8-3-5/h1-4,12H,(H,10,11)","QUNZFENYFPTWOD-UHFFFAOYSA-N"
30648398,"4-Carbamoyl-2-pyridinecarboxylic acid",166.037842,"C7H6N2O3","c1cnc(cc1C(=O)N)C(=O)O","InChI=1S/C7H6N2O3/c8-6(10)4-1-2-9-5(3-4)7(11)12/h1-3H,(H2,8,10)(H,11,12)","LYURAHWBLCUAND-UHFFFAOYSA-N"
30803329,"(6-Methyl-2-pyrazinyl)(oxo)acetic acid",166.037842,"C7H6N2O3","Cc1cncc(n1)C(=O)C(=O)O","InChI=1S/C7H6N2O3/c1-4-2-8-3-5(9-4)6(10)7(11)12/h2-3H,1H3,(H,11,12)","VFCJHYOITUCBKL-UHFFFAOYSA-N"
32686422,"6-Nitro-2,3-dihydro-1H-pyrrolizin-1-one",166.037842,"C7H6N2O3","c1c(cn2c1C(=O)CC2)[N+](=O)[O-]","InChI=1S/C7H6N2O3/c10-7-1-2-8-4-5(9(11)12)3-6(7)8/h3-4H,1-2H2","NQANJNHHIIGBHG-UHFFFAOYSA-N"
32759117,"2-[(E)-(Hydroxyimino)methyl]-4-nitrosophenol",166.037842,"C7H6N2O3","c1cc(c(cc1N=O)/C=N/O)O","InChI=1S/C7H6N2O3/c10-7-2-1-6(9-12)3-5(7)4-8-11/h1-4,10-11H/b8-4+","PFVQEGGNKQIDDS-XBXARRHUSA-N"
32778097,"2-(Iminomethyl)-4-nitrophenol",166.037842,"C7H6N2O3","c1cc(c(cc1[N+](=O)[O-])C=N)O","InChI=1S/C7H6N2O3/c8-4-5-3-6(9(11)12)1-2-7(5)10/h1-4,8,10H","CGKNJXXTDZMIEL-UHFFFAOYSA-N"
32864249,"2-Methyl-5-nitronicotinaldehyde",166.037842,"C7H6N2O3","Cc1c(cc(cn1)[N+](=O)[O-])C=O","InChI=1S/C7H6N2O3/c1-5-6(4-10)2-7(3-8-5)9(11)12/h2-4H,1H3","CRKZBTMFFUCPQQ-UHFFFAOYSA-N"
33289957,"Methyl 4-formyl-2-pyrimidinecarboxylate",166.037842,"C7H6N2O3","COC(=O)c1nccc(n1)C=O","InChI=1S/C7H6N2O3/c1-12-7(11)6-8-3-2-5(4-10)9-6/h2-4H,1H3","BIDIBNROAUBFBZ-UHFFFAOYSA-N"
33290342,"2-Methoxy-4,6-pyrimidinedicarbaldehyde",166.037842,"C7H6N2O3","COc1nc(cc(n1)C=O)C=O","InChI=1S/C7H6N2O3/c1-12-7-8-5(3-10)2-6(4-11)9-7/h2-4H,1H3","JBIYIUUHKAZWPJ-UHFFFAOYSA-N"
33290436,"5-Methyl-3-nitro-2-pyridinecarbaldehyde",166.037842,"C7H6N2O3","Cc1cc(c(nc1)C=O)[N+](=O)[O-]","InChI=1S/C7H6N2O3/c1-5-2-7(9(11)12)6(4-10)8-3-5/h2-4H,1H3","KMGAPSKIYPBWIU-UHFFFAOYSA-N"
34996981,"5-Diazo-2-hydroxy-1,3-cyclohexadiene-1-carboxylic acid",166.037842,"C7H6N2O3","C1C(=[N+]=[N-])C=CC(=C1C(=O)O)O","InChI=1S/C7H6N2O3/c8-9-4-1-2-6(10)5(3-4)7(11)12/h1-2,10H,3H2,(H,11,12)","AMRYYPNSJDGSLW-UHFFFAOYSA-N"
35484670,"3-Methylpyrazolo[5,1-b][1,3]oxazole-6-carboxylic acid",166.037842,"C7H6N2O3","Cc1coc2n1nc(c2)C(=O)O","InChI=1S/C7H6N2O3/c1-4-3-12-6-2-5(7(10)11)8-9(4)6/h2-3H,1H3,(H,10,11)","HPHDFVAHJRWLEL-UHFFFAOYSA-N"
37096708,"5-Formamido-2-pyridinecarboxylic acid",166.037842,"C7H6N2O3","c1cc(ncc1NC=O)C(=O)O","InChI=1S/C7H6N2O3/c10-4-9-5-1-2-6(7(11)12)8-3-5/h1-4H,(H,9,10)(H,11,12)","KQOIKWIKLPQUNS-UHFFFAOYSA-N"
37493918,"5-Methylimidazo[2,1-b][1,3]oxazole-2-carboxylic acid",166.037842,"C7H6N2O3","Cc1cnc2n1cc(o2)C(=O)O","InChI=1S/C7H6N2O3/c1-4-2-8-7-9(4)3-5(12-7)6(10)11/h2-3H,1H3,(H,10,11)","MBUAVHMOEGHCBN-UHFFFAOYSA-N"
37493919,"6-Methylimidazo[2,1-b][1,3]oxazole-2-carboxylic acid",166.037842,"C7H6N2O3","Cc1cn2cc(oc2n1)C(=O)O","InChI=1S/C7H6N2O3/c1-4-2-9-3-5(6(10)11)12-7(9)8-4/h2-3H,1H3,(H,10,11)","IZVJTTFLASYHOI-UHFFFAOYSA-N"
37493920,"3-Methylimidazo[2,1-b][1,3]oxazole-2-carboxylic acid",166.037842,"C7H6N2O3","Cc1c(oc2n1ccn2)C(=O)O","InChI=1S/C7H6N2O3/c1-4-5(6(10)11)12-7-8-2-3-9(4)7/h2-3H,1H3,(H,10,11)","YRSNQEUDKMCRHG-UHFFFAOYSA-N"
37493921,"Imidazo[2,1-b][1,3]oxazol-5-ylacetic acid",166.037842,"C7H6N2O3","c1coc2n1c(cn2)CC(=O)O","InChI=1S/C7H6N2O3/c10-6(11)3-5-4-8-7-9(5)1-2-12-7/h1-2,4H,3H2,(H,10,11)","GTAQMQLSYFULTB-UHFFFAOYSA-N"
37493922,"Pyrazolo[5,1-b][1,3]oxazol-7-ylacetic acid",166.037842,"C7H6N2O3","c1coc2n1ncc2CC(=O)O","InChI=1S/C7H6N2O3/c10-6(11)3-5-4-8-9-1-2-12-7(5)9/h1-2,4H,3H2,(H,10,11)","UEOWJNHSRBDZSP-UHFFFAOYSA-N"
37493923,"2,6-Dihydroxy-6,7-dihydro-5H-cyclopenta[d]pyrimidin-5-one",166.037842,"C7H6N2O3","c1c2c(nc(n1)O)CC(C2=O)O","InChI=1S/C7H6N2O3/c10-5-1-4-3(6(5)11)2-8-7(12)9-4/h2,5,10H,1H2,(H,8,9,12)","YQKGPLOJWPHVHB-UHFFFAOYSA-N"
37493924,"2-Amino-1-(furo[3,2-c][1,2]oxazol-3-yl)ethanone",166.037842,"C7H6N2O3","c1coc2c1noc2C(=O)CN","InChI=1S/C7H6N2O3/c8-3-5(10)7-6-4(9-12-7)1-2-11-6/h1-2H,3,8H2","GGRMBRLYZZWKHF-UHFFFAOYSA-N"
37493925,"3-Amino-4-oxo-5,6-dihydro-4H-furo[3,4-c]pyrrole-1-carbaldehyde",166.037842,"C7H6N2O3","C1c2c(oc(c2C(=O)N1)N)C=O","InChI=1S/C7H6N2O3/c8-6-5-3(1-9-7(5)11)4(2-10)12-6/h2H,1,8H2,(H,9,11)","UFFVNGIKNCNAOL-UHFFFAOYSA-N"
37493926,"3-Amino-6-oxo-5,6-dihydro-4H-furo[3,4-c]pyrrole-1-carbaldehyde",166.037842,"C7H6N2O3","C1c2c(c(oc2N)C=O)C(=O)N1","InChI=1S/C7H6N2O3/c8-6-3-1-9-7(11)5(3)4(2-10)12-6/h2H,1,8H2,(H,9,11)","NSWACNRLPZOYFC-UHFFFAOYSA-N"
37493927,"4,7-Dihydro-1H-pyrrolo[3,4-c]pyridine-1,3,6(2H,5H)-trione",166.037842,"C7H6N2O3","C1C2=C(CNC1=O)C(=O)NC2=O","InChI=1S/C7H6N2O3/c10-5-1-3-4(2-8-5)7(12)9-6(3)11/h1-2H2,(H,8,10)(H,9,11,12)","OLWJHIGAGCYYKA-UHFFFAOYSA-N"
37493928,"Methyl 5-formyl-2-pyrimidinecarboxylate",166.037842,"C7H6N2O3","COC(=O)c1ncc(cn1)C=O","InChI=1S/C7H6N2O3/c1-12-7(11)6-8-2-5(4-10)3-9-6/h2-4H,1H3","CSVWKVBQANZFCT-UHFFFAOYSA-N"
37493929,"5-Formyl-4-methyl-2-pyrimidinecarboxylic acid",166.037842,"C7H6N2O3","Cc1c(cnc(n1)C(=O)O)C=O","InChI=1S/C7H6N2O3/c1-4-5(3-10)2-8-6(9-4)7(11)12/h2-3H,1H3,(H,11,12)","LYRSSEUGTQWLFF-UHFFFAOYSA-N"
37493930,"6-Oxo-2,4,5,6-tetrahydrocyclopenta[c]pyrazole-3-carboxylic acid",166.037842,"C7H6N2O3","C1CC(=O)c2c1c([nH]n2)C(=O)O","InChI=1S/C7H6N2O3/c10-4-2-1-3-5(4)8-9-6(3)7(11)12/h1-2H2,(H,8,9)(H,11,12)","RETPVPFJZFIQFL-UHFFFAOYSA-N"
37493931,"4-Oxo-2,4,5,6-tetrahydrocyclopenta[c]pyrazole-3-carboxylic acid",166.037842,"C7H6N2O3","C1CC(=O)c2c1n[nH]c2C(=O)O","InChI=1S/C7H6N2O3/c10-4-2-1-3-5(4)6(7(11)12)9-8-3/h1-2H2,(H,8,9)(H,11,12)","AAJJZYOYFAKEQE-UHFFFAOYSA-N"
37493932,"5-Amino-4-cyano-2-methyl-3-furoic acid",166.037842,"C7H6N2O3","Cc1c(c(c(o1)N)C#N)C(=O)O","InChI=1S/C7H6N2O3/c1-3-5(7(10)11)4(2-8)6(9)12-3/h9H2,1H3,(H,10,11)","ZJUQKHCDRVBBKT-UHFFFAOYSA-N"
37493933,"2-Amino-4-cyano-5-methyl-3-furoic acid",166.037842,"C7H6N2O3","Cc1c(c(c(o1)N)C(=O)O)C#N","InChI=1S/C7H6N2O3/c1-3-4(2-8)5(7(10)11)6(9)12-3/h9H2,1H3,(H,10,11)","YFBIQSYAUHMMSI-UHFFFAOYSA-N"
37493934,"3-Methyl-1H-furo[2,3-c]pyrazole-4-carboxylic acid",166.037842,"C7H6N2O3","Cc1c2c(coc2[nH]n1)C(=O)O","InChI=1S/C7H6N2O3/c1-3-5-4(7(10)11)2-12-6(5)9-8-3/h2H,1H3,(H,8,9)(H,10,11)","CFCLAXTYYXNZRQ-UHFFFAOYSA-N"
37493935,"2-Methylimidazo[2,1-b][1,3]oxazole-6-carboxylic acid",166.037842,"C7H6N2O3","Cc1cn2cc(nc2o1)C(=O)O","InChI=1S/C7H6N2O3/c1-4-2-9-3-5(6(10)11)8-7(9)12-4/h2-3H,1H3,(H,10,11)","TYDIHUHEIVYMEH-UHFFFAOYSA-N"
37493936,"2-Methylimidazo[2,1-b][1,3]oxazole-5-carboxylic acid",166.037842,"C7H6N2O3","Cc1cn2c(cnc2o1)C(=O)O","InChI=1S/C7H6N2O3/c1-4-3-9-5(6(10)11)2-8-7(9)12-4/h2-3H,1H3,(H,10,11)","OHSWEXNUONVOFH-UHFFFAOYSA-N"
37493937,"Imidazo[2,1-b][1,3]oxazol-6-ylacetic acid",166.037842,"C7H6N2O3","c1coc2n1cc(n2)CC(=O)O","InChI=1S/C7H6N2O3/c10-6(11)3-5-4-9-1-2-12-7(9)8-5/h1-2,4H,3H2,(H,10,11)","KQYFPLSRHLKVTN-UHFFFAOYSA-N"
37493938,"6-Methylimidazo[2,1-b][1,3]oxazole-5-carboxylic acid",166.037842,"C7H6N2O3","Cc1c(n2ccoc2n1)C(=O)O","InChI=1S/C7H6N2O3/c1-4-5(6(10)11)9-2-3-12-7(9)8-4/h2-3H,1H3,(H,10,11)","NKFRWMCNTBOJPT-UHFFFAOYSA-N"
37552324,"Ethyl 2-cyano-1,3-oxazole-4-carboxylate",166.037842,"C7H6N2O3","CCOC(=O)c1coc(n1)C#N","InChI=1S/C7H6N2O3/c1-2-11-7(10)5-4-12-6(3-8)9-5/h4H,2H2,1H3","FXOHYCBBKDXHSL-UHFFFAOYSA-N"
37559401,"(6-Amino-3-pyridinyl)(oxo)acetic acid",166.037842,"C7H6N2O3","c1cc(ncc1C(=O)C(=O)O)N","InChI=1S/C7H6N2O3/c8-5-2-1-4(3-9-5)6(10)7(11)12/h1-3H,(H2,8,9)(H,11,12)","RVFBPIMMIGACFS-UHFFFAOYSA-N"
37559507,"Oxo(1-vinyl-1H-imidazol-2-yl)acetic acid",166.037842,"C7H6N2O3","C=Cn1ccnc1C(=O)C(=O)O","InChI=1S/C7H6N2O3/c1-2-9-4-3-8-6(9)5(10)7(11)12/h2-4H,1H2,(H,11,12)","IIJGMDMUEUAPQY-UHFFFAOYSA-N"
37653933,"4-Cyano-2-ethyl-1,3-oxazole-5-carboxylic acid",166.037842,"C7H6N2O3","CCc1nc(c(o1)C(=O)O)C#N","InChI=1S/C7H6N2O3/c1-2-5-9-4(3-8)6(12-5)7(10)11/h2H2,1H3,(H,10,11)","QIEAPJAOYZUZAK-UHFFFAOYSA-N"
37654646,"1-Methyl-1H-furo[2,3-c]pyrazole-5-carboxylic acid",166.037842,"C7H6N2O3","Cn1c2c(cc(o2)C(=O)O)cn1","InChI=1S/C7H6N2O3/c1-9-6-4(3-8-9)2-5(12-6)7(10)11/h2-3H,1H3,(H,10,11)","CYXBJZMVZXRMSV-UHFFFAOYSA-N"
37655380,"4-Oxo-5,6-dihydro-4H-pyrrolo[1,2-b]pyrazole-3-carboxylic acid",166.037842,"C7H6N2O3","c1c(c2n(n1)CCC2=O)C(=O)O","InChI=1S/C7H6N2O3/c10-5-1-2-9-6(5)4(3-8-9)7(11)12/h3H,1-2H2,(H,11,12)","GBPUQMUGKAFXDY-UHFFFAOYSA-N"
37667435,"5,7-Dihydrofuro[3,4-d]pyrimidine-4-carboxylic acid",166.037842,"C7H6N2O3","c1nc2c(c(n1)C(=O)O)COC2","InChI=1S/C7H6N2O3/c10-7(11)6-4-1-12-2-5(4)8-3-9-6/h3H,1-2H2,(H,10,11)","DXKHGUKJAXVXBN-UHFFFAOYSA-N"
37669013,"2-Oxo-2,3-dihydro-1H-pyrrolo[1,2-a]imidazole-7-carboxylic acid",166.037842,"C7H6N2O3","c1cn2c(c1C(=O)O)NC(=O)C2","InChI=1S/C7H6N2O3/c10-5-3-9-2-1-4(7(11)12)6(9)8-5/h1-2H,3H2,(H,8,10)(H,11,12)","TXWCVOHGTQNCHS-UHFFFAOYSA-N"
37669024,"2-Oxo-2,3-dihydro-1H-pyrrolo[1,2-a]imidazole-6-carboxylic acid",166.037842,"C7H6N2O3","c1c(cn2c1NC(=O)C2)C(=O)O","InChI=1S/C7H6N2O3/c10-6-3-9-2-4(7(11)12)1-5(9)8-6/h1-2H,3H2,(H,8,10)(H,11,12)","NXYIUADOSVYUIY-UHFFFAOYSA-N"
37766922,"1-(5-Isocyanato-3-methyl-1,2-oxazol-4-yl)ethanone",166.037842,"C7H6N2O3","Cc1c(c(on1)N=C=O)C(=O)C","InChI=1S/C7H6N2O3/c1-4-6(5(2)11)7(8-3-10)12-9-4/h1-2H3","AZZVXVYQCXMJML-UHFFFAOYSA-N"
38774899,"1-(6-Nitro-2-pyridinyl)ethanone",166.037842,"C7H6N2O3","CC(=O)c1cccc(n1)[N+](=O)[O-]","InChI=1S/C7H6N2O3/c1-5(10)6-3-2-4-7(8-6)9(11)12/h2-4H,1H3","VTCJGWRWGGLLCU-UHFFFAOYSA-N"
38775630,"1-(2-Nitro-4-pyridinyl)ethanone",166.037842,"C7H6N2O3","CC(=O)c1ccnc(c1)[N+](=O)[O-]","InChI=1S/C7H6N2O3/c1-5(10)6-2-3-8-7(4-6)9(11)12/h2-4H,1H3","NOLRJGFMHGTPTH-UHFFFAOYSA-N"
38775631,"1-(6-Nitro-3-pyridinyl)ethanone",166.037842,"C7H6N2O3","CC(=O)c1ccc(nc1)[N+](=O)[O-]","InChI=1S/C7H6N2O3/c1-5(10)6-2-3-7(8-4-6)9(11)12/h2-4H,1H3","UFSGUPPTXHCPER-UHFFFAOYSA-N"
39188592,"6H-[1,4]Dioxepino[2,3-b]pyrazin-7(8H)-one",166.037842,"C7H6N2O3","c1cnc2c(n1)OCC(=O)CO2","InChI=1S/C7H6N2O3/c10-5-3-11-6-7(12-4-5)9-2-1-8-6/h1-2H,3-4H2","PGPNCFPDKDGKGB-UHFFFAOYSA-N"
40251877,"5-Formamidonicotinic acid",166.037842,"C7H6N2O3","c1c(cncc1NC=O)C(=O)O","InChI=1S/C7H6N2O3/c10-4-9-6-1-5(7(11)12)2-8-3-6/h1-4H,(H,9,10)(H,11,12)","SCYSDRNLGHWLJT-UHFFFAOYSA-N"
40302485,"5-(3-Furyl)-2,4-imidazolidinedione",166.037842,"C7H6N2O3","c1cocc1C2C(=O)NC(=O)N2","InChI=1S/C7H6N2O3/c10-6-5(8-7(11)9-6)4-1-2-12-3-4/h1-3,5H,(H2,8,9,10,11)","BPLRBENVEUXSAX-UHFFFAOYSA-N"
41200669,"N-(2,2-Difluoroethyl)-4,5-dihydro-1,3-thiazol-2-amine",166.037628,"C5H8F2N2S","C1CSC(=N1)NCC(F)F","InChI=1S/C5H8F2N2S/c6-4(7)3-9-5-8-1-2-10-5/h4H,1-3H2,(H,8,9)","LCESUZGOAGGYKB-UHFFFAOYSA-N"
41923732,"6-Amino-5-hydroxy-1,3-benzoxazol-2(3H)-one",166.037842,"C7H6N2O3","c1c(c(cc2c1oc(=O)[nH]2)O)N","InChI=1S/C7H6N2O3/c8-3-1-6-4(2-5(3)10)9-7(11)12-6/h1-2,10H,8H2,(H,9,11)","JCJBVVYNDZPEBJ-UHFFFAOYSA-N"
41987541,"[5-(3-Furyl)-1,2,4-oxadiazol-3-yl]methanol",166.037842,"C7H6N2O3","c1cocc1c2nc(no2)CO","InChI=1S/C7H6N2O3/c10-3-6-8-7(12-9-6)5-1-2-11-4-5/h1-2,4,10H,3H2","XDVKMUOGSPMEMS-UHFFFAOYSA-N"
42411273,"1-(2-Butyn-1-yl)-2,4,5-imidazolidinetrione",166.037842,"C7H6N2O3","CC#CCN1C(=O)C(=O)NC1=O","InChI=1S/C7H6N2O3/c1-2-3-4-9-6(11)5(10)8-7(9)12/h4H2,1H3,(H,8,10,12)","BMZAOWFELNCMSZ-UHFFFAOYSA-N"
43046380,"1-(3-Butyn-2-yl)-2,4,5-imidazolidinetrione",166.037842,"C7H6N2O3","CC(C#C)N1C(=O)C(=O)NC1=O","InChI=1S/C7H6N2O3/c1-3-4(2)9-6(11)5(10)8-7(9)12/h1,4H,2H3,(H,8,10,12)","OCLIIISFKWVIBV-UHFFFAOYSA-N"
43268381,"6-Formamido-2-pyridinecarboxylic acid",166.037842,"C7H6N2O3","c1cc(nc(c1)NC=O)C(=O)O","InChI=1S/C7H6N2O3/c10-4-8-6-3-1-2-5(9-6)7(11)12/h1-4H,(H,11,12)(H,8,9,10)","WPQDBPDWKQCNMI-UHFFFAOYSA-N"
43276968,"4-Formamido-2-pyridinecarboxylic acid",166.037842,"C7H6N2O3","c1cnc(cc1NC=O)C(=O)O","InChI=1S/C7H6N2O3/c10-4-9-5-1-2-8-6(3-5)7(11)12/h1-4H,(H,11,12)(H,8,9,10)","YCYXANGGNPYFJG-UHFFFAOYSA-N"
