"Identifier","CompoundName","MonoisotopicMass","MolecularFormula","SMILES","InChI","InChIKey"
26343,"(17beta)-3-Oxoandrost-4-en-17-yl (ethylsulfanyl)acetate",390.22287,"C23H34O3S","CCSCC(=O)O[C@H]1CCC2C1(CCC3C2CCC4=CC(=O)CCC34C)C","InChI=1S/C23H34O3S/c1-4-27-14-21(25)26-20-8-7-18-17-6-5-15-13-16(24)9-11-22(15,2)19(17)10-12-23(18,20)3/h13,17-20H,4-12,14H2,1-3H3/t17?,18?,19?,20-,22?,23?/m0/s1","IOUMBLIETKKIFO-RCUDOCRLSA-N"
56259,"N,N,N',N',N'',N''-Hexakis(methoxymethyl)-1,3,5-triazine-2,4,6-triamine",390.222687,"C15H30N6O6","COCN(COC)c1nc(nc(n1)N(COC)COC)N(COC)COC","InChI=1S/C15H30N6O6/c1-22-7-19(8-23-2)13-16-14(20(9-24-3)10-25-4)18-15(17-13)21(11-26-5)12-27-6/h7-12H2,1-6H3","BNCADMBVWNPPIZ-UHFFFAOYSA-N"
70492,"2,2',2'',2''',2'''',2'''''-(1,3,5-Triazine-2,4,6-triyltrinitrilo)hexaethanol",390.222687,"C15H30N6O6","C(CO)N(CCO)c1nc(nc(n1)N(CCO)CCO)N(CCO)CCO","InChI=1S/C15H30N6O6/c22-7-1-19(2-8-23)13-16-14(20(3-9-24)4-10-25)18-15(17-13)21(5-11-26)6-12-27/h22-27H,1-12H2","XGXKWMBOZAECME-UHFFFAOYSA-N"
138948,"Lubiprostone",390.221771,"C20H32F2O5","CCCCC([C@]1(CC[C@H]2[C@H](O1)CC(=O)[C@@H]2CCCCCCC(=O)O)O)(F)F","InChI=1S/C20H32F2O5/c1-2-3-11-19(21,22)20(26)12-10-15-14(16(23)13-17(15)27-20)8-6-4-5-7-9-18(24)25/h14-15,17,26H,2-13H2,1H3,(H,24,25)/t14-,15-,17-,20-/m1/s1","WGFOBBZOWHGYQH-MXHNKVEKSA-N"
180379,"5,5-Dimethyl-8-(3-methyl-2-octanyl)-4-sulfanyl-1,10b-dihydro-2H,5H-pyrano[3,4-c]chromen-10-ol",390.22287,"C23H34O3S","CCCCCC(C)C(C)c1cc(c2c(c1)OC(C3=C(OCCC23)S)(C)C)O","InChI=1S/C23H34O3S/c1-6-7-8-9-14(2)15(3)16-12-18(24)20-17-10-11-25-22(27)21(17)23(4,5)26-19(20)13-16/h12-15,17,24,27H,6-11H2,1-5H3","GIPMKFQKAKKXCS-UHFFFAOYSA-N"
240772,"10,13-Dimethyl-1,2,3,4,7,8,9,10,11,12,13,14,15,16-tetradecahydrospiro[cyclopenta[a]phenanthrene-17,2'-[1,3]oxathiolan]-3-yl acetate",390.22287,"C23H34O3S","CC(=O)OC1CCC2(C3CCC4(C(C3CC=C2C1)CCC45OCCS5)C)C","InChI=1S/C23H34O3S/c1-15(24)26-17-6-9-21(2)16(14-17)4-5-18-19(21)7-10-22(3)20(18)8-11-23(22)25-12-13-27-23/h4,17-20H,5-14H2,1-3H3","PVMWNUGBQSMJMG-UHFFFAOYSA-N"
243438,"17-[(2-Hydroxyethyl)sulfanyl]pregn-4-ene-3,20-dione",390.22287,"C23H34O3S","CC(=O)C1(CCC2C1(CCC3C2CCC4=CC(=O)CCC34C)C)SCCO","InChI=1S/C23H34O3S/c1-15(25)23(27-13-12-24)11-8-20-18-5-4-16-14-17(26)6-9-21(16,2)19(18)7-10-22(20,23)3/h14,18-20,24H,4-13H2,1-3H3","SJVXJEWDULFCDU-UHFFFAOYSA-N"
478359,"6-(Octyloxy)-3-phenyl-2,4,7-trioxa-3-borabicyclo[3.3.1]non-9-yl acetate",390.221375,"C21H31BO6","B1(OC2COC(C(C2OC(=O)C)O1)OCCCCCCCC)c3ccccc3","InChI=1S/C21H31BO6/c1-3-4-5-6-7-11-14-24-21-20-19(26-16(2)23)18(15-25-21)27-22(28-20)17-12-9-8-10-13-17/h8-10,12-13,18-21H,3-7,11,14-15H2,1-2H3","CGKVKXAUVOHMJX-UHFFFAOYSA-N"
571057,"(8beta,11alpha,15R)-16,16-Difluoro-15-hydroxy-9-oxo-11,15-epoxyprostan-1-oic acid",390.221771,"C20H32F2O5","CCCCC([C@]1(CC[C@H]2[C@H](O1)CC(=O)[C@H]2CCCCCCC(=O)O)O)(F)F","InChI=1S/C20H32F2O5/c1-2-3-11-19(21,22)20(26)12-10-15-14(16(23)13-17(15)27-20)8-6-4-5-7-9-18(24)25/h14-15,17,26H,2-13H2,1H3,(H,24,25)/t14-,15+,17+,20+/m0/s1","WGFOBBZOWHGYQH-DKYLXPRQSA-N"
1286758,"N,N-Diethyl-2-[(6-hydroxy-4-oxo-5-pentyl-1-phenyl-1,4-dihydro-2-pyrimidinyl)sulfanyl]ethanaminium",390.220978,"C21H32N3O2S","CCCCCc1c(=O)nc(n(c1O)c2ccccc2)SCC[NH+](CC)CC","InChI=1S/C21H31N3O2S/c1-4-7-9-14-18-19(25)22-21(27-16-15-23(5-2)6-3)24(20(18)26)17-12-10-8-11-13-17/h8,10-13,26H,4-7,9,14-16H2,1-3H3/p+1","ICRKCAPYSSHHJO-UHFFFAOYSA-O"
1308643,"2-[(5-Heptyl-6-hydroxy-4-oxo-1-phenyl-1,4-dihydro-2-pyrimidinyl)sulfanyl]-N,N-dimethylethanaminium",390.220978,"C21H32N3O2S","CCCCCCCc1c(=O)nc(n(c1O)c2ccccc2)SCC[NH+](C)C","InChI=1S/C21H31N3O2S/c1-4-5-6-7-11-14-18-19(25)22-21(27-16-15-23(2)3)24(20(18)26)17-12-9-8-10-13-17/h8-10,12-13,26H,4-7,11,14-16H2,1-3H3/p+1","UCHLXRNSTKIVIV-UHFFFAOYSA-O"
2570214,"2,4-Diphenyl-1-(2-phenylethyl)-5,6,7,8-tetrahydroquinolinium",390.221619,"C29H28N","c1ccc(cc1)CC[n+]2c(cc(c3c2CCCC3)c4ccccc4)c5ccccc5","InChI=1S/C29H28N/c1-4-12-23(13-5-1)20-21-30-28-19-11-10-18-26(28)27(24-14-6-2-7-15-24)22-29(30)25-16-8-3-9-17-25/h1-9,12-17,22H,10-11,18-21H2/q+1","IZEOISPPMJJDMI-UHFFFAOYSA-N"
2673768,"N-{2-[(6-Hydroxy-4-oxo-1-phenyl-5-propyl-1,4-dihydro-2-pyrimidinyl)sulfanyl]ethyl}-N-propyl-1-propanaminium",390.220978,"C21H32N3O2S","CCCc1c(=O)nc(n(c1O)c2ccccc2)SCC[NH+](CCC)CCC","InChI=1S/C21H31N3O2S/c1-4-10-18-19(25)22-21(27-16-15-23(13-5-2)14-6-3)24(20(18)26)17-11-8-7-9-12-17/h7-9,11-12,26H,4-6,10,13-16H2,1-3H3/p+1","XZFYQWDTSMCIAF-UHFFFAOYSA-O"
2829696,"1-Butyl-2,4-diphenyl-5,6-dihydrobenzo[h]quinolinium",390.221619,"C29H28N","CCCC[n+]1c(cc(c2c1-c3ccccc3CC2)c4ccccc4)c5ccccc5","InChI=1S/C29H28N/c1-2-3-20-30-28(24-15-8-5-9-16-24)21-27(22-12-6-4-7-13-22)26-19-18-23-14-10-11-17-25(23)29(26)30/h4-17,21H,2-3,18-20H2,1H3/q+1","YXTNISDAGLSAKB-UHFFFAOYSA-N"
2894343,"1-Benzyl-8-methyl-2,4-diphenyl-5,6,7,8-tetrahydroquinolinium",390.221619,"C29H28N","CC1CCCc2c1[n+](c(cc2c3ccccc3)c4ccccc4)Cc5ccccc5","InChI=1S/C29H28N/c1-22-12-11-19-26-27(24-15-7-3-8-16-24)20-28(25-17-9-4-10-18-25)30(29(22)26)21-23-13-5-2-6-14-23/h2-10,13-18,20,22H,11-12,19,21H2,1H3/q+1","IFHYVUMDKQIEQO-UHFFFAOYSA-N"
2980550,"8,8-Dimethyl-1,2,4-triphenyl-5,6,7,8-tetrahydroquinolinium",390.221619,"C29H28N","CC1(CCCc2c1[n+](c(cc2c3ccccc3)c4ccccc4)c5ccccc5)C","InChI=1S/C29H28N/c1-29(2)20-12-19-25-26(22-13-6-3-7-14-22)21-27(23-15-8-4-9-16-23)30(28(25)29)24-17-10-5-11-18-24/h3-11,13-18,21H,12,19-20H2,1-2H3/q+1","GPYDFWPXQAMQNJ-UHFFFAOYSA-N"
3025781,"1-Cyclohexyl-2,4,6-triphenylpyridinium",390.221619,"C29H28N","c1ccc(cc1)c2cc([n+](c(c2)c3ccccc3)C4CCCCC4)c5ccccc5","InChI=1S/C29H28N/c1-5-13-23(14-6-1)26-21-28(24-15-7-2-8-16-24)30(27-19-11-4-12-20-27)29(22-26)25-17-9-3-10-18-25/h1-3,5-10,13-18,21-22,27H,4,11-12,19-20H2/q+1","JLGZBVIJAURAEY-UHFFFAOYSA-N"
3033270,"1-sec-Butyl-2,4-diphenyl-5,6-dihydrobenzo[h]quinolinium",390.221619,"C29H28N","CCC(C)[n+]1c(cc(c2c1-c3ccccc3CC2)c4ccccc4)c5ccccc5","InChI=1S/C29H28N/c1-3-21(2)30-28(24-15-8-5-9-16-24)20-27(22-12-6-4-7-13-22)26-19-18-23-14-10-11-17-25(23)29(26)30/h4-17,20-21H,3,18-19H2,1-2H3/q+1","UYAXNYQLAONNQX-UHFFFAOYSA-N"
3040570,"1-Benzyl-2-(2-methyl-2-propanyl)-4-phenyl-5H-indeno[1,2-b]pyridinium",390.221619,"C29H28N","CC(C)(C)c1cc(c2c([n+]1Cc3ccccc3)-c4ccccc4C2)c5ccccc5","InChI=1S/C29H28N/c1-29(2,3)27-19-25(22-14-8-5-9-15-22)26-18-23-16-10-11-17-24(23)28(26)30(27)20-21-12-6-4-7-13-21/h4-17,19H,18,20H2,1-3H3/q+1","IVMUVSAVGRBCLX-UHFFFAOYSA-N"
3052238,"1-Benzyl-2-ethyl-3-methyl-4-phenyl-5,6-dihydrobenzo[h]quinolinium",390.221619,"C29H28N","CCc1c(c(c2c([n+]1Cc3ccccc3)-c4ccccc4CC2)c5ccccc5)C","InChI=1S/C29H28N/c1-3-27-21(2)28(24-15-8-5-9-16-24)26-19-18-23-14-10-11-17-25(23)29(26)30(27)20-22-12-6-4-7-13-22/h4-17H,3,18-20H2,1-2H3/q+1","BMINVZBKDARCEJ-UHFFFAOYSA-N"
3124466,"4-(4-Fluorophenyl)-4-hydroxy-3-isopropyl-2,6-diphenylpiperidinium",390.222778,"C26H29FNO","CC(C)C1C([NH2+]C(CC1(c2ccc(cc2)F)O)c3ccccc3)c4ccccc4","InChI=1S/C26H28FNO/c1-18(2)24-25(20-11-7-4-8-12-20)28-23(19-9-5-3-6-10-19)17-26(24,29)21-13-15-22(27)16-14-21/h3-16,18,23-25,28-29H,17H2,1-2H3/p+1","QTRIGFJYNKGEIO-UHFFFAOYSA-O"
3327607,"N-Cyclopentyl-1-{[4-(ethoxycarbonyl)phenyl]carbamothioyl}-N-methyl-4-piperidinaminium",390.220978,"C21H32N3O2S","CCOC(=O)c1ccc(cc1)NC(=S)N2CCC(CC2)[NH+](C)C3CCCC3","InChI=1S/C21H31N3O2S/c1-3-26-20(25)16-8-10-17(11-9-16)22-21(27)24-14-12-19(13-15-24)23(2)18-6-4-5-7-18/h8-11,18-19H,3-7,12-15H2,1-2H3,(H,22,27)/p+1","IGEBWLJXEZYSEO-UHFFFAOYSA-O"
3414515,"1-(4-Methylbenzyl)-2,4-diphenyl-5,6,7,8-tetrahydroquinolinium",390.221619,"C29H28N","Cc1ccc(cc1)C[n+]2c(cc(c3c2CCCC3)c4ccccc4)c5ccccc5","InChI=1S/C29H28N/c1-22-16-18-23(19-17-22)21-30-28-15-9-8-14-26(28)27(24-10-4-2-5-11-24)20-29(30)25-12-6-3-7-13-25/h2-7,10-13,16-20H,8-9,14-15,21H2,1H3/q+1","LDXBVCKGWVCJEH-UHFFFAOYSA-N"
3431700,"N-{2-[(6-Hydroxy-5-isopropyl-4-oxo-1-phenyl-1,4-dihydro-2-pyrimidinyl)sulfanyl]ethyl}-N-propyl-1-propanaminium",390.220978,"C21H32N3O2S","CCC[NH+](CCC)CCSc1nc(=O)c(c(n1c2ccccc2)O)C(C)C","InChI=1S/C21H31N3O2S/c1-5-12-23(13-6-2)14-15-27-21-22-19(25)18(16(3)4)20(26)24(21)17-10-8-7-9-11-17/h7-11,16,26H,5-6,12-15H2,1-4H3/p+1","PACQAEYWHHIAEF-UHFFFAOYSA-O"
3618191,"1-(2-Methyl-2-propanyl)-3-[(2-methyl-2-propanyl)(di-4-morpholinyl)phosphoranylidene]thiourea",390.221832,"C17H35N4O2PS","CC(C)(C)NC(=S)N=P(C(C)(C)C)(N1CCOCC1)N2CCOCC2","InChI=1S/C17H35N4O2PS/c1-16(2,3)18-15(25)19-24(17(4,5)6,20-7-11-22-12-8-20)21-9-13-23-14-10-21/h7-14H2,1-6H3,(H,18,25)","HJLIHXDNQKKRQX-UHFFFAOYSA-N"
3786305,"1-sec-Butyl-2,3-diphenyl-5,6-dihydrobenzo[h]quinolinium",390.221619,"C29H28N","CCC(C)[n+]1c(c(cc2c1-c3ccccc3CC2)c4ccccc4)c5ccccc5","InChI=1S/C29H28N/c1-3-21(2)30-28(24-15-8-5-9-16-24)27(22-12-6-4-7-13-22)20-25-19-18-23-14-10-11-17-26(23)29(25)30/h4-17,20-21H,3,18-19H2,1-2H3/q+1","KBBYUEQXGPYOLX-UHFFFAOYSA-N"
3957468,"5-Cyclopropyl-7-(difluoromethyl)-N-[4-(2-methyl-2-propanyl)cyclohexyl]pyrazolo[1,5-a]pyrimidine-3-carboxamide",390.223114,"C21H28F2N4O","CC(C)(C)C1CCC(CC1)NC(=O)c2cnn3c2nc(cc3C(F)F)C4CC4","InChI=1S/C21H28F2N4O/c1-21(2,3)13-6-8-14(9-7-13)25-20(28)15-11-24-27-17(18(22)23)10-16(12-4-5-12)26-19(15)27/h10-14,18H,4-9H2,1-3H3,(H,25,28)","FIIXSNYPFFTIOQ-UHFFFAOYSA-N"
4342151,"1,1-Diethyl-3-[(2-methyl-2-propanyl)(di-4-morpholinyl)phosphoranylidene]thiourea",390.221832,"C17H35N4O2PS","CCN(CC)C(=S)N=P(C(C)(C)C)(N1CCOCC1)N2CCOCC2","InChI=1S/C17H35N4O2PS/c1-6-19(7-2)16(25)18-24(17(3,4)5,20-8-12-22-13-9-20)21-10-14-23-15-11-21/h6-15H2,1-5H3","OGFRHFOXHPIQJT-UHFFFAOYSA-N"
5045610,"4-({[Dimethyl(2-methyl-2-propanyl)silyl]oxy}methyl)-2-[(1-hydroxycyclohexyl)ethynyl]-6-methoxyphenol",390.222626,"C22H34O4Si","CC(C)(C)[Si](C)(C)OCc1cc(c(c(c1)OC)O)C#CC2(CCCCC2)O","InChI=1S/C22H34O4Si/c1-21(2,3)27(5,6)26-16-17-14-18(20(23)19(15-17)25-4)10-13-22(24)11-8-7-9-12-22/h14-15,23-24H,7-9,11-12,16H2,1-6H3","QFKIIMDVHJSUAH-UHFFFAOYSA-N"
5347399,"(2S,3R,5R,6S)-4-(4-Fluorophenyl)-4-hydroxy-1,3,5-trimethyl-2,6-diphenylpiperidinium",390.222778,"C26H29FNO","Fc1ccc(cc1)C4(O)[C@@H]([C@@H](c2ccccc2)[NH+]([C@H](c3ccccc3)[C@H]4C)C)C","InChI=1S/C26H28FNO/c1-18-24(20-10-6-4-7-11-20)28(3)25(21-12-8-5-9-13-21)19(2)26(18,29)22-14-16-23(27)17-15-22/h4-19,24-25,29H,1-3H3/p+1/t18-,19-,24+,25+/m1/s1","FTGMSKYZJVDEFA-WHBJXLRSSA-O"
5441007,"4-Amino-3-cycloheptyl-2-(isobutylsulfanyl)-6,7-dimethoxyquinazolin-3-ium",390.220978,"C21H32N3O2S","O(c1cc2nc(SCC(C)C)[n+](c(c2cc1OC)N)C3CCCCCC3)C","InChI=1S/C21H31N3O2S/c1-14(2)13-27-21-23-17-12-19(26-4)18(25-3)11-16(17)20(22)24(21)15-9-7-5-6-8-10-15/h11-12,14-15,22H,5-10,13H2,1-4H3/p+1","MCTSQNAVHYYDSQ-UHFFFAOYSA-O"
5552154,"(2R,3R,5S,6S)-4-(4-Fluorophenyl)-4-hydroxy-1,3,5-trimethyl-2,6-diphenylpiperidinium",390.222778,"C26H29FNO","Fc1ccc(cc1)C4(O)[C@H]([C@@H](c2ccccc2)[NH+]([C@@H](c3ccccc3)[C@H]4C)C)C","InChI=1S/C26H28FNO/c1-18-24(20-10-6-4-7-11-20)28(3)25(21-12-8-5-9-13-21)19(2)26(18,29)22-14-16-23(27)17-15-22/h4-19,24-25,29H,1-3H3/p+1/t18-,19+,24-,25+,26?","FTGMSKYZJVDEFA-OTZYSICVSA-O"
5552156,"(2R,3S,5S,6S)-4-(4-Fluorophenyl)-4-hydroxy-1,3,5-trimethyl-2,6-diphenylpiperidinium",390.222778,"C26H29FNO","Fc1ccc(cc1)C4(O)[C@H]([C@@H](c2ccccc2)[NH+]([C@@H](c3ccccc3)[C@@H]4C)C)C","InChI=1S/C26H28FNO/c1-18-24(20-10-6-4-7-11-20)28(3)25(21-12-8-5-9-13-21)19(2)26(18,29)22-14-16-23(27)17-15-22/h4-19,24-25,29H,1-3H3/p+1/t18-,19-,24-,25+,26?/m0/s1","FTGMSKYZJVDEFA-KDTOMHBFSA-O"
5552158,"(2S,3R,5S,6S)-4-(4-Fluorophenyl)-4-hydroxy-1,3,5-trimethyl-2,6-diphenylpiperidinium",390.222778,"C26H29FNO","Fc1ccc(cc1)C4(O)[C@H]([C@@H](c2ccccc2)[NH+]([C@H](c3ccccc3)[C@H]4C)C)C","InChI=1S/C26H28FNO/c1-18-24(20-10-6-4-7-11-20)28(3)25(21-12-8-5-9-13-21)19(2)26(18,29)22-14-16-23(27)17-15-22/h4-19,24-25,29H,1-3H3/p+1/t18-,19+,24-,25-,26?/m0/s1","FTGMSKYZJVDEFA-NWDWJUPMSA-O"
5552160,"(2S,3S,5S,6S)-4-(4-Fluorophenyl)-4-hydroxy-1,3,5-trimethyl-2,6-diphenylpiperidinium",390.222778,"C26H29FNO","Fc1ccc(cc1)C4(O)[C@H]([C@@H](c2ccccc2)[NH+]([C@H](c3ccccc3)[C@@H]4C)C)C","InChI=1S/C26H28FNO/c1-18-24(20-10-6-4-7-11-20)28(3)25(21-12-8-5-9-13-21)19(2)26(18,29)22-14-16-23(27)17-15-22/h4-19,24-25,29H,1-3H3/p+1/t18-,19-,24-,25-/m0/s1","FTGMSKYZJVDEFA-CWGXUGAXSA-O"
5576951,"(2R,3R,4R,6S)-4-(4-Fluorophenyl)-4-hydroxy-2,6-diphenyl-3-propylpiperidinium",390.222778,"C26H29FNO","Fc1ccc(cc1)[C@@]4(O)C[C@@H](c2ccccc2)[NH2+][C@@H](c3ccccc3)[C@H]4CCC","InChI=1S/C26H28FNO/c1-2-9-23-25(20-12-7-4-8-13-20)28-24(19-10-5-3-6-11-19)18-26(23,29)21-14-16-22(27)17-15-21/h3-8,10-17,23-25,28-29H,2,9,18H2,1H3/p+1/t23-,24+,25+,26+/m1/s1","IBVUWOBSESRAEG-RSYZFUPGSA-O"
5576953,"(2R,3S,4R,6S)-4-(4-Fluorophenyl)-4-hydroxy-2,6-diphenyl-3-propylpiperidinium",390.222778,"C26H29FNO","Fc1ccc(cc1)[C@@]4(O)C[C@@H](c2ccccc2)[NH2+][C@@H](c3ccccc3)[C@@H]4CCC","InChI=1S/C26H28FNO/c1-2-9-23-25(20-12-7-4-8-13-20)28-24(19-10-5-3-6-11-19)18-26(23,29)21-14-16-22(27)17-15-21/h3-8,10-17,23-25,28-29H,2,9,18H2,1H3/p+1/t23-,24-,25-,26-/m0/s1","IBVUWOBSESRAEG-CQJMVLFOSA-O"
5576955,"(2S,3R,4R,6S)-4-(4-Fluorophenyl)-4-hydroxy-2,6-diphenyl-3-propylpiperidinium",390.222778,"C26H29FNO","Fc1ccc(cc1)[C@@]4(O)C[C@@H](c2ccccc2)[NH2+][C@H](c3ccccc3)[C@H]4CCC","InChI=1S/C26H28FNO/c1-2-9-23-25(20-12-7-4-8-13-20)28-24(19-10-5-3-6-11-19)18-26(23,29)21-14-16-22(27)17-15-21/h3-8,10-17,23-25,28-29H,2,9,18H2,1H3/p+1/t23-,24+,25-,26+/m1/s1","IBVUWOBSESRAEG-ZJSPYRCASA-O"
5576957,"(2S,3S,4R,6S)-4-(4-Fluorophenyl)-4-hydroxy-2,6-diphenyl-3-propylpiperidinium",390.222778,"C26H29FNO","Fc1ccc(cc1)[C@@]4(O)C[C@@H](c2ccccc2)[NH2+][C@H](c3ccccc3)[C@@H]4CCC","InChI=1S/C26H28FNO/c1-2-9-23-25(20-12-7-4-8-13-20)28-24(19-10-5-3-6-11-19)18-26(23,29)21-14-16-22(27)17-15-21/h3-8,10-17,23-25,28-29H,2,9,18H2,1H3/p+1/t23-,24-,25+,26-/m0/s1","IBVUWOBSESRAEG-SSUZURRFSA-O"
5615366,"(2R)-1-[3-({[(2R,4R)-3-Acetyl-2-phenyl-1,3-thiazolidin-4-yl]carbonyl}amino)propyl]-2-methylpiperidinium",390.220978,"C21H32N3O2S","O=C(N2[C@H](SC[C@H]2C(=O)NCCC[NH+]1[C@H](C)CCCC1)c3ccccc3)C","InChI=1S/C21H31N3O2S/c1-16-9-6-7-13-23(16)14-8-12-22-20(26)19-15-27-21(24(19)17(2)25)18-10-4-3-5-11-18/h3-5,10-11,16,19,21H,6-9,12-15H2,1-2H3,(H,22,26)/p+1/t16-,19+,21-/m1/s1","JVZPXAZCQKWSIV-LKUPVBHCSA-O"
5615368,"(2S)-1-[3-({[(2R,4R)-3-Acetyl-2-phenyl-1,3-thiazolidin-4-yl]carbonyl}amino)propyl]-2-methylpiperidinium",390.220978,"C21H32N3O2S","O=C(N2[C@H](SC[C@H]2C(=O)NCCC[NH+]1[C@@H](C)CCCC1)c3ccccc3)C","InChI=1S/C21H31N3O2S/c1-16-9-6-7-13-23(16)14-8-12-22-20(26)19-15-27-21(24(19)17(2)25)18-10-4-3-5-11-18/h3-5,10-11,16,19,21H,6-9,12-15H2,1-2H3,(H,22,26)/p+1/t16-,19-,21+/m0/s1","JVZPXAZCQKWSIV-NBHGPNQESA-O"
5629525,"(3R)-8-Pentanoyl-3-[(2-phenylethyl)carbamoyl]-1-thia-8-aza-4-azoniaspiro[4.5]decane",390.220978,"C21H32N3O2S","O=C(N3CCC2(SC[C@@H](C(=O)NCCc1ccccc1)[NH2+]2)CC3)CCCC","InChI=1S/C21H31N3O2S/c1-2-3-9-19(25)24-14-11-21(12-15-24)23-18(16-27-21)20(26)22-13-10-17-7-5-4-6-8-17/h4-8,18,23H,2-3,9-16H2,1H3,(H,22,26)/p+1/t18-/m0/s1","ZRKDHCNLNKYYIC-SFHVURJKSA-O"
5629527,"(3S)-8-Pentanoyl-3-[(2-phenylethyl)carbamoyl]-1-thia-8-aza-4-azoniaspiro[4.5]decane",390.220978,"C21H32N3O2S","O=C(N3CCC2(SC[C@H](C(=O)NCCc1ccccc1)[NH2+]2)CC3)CCCC","InChI=1S/C21H31N3O2S/c1-2-3-9-19(25)24-14-11-21(12-15-24)23-18(16-27-21)20(26)22-13-10-17-7-5-4-6-8-17/h4-8,18,23H,2-3,9-16H2,1H3,(H,22,26)/p+1/t18-/m1/s1","ZRKDHCNLNKYYIC-GOSISDBHSA-O"
5687081,"(3R)-3-[(2S)-2-Butanylcarbamoyl]-8-(4-ethylbenzoyl)-1-thia-8-aza-4-azoniaspiro[4.5]decane",390.220978,"C21H32N3O2S","O=C(N2CCC1(SC[C@@H](C(=O)N[C@@H](C)CC)[NH2+]1)CC2)c3ccc(cc3)CC","InChI=1S/C21H31N3O2S/c1-4-15(3)22-19(25)18-14-27-21(23-18)10-12-24(13-11-21)20(26)17-8-6-16(5-2)7-9-17/h6-9,15,18,23H,4-5,10-14H2,1-3H3,(H,22,25)/p+1/t15-,18-/m0/s1","UEFXQZXMNBSYIC-YJBOKZPZSA-O"
5687083,"(3S)-3-[(2S)-2-Butanylcarbamoyl]-8-(4-ethylbenzoyl)-1-thia-8-aza-4-azoniaspiro[4.5]decane",390.220978,"C21H32N3O2S","O=C(N2CCC1(SC[C@H](C(=O)N[C@@H](C)CC)[NH2+]1)CC2)c3ccc(cc3)CC","InChI=1S/C21H31N3O2S/c1-4-15(3)22-19(25)18-14-27-21(23-18)10-12-24(13-11-21)20(26)17-8-6-16(5-2)7-9-17/h6-9,15,18,23H,4-5,10-14H2,1-3H3,(H,22,25)/p+1/t15-,18+/m0/s1","UEFXQZXMNBSYIC-MAUKXSAKSA-O"
5687085,"(3R)-3-[(2R)-2-Butanylcarbamoyl]-8-(4-ethylbenzoyl)-1-thia-8-aza-4-azoniaspiro[4.5]decane",390.220978,"C21H32N3O2S","O=C(N2CCC1(SC[C@@H](C(=O)N[C@H](C)CC)[NH2+]1)CC2)c3ccc(cc3)CC","InChI=1S/C21H31N3O2S/c1-4-15(3)22-19(25)18-14-27-21(23-18)10-12-24(13-11-21)20(26)17-8-6-16(5-2)7-9-17/h6-9,15,18,23H,4-5,10-14H2,1-3H3,(H,22,25)/p+1/t15-,18+/m1/s1","UEFXQZXMNBSYIC-QAPCUYQASA-O"
5687087,"(3S)-3-[(2R)-2-Butanylcarbamoyl]-8-(4-ethylbenzoyl)-1-thia-8-aza-4-azoniaspiro[4.5]decane",390.220978,"C21H32N3O2S","O=C(N2CCC1(SC[C@H](C(=O)N[C@H](C)CC)[NH2+]1)CC2)c3ccc(cc3)CC","InChI=1S/C21H31N3O2S/c1-4-15(3)22-19(25)18-14-27-21(23-18)10-12-24(13-11-21)20(26)17-8-6-16(5-2)7-9-17/h6-9,15,18,23H,4-5,10-14H2,1-3H3,(H,22,25)/p+1/t15-,18-/m1/s1","UEFXQZXMNBSYIC-CRAIPNDOSA-O"
5716994,"(2R,3R,4R,6S)-4-(4-Fluorophenyl)-4-hydroxy-3-isopropyl-2,6-diphenylpiperidinium",390.222778,"C26H29FNO","Fc1ccc(cc1)[C@]4(O)[C@@H]([C@H](c2ccccc2)[NH2+][C@H](c3ccccc3)C4)C(C)C","InChI=1S/C26H28FNO/c1-18(2)24-25(20-11-7-4-8-12-20)28-23(19-9-5-3-6-10-19)17-26(24,29)21-13-15-22(27)16-14-21/h3-16,18,23-25,28-29H,17H2,1-2H3/p+1/t23-,24+,25-,26-/m0/s1","QTRIGFJYNKGEIO-QYOOZWMWSA-O"
5716996,"(2R,3S,4R,6S)-4-(4-Fluorophenyl)-4-hydroxy-3-isopropyl-2,6-diphenylpiperidinium",390.222778,"C26H29FNO","Fc1ccc(cc1)[C@]4(O)[C@H]([C@H](c2ccccc2)[NH2+][C@H](c3ccccc3)C4)C(C)C","InChI=1S/C26H28FNO/c1-18(2)24-25(20-11-7-4-8-12-20)28-23(19-9-5-3-6-10-19)17-26(24,29)21-13-15-22(27)16-14-21/h3-16,18,23-25,28-29H,17H2,1-2H3/p+1/t23-,24-,25-,26-/m0/s1","QTRIGFJYNKGEIO-CQJMVLFOSA-O"
5716998,"(2S,3R,4R,6S)-4-(4-Fluorophenyl)-4-hydroxy-3-isopropyl-2,6-diphenylpiperidinium",390.222778,"C26H29FNO","Fc1ccc(cc1)[C@]4(O)[C@@H]([C@@H](c2ccccc2)[NH2+][C@H](c3ccccc3)C4)C(C)C","InChI=1S/C26H28FNO/c1-18(2)24-25(20-11-7-4-8-12-20)28-23(19-9-5-3-6-10-19)17-26(24,29)21-13-15-22(27)16-14-21/h3-16,18,23-25,28-29H,17H2,1-2H3/p+1/t23-,24+,25+,26-/m0/s1","QTRIGFJYNKGEIO-QUMGSSFMSA-O"
5717000,"(2S,3S,4R,6S)-4-(4-Fluorophenyl)-4-hydroxy-3-isopropyl-2,6-diphenylpiperidinium",390.222778,"C26H29FNO","Fc1ccc(cc1)[C@]4(O)[C@H]([C@@H](c2ccccc2)[NH2+][C@H](c3ccccc3)C4)C(C)C","InChI=1S/C26H28FNO/c1-18(2)24-25(20-11-7-4-8-12-20)28-23(19-9-5-3-6-10-19)17-26(24,29)21-13-15-22(27)16-14-21/h3-16,18,23-25,28-29H,17H2,1-2H3/p+1/t23-,24-,25+,26-/m0/s1","QTRIGFJYNKGEIO-SSUZURRFSA-O"
5773205,"N-({(5E)-5-[4-(Diethylamino)benzylidene]-2,4-dioxo-1,3-thiazolidin-3-yl}methyl)-N-propyl-1-propanaminium",390.220978,"C21H32N3O2S","O=C1S/C(C(=O)N1C[NH+](CCC)CCC)=C/c2ccc(N(CC)CC)cc2","InChI=1S/C21H31N3O2S/c1-5-13-22(14-6-2)16-24-20(25)19(27-21(24)26)15-17-9-11-18(12-10-17)23(7-3)8-4/h9-12,15H,5-8,13-14,16H2,1-4H3/p+1/b19-15+","VRHRFXALEYSARP-XDJHFCHBSA-O"
5816358,"(1R)-1-[4-(Dimethylamino)phenyl]-N,N-dimethyl-2-{[(2,4,5-trimethylphenyl)sulfonyl]amino}ethanaminium",390.220978,"C21H32N3O2S","O=S(=O)(c1cc(c(cc1C)C)C)NC[C@@H](c2ccc(N(C)C)cc2)[NH+](C)C","InChI=1S/C21H31N3O2S/c1-15-12-17(3)21(13-16(15)2)27(25,26)22-14-20(24(6)7)18-8-10-19(11-9-18)23(4)5/h8-13,20,22H,14H2,1-7H3/p+1/t20-/m0/s1","VHJQHGDVWNPKFZ-FQEVSTJZSA-O"
5816360,"(1S)-1-[4-(Dimethylamino)phenyl]-N,N-dimethyl-2-{[(2,4,5-trimethylphenyl)sulfonyl]amino}ethanaminium",390.220978,"C21H32N3O2S","O=S(=O)(c1cc(c(cc1C)C)C)NC[C@H](c2ccc(N(C)C)cc2)[NH+](C)C","InChI=1S/C21H31N3O2S/c1-15-12-17(3)21(13-16(15)2)27(25,26)22-14-20(24(6)7)18-8-10-19(11-9-18)23(4)5/h8-13,20,22H,14H2,1-7H3/p+1/t20-/m1/s1","VHJQHGDVWNPKFZ-HXUWFJFHSA-O"
5816362,"(1R)-1-[4-(Dimethylamino)phenyl]-2-[(mesitylsulfonyl)amino]-N,N-dimethylethanaminium",390.220978,"C21H32N3O2S","O=S(=O)(c1c(cc(cc1C)C)C)NC[C@@H](c2ccc(N(C)C)cc2)[NH+](C)C","InChI=1S/C21H31N3O2S/c1-15-12-16(2)21(17(3)13-15)27(25,26)22-14-20(24(6)7)18-8-10-19(11-9-18)23(4)5/h8-13,20,22H,14H2,1-7H3/p+1/t20-/m0/s1","QYYXIPPEYXLQHY-FQEVSTJZSA-O"
5816364,"(1S)-1-[4-(Dimethylamino)phenyl]-2-[(mesitylsulfonyl)amino]-N,N-dimethylethanaminium",390.220978,"C21H32N3O2S","O=S(=O)(c1c(cc(cc1C)C)C)NC[C@H](c2ccc(N(C)C)cc2)[NH+](C)C","InChI=1S/C21H31N3O2S/c1-15-12-16(2)21(17(3)13-15)27(25,26)22-14-20(24(6)7)18-8-10-19(11-9-18)23(4)5/h8-13,20,22H,14H2,1-7H3/p+1/t20-/m1/s1","QYYXIPPEYXLQHY-HXUWFJFHSA-O"
5949377,"N-Cyclohexyl-N~2~-[(3S)-1,2,3,4-tetrahydro-3-isoquinoliniumylcarbonyl]-L-methioninamide",390.220978,"C21H32N3O2S","O=C(NC1CCCCC1)[C@@H](NC(=O)[C@H]3[NH2+]Cc2ccccc2C3)CCSC","InChI=1S/C21H31N3O2S/c1-27-12-11-18(20(25)23-17-9-3-2-4-10-17)24-21(26)19-13-15-7-5-6-8-16(15)14-22-19/h5-8,17-19,22H,2-4,9-14H2,1H3,(H,23,25)(H,24,26)/p+1/t18-,19-/m0/s1","OYIKPUCXVYXDHK-OALUTQOASA-O"
6385415,"1-Methyl-4-(3-{(2R)-2-[4-(2-methyl-2-propanyl)phenyl]-4-oxo-1,3-thiazolidin-3-yl}propanoyl)piperazin-1-ium",390.220978,"C21H32N3O2S","O=C2N(CCC(=O)N1CC[NH+](C)CC1)[C@H](SC2)c3ccc(cc3)C(C)(C)C","InChI=1S/C21H31N3O2S/c1-21(2,3)17-7-5-16(6-8-17)20-24(19(26)15-27-20)10-9-18(25)23-13-11-22(4)12-14-23/h5-8,20H,9-15H2,1-4H3/p+1/t20-/m1/s1","DNSWTPBJIKPPQU-HXUWFJFHSA-O"
6385417,"1-Methyl-4-(3-{(2S)-2-[4-(2-methyl-2-propanyl)phenyl]-4-oxo-1,3-thiazolidin-3-yl}propanoyl)piperazin-1-ium",390.220978,"C21H32N3O2S","O=C2N(CCC(=O)N1CC[NH+](C)CC1)[C@@H](SC2)c3ccc(cc3)C(C)(C)C","InChI=1S/C21H31N3O2S/c1-21(2,3)17-7-5-16(6-8-17)20-24(19(26)15-27-20)10-9-18(25)23-13-11-22(4)12-14-23/h5-8,20H,9-15H2,1-4H3/p+1/t20-/m0/s1","DNSWTPBJIKPPQU-FQEVSTJZSA-O"
6385460,"1-{2-[(2S,5R)-5-Ethyl-2-(2-methylphenyl)-4-oxo-1,3-thiazolidin-3-yl]ethyl}-4-propionylpiperazin-1-ium",390.220978,"C21H32N3O2S","O=C2N(CC[NH+]1CCN(C(=O)CC)CC1)[C@@H](S[C@@H]2CC)c3ccccc3C","InChI=1S/C21H31N3O2S/c1-4-18-20(26)24(21(27-18)17-9-7-6-8-16(17)3)15-12-22-10-13-23(14-11-22)19(25)5-2/h6-9,18,21H,4-5,10-15H2,1-3H3/p+1/t18-,21+/m1/s1","WCGLDLRGKPGIOK-NQIIRXRSSA-O"
6385462,"1-{2-[(2S,5S)-5-Ethyl-2-(2-methylphenyl)-4-oxo-1,3-thiazolidin-3-yl]ethyl}-4-propionylpiperazin-1-ium",390.220978,"C21H32N3O2S","O=C(N1CC[NH+](CC1)CCN3C(=O)[C@@H](S[C@H]3c2c(cccc2)C)CC)CC","InChI=1S/C21H31N3O2S/c1-4-18-20(26)24(21(27-18)17-9-7-6-8-16(17)3)15-12-22-10-13-23(14-11-22)19(25)5-2/h6-9,18,21H,4-5,10-15H2,1-3H3/p+1/t18-,21-/m0/s1","WCGLDLRGKPGIOK-RXVVDRJESA-O"
6385464,"1-{2-[(2R,5R)-5-Ethyl-2-(2-methylphenyl)-4-oxo-1,3-thiazolidin-3-yl]ethyl}-4-propionylpiperazin-1-ium",390.220978,"C21H32N3O2S","O=C2N(CC[NH+]1CCN(C(=O)CC)CC1)[C@H](S[C@@H]2CC)c3ccccc3C","InChI=1S/C21H31N3O2S/c1-4-18-20(26)24(21(27-18)17-9-7-6-8-16(17)3)15-12-22-10-13-23(14-11-22)19(25)5-2/h6-9,18,21H,4-5,10-15H2,1-3H3/p+1/t18-,21-/m1/s1","WCGLDLRGKPGIOK-WIYYLYMNSA-O"
6385466,"1-{2-[(2R,5S)-5-Ethyl-2-(2-methylphenyl)-4-oxo-1,3-thiazolidin-3-yl]ethyl}-4-propionylpiperazin-1-ium",390.220978,"C21H32N3O2S","O=C(N1CC[NH+](CC1)CCN3C(=O)[C@@H](S[C@@H]3c2c(cccc2)C)CC)CC","InChI=1S/C21H31N3O2S/c1-4-18-20(26)24(21(27-18)17-9-7-6-8-16(17)3)15-12-22-10-13-23(14-11-22)19(25)5-2/h6-9,18,21H,4-5,10-15H2,1-3H3/p+1/t18-,21+/m0/s1","WCGLDLRGKPGIOK-GHTZIAJQSA-O"
6385894,"1-Methyl-4-{(2S)-4-methyl-2-[(2S)-2-(2-methylphenyl)-4-oxo-1,3-thiazolidin-3-yl]pentanoyl}piperazin-1-ium",390.220978,"C21H32N3O2S","O=C2N([C@H](C(=O)N1CC[NH+](C)CC1)CC(C)C)[C@@H](SC2)c3ccccc3C","InChI=1S/C21H31N3O2S/c1-15(2)13-18(20(26)23-11-9-22(4)10-12-23)24-19(25)14-27-21(24)17-8-6-5-7-16(17)3/h5-8,15,18,21H,9-14H2,1-4H3/p+1/t18-,21-/m0/s1","DADAAXCDZYBDIZ-RXVVDRJESA-O"
6385896,"1-Methyl-4-{(2R)-4-methyl-2-[(2R)-2-(2-methylphenyl)-4-oxo-1,3-thiazolidin-3-yl]pentanoyl}piperazin-1-ium",390.220978,"C21H32N3O2S","O=C2N([C@@H](C(=O)N1CC[NH+](C)CC1)CC(C)C)[C@H](SC2)c3ccccc3C","InChI=1S/C21H31N3O2S/c1-15(2)13-18(20(26)23-11-9-22(4)10-12-23)24-19(25)14-27-21(24)17-8-6-5-7-16(17)3/h5-8,15,18,21H,9-14H2,1-4H3/p+1/t18-,21-/m1/s1","DADAAXCDZYBDIZ-WIYYLYMNSA-O"
6385898,"1-Methyl-4-{(2R)-4-methyl-2-[(2S)-2-(2-methylphenyl)-4-oxo-1,3-thiazolidin-3-yl]pentanoyl}piperazin-1-ium",390.220978,"C21H32N3O2S","O=C2N([C@@H](C(=O)N1CC[NH+](C)CC1)CC(C)C)[C@@H](SC2)c3ccccc3C","InChI=1S/C21H31N3O2S/c1-15(2)13-18(20(26)23-11-9-22(4)10-12-23)24-19(25)14-27-21(24)17-8-6-5-7-16(17)3/h5-8,15,18,21H,9-14H2,1-4H3/p+1/t18-,21+/m1/s1","DADAAXCDZYBDIZ-NQIIRXRSSA-O"
6420398,"(2R)-3-[Bis(4-fluorophenyl)methoxy]-N-(cyclohexylmethyl)-2-hydroxy-1-propanaminium",390.223907,"C23H30F2NO2","Fc1ccc(cc1)C(OC[C@H](O)C[NH2+]CC2CCCCC2)c3ccc(F)cc3","InChI=1S/C23H29F2NO2/c24-20-10-6-18(7-11-20)23(19-8-12-21(25)13-9-19)28-16-22(27)15-26-14-17-4-2-1-3-5-17/h6-13,17,22-23,26-27H,1-5,14-16H2/p+1/t22-/m1/s1","OROOQQOQKAUOOI-JOCHJYFZSA-O"
6420400,"(2S)-3-[Bis(4-fluorophenyl)methoxy]-N-(cyclohexylmethyl)-2-hydroxy-1-propanaminium",390.223907,"C23H30F2NO2","Fc1ccc(cc1)C(OC[C@@H](O)C[NH2+]CC2CCCCC2)c3ccc(F)cc3","InChI=1S/C23H29F2NO2/c24-20-10-6-18(7-11-20)23(19-8-12-21(25)13-9-19)28-16-22(27)15-26-14-17-4-2-1-3-5-17/h6-13,17,22-23,26-27H,1-5,14-16H2/p+1/t22-/m0/s1","OROOQQOQKAUOOI-QFIPXVFZSA-O"
6847777,"3-{[(Methyl{2-oxo-2-[(2,3,4-trifluorophenyl)amino]ethyl}ammonio)acetyl]amino}-N-(2-methyl-2-propanyl)-1-propanaminium",390.223175,"C18H29F3N4O2","O=C(Nc1ccc(F)c(F)c1F)C[NH+](CC(=O)NCCC[NH2+]C(C)(C)C)C","InChI=1S/C18H27F3N4O2/c1-18(2,3)23-9-5-8-22-14(26)10-25(4)11-15(27)24-13-7-6-12(19)16(20)17(13)21/h6-7,23H,5,8-11H2,1-4H3,(H,22,26)(H,24,27)/p+2","RUUIEXYGURUXQL-UHFFFAOYSA-P"
6914309,"4-[(6-Methoxy-6-oxohexyl)carbamothioyl]-1-[(2E)-3-phenyl-2-propen-1-yl]piperazin-1-ium",390.220978,"C21H32N3O2S","S=C(NCCCCCC(=O)OC)N2CC[NH+](C\C=C\c1ccccc1)CC2","InChI=1S/C21H31N3O2S/c1-26-20(25)12-6-3-7-13-22-21(27)24-17-15-23(16-18-24)14-8-11-19-9-4-2-5-10-19/h2,4-5,8-11H,3,6-7,12-18H2,1H3,(H,22,27)/p+1/b11-8+","IJHNSAVPTDAPIS-DHZHZOJOSA-O"
7012737,"(2S)-1-[(Adamantan-1-ylcarbamoyl)amino]-N-ethyl-1-oxo-N-(2-thienylmethyl)-2-propanaminium",390.220978,"C21H32N3O2S","O=C(NC13CC2CC(C1)CC(C2)C3)NC(=O)[C@@H]([NH+](CC)Cc4sccc4)C","InChI=1S/C21H31N3O2S/c1-3-24(13-18-5-4-6-27-18)14(2)19(25)22-20(26)23-21-10-15-7-16(11-21)9-17(8-15)12-21/h4-6,14-17H,3,7-13H2,1-2H3,(H2,22,23,25,26)/p+1/t14-,15?,16?,17?,21?/m0/s1","OYLFJHKREXOBQL-HILYYZTDSA-O"
7012739,"(2R)-1-[(Adamantan-1-ylcarbamoyl)amino]-N-ethyl-1-oxo-N-(2-thienylmethyl)-2-propanaminium",390.220978,"C21H32N3O2S","O=C(NC13CC2CC(C1)CC(C2)C3)NC(=O)[C@H]([NH+](CC)Cc4sccc4)C","InChI=1S/C21H31N3O2S/c1-3-24(13-18-5-4-6-27-18)14(2)19(25)22-20(26)23-21-10-15-7-16(11-21)9-17(8-15)12-21/h4-6,14-17H,3,7-13H2,1-2H3,(H2,22,23,25,26)/p+1/t14-,15?,16?,17?,21?/m1/s1","OYLFJHKREXOBQL-LFPRZYRFSA-O"
7061119,"2-{2,5-Dimethyl-1-[2-(2-thienyl)ethyl]-1H-pyrrol-3-yl}-N-methyl-N-{2-[(2-methyl-2-propanyl)amino]-2-oxoethyl}-2-oxoethanaminium",390.220978,"C21H32N3O2S","O=C(NC(C)(C)C)C[NH+](C)CC(=O)c1c(n(c(c1)C)CCc2sccc2)C","InChI=1S/C21H31N3O2S/c1-15-12-18(16(2)24(15)10-9-17-8-7-11-27-17)19(25)13-23(6)14-20(26)22-21(3,4)5/h7-8,11-12H,9-10,13-14H2,1-6H3,(H,22,26)/p+1","IQJLJDBUPSEPHQ-UHFFFAOYSA-O"
7093343,"4-[(2,3-Dihydro-1H-inden-5-ylsulfanyl)acetyl]-1-{2-[(2-methyl-2-propanyl)amino]-2-oxoethyl}piperazin-1-ium",390.220978,"C21H32N3O2S","O=C(N1CC[NH+](CC(=O)NC(C)(C)C)CC1)CSc2cc3c(cc2)CCC3","InChI=1S/C21H31N3O2S/c1-21(2,3)22-19(25)14-23-9-11-24(12-10-23)20(26)15-27-18-8-7-16-5-4-6-17(16)13-18/h7-8,13H,4-6,9-12,14-15H2,1-3H3,(H,22,25)/p+1","ISZLMMRAOYIIFH-UHFFFAOYSA-O"
7106090,"(2S)-1-{[2-(1-Cyclohexen-1-yl)ethyl]amino}-N-methyl-N-(2-{[2-(methylsulfanyl)phenyl]amino}-2-oxoethyl)-1-oxo-2-propanaminium",390.220978,"C21H32N3O2S","O=C(Nc1ccccc1SC)C[NH+](C)[C@H](C(=O)NCC/C2=C/CCCC2)C","InChI=1S/C21H31N3O2S/c1-16(21(26)22-14-13-17-9-5-4-6-10-17)24(2)15-20(25)23-18-11-7-8-12-19(18)27-3/h7-9,11-12,16H,4-6,10,13-15H2,1-3H3,(H,22,26)(H,23,25)/p+1/t16-/m0/s1","BYUBCVBBHIZPLP-INIZCTEOSA-O"
7106498,"2-[1-Cyclohexen-1-yl(propyl)amino]-N-methyl-N-(2-{[2-(methylsulfanyl)phenyl]amino}-2-oxoethyl)-2-oxoethanaminium",390.220978,"C21H32N3O2S","O=C(Nc1ccccc1SC)C[NH+](C)CC(=O)N(\C2=C\CCCC2)CCC","InChI=1S/C21H31N3O2S/c1-4-14-24(17-10-6-5-7-11-17)21(26)16-23(2)15-20(25)22-18-12-8-9-13-19(18)27-3/h8-10,12-13H,4-7,11,14-16H2,1-3H3,(H,22,25)/p+1","ZCXFHIUOCKWZID-UHFFFAOYSA-O"
7197533,"2-(Adamantan-1-ylamino)-N-ethyl-2-oxo-N-{2-oxo-2-[(2-thienylmethyl)amino]ethyl}ethanaminium",390.220978,"C21H32N3O2S","O=C(NCc1sccc1)C[NH+](CC(=O)NC24CC3CC(C2)CC(C3)C4)CC","InChI=1S/C21H31N3O2S/c1-2-24(13-19(25)22-12-18-4-3-5-27-18)14-20(26)23-21-9-15-6-16(10-21)8-17(7-15)11-21/h3-5,15-17H,2,6-14H2,1H3,(H,22,25)(H,23,26)/p+1","QPGDICWFMCVGSJ-UHFFFAOYSA-O"
7286009,"{1-[(3R)-1,1-Dioxidotetrahydro-3-thiophenyl]-3,5-dimethyl-1H-pyrazol-4-yl}-N-(4-isopropylbenzyl)-N-methylmethanaminium",390.220978,"C21H32N3O2S","O=S3(=O)CC[C@@H](n1nc(c(c1C)C[NH+](Cc2ccc(cc2)C(C)C)C)C)C3","InChI=1S/C21H31N3O2S/c1-15(2)19-8-6-18(7-9-19)12-23(5)13-21-16(3)22-24(17(21)4)20-10-11-27(25,26)14-20/h6-9,15,20H,10-14H2,1-5H3/p+1/t20-/m1/s1","HHJJOJAIGQDTIB-HXUWFJFHSA-O"
7286012,"{1-[(3S)-1,1-Dioxidotetrahydro-3-thiophenyl]-3,5-dimethyl-1H-pyrazol-4-yl}-N-(4-isopropylbenzyl)-N-methylmethanaminium",390.220978,"C21H32N3O2S","O=S3(=O)CC[C@H](n1nc(c(c1C)C[NH+](Cc2ccc(cc2)C(C)C)C)C)C3","InChI=1S/C21H31N3O2S/c1-15(2)19-8-6-18(7-9-19)12-23(5)13-21-16(3)22-24(17(21)4)20-10-11-27(25,26)14-20/h6-9,15,20H,10-14H2,1-5H3/p+1/t20-/m0/s1","HHJJOJAIGQDTIB-FQEVSTJZSA-O"
7528759,"(3-Cyclopentyl-4,5-dimethyl-2-thioxo-2,3-dihydro-1H-imidazol-1-yl)-N-(3,4-dimethoxybenzyl)-N-methylmethanaminium",390.220978,"C21H32N3O2S","S=C1N(\C(=C(/N1C2CCCC2)C)C)C[NH+](Cc3ccc(OC)c(OC)c3)C","InChI=1S/C21H31N3O2S/c1-15-16(2)24(18-8-6-7-9-18)21(27)23(15)14-22(3)13-17-10-11-19(25-4)20(12-17)26-5/h10-12,18H,6-9,13-14H2,1-5H3/p+1","KRYOFCSKNOKFJG-UHFFFAOYSA-O"
7529083,"(3-Cyclopentyl-4,5-dimethyl-2-thioxo-2,3-dihydro-1H-imidazol-1-yl)-N-(2,4-dimethoxybenzyl)-N-methylmethanaminium",390.220978,"C21H32N3O2S","S=C1N(\C(=C(/N1C2CCCC2)C)C)C[NH+](Cc3ccc(OC)cc3OC)C","InChI=1S/C21H31N3O2S/c1-15-16(2)24(18-8-6-7-9-18)21(27)23(15)14-22(3)13-17-10-11-19(25-4)12-20(17)26-5/h10-12,18H,6-9,13-14H2,1-5H3/p+1","YAFPHLRTBOYICD-UHFFFAOYSA-O"
7717049,"(2S)-1-[(Adamantan-1-ylcarbamoyl)amino]-N-methyl-N-[(3-methyl-2-thienyl)methyl]-1-oxo-2-propanaminium",390.220978,"C21H32N3O2S","O=C(NC13CC2CC(C1)CC(C2)C3)NC(=O)[C@@H]([NH+](C)Cc4sccc4C)C","InChI=1S/C21H31N3O2S/c1-13-4-5-27-18(13)12-24(3)14(2)19(25)22-20(26)23-21-9-15-6-16(10-21)8-17(7-15)11-21/h4-5,14-17H,6-12H2,1-3H3,(H2,22,23,25,26)/p+1/t14-,15?,16?,17?,21?/m0/s1","RMAIYJVXGWEBEX-HILYYZTDSA-O"
7717051,"(2R)-1-[(Adamantan-1-ylcarbamoyl)amino]-N-methyl-N-[(3-methyl-2-thienyl)methyl]-1-oxo-2-propanaminium",390.220978,"C21H32N3O2S","O=C(NC13CC2CC(C1)CC(C2)C3)NC(=O)[C@H]([NH+](C)Cc4sccc4C)C","InChI=1S/C21H31N3O2S/c1-13-4-5-27-18(13)12-24(3)14(2)19(25)22-20(26)23-21-9-15-6-16(10-21)8-17(7-15)11-21/h4-5,14-17H,6-12H2,1-3H3,(H2,22,23,25,26)/p+1/t14-,15?,16?,17?,21?/m1/s1","RMAIYJVXGWEBEX-LFPRZYRFSA-O"
7976332,"(11alpha)-16,16-Difluoro-11-hydroxy-9,15-dioxoprostan-1-oic acid",390.221771,"C20H32F2O5","FC(F)(C(=O)CC[C@@H]1[C@H](C(=O)C[C@H]1O)CCCCCCC(=O)O)CCCC","InChI=1S/C20H32F2O5/c1-2-3-12-20(21,22)18(25)11-10-15-14(16(23)13-17(15)24)8-6-4-5-7-9-19(26)27/h14-15,17,24H,2-13H2,1H3,(H,26,27)/t14-,15-,17-/m1/s1","DBVFKLAGQHYVGQ-BFYDXBDKSA-N"
8040891,"(11alpha)-17,17-Difluoro-11-hydroxy-9,16-dioxoprostan-1-oic acid",390.221771,"C20H32F2O5","FC(F)(C(=O)CCC[C@@H]1[C@H](C(=O)C[C@H]1O)CCCCCCC(=O)O)CCC","InChI=1S/C20H32F2O5/c1-2-12-20(21,22)18(25)10-7-9-15-14(16(23)13-17(15)24)8-5-3-4-6-11-19(26)27/h14-15,17,24H,2-13H2,1H3,(H,26,27)/t14-,15-,17-/m1/s1","GDSPRXOHZKUQHI-BFYDXBDKSA-N"
8105958,"(11alpha)-16,16-Difluoro-15-hydroxy-9-oxo-11,15-epoxyprostan-1-oic acid",390.221771,"C20H32F2O5","FC(F)(CCCC)C2(O)O[C@@H]1CC(=O)[C@@H]([C@H]1CC2)CCCCCCC(=O)O","InChI=1S/C20H32F2O5/c1-2-3-11-19(21,22)20(26)12-10-15-14(16(23)13-17(15)27-20)8-6-4-5-7-9-18(24)25/h14-15,17,26H,2-13H2,1H3,(H,24,25)/t14-,15-,17-,20?/m1/s1","WGFOBBZOWHGYQH-URCPGQDYSA-N"
8105959,"(12xi,15R)-16,16-Difluoro-15-hydroxy-9-oxo-11,15-epoxyprostan-1-oic acid",390.221771,"C20H32F2O5","FC(F)(CCCC)[C@]2(O)OC1CC(=O)[C@@H](C1CC2)CCCCCCC(=O)O","InChI=1S/C20H32F2O5/c1-2-3-11-19(21,22)20(26)12-10-15-14(16(23)13-17(15)27-20)8-6-4-5-7-9-18(24)25/h14-15,17,26H,2-13H2,1H3,(H,24,25)/t14-,15?,17?,20-/m1/s1","WGFOBBZOWHGYQH-MVJIGTSNSA-N"
8127964,"1-(Diphenylphosphino)-N,2,2-trimethyl-N-[2-(2-pyridinyl)ethyl]-1-propanamine",390.222473,"C25H31N2P","n1ccccc1CCN(C(P(c2ccccc2)c3ccccc3)C(C)(C)C)C","InChI=1S/C25H31N2P/c1-25(2,3)24(27(4)20-18-21-13-11-12-19-26-21)28(22-14-7-5-8-15-22)23-16-9-6-10-17-23/h5-17,19,24H,18,20H2,1-4H3","OTKIVJYANNNLTL-UHFFFAOYSA-N"
8153320,"2-{3-[6-({[Dimethyl(2-methyl-2-propanyl)silyl]oxy}methyl)-1,3-benzodioxol-5-yl]-2-cyclohexen-1-yl}ethanol",390.222626,"C22H34O4Si","O1c2cc(c(cc2OC1)CO[Si](C(C)(C)C)(C)C)/C3=C/C(CCO)CCC3","InChI=1S/C22H34O4Si/c1-22(2,3)27(4,5)26-14-18-12-20-21(25-15-24-20)13-19(18)17-8-6-7-16(11-17)9-10-23/h11-13,16,23H,6-10,14-15H2,1-5H3","XFLVQKXYGIBYKY-UHFFFAOYSA-N"
8221497,"(1R,4R,5S,6S,7R)-4-Hydroxy-5,7-dimethyl-6-[(triethylsilyl)oxy]-2-cyclohepten-1-yl benzoate",390.222626,"C22H34O4Si","O=C(O[C@@H]1/C=C\[C@@H](O)[C@H](C)[C@H](O[Si](CC)(CC)CC)[C@@H]1C)c2ccccc2","InChI=1S/C22H34O4Si/c1-6-27(7-2,8-3)26-21-16(4)19(23)14-15-20(17(21)5)25-22(24)18-12-10-9-11-13-18/h9-17,19-21,23H,6-8H2,1-5H3/t16-,17+,19+,20+,21-/m0/s1","LCXLGLZCMPDITD-VRRQFBSDSA-N"
8267347,"(3S,7R)-3-Hydroxy-10,13-dimethyl-7-(methylsulfanyl)-1,2,3,3',4',6,7,8,9,10,11,12,13,14,15,16-hexadecahydro-5'H-spiro[cyclopenta[a]phenanthrene-17,2'-furan]-5'-one",390.22287,"C23H34O3S","O=C5OC4(C3(C(C2[C@H](SC)C/C1=C/[C@@H](O)CCC1(C)C2CC3)CC4)C)CC5","InChI=1S/C23H34O3S/c1-21-8-4-15(24)12-14(21)13-18(27-3)20-16(21)5-9-22(2)17(20)6-10-23(22)11-7-19(25)26-23/h12,15-18,20,24H,4-11,13H2,1-3H3/t15-,16?,17?,18+,20?,21?,22?,23?/m0/s1","DIYKBOABTLXNQD-JDKHCDFXSA-N"
8353999,"8-Fluoro-N-[4-(4-methyl-1-piperazinyl)phenyl]-1,2,3,4-tetrahydro-9-acridinamine",390.221985,"C24H27FN4","Fc5c1c(nc4c(c1Nc2ccc(cc2)N3CCN(C)CC3)CCCC4)ccc5","InChI=1S/C24H27FN4/c1-28-13-15-29(16-14-28)18-11-9-17(10-12-18)26-24-19-5-2-3-7-21(19)27-22-8-4-6-20(25)23(22)24/h4,6,8-12H,2-3,5,7,13-16H2,1H3,(H,26,27)","WWLIQWZZBMOLAS-UHFFFAOYSA-N"
8397486,"(5E,11alpha,12xi,15R)-16,16-Difluoro-11,15-dihydroxy-9-oxoprost-5-en-1-oic acid",390.221771,"C20H32F2O5","FC(F)([C@H](O)CCC1[C@H](C(=O)C[C@H]1O)C/C=C/CCCC(=O)O)CCCC","InChI=1S/C20H32F2O5/c1-2-3-12-20(21,22)18(25)11-10-15-14(16(23)13-17(15)24)8-6-4-5-7-9-19(26)27/h4,6,14-15,17-18,24-25H,2-3,5,7-13H2,1H3,(H,26,27)/b6-4+/t14-,15?,17-,18-/m1/s1","HKFMTFQDGDECRS-DTVCFNBASA-N"
8425317,"2-{(1S,2S)-6',7'-Dimethoxy-2'-[(trimethylsilyl)oxy]-4'H-spiro[cyclohexane-1,1'-naphthalen]-2-yl}ethanol",390.222626,"C22H34O4Si","O(c1cc2c(cc1OC)[C@]3(C(\O[Si](C)(C)C)=C/C2)CCCC[C@H]3CCO)C","InChI=1S/C22H34O4Si/c1-24-19-14-16-9-10-21(26-27(3,4)5)22(18(16)15-20(19)25-2)12-7-6-8-17(22)11-13-23/h10,14-15,17,23H,6-9,11-13H2,1-5H3/t17-,22-/m0/s1","OJKGYNQXLFSZMW-JTSKRJEESA-N"
8454460,"2-Fluoro-4-{4-[5-(2-pyridinyl)octahydro-2-pentalenyl]-1-piperazinyl}benzonitrile",390.221985,"C24H27FN4","N#Cc5ccc(N4CCN(C3CC2CC(c1ncccc1)CC2C3)CC4)cc5F","InChI=1S/C24H27FN4/c25-23-15-21(5-4-17(23)16-26)28-7-9-29(10-8-28)22-13-18-11-20(12-19(18)14-22)24-3-1-2-6-27-24/h1-6,15,18-20,22H,7-14H2","BQQICCMTDCPZPQ-UHFFFAOYSA-N"
8469264,"Propyl 10-{hydroxy[2-(trimethylsilyl)ethoxy]methyl}tricyclo[6.2.2.0~2,7~]dodeca-2,4,6-triene-9-carboxylate",390.222626,"C22H34O4Si","O=C(OCCC)C3C2c1ccccc1C(CC2)C3C(O)OCC[Si](C)(C)C","InChI=1S/C22H34O4Si/c1-5-12-25-21(23)19-17-10-11-18(16-9-7-6-8-15(16)17)20(19)22(24)26-13-14-27(2,3)4/h6-9,17-20,22,24H,5,10-14H2,1-4H3","DOAVEVOPYVHYLE-UHFFFAOYSA-N"
8561189,"{[(3E,8E)-3-Ethoxy-4-ethyl-2,5-dimethyl-3,8,10-undecatrien-2-yl]sulfonyl}benzene",390.22287,"C23H34O3S","O=S(=O)(c1ccccc1)C(C(/OCC)=C(/CC)C(C)CC\C=C\C=C)(C)C","InChI=1S/C23H34O3S/c1-7-10-11-13-16-19(4)21(8-2)22(26-9-3)23(5,6)27(24,25)20-17-14-12-15-18-20/h7,10-12,14-15,17-19H,1,8-9,13,16H2,2-6H3/b11-10+,22-21+","MYEBXNMHKZGGBG-UQFIQJEOSA-N"
8583530,"(3R,7R)-3-Hydroxy-10,13-dimethyl-7-(methylsulfanyl)-1,2,3,3',4',6,7,8,9,10,11,12,13,14,15,16-hexadecahydro-5'H-spiro[cyclopenta[a]phenanthrene-17,2'-furan]-5'-one",390.22287,"C23H34O3S","O=C5OC4(C3(C(C2[C@H](SC)C/C1=C/[C@H](O)CCC1(C)C2CC3)CC4)C)CC5","InChI=1S/C23H34O3S/c1-21-8-4-15(24)12-14(21)13-18(27-3)20-16(21)5-9-22(2)17(20)6-10-23(22)11-7-19(25)26-23/h12,15-18,20,24H,4-11,13H2,1-3H3/t15-,16?,17?,18-,20?,21?,22?,23?/m1/s1","DIYKBOABTLXNQD-CFOARKECSA-N"
8605926,"{[(3Z,8E)-3-Ethoxy-4-ethyl-2,5-dimethyl-3,8,10-undecatrien-2-yl]sulfonyl}benzene",390.22287,"C23H34O3S","O=S(=O)(c1ccccc1)C(C(\OCC)=C(/CC)C(C)CC\C=C\C=C)(C)C","InChI=1S/C23H34O3S/c1-7-10-11-13-16-19(4)21(8-2)22(26-9-3)23(5,6)27(24,25)20-17-14-12-15-18-20/h7,10-12,14-15,17-19H,1,8-9,13,16H2,2-6H3/b11-10+,22-21-","MYEBXNMHKZGGBG-ABZBQOJRSA-N"
8628435,"(2S)-2-[(8S,9S,13S,14S,17R)-4,13-Dimethyl-7,8,9,11,12,13,14,15,16,17-decahydro-6H-cyclopenta[a]phenanthren-17-yl]propyl methanesulfonate",390.22287,"C23H34O3S","O=S(=O)(OC[C@@H](C)[C@H]4CC[C@H]3[C@H]2[C@@H](c1cccc(c1CC2)C)CC[C@@]34C)C","InChI=1S/C23H34O3S/c1-15-6-5-7-18-17(15)8-9-20-19(18)12-13-23(3)21(10-11-22(20)23)16(2)14-26-27(4,24)25/h5-7,16,19-22H,8-14H2,1-4H3/t16-,19-,20-,21-,22+,23-/m1/s1","KNJIQWMVPVSZGB-JJNHNQGNSA-N"
8676029,"6-[(S)-(2,4,6-Triisopropylphenyl)sulfinyl]-1,4-dioxaspiro[4.5]dec-6-ene",390.22287,"C23H34O3S","O=S(c1c(cc(cc1C(C)C)C(C)C)C(C)C)/C3=C/CCCC23OCCO2","InChI=1S/C23H34O3S/c1-15(2)18-13-19(16(3)4)22(20(14-18)17(5)6)27(24)21-9-7-8-10-23(21)25-11-12-26-23/h9,13-17H,7-8,10-12H2,1-6H3","PEIZVPHATFAMQJ-UHFFFAOYSA-N"
8699860,"8-Methyl-6-[(S)-(2,4,6-triisopropylphenyl)sulfinyl]-1,4-dioxaspiro[4.4]non-6-ene",390.22287,"C23H34O3S","O=S(/C2=C/C(CC12OCCO1)C)c3c(cc(cc3C(C)C)C(C)C)C(C)C","InChI=1S/C23H34O3S/c1-14(2)18-11-19(15(3)4)22(20(12-18)16(5)6)27(24)21-10-17(7)13-23(21)25-8-9-26-23/h10-12,14-17H,8-9,13H2,1-7H3","SNOQKTOEHCIITE-UHFFFAOYSA-N"
8699862,"7-{[Dimethyl(2-methyl-2-propanyl)silyl]oxy}-6-(2-hydroxy-3-methyl-3-buten-1-yl)-5-methoxy-4-methyl-1-indanone",390.222626,"C22H34O4Si","O=C2c1c(c(c(OC)c(c1O[Si](C(C)(C)C)(C)C)CC(O)C(=C)\C)C)CC2","InChI=1S/C22H34O4Si/c1-13(2)18(24)12-16-20(25-7)14(3)15-10-11-17(23)19(15)21(16)26-27(8,9)22(4,5)6/h18,24H,1,10-12H2,2-9H3","UKYMBOKIWVZLTG-UHFFFAOYSA-N"
8723844,"(3E,7E)-4,8,12-Trimethyl-3,7,11-tridecatrien-1-yl 4-methylbenzenesulfonate",390.22287,"C23H34O3S","O=S(=O)(OCC\C=C(/C)CC\C=C(/C)CC\C=C(/C)C)c1ccc(cc1)C","InChI=1S/C23H34O3S/c1-19(2)9-6-10-20(3)11-7-12-21(4)13-8-18-26-27(24,25)23-16-14-22(5)15-17-23/h9,11,13-17H,6-8,10,12,18H2,1-5H3/b20-11+,21-13+","MWBLPKIMWRMZTQ-VZLKJUJQSA-N"
8723845,"9-Methyl-6-[(S)-(2,4,6-triisopropylphenyl)sulfinyl]-1,4-dioxaspiro[4.4]non-6-ene",390.22287,"C23H34O3S","O=S(/C2=C/CC(C12OCCO1)C)c3c(cc(cc3C(C)C)C(C)C)C(C)C","InChI=1S/C23H34O3S/c1-14(2)18-12-19(15(3)4)22(20(13-18)16(5)6)27(24)21-9-8-17(7)23(21)25-10-11-26-23/h9,12-17H,8,10-11H2,1-7H3","NLQVRIUPXLWDIK-UHFFFAOYSA-N"
8723846,"{[(1R,2S)-1-(Allyloxy)-1-(dimethoxymethyl)-1,2-dihydro-2-naphthalenyl]oxy}(dimethyl)(2-methyl-2-propanyl)silane",390.222626,"C22H34O4Si","O(C)C(OC)[C@@]2(OC\C=C)c1ccccc1\C=C/[C@@H]2O[Si](C(C)(C)C)(C)C","InChI=1S/C22H34O4Si/c1-9-16-25-22(20(23-5)24-6)18-13-11-10-12-17(18)14-15-19(22)26-27(7,8)21(2,3)4/h9-15,19-20H,1,16H2,2-8H3/t19-,22+/m0/s1","SAQZZPWRSVEFNG-SIKLNZKXSA-N"
8795807,"(5S)-3-[4-(Benzyloxy)butyl]-5-({[dimethyl(2-methyl-2-propanyl)silyl]oxy}methyl)-2(5H)-furanone",390.222626,"C22H34O4Si","O=C\1O[C@@H](/C=C/1CCCCOCc2ccccc2)CO[Si](C(C)(C)C)(C)C","InChI=1S/C22H34O4Si/c1-22(2,3)27(4,5)25-17-20-15-19(21(23)26-20)13-9-10-14-24-16-18-11-7-6-8-12-18/h6-8,11-12,15,20H,9-10,13-14,16-17H2,1-5H3/t20-/m0/s1","OBPHJBOZCUYZTI-FQEVSTJZSA-N"
8819501,"(3R,4S)-4-{[(1R,2S,5R)-2-Isopropyl-5-methylcyclohexyl]oxy}-3-(phenylsulfanyl)-6-heptenoic acid",390.22287,"C23H34O3S","O=C(O)C[C@@H](Sc1ccccc1)[C@@H](O[C@H]2[C@@H](CC[C@H](C2)C)C(C)C)C\C=C","InChI=1S/C23H34O3S/c1-5-9-20(26-21-14-17(4)12-13-19(21)16(2)3)22(15-23(24)25)27-18-10-7-6-8-11-18/h5-8,10-11,16-17,19-22H,1,9,12-15H2,2-4H3,(H,24,25)/t17-,19+,20+,21-,22-/m1/s1","IQTOEUARLXEIIY-WHCFWRGISA-N"
8890768,"(2E,4E,6E)-1,3,5-Tris(2,2-dimethoxyethyl)-1,3,5-triazinane-2,4,6-triimine",390.222687,"C15H30N6O6","COC(Cn1c(=N)n(c(=N)n(c1=N)CC(OC)OC)CC(OC)OC)OC","InChI=1S/C15H30N6O6/c1-22-10(23-2)7-19-13(16)20(8-11(24-3)25-4)15(18)21(14(19)17)9-12(26-5)27-6/h10-12,16-18H,7-9H2,1-6H3","NCZFJWFKLLHJOM-UHFFFAOYSA-N"
9091415,"Ethyl {(1R,2S)-2-[(S)-{[dimethyl(2-methyl-2-propanyl)silyl]oxy}(phenyl)methyl]-3-oxocyclopentyl}acetate",390.222626,"C22H34O4Si","O=C(OCC)C[C@@H]1[C@H](C(=O)CC1)[C@H](O[Si](C(C)(C)C)(C)C)c2ccccc2","InChI=1S/C22H34O4Si/c1-7-25-19(24)15-17-13-14-18(23)20(17)21(16-11-9-8-10-12-16)26-27(5,6)22(2,3)4/h8-12,17,20-21H,7,13-15H2,1-6H3/t17-,20-,21-/m1/s1","PMKKLIXTPXENHK-DUXKGJEZSA-N"
9091416,"Diethyl (3R,4R)-4-{[dimethyl(phenyl)silyl]methyl}-2,3-dimethyl-1,1-cyclopentanedicarboxylate",390.222626,"C22H34O4Si","O=C(OCC)C2(C(=O)OCC)C[C@@H](C[Si](c1ccccc1)(C)C)[C@H](C)C2C","InChI=1S/C22H34O4Si/c1-7-25-20(23)22(21(24)26-8-2)14-18(16(3)17(22)4)15-27(5,6)19-12-10-9-11-13-19/h9-13,16-18H,7-8,14-15H2,1-6H3/t16-,17?,18+/m1/s1","IWPAESSMHMHBAG-BLAYRMRBSA-N"
9124403,"N-[2-(1-Benzyl-4-piperidinyl)ethyl]-6-(4-fluorophenyl)-3-pyridazinamine",390.221985,"C24H27FN4","C1CN(CCC1CCNC2=NN=C(C=C2)C3=CC=C(C=C3)F)CC4=CC=CC=C4","InChI=1S/C24H27FN4/c25-22-8-6-21(7-9-22)23-10-11-24(28-27-23)26-15-12-19-13-16-29(17-14-19)18-20-4-2-1-3-5-20/h1-11,19H,12-18H2,(H,26,28)","RCEQSTHPZKPSQE-UHFFFAOYSA-N"
9135338,"(4Z)-3-(3,3-Diethoxy-1-propyn-1-yl)-4-(4-{[dimethyl(2-methyl-2-propanyl)silyl]oxy}-2-butyn-1-ylidene)-2-cyclopenten-1-ol",390.222626,"C22H34O4Si","C(#C\C=C1C(\C#CC(OCC)OCC)=C/C(O)C1)CO[Si](C(C)(C)C)(C)C","InChI=1S/C22H34O4Si/c1-8-24-21(25-9-2)14-13-19-17-20(23)16-18(19)12-10-11-15-26-27(6,7)22(3,4)5/h12,17,20-21,23H,8-9,15-16H2,1-7H3","PPZJEFZLBPLAHF-UHFFFAOYSA-N"
9135339,"(4aR,10aS)-4a-{[Dimethyl(2-methyl-2-propanyl)silyl]oxy}-8,10a-dimethoxy-2,3,4a,9,10,10a-hexahydro-4(1H)-phenanthrenone",390.222626,"C22H34O4Si","O=C3[C@@]2(O[Si](C(C)(C)C)(C)C)c1c(c(OC)ccc1)CC[C@@]2(OC)CCC3","InChI=1S/C22H34O4Si/c1-20(2,3)27(6,7)26-22-17-10-8-11-18(24-4)16(17)13-15-21(22,25-5)14-9-12-19(22)23/h8,10-11H,9,12-15H2,1-7H3/t21-,22-/m0/s1","UPJDLBHCWPDGGB-VXKWHMMOSA-N"
9146393,"(11alpha)-11-[(Methylsulfanyl)methoxy]pregn-4-ene-3,20-dione",390.22287,"C23H34O3S","O=C4\C=C2/[C@]([C@H]1[C@H](OCSC)C[C@@]3([C@@H](C(=O)C)CC[C@H]3[C@@H]1CC2)C)(C)CC4","InChI=1S/C23H34O3S/c1-14(24)18-7-8-19-17-6-5-15-11-16(25)9-10-22(15,2)21(17)20(26-13-27-4)12-23(18,19)3/h11,17-21H,5-10,12-13H2,1-4H3/t17-,18+,19-,20+,21+,22-,23+/m0/s1","QWWPFXFDSXRIIT-ZQEATNLPSA-N"
9178858,"Allyl 3-[(1S,7aS)-1-{[dimethyl(2-methyl-2-propanyl)silyl]oxy}-7a-methyl-2,6,7,7a-tetrahydro-1H-inden-4-yl]-3-oxopropanoate",390.222626,"C22H34O4Si","O=C(OC\C=C)CC(=O)C/1=C/CC[C@]2(C\1=C\C[C@@H]2O[Si](C(C)(C)C)(C)C)C","InChI=1S/C22H34O4Si/c1-8-14-25-20(24)15-18(23)16-10-9-13-22(5)17(16)11-12-19(22)26-27(6,7)21(2,3)4/h8,10-11,19H,1,9,12-15H2,2-7H3/t19-,22-/m0/s1","GKPMMUVOOINENU-UGKGYDQZSA-N"
9178859,"(3S,3aS,6S,6aR)-3-[(Benzyloxy)methyl]-6-methyl-2,2-bis(2-methyl-2-propanyl)tetrahydrofuro[3,4-d][1,2]oxasilol-4(2H)-one",390.222626,"C22H34O4Si","O=C1O[C@H]([C@@H]2O[Si](C(C)(C)C)([C@@H]([C@H]12)COCc3ccccc3)C(C)(C)C)C","InChI=1S/C22H34O4Si/c1-15-19-18(20(23)25-15)17(14-24-13-16-11-9-8-10-12-16)27(26-19,21(2,3)4)22(5,6)7/h8-12,15,17-19H,13-14H2,1-7H3/t15-,17+,18-,19-/m0/s1","MUAKSFGXHGBQAA-NQYYFHDYSA-N"
9189832,"1-(Adamantan-1-yl)-2,2-dimethyl-1-(2,3,4,5-tetrahydrothieno[3,4-b][1,4]dioxocin-7-yl)-1-propanol",390.22287,"C23H34O3S","CC(C)(C)C(c1c2c(cs1)OCCCCO2)(C34CC5CC(C3)CC(C5)C4)O","InChI=1S/C23H34O3S/c1-21(2,3)23(24,20-19-18(14-27-20)25-6-4-5-7-26-19)22-11-15-8-16(12-22)10-17(9-15)13-22/h14-17,24H,4-13H2,1-3H3","DNHRHPRUHALYEF-UHFFFAOYSA-N"
9200766,"2,8,9-Tris(trimethylsilyl)-2,5,8,9-tetraaza-1-phosphabicyclo[3.3.3]undecane",390.222015,"C15H39N4PSi3","N2(P1N(CCN(CCN1[Si](C)(C)C)CC2)[Si](C)(C)C)[Si](C)(C)C","InChI=1S/C15H39N4PSi3/c1-21(2,3)17-13-10-16-11-14-18(22(4,5)6)20(17)19(15-12-16)23(7,8)9/h10-15H2,1-9H3","XUBHFSDEOUXWJY-UHFFFAOYSA-N"
9363550,"(1S)-1-(Benzyloxy)-1-{(2R,3S,4S)-3-methyl-4-[(triethylsilyl)oxy]-3,4-dihydro-2H-pyran-2-yl}acetone",390.222626,"C22H34O4Si","O=C([C@@H](OCc1ccccc1)[C@@H]2O\C=C/[C@H](O[Si](CC)(CC)CC)[C@H]2C)C","InChI=1S/C22H34O4Si/c1-6-27(7-2,8-3)26-20-14-15-24-21(17(20)4)22(18(5)23)25-16-19-12-10-9-11-13-19/h9-15,17,20-22H,6-8,16H2,1-5H3/t17-,20+,21-,22-/m1/s1","NCRXBSFOXBGETJ-XYEHWOGUSA-N"
9363551,"Dimethyl({(2S,4R,5R)-5-[(3-methyl-1,2-butadien-1-yl)oxy]-2-phenyl-1,3-dioxan-4-yl}methoxy)(2-methyl-2-propanyl)silane",390.222626,"C22H34O4Si","O([Si](C(C)(C)C)(C)C)C[C@H]1O[C@H](OC[C@H]1O\C=C=C(\C)C)c2ccccc2","InChI=1S/C22H34O4Si/c1-17(2)13-14-23-19-15-24-21(18-11-9-8-10-12-18)26-20(19)16-25-27(6,7)22(3,4)5/h8-12,14,19-21H,15-16H2,1-7H3/t19-,20-,21+/m1/s1","GELOKCGFVLNNSC-NJYVYQBISA-N"
9363552,"(2R,3R,4R)-4-Butyl-2-{[dimethyl(phenyl)silyl]methyl}-5-oxotetrahydro-3-furanyl 3-methylbutanoate",390.222626,"C22H34O4Si","O=C2O[C@@H](C[Si](c1ccccc1)(C)C)[C@H](OC(=O)CC(C)C)[C@H]2CCCC","InChI=1S/C22H34O4Si/c1-6-7-13-18-21(26-20(23)14-16(2)3)19(25-22(18)24)15-27(4,5)17-11-9-8-10-12-17/h8-12,16,18-19,21H,6-7,13-15H2,1-5H3/t18-,19+,21-/m1/s1","WOHRKNSDSPLGMG-SVFBPWRDSA-N"
9375208,"({(3S,4aS,9bR)-6-Methoxy-9b-[(Z)-2-methoxyvinyl]-1,2,3,4,4a,9b-hexahydrodibenzo[b,d]furan-3-yl}oxy)(dimethyl)(2-methyl-2-propanyl)silane",390.222626,"C22H34O4Si","O(c2c1O[C@H]3C[C@@H](O[Si](C(C)(C)C)(C)C)CC[C@@]3(/C=C\OC)c1ccc2)C","InChI=1S/C22H34O4Si/c1-21(2,3)27(6,7)26-16-11-12-22(13-14-23-4)17-9-8-10-18(24-5)20(17)25-19(22)15-16/h8-10,13-14,16,19H,11-12,15H2,1-7H3/b14-13-/t16-,19-,22+/m0/s1","CKFYHXGGECUQDM-MLEHHCMYSA-N"
9398080,"2,5-Difluoro-4-{4-[(4-isopropyl-1,4-diazepan-1-yl)carbonyl]-1-piperidinyl}benzonitrile",390.223114,"C21H28F2N4O","Fc1cc(c(F)cc1C#N)N3CCC(C(=O)N2CCCN(C(C)C)CC2)CC3","InChI=1S/C21H28F2N4O/c1-15(2)25-6-3-7-27(11-10-25)21(28)16-4-8-26(9-5-16)20-13-18(22)17(14-24)12-19(20)23/h12-13,15-16H,3-11H2,1-2H3","OIOOYJNTCPEDFV-UHFFFAOYSA-N"
9409748,"(2S,3S)-1-(Benzyloxy)-3-(trimethylsilyl)-4-nonyn-2-yl ethyl carbonate",390.222626,"C22H34O4Si","O=C(OCC)O[C@@H](COCc1ccccc1)[C@H](C#CCCCC)[Si](C)(C)C","InChI=1S/C22H34O4Si/c1-6-8-9-13-16-21(27(3,4)5)20(26-22(23)25-7-2)18-24-17-19-14-11-10-12-15-19/h10-12,14-15,20-21H,6-9,17-18H2,1-5H3/t20-,21-/m0/s1","VRVXIYCFWZNVAQ-SFTDATJTSA-N"
9444332,"1,5-Anhydro-4,6-O-benzylidene-2-deoxy-3-O-(triisopropylsilyl)-D-arabino-hex-1-enitol",390.222626,"C22H34O4Si","O2[C@H](O[C@H]1[C@H](O[Si](C(C)C)(C(C)C)C(C)C)/C=C\O[C@@H]1C2)c3ccccc3","InChI=1S/C22H34O4Si/c1-15(2)27(16(3)4,17(5)6)26-19-12-13-23-20-14-24-22(25-21(19)20)18-10-8-7-9-11-18/h7-13,15-17,19-22H,14H2,1-6H3/t19-,20-,21+,22-/m1/s1","QKHYWFDLBLMMNG-YUMYIRISSA-N"
9467218,"[(8-Butyl-1,10,10-trimethoxy-9,10-dihydrobenzo[8]annulen-5-yl)oxy](trimethyl)silane",390.222626,"C22H34O4Si","O(c2c1c(C(\O[Si](C)(C)C)=C/C=C(\CC1(OC)OC)CCCC)ccc2)C","InChI=1S/C22H34O4Si/c1-8-9-11-17-14-15-19(26-27(5,6)7)18-12-10-13-20(23-2)21(18)22(16-17,24-3)25-4/h10,12-15H,8-9,11,16H2,1-7H3/b17-14-,19-15+","KWFOHFJMTAYHTN-UTCJTNOOSA-N"
9478841,"1-[(4R)-2,2-Dimethyl-1,3-dioxolan-4-yl]-3-(3-{[dimethyl(2-methyl-2-propanyl)silyl]oxy}bicyclo[4.2.0]octa-1,3,5-trien-7-yl)-1-propanone",390.222626,"C22H34O4Si","O=C([C@@H]1OC(OC1)(C)C)CCC3c2ccc(O[Si](C(C)(C)C)(C)C)cc2C3","InChI=1S/C22H34O4Si/c1-21(2,3)27(6,7)26-17-9-10-18-15(12-16(18)13-17)8-11-19(23)20-14-24-22(4,5)25-20/h9-10,13,15,20H,8,11-12,14H2,1-7H3/t15?,20-/m1/s1","IAQFYJFCIZWDBH-YQYDADCPSA-N"
9524775,"Trimethyl({2,8,8-trimethoxy-7-[(1Z)-3-methylene-1-hepten-1-yl]bicyclo[4.2.0]octa-1,3,5-trien-7-yl}oxy)silane",390.222626,"C22H34O4Si","O(C)C2(OC)c1c(OC)cccc1C2(O[Si](C)(C)C)/C=C\C(=C)CCCC","InChI=1S/C22H34O4Si/c1-9-10-12-17(2)15-16-21(26-27(6,7)8)18-13-11-14-19(23-3)20(18)22(21,24-4)25-5/h11,13-16H,2,9-10,12H2,1,3-8H3/b16-15-","QRQXTZNKJGEISP-NXVVXOECSA-N"
9558636,"2,3-Difluoro-4-{4-[(4-isopropyl-1,4-diazepan-1-yl)carbonyl]-1-piperidinyl}benzonitrile",390.223114,"C21H28F2N4O","N#Cc1ccc(c(F)c1F)N3CCC(C(=O)N2CCCN(C(C)C)CC2)CC3","InChI=1S/C21H28F2N4O/c1-15(2)25-8-3-9-27(13-12-25)21(28)16-6-10-26(11-7-16)18-5-4-17(14-24)19(22)20(18)23/h4-5,15-16H,3,6-13H2,1-2H3","IRBVOJGLAFAATL-UHFFFAOYSA-N"
9570083,"(3S,6E,10S)-10-Isopropyl-3,7-dimethyl-11-oxo-12-(phenylsulfinyl)-6-dodecenal",390.22287,"C23H34O3S","O=S(c1ccccc1)CC(=O)[C@@H](CCC(=C/CC[C@H](C)CC=O)/C)C(C)C","InChI=1S/C23H34O3S/c1-18(2)22(14-13-19(3)9-8-10-20(4)15-16-24)23(25)17-27(26)21-11-6-5-7-12-21/h5-7,9,11-12,16,18,20,22H,8,10,13-15,17H2,1-4H3/b19-9+/t20-,22-,27?/m0/s1","PGGJGHQYMSAJIV-AKNDRNAISA-N"
9581553,"[2-({[(1S,2S,3S,5S)-2-(Benzyloxy)-1,5-dimethyl-8-oxabicyclo[3.2.1]oct-6-en-3-yl]oxy}methoxy)ethyl](trimethyl)silane",390.222626,"C22H34O4Si","O(CC[Si](C)(C)C)CO[C@H]3C[C@@]\1(O[C@](/C=C/1)(C)[C@H]3OCc2ccccc2)C","InChI=1S/C22H34O4Si/c1-21-11-12-22(2,26-21)20(24-16-18-9-7-6-8-10-18)19(15-21)25-17-23-13-14-27(3,4)5/h6-12,19-20H,13-17H2,1-5H3/t19-,20-,21+,22-/m0/s1","ZTDPUSCDDKTNLI-KJJMTIBFSA-N"
9604109,"3,5-Difluoro-4-{4-[(4-isopropyl-1,4-diazepan-1-yl)carbonyl]-1-piperidinyl}benzonitrile",390.223114,"C21H28F2N4O","Fc1cc(C#N)cc(F)c1N3CCC(C(=O)N2CCCN(C(C)C)CC2)CC3","InChI=1S/C21H28F2N4O/c1-15(2)25-6-3-7-27(11-10-25)21(28)17-4-8-26(9-5-17)20-18(22)12-16(14-24)13-19(20)23/h12-13,15,17H,3-11H2,1-2H3","PJXCYUMXRYLLPB-UHFFFAOYSA-N"
9615568,"(1S)-1-(Benzyloxy)-1-[(2R,3S,4S)-4-{[dimethyl(2-methyl-2-propanyl)silyl]oxy}-3-methyl-3,4-dihydro-2H-pyran-2-yl]acetone",390.222626,"C22H34O4Si","O=C([C@@H](OCc1ccccc1)[C@@H]2O\C=C/[C@H](O[Si](C(C)(C)C)(C)C)[C@H]2C)C","InChI=1S/C22H34O4Si/c1-16-19(26-27(6,7)22(3,4)5)13-14-24-20(16)21(17(2)23)25-15-18-11-9-8-10-12-18/h8-14,16,19-21H,15H2,1-7H3/t16-,19+,20-,21-/m1/s1","ZNMSFXNQBACBQW-UMSONDCASA-N"
9615569,"(5R,6S)-6-[(2S)-3-(Benzyloxy)-2-{[dimethyl(2-methyl-2-propanyl)silyl]oxy}propyl]-5-methyl-5,6-dihydro-2H-pyran-2-one",390.222626,"C22H34O4Si","O=C\2O[C@@H](C[C@H](O[Si](C(C)(C)C)(C)C)COCc1ccccc1)[C@@H](/C=C/2)C","InChI=1S/C22H34O4Si/c1-17-12-13-21(23)25-20(17)14-19(26-27(5,6)22(2,3)4)16-24-15-18-10-8-7-9-11-18/h7-13,17,19-20H,14-16H2,1-6H3/t17-,19+,20+/m1/s1","MRQWBTHMYVHAQU-HOJAQTOUSA-N"
9615570,"1,5-Anhydro-4,6-O-benzylidene-2-deoxy-3-O-(triisopropylsilyl)-D-arabino-hex-1-enitol",390.222626,"C22H34O4Si","O1\C=C/[C@@H](O[Si](C(C)C)(C(C)C)C(C)C)[C@@H]2OC(OC[C@@H]12)c3ccccc3","InChI=1S/C22H34O4Si/c1-15(2)27(16(3)4,17(5)6)26-19-12-13-23-20-14-24-22(25-21(19)20)18-10-8-7-9-11-18/h7-13,15-17,19-22H,14H2,1-6H3/t19-,20-,21+,22?/m1/s1","QKHYWFDLBLMMNG-IZCSPVGOSA-N"
9626971,"Dimethyl(2-methyl-2-propanyl)[(1,2,3-trimethoxy-9-vinyl-6,7-dihydro-5H-benzo[7]annulen-7-yl)oxy]silane",390.222626,"C22H34O4Si","O(c1c2\C(=C/C(O[Si](C(C)(C)C)(C)C)CCc2cc(OC)c1OC)\C=C)C","InChI=1S/C22H34O4Si/c1-10-15-13-17(26-27(8,9)22(2,3)4)12-11-16-14-18(23-5)20(24-6)21(25-7)19(15)16/h10,13-14,17H,1,11-12H2,2-9H3","MPOPMIJETOYHLU-UHFFFAOYSA-N"
9638281,"(11alpha,12xi)-4,4-Difluoro-11-hydroxy-9,15-dioxoprostan-1-oic acid",390.221771,"C20H32F2O5","O=C(CCC1[C@H](C(=O)C[C@H]1O)CCCC(F)(F)CCC(=O)O)CCCCC","InChI=1S/C20H32F2O5/c1-2-3-4-6-14(23)8-9-16-15(17(24)13-18(16)25)7-5-11-20(21,22)12-10-19(26)27/h15-16,18,25H,2-13H2,1H3,(H,26,27)/t15-,16?,18-/m1/s1","KYIQOWIIZHDDKP-IFJNFQAOSA-N"
9649618,"Methyl 4-[(2R,6S)-4-methylene-6-{(2E)-4-[(triethylsilyl)oxy]-2,4-pentadien-1-yl}tetrahydro-2H-pyran-2-yl]-2-butynoate",390.222626,"C22H34O4Si","O=C(C#CC[C@@H]1O[C@H](C/C(=C)C1)C\C=C\C(\O[Si](CC)(CC)CC)=C)OC","InChI=1S/C22H34O4Si/c1-7-27(8-2,9-3)26-19(5)12-10-13-20-16-18(4)17-21(25-20)14-11-15-22(23)24-6/h10,12,20-21H,4-5,7-9,13-14,16-17H2,1-3,6H3/b12-10+/t20-,21-/m0/s1","HJUNMTAEHVXJEO-MCNMEVJKSA-N"
9691446,"Methyl (3aS,5aR,7E,9aR)-1-isopropyl-5a-methyl-6-oxo-7-[(propylsulfanyl)methylene]-2,3,4,5,5a,6,7,8,9,9a-decahydro-3aH-cyclopenta[a]naphthalene-3a-carboxylate",390.22287,"C23H34O3S","O=C2\C(=C\SCCC)CC[C@@H]3C/1=C(/CC[C@]\1(C(=O)OC)CC[C@@]23C)C(C)C","InChI=1S/C23H34O3S/c1-6-13-27-14-16-7-8-18-19-17(15(2)3)9-10-23(19,21(25)26-5)12-11-22(18,4)20(16)24/h14-15,18H,6-13H2,1-5H3/b16-14+/t18-,22-,23+/m1/s1","JSFANXKBPQOQFX-CZDQTFLYSA-N"
9700300,"(4,4-Difluoro-1-piperidinyl){5-[(1-isopropyl-3-pyrrolidinyl)amino]-1H-indol-2-yl}methanone",390.223114,"C21H28F2N4O","FC4(F)CCN(C(=O)c3cc2cc(NC1CCN(C(C)C)C1)ccc2n3)CC4","InChI=1S/C21H28F2N4O/c1-14(2)27-8-5-17(13-27)24-16-3-4-18-15(11-16)12-19(25-18)20(28)26-9-6-21(22,23)7-10-26/h3-4,11-12,14,17,24-25H,5-10,13H2,1-2H3","GJZPXKFUGUXLLQ-UHFFFAOYSA-N"
9706022,"Methyl (2Z)-2-({(2R,3R)-2-[(benzyloxy)methyl]-3-[dimethyl(2-methyl-2-propanyl)silyl]-2-oxiranyl}methylene)butanoate",390.222626,"C22H34O4Si","O=C(OC)\C(=C/[C@@]1(O[C@@H]1[Si](C)(C(C)(C)C)C)COCc2ccccc2)CC","InChI=1S/C22H34O4Si/c1-8-18(19(23)24-5)14-22(16-25-15-17-12-10-9-11-13-17)20(26-22)27(6,7)21(2,3)4/h9-14,20H,8,15-16H2,1-7H3/b18-14-/t20-,22-/m1/s1","PYPLGIKTTOVYSR-TURXBZHESA-N"
9727649,"(3beta,8xi,9xi,14xi)-17-Oxoandrost-5-en-3-yl 4-sulfanylbutanoate",390.22287,"C23H34O3S","O=C(O[C@@H]4C/C3=C/CC2C(CC[C@@]1(C(=O)CCC12)C)[C@@]3(C)CC4)CCCS","InChI=1S/C23H34O3S/c1-22-11-9-16(26-21(25)4-3-13-27)14-15(22)5-6-17-18-7-8-20(24)23(18,2)12-10-19(17)22/h5,16-19,27H,3-4,6-14H2,1-2H3/t16-,17?,18?,19?,22-,23-/m0/s1","JLMRVEBDGYFWPT-GBBRVUAASA-N"
9734973,"({(1S,4R,5S,7S)-7-[(Benzyloxy)methyl]-4-methyl-6,8-dioxabicyclo[3.2.1]oct-2-en-4-yl}methoxy)(dimethyl)(2-methyl-2-propanyl)silane",390.222626,"C22H34O4Si","O1[C@H]3/C=C\[C@@](C)([C@@H]1O[C@H]3COCc2ccccc2)CO[Si](C(C)(C)C)(C)C","InChI=1S/C22H34O4Si/c1-21(2,3)27(5,6)24-16-22(4)13-12-18-19(26-20(22)25-18)15-23-14-17-10-8-7-9-11-17/h7-13,18-20H,14-16H2,1-6H3/t18-,19-,20-,22+/m0/s1","JFEIXIKVMIPZKB-BPBCIEFSSA-N"
9734974,"(2R,3R,4Z)-2-{[Dimethyl(2-methyl-2-propanyl)silyl]oxy}-3-[(4-methoxybenzyl)oxy]-4-cycloocten-1-one",390.222626,"C22H34O4Si","O=C2[C@H](O[Si](C(C)(C)C)(C)C)[C@H](OCc1ccc(OC)cc1)\C=C/CCC2","InChI=1S/C22H34O4Si/c1-22(2,3)27(5,6)26-21-19(23)10-8-7-9-11-20(21)25-16-17-12-14-18(24-4)15-13-17/h9,11-15,20-21H,7-8,10,16H2,1-6H3/b11-9-/t20-,21+/m1/s1","ABFFICNCXXYPQC-BIDZVLSWSA-N"
9778272,"1-[(1'S,2'S,5'S,6'S,9'S,10'S,12'S,13'S)-5'-Methylspiro[1,3-dioxolane-2,15'-[19]thiapentacyclo[10.5.2.0~1,13~.0~2,10~.0~5,9~]nonadecan]-6'-yl]ethanone",390.22287,"C23H34O3S","O=C(C)[C@@H]6[C@@]5([C@H]([C@@H]4C[C@@H]1SC[C@]3([C@@H]1CC2(OCCO2)CC3)[C@H]4CC5)CC6)C","InChI=1S/C23H34O3S/c1-14(24)16-3-4-17-15-11-20-19-12-23(25-9-10-26-23)8-7-22(19,13-27-20)18(15)5-6-21(16,17)2/h15-20H,3-13H2,1-2H3/t15-,16+,17-,18-,19+,20-,21+,22-/m0/s1","PFLHVNRIDBEABL-MMPLWAHZSA-N"
9778273,"3-(6-{[Dimethyl(2-methyl-2-propanyl)silyl]oxy}-2,8-dimethyl-2H-chromen-2-yl)propyl acetate",390.222626,"C22H34O4Si","O=C(OCCCC/2(Oc1c(cc(O[Si](C(C)(C)C)(C)C)cc1\C=C\2)C)C)C","InChI=1S/C22H34O4Si/c1-16-14-19(26-27(7,8)21(3,4)5)15-18-10-12-22(6,25-20(16)18)11-9-13-24-17(2)23/h10,12,14-15H,9,11,13H2,1-8H3","FTVAQIZREUAVGP-UHFFFAOYSA-N"
9842994,"(3alpha,8xi,9xi,14xi)-17-Oxoandrost-5-en-3-yl 4-sulfanylbutanoate",390.22287,"C23H34O3S","O=C(O[C@H]4C/C3=C/CC2C(CC[C@@]1(C(=O)CCC12)C)[C@@]3(C)CC4)CCCS","InChI=1S/C23H34O3S/c1-22-11-9-16(26-21(25)4-3-13-27)14-15(22)5-6-17-18-7-8-20(24)23(18,2)12-10-19(17)22/h5,16-19,27H,3-4,6-14H2,1-2H3/t16-,17?,18?,19?,22+,23+/m1/s1","JLMRVEBDGYFWPT-AMMDEMHESA-N"
9857304,"2-({[Dimethyl(2-methyl-2-propanyl)silyl]oxy}methyl)-8-phenyl-1,4-dioxaspiro[4.5]decane-2-carbaldehyde",390.222626,"C22H34O4Si","O=CC1(OC3(OC1)CCC(c2ccccc2)CC3)CO[Si](C(C)(C)C)(C)C","InChI=1S/C22H34O4Si/c1-20(2,3)27(4,5)25-17-21(15-23)16-24-22(26-21)13-11-19(12-14-22)18-9-7-6-8-10-18/h6-10,15,19H,11-14,16-17H2,1-5H3","KAXJFTLHSNXZGU-UHFFFAOYSA-N"
9871519,"1-[(8S,9S,10S,13S,14S,17S)-13-Methyl-10-(sulfanylmethyl)-1,2,4,7,8,9,10,11,12,13,14,15,16,17-tetradecahydrospiro[cyclopenta[a]phenanthrene-3,2'-[1,3]dioxolan]-17-yl]ethanone",390.22287,"C23H34O3S","O=C(C)[C@H]1CC[C@@H]3[C@]1(C)CC[C@@H]2[C@@]5(\C(=C/C[C@H]23)CC4(OCCO4)CC5)CS","InChI=1S/C23H34O3S/c1-15(24)18-5-6-19-17-4-3-16-13-23(25-11-12-26-23)10-9-22(16,14-27)20(17)7-8-21(18,19)2/h3,17-20,27H,4-14H2,1-2H3/t17-,18+,19-,20-,21+,22+/m0/s1","UOIKQKPXRUBDJC-LUDAKILFSA-N"
9878544,"(2E)-5-{[Dimethyl(2-methyl-2-propanyl)silyl]oxy}-7-[(4-methoxybenzyl)oxy]-4-methylene-2-heptenal",390.222626,"C22H34O4Si","O=C\C=C\C(=C)C(O[Si](C(C)(C)C)(C)C)CCOCc1ccc(OC)cc1","InChI=1S/C22H34O4Si/c1-18(9-8-15-23)21(26-27(6,7)22(2,3)4)14-16-25-17-19-10-12-20(24-5)13-11-19/h8-13,15,21H,1,14,16-17H2,2-7H3/b9-8+","BBSIJSUCEORFTD-CMDGGOBGSA-N"
9935658,"Dimethyl(2-methyl-2-propanyl)({(1R,2R,5R)-4-[(3Z)-3-methyl-5-(tetrahydro-2H-pyran-2-yloxy)-3-penten-1-yn-1-yl]-6-oxabicyclo[3.1.0]hex-3-en-2-yl}oxy)silane",390.222626,"C22H34O4Si","O(C/C=C(\C#C/C1=C/[C@@H](O[Si](C(C)(C)C)(C)C)[C@@H]2O[C@H]12)C)C3OCCCC3","InChI=1S/C22H34O4Si/c1-16(12-14-24-19-9-7-8-13-23-19)10-11-17-15-18(21-20(17)25-21)26-27(5,6)22(2,3)4/h12,15,18-21H,7-9,13-14H2,1-6H3/b16-12-/t18-,19?,20-,21+/m1/s1","FKKRQNHLWBKVPY-AQJYZVHUSA-N"
9958795,"Diethyl 5,6-diethyl-4-(trimethylsilyl)-1,3-dihydro-2H-indene-2,2-dicarboxylate",390.222626,"C22H34O4Si","O=C(OCC)C2(C(=O)OCC)Cc1cc(c(c(c1C2)[Si](C)(C)C)CC)CC","InChI=1S/C22H34O4Si/c1-8-15-12-16-13-22(20(23)25-10-3,21(24)26-11-4)14-18(16)19(17(15)9-2)27(5,6)7/h12H,8-11,13-14H2,1-7H3","ITHJTZQLQDLDFV-UHFFFAOYSA-N"
9999966,"(5Z)-7-{(1R,3R,4R,5R)-7,7-Difluoro-3-[(3S)-3-hydroxyoctyl]-2,6-dioxabicyclo[3.1.1]hept-4-yl}-5-heptenoic acid",390.221771,"C20H32F2O5","CCCCC[C@@H](CC[C@@H]1[C@H]([C@@H]2C([C@H](O1)O2)(F)F)C/C=C\CCCC(=O)O)O","InChI=1S/C20H32F2O5/c1-2-3-6-9-14(23)12-13-16-15(10-7-4-5-8-11-17(24)25)18-20(21,22)19(26-16)27-18/h4,7,14-16,18-19,23H,2-3,5-6,8-13H2,1H3,(H,24,25)/b7-4-/t14-,15+,16+,18+,19+/m0/s1","XLFBEGFYMFNPIK-CXHIXPJFSA-N"
10060781,"(1R,9R)-11-(Cyclohexylmethyl)-5-{[(methylsulfanyl)acetyl]amino}-6-oxo-7-aza-11-azoniatricyclo[7.3.1.0~2,7~]trideca-2,4-diene",390.220978,"C21H32N3O2S","CSCC(=O)Nc1ccc2n(c1=O)C[C@H]3C[C@@H]2C[NH+](C3)CC4CCCCC4","InChI=1S/C21H31N3O2S/c1-27-14-20(25)22-18-7-8-19-17-9-16(12-24(19)21(18)26)11-23(13-17)10-15-5-3-2-4-6-15/h7-8,15-17H,2-6,9-14H2,1H3,(H,22,25)/p+1/t16-,17+/m0/s1","QKXNFMBUNWXDQG-DLBZAZTESA-O"
10107971,"N-Methyl-2-{[2-(methylsulfanyl)phenyl]amino}-N-{2-[(4aR,8aS)-octahydro-1(2H)-quinolinyl]-2-oxoethyl}-2-oxoethanaminium",390.220978,"C21H32N3O2S","C[NH+](CC(=O)Nc1ccccc1SC)CC(=O)N2CCC[C@@H]3[C@@H]2CCCC3","InChI=1S/C21H31N3O2S/c1-23(14-20(25)22-17-10-4-6-12-19(17)27-2)15-21(26)24-13-7-9-16-8-3-5-11-18(16)24/h4,6,10,12,16,18H,3,5,7-9,11,13-15H2,1-2H3,(H,22,25)/p+1/t16-,18+/m1/s1","WYWFMJQVVSRDEK-AEFFLSMTSA-O"
10107973,"N-Methyl-2-{[2-(methylsulfanyl)phenyl]amino}-N-{2-[(4aS,8aS)-octahydro-1(2H)-quinolinyl]-2-oxoethyl}-2-oxoethanaminium",390.220978,"C21H32N3O2S","C[NH+](CC(=O)Nc1ccccc1SC)CC(=O)N2CCC[C@H]3[C@@H]2CCCC3","InChI=1S/C21H31N3O2S/c1-23(14-20(25)22-17-10-4-6-12-19(17)27-2)15-21(26)24-13-7-9-16-8-3-5-11-18(16)24/h4,6,10,12,16,18H,3,5,7-9,11,13-15H2,1-2H3,(H,22,25)/p+1/t16-,18-/m0/s1","WYWFMJQVVSRDEK-WMZOPIPTSA-O"
10107975,"N-Methyl-2-{[2-(methylsulfanyl)phenyl]amino}-N-{2-[(4aS,8aS)-octahydro-2(1H)-isoquinolinyl]-2-oxoethyl}-2-oxoethanaminium",390.220978,"C21H32N3O2S","C[NH+](CC(=O)Nc1ccccc1SC)CC(=O)N2CC[C@@H]3CCCC[C@@H]3C2","InChI=1S/C21H31N3O2S/c1-23(14-20(25)22-18-9-5-6-10-19(18)27-2)15-21(26)24-12-11-16-7-3-4-8-17(16)13-24/h5-6,9-10,16-17H,3-4,7-8,11-15H2,1-2H3,(H,22,25)/p+1/t16-,17+/m0/s1","LPRVVVOSGAQIDK-DLBZAZTESA-O"
10107977,"N-Methyl-2-{[2-(methylsulfanyl)phenyl]amino}-N-{2-[(4aR,8aS)-octahydro-2(1H)-isoquinolinyl]-2-oxoethyl}-2-oxoethanaminium",390.220978,"C21H32N3O2S","C[NH+](CC(=O)Nc1ccccc1SC)CC(=O)N2CC[C@H]3CCCC[C@@H]3C2","InChI=1S/C21H31N3O2S/c1-23(14-20(25)22-18-9-5-6-10-19(18)27-2)15-21(26)24-12-11-16-7-3-4-8-17(16)13-24/h5-6,9-10,16-17H,3-4,7-8,11-15H2,1-2H3,(H,22,25)/p+1/t16-,17-/m1/s1","LPRVVVOSGAQIDK-IAGOWNOFSA-O"
10173448,"3,3-Dimethyl-7-(2-methyl-2-hexanyl)-9-[(methylsulfanyl)methoxy]-2,3,4a,9b-tetrahydrodibenzo[b,d]furan-4(1H)-one",390.22287,"C23H34O3S","CCCCC(C)(C)c1cc2c(c(c1)OCSC)C3CCC(C(=O)C3O2)(C)C","InChI=1S/C23H34O3S/c1-7-8-10-22(2,3)15-12-17(25-14-27-6)19-16-9-11-23(4,5)21(24)20(16)26-18(19)13-15/h12-13,16,20H,7-11,14H2,1-6H3","MLQIEDVHZPQCEP-UHFFFAOYSA-N"
10804691,"16,16-Difluoro-15-hydroxy-9-oxo-11,15-epoxyprostan-1-oic acid",390.221771,"C20H32F2O5","CCCCC(C1(CCC2C(O1)CC(=O)C2CCCCCCC(=O)O)O)(F)F","InChI=1S/C20H32F2O5/c1-2-3-11-19(21,22)20(26)12-10-15-14(16(23)13-17(15)27-20)8-6-4-5-7-9-18(24)25/h14-15,17,26H,2-13H2,1H3,(H,24,25)","WGFOBBZOWHGYQH-UHFFFAOYSA-N"
13174951,"({1-[6-(3-Buten-1-yl)-2,3,4-trimethoxyphenyl]-2-propyn-1-yl}oxy)(dimethyl)(2-methyl-2-propanyl)silane",390.222626,"C22H34O4Si","CC(C)(C)[Si](C)(C)OC(C#C)c1c(cc(c(c1OC)OC)OC)CCC=C","InChI=1S/C22H34O4Si/c1-11-13-14-16-15-18(23-6)20(24-7)21(25-8)19(16)17(12-2)26-27(9,10)22(3,4)5/h2,11,15,17H,1,13-14H2,3-10H3","VJKIAUQTEHATFW-UHFFFAOYSA-N"
13174952,"Dimethyl(2-methyl-2-propanyl)[(2,3,4-trimethoxy-6-vinyl-8,9-dihydro-5H-benzo[7]annulen-5-yl)oxy]silane",390.222626,"C22H34O4Si","CC(C)(C)[Si](C)(C)OC1c2c(cc(c(c2OC)OC)OC)CCC=C1C=C","InChI=1S/C22H34O4Si/c1-10-15-12-11-13-16-14-17(23-5)20(24-6)21(25-7)18(16)19(15)26-27(8,9)22(2,3)4/h10,12,14,19H,1,11,13H2,2-9H3","XONJJPSOHBYLES-UHFFFAOYSA-N"
17277688,"(1R,2S,6R)-6-{[Dimethyl(2-methyl-2-propanyl)silyl]oxy}-2-[(4-methoxybenzyl)oxy]-3-methyl-3-cyclohexene-1-carbaldehyde",390.222626,"C22H34O4Si","CC1=CC[C@H]([C@@H]([C@@H]1OCc2ccc(cc2)OC)C=O)O[Si](C)(C)C(C)(C)C","InChI=1S/C22H34O4Si/c1-16-8-13-20(26-27(6,7)22(2,3)4)19(14-23)21(16)25-15-17-9-11-18(24-5)12-10-17/h8-12,14,19-21H,13,15H2,1-7H3/t19-,20+,21+/m0/s1","LQJXSVPRTBGGOV-PWRODBHTSA-N"
17278501,"(1S,2R,6S)-6-{[Dimethyl(2-methyl-2-propanyl)silyl]oxy}-2-[(4-methoxybenzyl)oxy]-3-methyl-3-cyclohexene-1-carbaldehyde",390.222626,"C22H34O4Si","CC1=CC[C@@H]([C@H]([C@H]1OCc2ccc(cc2)OC)C=O)O[Si](C)(C)C(C)(C)C","InChI=1S/C22H34O4Si/c1-16-8-13-20(26-27(6,7)22(2,3)4)19(14-23)21(16)25-15-17-9-11-18(24-5)12-10-17/h8-12,14,19-21H,13,15H2,1-7H3/t19-,20+,21+/m1/s1","LQJXSVPRTBGGOV-HKBOAZHASA-N"
17628015,"Dimethyl {3-[diisopropyl(phenyl)silyl]-4-penten-1-yl}malonate",390.222626,"C22H34O4Si","CC(C)[Si](c1ccccc1)(C(C)C)C(CCC(C(=O)OC)C(=O)OC)C=C","InChI=1S/C22H34O4Si/c1-8-18(14-15-20(21(23)25-6)22(24)26-7)27(16(2)3,17(4)5)19-12-10-9-11-13-19/h8-13,16-18,20H,1,14-15H2,2-7H3","MLNRTXPITMFCKV-UHFFFAOYSA-N"
17628107,"Dimethyl (2R,3R)-3-[diisopropyl(phenyl)silyl]-2-methyl-1,1-cyclopentanedicarboxylate",390.222626,"C22H34O4Si","C[C@H]1[C@@H](CCC1(C(=O)OC)C(=O)OC)[Si](c2ccccc2)(C(C)C)C(C)C","InChI=1S/C22H34O4Si/c1-15(2)27(16(3)4,18-11-9-8-10-12-18)19-13-14-22(17(19)5,20(23)25-6)21(24)26-7/h8-12,15-17,19H,13-14H2,1-7H3/t17-,19+/m0/s1","GUSPVGBVYBXDNT-PKOBYXMFSA-N"
17628108,"Dimethyl (2R,3S)-3-[diisopropyl(phenyl)silyl]-2-methyl-1,1-cyclopentanedicarboxylate",390.222626,"C22H34O4Si","C[C@H]1[C@H](CCC1(C(=O)OC)C(=O)OC)[Si](c2ccccc2)(C(C)C)C(C)C","InChI=1S/C22H34O4Si/c1-15(2)27(16(3)4,18-11-9-8-10-12-18)19-13-14-22(17(19)5,20(23)25-6)21(24)26-7/h8-12,15-17,19H,13-14H2,1-7H3/t17-,19-/m0/s1","GUSPVGBVYBXDNT-HKUYNNGSSA-N"
19957887,"TESTOSTERONE ETHYLTHIOACETATE",390.22287,"C23H34O3S","CCSCC(=O)O[C@H]1CC[C@@H]2[C@@]1(CC[C@H]3[C@H]2CCC4=CC(=O)CC[C@]34C)C","InChI=1S/C23H34O3S/c1-4-27-14-21(25)26-20-8-7-18-17-6-5-15-13-16(24)9-11-22(15,2)19(17)10-12-23(18,20)3/h13,17-20H,4-12,14H2,1-3H3/t17-,18-,19-,20-,22-,23-/m0/s1","IOUMBLIETKKIFO-WAUHAFJUSA-N"
20564176,"(1S,3S,8S,10S)-10-Allyl-9,9-dimethyl-3-{2-[(trimethylsilyl)oxy]-2-propanyl}-4-oxatricyclo[6.3.1.0~1,5~]dodec-5-ene-7,12-dione",390.222626,"C22H34O4Si","CC1([C@H](C[C@]23C[C@H](OC2=CC(=O)[C@H]1C3=O)C(C)(C)O[Si](C)(C)C)CC=C)C","InChI=1S/C22H34O4Si/c1-9-10-14-12-22-13-17(21(4,5)26-27(6,7)8)25-16(22)11-15(23)18(19(22)24)20(14,2)3/h9,11,14,17-18H,1,10,12-13H2,2-8H3/t14-,17-,18-,22-/m0/s1","XTKIUJLGFMHCNC-GQAKTHPZSA-N"
20564651,"(3S,7R,8R,9S,10R,13S,14S,17R)-3-Hydroxy-10,13-dimethyl-7-(methylsulfanyl)-1,2,3,3',4',6,7,8,9,10,11,12,13,14,15,16-hexadecahydro-5'H-spiro[cyclopenta[a]phenanthrene-17,2'-furan]-5'-one",390.22287,"C23H34O3S","C[C@]12CC[C@@H](C=C1C[C@H]([C@@H]3[C@@H]2CC[C@]4([C@H]3CC[C@@]45CCC(=O)O5)C)SC)O","InChI=1S/C23H34O3S/c1-21-8-4-15(24)12-14(21)13-18(27-3)20-16(21)5-9-22(2)17(20)6-10-23(22)11-7-19(25)26-23/h12,15-18,20,24H,4-11,13H2,1-3H3/t15-,16-,17-,18+,20+,21-,22-,23+/m0/s1","DIYKBOABTLXNQD-SEUNIJHQSA-N"
21374433,"21-hydroxyethylthioprogesterone",390.22287,"C23H34O3S","CC(O)SCC(=O)[C@H]1CC[C@@H]2[C@@]1(CC[C@H]3[C@H]2CCC4=CC(=O)CC[C@]34C)C","InChI=1S/C23H34O3S/c1-14(24)27-13-21(26)20-7-6-18-17-5-4-15-12-16(25)8-10-22(15,2)19(17)9-11-23(18,20)3/h12,14,17-20,24H,4-11,13H2,1-3H3/t14?,17-,18-,19-,20+,22-,23-/m0/s1","PCQBFFKSBQUCKR-JTIASPBXSA-N"
21518822,"4-(4-Cyclohexyl-1-piperazinyl)-2-(2-fluorophenyl)quinazoline",390.221985,"C24H27FN4","c1ccc2c(c1)c(nc(n2)c3ccccc3F)N4CCN(CC4)C5CCCCC5","InChI=1S/C24H27FN4/c25-21-12-6-4-10-19(21)23-26-22-13-7-5-11-20(22)24(27-23)29-16-14-28(15-17-29)18-8-2-1-3-9-18/h4-7,10-13,18H,1-3,8-9,14-17H2","ZRGWASJALGNTBW-UHFFFAOYSA-N"
22123773,"5-[(2,3-Difluorobenzyl)amino]-1-isobutyl-N,N-dimethyl-4,5,6,7-tetrahydro-1H-indazole-3-carboxamide",390.223114,"C21H28F2N4O","CC(C)Cn1c2c(c(n1)C(=O)N(C)C)CC(CC2)NCc3cccc(c3F)F","InChI=1S/C21H28F2N4O/c1-13(2)12-27-18-9-8-15(10-16(18)20(25-27)21(28)26(3)4)24-11-14-6-5-7-17(22)19(14)23/h5-7,13,15,24H,8-12H2,1-4H3","GRKKIOFFRWPIOV-UHFFFAOYSA-N"
22142029,"1-(6-Fluoro-4-methyl-2-quinazolinyl)-N-(1,2,3,4-tetrahydro-1-naphthalenyl)-4-piperidinamine",390.221985,"C24H27FN4","Cc1c2cc(ccc2nc(n1)N3CCC(CC3)NC4CCCc5c4cccc5)F","InChI=1S/C24H27FN4/c1-16-21-15-18(25)9-10-23(21)28-24(26-16)29-13-11-19(12-14-29)27-22-8-4-6-17-5-2-3-7-20(17)22/h2-3,5,7,9-10,15,19,22,27H,4,6,8,11-14H2,1H3","FKBOBWNHVKBYLI-UHFFFAOYSA-N"
22148185,"5-[(3,5-Difluorobenzyl)amino]-1-isobutyl-N,N-dimethyl-4,5,6,7-tetrahydro-1H-indazole-3-carboxamide",390.223114,"C21H28F2N4O","CC(C)Cn1c2c(c(n1)C(=O)N(C)C)CC(CC2)NCc3cc(cc(c3)F)F","InChI=1S/C21H28F2N4O/c1-13(2)12-27-19-6-5-17(10-18(19)20(25-27)21(28)26(3)4)24-11-14-7-15(22)9-16(23)8-14/h7-9,13,17,24H,5-6,10-12H2,1-4H3","VQGBJRBHCXDXKS-UHFFFAOYSA-N"
22153008,"2-{1-[5-Fluoro-2-(1H-pyrazol-1-yl)benzyl]-3-piperidinyl}-1,2,3,4-tetrahydroisoquinoline",390.221985,"C24H27FN4","c1ccc2c(c1)CCN(C2)C3CCCN(C3)Cc4cc(ccc4n5cccn5)F","InChI=1S/C24H27FN4/c25-22-8-9-24(29-13-4-11-26-29)21(15-22)16-27-12-3-7-23(18-27)28-14-10-19-5-1-2-6-20(19)17-28/h1-2,4-6,8-9,11,13,15,23H,3,7,10,12,14,16-18H2","YYQMRPXTBSLQIP-UHFFFAOYSA-N"
22175356,"5-[(3,4-Difluorobenzyl)amino]-1-isobutyl-N,N-dimethyl-4,5,6,7-tetrahydro-1H-indazole-3-carboxamide",390.223114,"C21H28F2N4O","CC(C)Cn1c2c(c(n1)C(=O)N(C)C)CC(CC2)NCc3ccc(c(c3)F)F","InChI=1S/C21H28F2N4O/c1-13(2)12-27-19-8-6-15(10-16(19)20(25-27)21(28)26(3)4)24-11-14-5-7-17(22)18(23)9-14/h5,7,9,13,15,24H,6,8,10-12H2,1-4H3","STYGYZMAJGDJOH-UHFFFAOYSA-N"
22186503,"5-[(2,6-Difluorobenzyl)amino]-1-isobutyl-N,N-dimethyl-4,5,6,7-tetrahydro-1H-indazole-3-carboxamide",390.223114,"C21H28F2N4O","CC(C)Cn1c2c(c(n1)C(=O)N(C)C)CC(CC2)NCc3c(cccc3F)F","InChI=1S/C21H28F2N4O/c1-13(2)12-27-19-9-8-14(10-15(19)20(25-27)21(28)26(3)4)24-11-16-17(22)6-5-7-18(16)23/h5-7,13-14,24H,8-12H2,1-4H3","HVMDANUQMKQOJR-UHFFFAOYSA-N"
22204139,"2-(1-{[3-(4-Fluorophenyl)-1H-pyrazol-4-yl]methyl}-3-piperidinyl)-1,2,3,4-tetrahydroisoquinoline",390.221985,"C24H27FN4","c1ccc2c(c1)CCN(C2)C3CCCN(C3)Cc4c[nH]nc4c5ccc(cc5)F","InChI=1S/C24H27FN4/c25-22-9-7-19(8-10-22)24-21(14-26-27-24)15-28-12-3-6-23(17-28)29-13-11-18-4-1-2-5-20(18)16-29/h1-2,4-5,7-10,14,23H,3,6,11-13,15-17H2,(H,26,27)","VDUFUKDRZAWFOS-UHFFFAOYSA-N"
22208169,"5-[(2,4-Difluorobenzyl)amino]-1-isobutyl-N,N-dimethyl-4,5,6,7-tetrahydro-1H-indazole-3-carboxamide",390.223114,"C21H28F2N4O","CC(C)Cn1c2c(c(n1)C(=O)N(C)C)CC(CC2)NCc3ccc(cc3F)F","InChI=1S/C21H28F2N4O/c1-13(2)12-27-19-8-7-16(10-17(19)20(25-27)21(28)26(3)4)24-11-14-5-6-15(22)9-18(14)23/h5-6,9,13,16,24H,7-8,10-12H2,1-4H3","ZYCSWIRLMXSZLY-UHFFFAOYSA-N"
22221303,"N-(2,3-Dihydro-1H-inden-2-yl)-1-(6-fluoro-4-methyl-2-quinazolinyl)-4-azepanamine",390.221985,"C24H27FN4","Cc1c2cc(ccc2nc(n1)N3CCCC(CC3)NC4Cc5ccccc5C4)F","InChI=1S/C24H27FN4/c1-16-22-15-19(25)8-9-23(22)28-24(26-16)29-11-4-7-20(10-12-29)27-21-13-17-5-2-3-6-18(17)14-21/h2-3,5-6,8-9,15,20-21,27H,4,7,10-14H2,1H3","ZUHXNLQKRSOVEA-UHFFFAOYSA-N"
22229660,"N-(3,4-Difluorobenzyl)-3-{1-[3-(1H-pyrazol-1-yl)propyl]-3-piperidinyl}propanamide",390.223114,"C21H28F2N4O","c1cnn(c1)CCCN2CCCC(C2)CCC(=O)NCc3ccc(c(c3)F)F","InChI=1S/C21H28F2N4O/c22-19-7-5-18(14-20(19)23)15-24-21(28)8-6-17-4-1-10-26(16-17)11-3-13-27-12-2-9-25-27/h2,5,7,9,12,14,17H,1,3-4,6,8,10-11,13,15-16H2,(H,24,28)","ZJZBYNBTIPVRMI-UHFFFAOYSA-N"
22379002,"1-(3'-Fluoro-4-biphenylyl)-N-(1,4,5,6-tetrahydrocyclopenta[c]pyrazol-3-ylmethyl)-4-piperidinamine",390.221985,"C24H27FN4","c1cc(cc(c1)F)c2ccc(cc2)N3CCC(CC3)NCc4c5c([nH]n4)CCC5","InChI=1S/C24H27FN4/c25-19-4-1-3-18(15-19)17-7-9-21(10-8-17)29-13-11-20(12-14-29)26-16-24-22-5-2-6-23(22)27-28-24/h1,3-4,7-10,15,20,26H,2,5-6,11-14,16H2,(H,27,28)","FRMOHVVUZGJKGZ-UHFFFAOYSA-N"
22413178,"3-Benzyl-5-[1-(2-fluorophenyl)-4-piperidinyl]-4,5,6,7-tetrahydro-1H-pyrazolo[4,3-c]pyridine",390.221985,"C24H27FN4","c1ccc(cc1)Cc2c3c([nH]n2)CCN(C3)C4CCN(CC4)c5ccccc5F","InChI=1S/C24H27FN4/c25-21-8-4-5-9-24(21)28-13-10-19(11-14-28)29-15-12-22-20(17-29)23(27-26-22)16-18-6-2-1-3-7-18/h1-9,19H,10-17H2,(H,26,27)","UFSDIFNPCRLBLV-UHFFFAOYSA-N"
22524509,"6-(Difluoromethyl)-2-[3-({methyl[2-(2-methyl-1-piperidinyl)ethyl]amino}methyl)phenyl]-4(1H)-pyrimidinone",390.223114,"C21H28F2N4O","CC1CCCCN1CCN(C)Cc2cccc(c2)c3[nH]c(=O)cc(n3)C(F)F","InChI=1S/C21H28F2N4O/c1-15-6-3-4-9-27(15)11-10-26(2)14-16-7-5-8-17(12-16)21-24-18(20(22)23)13-19(28)25-21/h5,7-8,12-13,15,20H,3-4,6,9-11,14H2,1-2H3,(H,24,25,28)","VSDOPKKOCNLQQQ-UHFFFAOYSA-N"
22803336,"16,16-Difluoro-11,15-dihydroxy-9-oxo-2,8-cycloprostan-1-oic acid",390.221771,"C20H32F2O5","CCCCC(C(CCC1C(CC(=O)C12CCCCCC2C(=O)O)O)O)(F)F","InChI=1S/C20H32F2O5/c1-2-3-11-20(21,22)16(24)9-8-13-15(23)12-17(25)19(13)10-6-4-5-7-14(19)18(26)27/h13-16,23-24H,2-12H2,1H3,(H,26,27)","DSYUSZNUHCLWEB-UHFFFAOYSA-N"
22803341,"16,16-Difluoro-11-hydroxy-9,15-dioxoprostan-1-oic acid",390.221771,"C20H32F2O5","CCCCC(C(=O)CCC1C(CC(=O)C1CCCCCCC(=O)O)O)(F)F","InChI=1S/C20H32F2O5/c1-2-3-12-20(21,22)18(25)11-10-15-14(16(23)13-17(15)24)8-6-4-5-7-9-19(26)27/h14-15,17,24H,2-13H2,1H3,(H,26,27)","DBVFKLAGQHYVGQ-UHFFFAOYSA-N"
23065350,"1-(6-Fluoro-4-methyl-2-quinazolinyl)-N-(1-phenylcyclopropyl)-4-azepanamine",390.221985,"C24H27FN4","Cc1c2cc(ccc2nc(n1)N3CCCC(CC3)NC4(CC4)c5ccccc5)F","InChI=1S/C24H27FN4/c1-17-21-16-19(25)9-10-22(21)27-23(26-17)29-14-5-8-20(11-15-29)28-24(12-13-24)18-6-3-2-4-7-18/h2-4,6-7,9-10,16,20,28H,5,8,11-15H2,1H3","QIKATULQTJMUJJ-UHFFFAOYSA-N"
23066075,"5-[(2,5-Difluorobenzyl)amino]-1-isobutyl-N,N-dimethyl-4,5,6,7-tetrahydro-1H-indazole-3-carboxamide",390.223114,"C21H28F2N4O","CC(C)Cn1c2c(c(n1)C(=O)N(C)C)CC(CC2)NCc3cc(ccc3F)F","InChI=1S/C21H28F2N4O/c1-13(2)12-27-19-8-6-16(10-17(19)20(25-27)21(28)26(3)4)24-11-14-9-15(22)5-7-18(14)23/h5,7,9,13,16,24H,6,8,10-12H2,1-4H3","HAEVWLSCKWTYGP-UHFFFAOYSA-N"
23072887,"5-(1-Benzyl-4-piperidinyl)-3-(3-fluorophenyl)-4,5,6,7-tetrahydro-1H-pyrazolo[4,3-c]pyridine",390.221985,"C24H27FN4","c1ccc(cc1)CN2CCC(CC2)N3CCc4c(c(n[nH]4)c5cccc(c5)F)C3","InChI=1S/C24H27FN4/c25-20-8-4-7-19(15-20)24-22-17-29(14-11-23(22)26-27-24)21-9-12-28(13-10-21)16-18-5-2-1-3-6-18/h1-8,15,21H,9-14,16-17H2,(H,26,27)","ZJYQAPIAJWTKQM-UHFFFAOYSA-N"
23257819,"1-({4-[5-(4-Fluorophenyl)-4-(4-pyridinyl)-1H-pyrrol-2-yl]-1-piperidinyl}methyl)cyclopropanamine",390.221985,"C24H27FN4","c1cc(ccc1c2c(cc([nH]2)C3CCN(CC3)CC4(CC4)N)c5ccncc5)F","InChI=1S/C24H27FN4/c25-20-3-1-19(2-4-20)23-21(17-5-11-27-12-6-17)15-22(28-23)18-7-13-29(14-8-18)16-24(26)9-10-24/h1-6,11-12,15,18,28H,7-10,13-14,16,26H2","OFYWGGCVRKLCES-UHFFFAOYSA-N"
24666432,"6-{[4-(2-{[2-Fluoro-2-(3-fluorophenyl)ethyl]amino}ethoxy)-3-pyrrolidinyl]methyl}-4-methyl-2-pyridinamine",390.223114,"C21H28F2N4O","Cc1cc(nc(c1)N)CC2CNCC2OCCNCC(c3cccc(c3)F)F","InChI=1S/C21H28F2N4O/c1-14-7-18(27-21(24)8-14)10-16-11-26-13-20(16)28-6-5-25-12-19(23)15-3-2-4-17(22)9-15/h2-4,7-9,16,19-20,25-26H,5-6,10-13H2,1H3,(H2,24,27)","NOLWAWWUERSXHH-UHFFFAOYSA-N"
24694438,"N-(Adamantan-2-ylmethyl)-1-(4-chloro-2-fluorobenzyl)-4-piperidinamine",390.223816,"C23H32ClFN2","c1cc(c(cc1Cl)F)CN2CCC(CC2)NCC3C4CC5CC(C4)CC3C5","InChI=1S/C23H32ClFN2/c24-20-2-1-17(23(25)12-20)14-27-5-3-21(4-6-27)26-13-22-18-8-15-7-16(10-18)11-19(22)9-15/h1-2,12,15-16,18-19,21-22,26H,3-11,13-14H2","BXYLEDMNAVGSPU-UHFFFAOYSA-N"
24695266,"N-(Adamantan-2-yl)-1-[1-(4-chloro-2-fluorophenyl)ethyl]-4-piperidinamine",390.223816,"C23H32ClFN2","CC(c1ccc(cc1F)Cl)N2CCC(CC2)NC3C4CC5CC(C4)CC3C5","InChI=1S/C23H32ClFN2/c1-14(21-3-2-19(24)13-22(21)25)27-6-4-20(5-7-27)26-23-17-9-15-8-16(11-17)12-18(23)10-15/h2-3,13-18,20,23,26H,4-12H2,1H3","XCWMRTKYKBJXNF-UHFFFAOYSA-N"
24715053,"N-{[1-(4-Chloro-2-fluorobenzyl)-4-piperidinyl]methyl}-2-adamantanamine",390.223816,"C23H32ClFN2","c1cc(c(cc1Cl)F)CN2CCC(CC2)CNC3C4CC5CC(C4)CC3C5","InChI=1S/C23H32ClFN2/c24-21-2-1-18(22(25)12-21)14-27-5-3-15(4-6-27)13-26-23-19-8-16-7-17(10-19)11-20(23)9-16/h1-2,12,15-17,19-20,23,26H,3-11,13-14H2","MPMCNZYROMKMFN-UHFFFAOYSA-N"
24715436,"N-(Adamantan-2-yl)-1-(4-chloro-2-fluorobenzyl)-N-methyl-4-piperidinamine",390.223816,"C23H32ClFN2","CN(C1CCN(CC1)Cc2ccc(cc2F)Cl)C3C4CC5CC(C4)CC3C5","InChI=1S/C23H32ClFN2/c1-26(23-18-9-15-8-16(11-18)12-19(23)10-15)21-4-6-27(7-5-21)14-17-2-3-20(24)13-22(17)25/h2-3,13,15-16,18-19,21,23H,4-12,14H2,1H3","NVWURGSQNZROGE-UHFFFAOYSA-N"
25016324,"3-Oxoandrost-4-en-17-yl (ethylsulfanyl)acetate",390.22287,"C23H34O3S","CCSCC(=O)OC1CCC2C1(CCC3C2CCC4=CC(=O)CCC34C)C","InChI=1S/C23H34O3S/c1-4-27-14-21(25)26-20-8-7-18-17-6-5-15-13-16(24)9-11-22(15,2)19(17)10-12-23(18,20)3/h13,17-20H,4-12,14H2,1-3H3","IOUMBLIETKKIFO-UHFFFAOYSA-N"
25041085,"(3S)-3-Amino-6-carbamimidamido-N-methyl-N-[4-oxo-2-(2-pyrimidinylamino)-1,4,5,6-tetrahydro-5-pyrimidinyl]hexanamide",390.22403,"C16H26N10O2","CN(C1CN=C(NC1=O)Nc2ncccn2)C(=O)C[C@H](CCCN=C(N)N)N","InChI=1S/C16H26N10O2/c1-26(12(27)8-10(17)4-2-5-20-14(18)19)11-9-23-16(24-13(11)28)25-15-21-6-3-7-22-15/h3,6-7,10-11H,2,4-5,8-9,17H2,1H3,(H4,18,19,20)(H2,21,22,23,24,25,28)/t10-,11?/m0/s1","KBRMTJLYEPTHRE-VUWPPUDQSA-N"
25044168,"N-(Adamantan-1-ylmethyl)-1-(4-chloro-2-fluorobenzyl)-4-piperidinamine",390.223816,"C23H32ClFN2","c1cc(c(cc1Cl)F)CN2CCC(CC2)NCC34CC5CC(C3)CC(C5)C4","InChI=1S/C23H32ClFN2/c24-20-2-1-19(22(25)10-20)14-27-5-3-21(4-6-27)26-15-23-11-16-7-17(12-23)9-18(8-16)13-23/h1-2,10,16-18,21,26H,3-9,11-15H2","ALBVJLPJWBKRIC-UHFFFAOYSA-N"
25936362,"1-(4-trimethoxysilylpropoxyphenyl)adamantane",390.222626,"C22H34O4Si","CCC(Oc1ccc(cc1)C23CC4CC(C2)CC(C4)C3)[Si](OC)(OC)OC","InChI=1S/C22H34O4Si/c1-5-21(27(23-2,24-3)25-4)26-20-8-6-19(7-9-20)22-13-16-10-17(14-22)12-18(11-16)15-22/h6-9,16-18,21H,5,10-15H2,1-4H3","RVUVNLLXRCEWCK-UHFFFAOYSA-N"
26289483,"N-(3-Isopropoxypropyl)-5-methyl-1-(1-methyl-4-piperidinyl)-3-(trifluoromethyl)-1H-pyrazole-4-carboxamide",390.224274,"C18H29F3N4O2","Cc1c(c(nn1C2CCN(CC2)C)C(F)(F)F)C(=O)NCCCOC(C)C","InChI=1S/C18H29F3N4O2/c1-12(2)27-11-5-8-22-17(26)15-13(3)25(23-16(15)18(19,20)21)14-6-9-24(4)10-7-14/h12,14H,5-11H2,1-4H3,(H,22,26)","JVEXHJVETYVULG-UHFFFAOYSA-N"
26289501,"1-(1-Isopropyl-4-piperidinyl)-N-(3-methoxypropyl)-5-methyl-3-(trifluoromethyl)-1H-pyrazole-4-carboxamide",390.224274,"C18H29F3N4O2","Cc1c(c(nn1C2CCN(CC2)C(C)C)C(F)(F)F)C(=O)NCCCOC","InChI=1S/C18H29F3N4O2/c1-12(2)24-9-6-14(7-10-24)25-13(3)15(16(23-25)18(19,20)21)17(26)22-8-5-11-27-4/h12,14H,5-11H2,1-4H3,(H,22,26)","VTPRJFUDAKIEPT-UHFFFAOYSA-N"
26289544,"N-(3-Isopropoxypropyl)-5-methyl-1-(1-methyl-3-piperidinyl)-3-(trifluoromethyl)-1H-pyrazole-4-carboxamide",390.224274,"C18H29F3N4O2","Cc1c(c(nn1C2CCCN(C2)C)C(F)(F)F)C(=O)NCCCOC(C)C","InChI=1S/C18H29F3N4O2/c1-12(2)27-10-6-8-22-17(26)15-13(3)25(23-16(15)18(19,20)21)14-7-5-9-24(4)11-14/h12,14H,5-11H2,1-4H3,(H,22,26)","ACGXMSGJTORHIW-UHFFFAOYSA-N"
26289571,"1-(1-Isopropyl-3-piperidinyl)-N-(3-methoxypropyl)-5-methyl-3-(trifluoromethyl)-1H-pyrazole-4-carboxamide",390.224274,"C18H29F3N4O2","Cc1c(c(nn1C2CCCN(C2)C(C)C)C(F)(F)F)C(=O)NCCCOC","InChI=1S/C18H29F3N4O2/c1-12(2)24-9-5-7-14(11-24)25-13(3)15(16(23-25)18(19,20)21)17(26)22-8-6-10-27-4/h12,14H,5-11H2,1-4H3,(H,22,26)","AYFCODYDOXQADN-UHFFFAOYSA-N"
26289573,"N-(1-Hydroxy-2-butanyl)-1-(1-isopropyl-3-piperidinyl)-5-methyl-3-(trifluoromethyl)-1H-pyrazole-4-carboxamide",390.224274,"C18H29F3N4O2","CCC(CO)NC(=O)c1c(n(nc1C(F)(F)F)C2CCCN(C2)C(C)C)C","InChI=1S/C18H29F3N4O2/c1-5-13(10-26)22-17(27)15-12(4)25(23-16(15)18(19,20)21)14-7-6-8-24(9-14)11(2)3/h11,13-14,26H,5-10H2,1-4H3,(H,22,27)","NPEVEUZUJORDSQ-UHFFFAOYSA-N"
26289574,"1-(1-Isopropyl-3-piperidinyl)-N-(1-methoxy-2-propanyl)-5-methyl-3-(trifluoromethyl)-1H-pyrazole-4-carboxamide",390.224274,"C18H29F3N4O2","Cc1c(c(nn1C2CCCN(C2)C(C)C)C(F)(F)F)C(=O)NC(C)COC","InChI=1S/C18H29F3N4O2/c1-11(2)24-8-6-7-14(9-24)25-13(4)15(16(23-25)18(19,20)21)17(26)22-12(3)10-27-5/h11-12,14H,6-10H2,1-5H3,(H,22,26)","LNZPAJRPFVUUKF-UHFFFAOYSA-N"
26289575,"N-(1-Hydroxy-2-methyl-2-propanyl)-1-(1-isopropyl-3-piperidinyl)-5-methyl-3-(trifluoromethyl)-1H-pyrazole-4-carboxamide",390.224274,"C18H29F3N4O2","Cc1c(c(nn1C2CCCN(C2)C(C)C)C(F)(F)F)C(=O)NC(C)(C)CO","InChI=1S/C18H29F3N4O2/c1-11(2)24-8-6-7-13(9-24)25-12(3)14(15(23-25)18(19,20)21)16(27)22-17(4,5)10-26/h11,13,26H,6-10H2,1-5H3,(H,22,27)","REOURGGSGGBYAB-UHFFFAOYSA-N"
26325974,"6-[[(3R,4R)-4-[2-[[(2R)-2-fluoro-2-(3-fluorophenyl)ethyl]amino]ethoxy]pyrrolidin-3-yl]methyl]-4-methyl-pyridin-2-amine",390.223114,"C21H28F2N4O","Cc1cc(nc(c1)N)C[C@@H]2CNC[C@@H]2OCCNC[C@@H](c3cccc(c3)F)F","InChI=1S/C21H28F2N4O/c1-14-7-18(27-21(24)8-14)10-16-11-26-13-20(16)28-6-5-25-12-19(23)15-3-2-4-17(22)9-15/h2-4,7-9,16,19-20,25-26H,5-6,10-13H2,1H3,(H2,24,27)/t16-,19+,20+/m1/s1","NOLWAWWUERSXHH-UXPWSPDFSA-N"
26345457,"(3beta,5beta)-14-Hydroxy-3-sulfanylcard-20(22)-enolide",390.22287,"C23H34O3S","C[C@]12CC[C@@H](C[C@H]1CC[C@@H]3[C@@H]2CC[C@]4([C@@]3(CC[C@@H]4C5=CC(=O)OC5)O)C)S","InChI=1S/C23H34O3S/c1-21-8-5-16(27)12-15(21)3-4-19-18(21)6-9-22(2)17(7-10-23(19,22)25)14-11-20(24)26-13-14/h11,15-19,25,27H,3-10,12-13H2,1-2H3/t15-,16+,17-,18+,19-,21+,22-,23+/m1/s1","UFWSBWXITPTLQX-CESUGQOBSA-N"
26567711,"(5S)-3-[(2S)-4-(Benzyloxy)-2-{[dimethyl(2-methyl-2-propanyl)silyl]oxy}butyl]-5-methyl-2(5H)-furanone",390.222626,"C22H34O4Si","C[C@H]1C=C(C(=O)O1)C[C@@H](CCOCc2ccccc2)O[Si](C)(C)C(C)(C)C","InChI=1S/C22H34O4Si/c1-17-14-19(21(23)25-17)15-20(26-27(5,6)22(2,3)4)12-13-24-16-18-10-8-7-9-11-18/h7-11,14,17,20H,12-13,15-16H2,1-6H3/t17-,20+/m0/s1","JVGTWWXOJVMPST-FXAWDEMLSA-N"
26614736,"N'-{[9-(4-Fluorobenzyl)-9H-beta-carbolin-1-yl]methyl}-N,N-dimethyl-1,3-propanediamine",390.221985,"C24H27FN4","CN(C)CCCNCc1c2c(ccn1)c3ccccc3n2Cc4ccc(cc4)F","InChI=1S/C24H27FN4/c1-28(2)15-5-13-26-16-22-24-21(12-14-27-22)20-6-3-4-7-23(20)29(24)17-18-8-10-19(25)11-9-18/h3-4,6-12,14,26H,5,13,15-17H2,1-2H3","QVXQXYLNMJZGBV-UHFFFAOYSA-N"
26620024,"6-[[(3R,4R)-4-[2-[[2-fluoro-2-(3-fluorophenyl)ethyl]amino]ethoxy]pyrrolidin-3-yl]methyl]-4-methyl-pyridin-2-amine",390.223114,"C21H28F2N4O","Cc1cc(nc(c1)N)C[C@@H]2CNC[C@@H]2OCCNCC(c3cccc(c3)F)F","InChI=1S/C21H28F2N4O/c1-14-7-18(27-21(24)8-14)10-16-11-26-13-20(16)28-6-5-25-12-19(23)15-3-2-4-17(22)9-15/h2-4,7-9,16,19-20,25-26H,5-6,10-13H2,1H3,(H2,24,27)/t16-,19?,20+/m1/s1","NOLWAWWUERSXHH-VBHUFULTSA-N"
26645249,"5-Cyclopropylidene-7-(difluoromethyl)-N-[4-(2-methyl-2-propanyl)cyclohexyl]-4,5-dihydropyrazolo[1,5-a]pyrimidine-3-carboxamide",390.223114,"C21H28F2N4O","CC(C)(C)C1CCC(CC1)NC(=O)c2cnn3c2NC(=C4CC4)C=C3C(F)F","InChI=1S/C21H28F2N4O/c1-21(2,3)13-6-8-14(9-7-13)25-20(28)15-11-24-27-17(18(22)23)10-16(12-4-5-12)26-19(15)27/h10-11,13-14,18,26H,4-9H2,1-3H3,(H,25,28)","OJSDGCOLPKPYAZ-UHFFFAOYSA-N"
26997153,"Methyl (3aS,7aR)-2,2-dimethyl-7-[(triisopropylsilyl)ethynyl]-1,3-benzodioxole-3a(7aH)-carboxylate",390.222626,"C22H34O4Si","CC(C)[Si](C#CC1=CC=C[C@]2([C@@H]1OC(O2)(C)C)C(=O)OC)(C(C)C)C(C)C","InChI=1S/C22H34O4Si/c1-15(2)27(16(3)4,17(5)6)14-12-18-11-10-13-22(20(23)24-9)19(18)25-21(7,8)26-22/h10-11,13,15-17,19H,1-9H3/t19-,22+/m1/s1","AHQUSXDNYMRNMT-KNQAVFIVSA-N"
27289175,"(4R*,6R*)-4-(tert-Butyldimethylsilyloxy)-6-phenyl-1,7-dioxaspiro[2.9]dodecan-8-one",390.222626,"C22H34O4Si","CC(C)(C)[Si](C)(C)O[C@@H]1C[C@@H](OC(=O)CCCCC12CO2)c3ccccc3","InChI=1S/C22H34O4Si/c1-21(2,3)27(4,5)26-19-15-18(17-11-7-6-8-12-17)25-20(23)13-9-10-14-22(19)16-24-22/h6-8,11-12,18-19H,9-10,13-16H2,1-5H3/t18-,19-,22?/m1/s1","SJBRLCAHMSHEBU-IERKJGKXSA-N"
27289236,"(3S*,8R*,10R*)-8-((tert-Butyldimethylsilyl)oxy)-3-methyl-10-phenyloxecane-2,7-dione",390.222626,"C22H34O4Si","C[C@H]1CCCC(=O)[C@@H](C[C@@H](OC1=O)c2ccccc2)O[Si](C)(C)C(C)(C)C","InChI=1S/C22H34O4Si/c1-16-11-10-14-18(23)20(26-27(5,6)22(2,3)4)15-19(25-21(16)24)17-12-8-7-9-13-17/h7-9,12-13,16,19-20H,10-11,14-15H2,1-6H3/t16-,19+,20+/m0/s1","XJNZHMZOGRTIGZ-PWIZWCRZSA-N"
27289238,"(3R*,8R*,10R*)-8-((tert-Butyldimethylsilyl)oxy)-3-methyl-10-phenyloxecane-2,7-dione",390.222626,"C22H34O4Si","C[C@@H]1CCCC(=O)[C@@H](C[C@@H](OC1=O)c2ccccc2)O[Si](C)(C)C(C)(C)C","InChI=1S/C22H34O4Si/c1-16-11-10-14-18(23)20(26-27(5,6)22(2,3)4)15-19(25-21(16)24)17-12-8-7-9-13-17/h7-9,12-13,16,19-20H,10-11,14-15H2,1-6H3/t16-,19-,20-/m1/s1","XJNZHMZOGRTIGZ-NSISKUIASA-N"
27289239,"(9R*,11R*)-9-(tert-Butyldimethylsilyloxy)-11-phenyloxacycloundecane-2,8-dione",390.222626,"C22H34O4Si","CC(C)(C)[Si](C)(C)O[C@@H]1C[C@@H](OC(=O)CCCCCC1=O)c2ccccc2","InChI=1S/C22H34O4Si/c1-22(2,3)27(4,5)26-20-16-19(17-12-8-6-9-13-17)25-21(24)15-11-7-10-14-18(20)23/h6,8-9,12-13,19-20H,7,10-11,14-16H2,1-5H3/t19-,20-/m1/s1","NIKCRUOISIZKKG-WOJBJXKFSA-N"
29319810,"1-(Adamantan-1-yl)-2,2-dimethyl-1-(3,4,5,6-tetrahydrothieno[3,4-c][1,2]dioxocin-9-yl)-1-propanol",390.22287,"C23H34O3S","CC(C)(C)C(c1c2c(cs1)CCCCOO2)(C34CC5CC(C3)CC(C5)C4)O","InChI=1S/C23H34O3S/c1-21(2,3)23(24,20-19-18(14-27-20)6-4-5-7-25-26-19)22-11-15-8-16(12-22)10-17(9-15)13-22/h14-17,24H,4-13H2,1-3H3","ZAIZDPAUFBRUEC-UHFFFAOYSA-N"
29330228,"{3-[4-(Adamantan-1-yl)phenoxy]propyl}(trimethoxy)silane",390.222626,"C22H34O4Si","CO[Si](CCCOc1ccc(cc1)C23CC4CC(C2)CC(C4)C3)(OC)OC","InChI=1S/C22H34O4Si/c1-23-27(24-2,25-3)10-4-9-26-21-7-5-20(6-8-21)22-14-17-11-18(15-22)13-19(12-17)16-22/h5-8,17-19H,4,9-16H2,1-3H3","IMCDIBOUJJLLTF-UHFFFAOYSA-N"
29341996,"(5Z,9alpha,15R)-16,16-Difluoro-9,15-dihydroxy-11-oxoprost-5-en-1-oic acid",390.221771,"C20H32F2O5","CCCCC([C@@H](CC[C@@H]1[C@H]([C@H](CC1=O)O)C/C=C\CCCC(=O)O)O)(F)F","InChI=1S/C20H32F2O5/c1-2-3-12-20(21,22)18(25)11-10-15-14(16(23)13-17(15)24)8-6-4-5-7-9-19(26)27/h4,6,14-16,18,23,25H,2-3,5,7-13H2,1H3,(H,26,27)/b6-4-/t14-,15-,16+,18-/m1/s1","DBJPEHDOQUTHDY-LVYHIDAHSA-N"
29448104,"1-(2,3-Difluorobenzyl)-4-[1-(5-isopropyl-1,2,4-oxadiazol-3-yl)-3-pyrrolidinyl]piperidine",390.223114,"C21H28F2N4O","CC(C)c1nc(no1)N2CCC(C2)C3CCN(CC3)Cc4cccc(c4F)F","InChI=1S/C21H28F2N4O/c1-14(2)20-24-21(25-28-20)27-11-8-16(13-27)15-6-9-26(10-7-15)12-17-4-3-5-18(22)19(17)23/h3-5,14-16H,6-13H2,1-2H3","OXFWNNHQCAQTSF-UHFFFAOYSA-N"
29477179,"2-{[(1S,5R)-3-(4-Fluorobenzyl)-3,6-diazabicyclo[3.2.2]non-6-yl]methyl}-3-methylquinoxaline",390.221985,"C24H27FN4","Cc1c(nc2ccccc2n1)CN3C[C@H]4CC[C@@H]3CN(C4)Cc5ccc(cc5)F","InChI=1S/C24H27FN4/c1-17-24(27-23-5-3-2-4-22(23)26-17)16-29-14-19-8-11-21(29)15-28(13-19)12-18-6-9-20(25)10-7-18/h2-7,9-10,19,21H,8,11-16H2,1H3/t19-,21+/m0/s1","KGWLOANJYIUFRY-PZJWPPBQSA-N"
29494972,"(1S,5R)-3-(4-Fluorobenzyl)-6-[(1-phenyl-1H-pyrazol-4-yl)methyl]-3,6-diazabicyclo[3.2.2]nonane",390.221985,"C24H27FN4","c1ccc(cc1)n2cc(cn2)CN3C[C@H]4CC[C@@H]3CN(C4)Cc5ccc(cc5)F","InChI=1S/C24H27FN4/c25-22-9-6-19(7-10-22)13-27-14-20-8-11-24(18-27)28(15-20)16-21-12-26-29(17-21)23-4-2-1-3-5-23/h1-7,9-10,12,17,20,24H,8,11,13-16,18H2/t20-,24+/m0/s1","HDAIWIDEPQVENU-GBXCKJPGSA-N"
29866687,"4-[1-(2-Fluorobenzyl)-2-piperidinyl]-2-propyl-5-(4-pyridinyl)pyrimidine",390.221985,"C24H27FN4","CCCc1ncc(c(n1)C2CCCCN2Cc3ccccc3F)c4ccncc4","InChI=1S/C24H27FN4/c1-2-7-23-27-16-20(18-11-13-26-14-12-18)24(28-23)22-10-5-6-15-29(22)17-19-8-3-4-9-21(19)25/h3-4,8-9,11-14,16,22H,2,5-7,10,15,17H2,1H3","PHKCFBVDEGJMGS-UHFFFAOYSA-N"
29967429,"3-({3-[6-(2-Fluorobenzyl)-2-pyridinyl]-1-piperidinyl}methyl)-N-methyl-2-pyridinamine",390.221985,"C24H27FN4","CNc1c(cccn1)CN2CCCC(C2)c3cccc(n3)Cc4ccccc4F","InChI=1S/C24H27FN4/c1-26-24-20(8-5-13-27-24)17-29-14-6-9-19(16-29)23-12-4-10-21(28-23)15-18-7-2-3-11-22(18)25/h2-5,7-8,10-13,19H,6,9,14-17H2,1H3,(H,26,27)","HIDBSNPKYLCCFO-UHFFFAOYSA-N"
29967430,"3-({3-[6-(3-Fluorobenzyl)-2-pyridinyl]-1-piperidinyl}methyl)-N-methyl-2-pyridinamine",390.221985,"C24H27FN4","CNc1c(cccn1)CN2CCCC(C2)c3cccc(n3)Cc4cccc(c4)F","InChI=1S/C24H27FN4/c1-26-24-20(7-4-12-27-24)17-29-13-5-8-19(16-29)23-11-3-10-22(28-23)15-18-6-2-9-21(25)14-18/h2-4,6-7,9-12,14,19H,5,8,13,15-17H2,1H3,(H,26,27)","NFRYRFOHNXYCJB-UHFFFAOYSA-N"
30079397,"N-(1-Cyanocyclohexyl)-2-{4-[3-(2,2,2-trifluoroethoxy)propyl]-1-piperazinyl}acetamide",390.224274,"C18H29F3N4O2","C1CCC(CC1)(C#N)NC(=O)CN2CCN(CC2)CCCOCC(F)(F)F","InChI=1S/C18H29F3N4O2/c19-18(20,21)15-27-12-4-7-24-8-10-25(11-9-24)13-16(26)23-17(14-22)5-2-1-3-6-17/h1-13,15H2,(H,23,26)","BIPVAEHDJZIALV-UHFFFAOYSA-N"
30366832,"2-Cyclohexyl-N-{1-[(5,6-difluoro-1H-benzimidazol-1-yl)methyl]-4-piperidinyl}acetamide",390.223114,"C21H28F2N4O","c1c2c(cc(c1F)F)n(cn2)CN3CCC(CC3)NC(=O)CC4CCCCC4","InChI=1S/C21H28F2N4O/c22-17-11-19-20(12-18(17)23)27(13-24-19)14-26-8-6-16(7-9-26)25-21(28)10-15-4-2-1-3-5-15/h11-13,15-16H,1-10,14H2,(H,25,28)","YRKWQMMHRKELSH-UHFFFAOYSA-N"
30422938,"N-Cyclopentyl-2-{4-[2-oxo-1-(2,2,2-trifluoroethyl)-3-piperidinyl]-1-piperazinyl}acetamide",390.224274,"C18H29F3N4O2","C1CCC(C1)NC(=O)CN2CCN(CC2)C3CCCN(C3=O)CC(F)(F)F","InChI=1S/C18H29F3N4O2/c19-18(20,21)13-25-7-3-6-15(17(25)27)24-10-8-23(9-11-24)12-16(26)22-14-4-1-2-5-14/h14-15H,1-13H2,(H,22,26)","LTRKDERYPCYIMB-UHFFFAOYSA-N"
30709906,"2-[1-(2,4-Difluorophenyl)-3,5-dimethyl-1H-pyrazol-4-yl]-N-[2-(4-methyl-1-piperidinyl)ethyl]acetamide",390.223114,"C21H28F2N4O","Cc1c(c(n(n1)c2ccc(cc2F)F)C)CC(=O)NCCN3CCC(CC3)C","InChI=1S/C21H28F2N4O/c1-14-6-9-26(10-7-14)11-8-24-21(28)13-18-15(2)25-27(16(18)3)20-5-4-17(22)12-19(20)23/h4-5,12,14H,6-11,13H2,1-3H3,(H,24,28)","BUHDZZVEKUTTKV-UHFFFAOYSA-N"
30901893,"Methyl 3,4-dideoxy-6-O-[methyl(2-methyl-2-propanyl)phenylsilyl]-2-O-(2-methyl-2-propen-1-yl)-alpha-D-erythro-hex-3-enopyranoside",390.222626,"C22H34O4Si","CC(=C)CO[C@@H]1C=C[C@H](O[C@@H]1OC)CO[Si](C)(c2ccccc2)C(C)(C)C","InChI=1S/C22H34O4Si/c1-17(2)15-24-20-14-13-18(26-21(20)23-6)16-25-27(7,22(3,4)5)19-11-9-8-10-12-19/h8-14,18,20-21H,1,15-16H2,2-7H3/t18-,20+,21-,27?/m0/s1","MWNBXYXWZIQFLK-SGIOSBTMSA-N"
30921113,"N-(3,5-Difluoro-4-methoxybenzyl)-1-(2-isopropyl-6-methyl-4-pyrimidinyl)-4-piperidinamine",390.223114,"C21H28F2N4O","Cc1cc(nc(n1)C(C)C)N2CCC(CC2)NCc3cc(c(c(c3)F)OC)F","InChI=1S/C21H28F2N4O/c1-13(2)21-25-14(3)9-19(26-21)27-7-5-16(6-8-27)24-12-15-10-17(22)20(28-4)18(23)11-15/h9-11,13,16,24H,5-8,12H2,1-4H3","YWPCPJOFPZJBAT-UHFFFAOYSA-N"
30975353,"2-(2,6-Difluorophenyl)-1-(3-{1-[3-(dimethylamino)propyl]-1H-imidazol-2-yl}-1-piperidinyl)ethanone",390.223114,"C21H28F2N4O","CN(C)CCCn1ccnc1C2CCCN(C2)C(=O)Cc3c(cccc3F)F","InChI=1S/C21H28F2N4O/c1-25(2)10-5-12-26-13-9-24-21(26)16-6-4-11-27(15-16)20(28)14-17-18(22)7-3-8-19(17)23/h3,7-9,13,16H,4-6,10-12,14-15H2,1-2H3","UTHBGPYLMFXJLI-UHFFFAOYSA-N"
31586985,"2-{4-[2-Oxo-2-(1-pyrrolidinyl)ethyl]-1-piperazinyl}-1-[3-(trifluoromethyl)-1-piperidinyl]ethanone",390.224274,"C18H29F3N4O2","C1CCN(C1)C(=O)CN2CCN(CC2)CC(=O)N3CCCC(C3)C(F)(F)F","InChI=1S/C18H29F3N4O2/c19-18(20,21)15-4-3-7-25(12-15)17(27)14-23-10-8-22(9-11-23)13-16(26)24-5-1-2-6-24/h15H,1-14H2","ARNQEFSQKUCQGX-UHFFFAOYSA-N"
31592408,"N-Cyclopropyl-2-(4-{2-oxo-2-[3-(trifluoromethyl)-1-piperidinyl]ethyl}-1-piperazinyl)propanamide",390.224274,"C18H29F3N4O2","CC(C(=O)NC1CC1)N2CCN(CC2)CC(=O)N3CCCC(C3)C(F)(F)F","InChI=1S/C18H29F3N4O2/c1-13(17(27)22-15-4-5-15)24-9-7-23(8-10-24)12-16(26)25-6-2-3-14(11-25)18(19,20)21/h13-15H,2-12H2,1H3,(H,22,27)","CICPBHIRJDKAAN-UHFFFAOYSA-N"
31655039,"1-[2-(Dimethylamino)-2-(3-fluorophenyl)ethyl]-3-{3-[(2-fluorophenyl)(methyl)amino]propyl}urea",390.223114,"C21H28F2N4O","CN(C)C(CNC(=O)NCCCN(C)c1ccccc1F)c2cccc(c2)F","InChI=1S/C21H28F2N4O/c1-26(2)20(16-8-6-9-17(22)14-16)15-25-21(28)24-12-7-13-27(3)19-11-5-4-10-18(19)23/h4-6,8-11,14,20H,7,12-13,15H2,1-3H3,(H2,24,25,28)","RMDFZRPYPVFISQ-UHFFFAOYSA-N"
31886189,"1-(3,4-Difluorophenyl)-N-[1-(dimethylamino)-4-methyl-2-pentanyl]-1,4,5,6-tetrahydrocyclopenta[c]pyrazole-3-carboxamide",390.223114,"C21H28F2N4O","CC(C)CC(CN(C)C)NC(=O)c1c2c(n(n1)c3ccc(c(c3)F)F)CCC2","InChI=1S/C21H28F2N4O/c1-13(2)10-14(12-26(3)4)24-21(28)20-16-6-5-7-19(16)27(25-20)15-8-9-17(22)18(23)11-15/h8-9,11,13-14H,5-7,10,12H2,1-4H3,(H,24,28)","SVCIXTKHQPYMRG-UHFFFAOYSA-N"
31925285,"2-[1-(Difluoromethyl)-3,5-dimethyl-1H-pyrazol-4-yl]-N-[1-(3-methylbenzyl)-4-piperidinyl]acetamide",390.223114,"C21H28F2N4O","Cc1cccc(c1)CN2CCC(CC2)NC(=O)Cc3c(nn(c3C)C(F)F)C","InChI=1S/C21H28F2N4O/c1-14-5-4-6-17(11-14)13-26-9-7-18(8-10-26)24-20(28)12-19-15(2)25-27(16(19)3)21(22)23/h4-6,11,18,21H,7-10,12-13H2,1-3H3,(H,24,28)","HAAAIRASIHMHKI-UHFFFAOYSA-N"
31983470,"N-{3-[Cyclohexyl(methyl)amino]propyl}-3-(2,4-difluorophenyl)-1-methyl-1H-pyrazole-4-carboxamide",390.223114,"C21H28F2N4O","Cn1cc(c(n1)c2ccc(cc2F)F)C(=O)NCCCN(C)C3CCCCC3","InChI=1S/C21H28F2N4O/c1-26(16-7-4-3-5-8-16)12-6-11-24-21(28)18-14-27(2)25-20(18)17-10-9-15(22)13-19(17)23/h9-10,13-14,16H,3-8,11-12H2,1-2H3,(H,24,28)","VXRBWNNUMLHZLH-UHFFFAOYSA-N"
31983506,"3-(2,4-Difluorophenyl)-N-[3-(3,5-dimethyl-1-piperidinyl)propyl]-1-methyl-1H-pyrazole-4-carboxamide",390.223114,"C21H28F2N4O","CC1CC(CN(C1)CCCNC(=O)c2cn(nc2c3ccc(cc3F)F)C)C","InChI=1S/C21H28F2N4O/c1-14-9-15(2)12-27(11-14)8-4-7-24-21(28)18-13-26(3)25-20(18)17-6-5-16(22)10-19(17)23/h5-6,10,13-15H,4,7-9,11-12H2,1-3H3,(H,24,28)","CTEIIHQGMNNBCE-UHFFFAOYSA-N"
31983537,"[3-(2,4-Difluorophenyl)-1-methyl-1H-pyrazol-4-yl][4-(3,3-dimethylbutyl)-1-piperazinyl]methanone",390.223114,"C21H28F2N4O","CC(C)(C)CCN1CCN(CC1)C(=O)c2cn(nc2c3ccc(cc3F)F)C","InChI=1S/C21H28F2N4O/c1-21(2,3)7-8-26-9-11-27(12-10-26)20(28)17-14-25(4)24-19(17)16-6-5-15(22)13-18(16)23/h5-6,13-14H,7-12H2,1-4H3","NCNFVAFRFIRGMW-UHFFFAOYSA-N"
31983545,"3-(2,4-Difluorophenyl)-1-methyl-N-[2-methyl-2-(3-methyl-1-piperidinyl)propyl]-1H-pyrazole-4-carboxamide",390.223114,"C21H28F2N4O","CC1CCCN(C1)C(C)(C)CNC(=O)c2cn(nc2c3ccc(cc3F)F)C","InChI=1S/C21H28F2N4O/c1-14-6-5-9-27(11-14)21(2,3)13-24-20(28)17-12-26(4)25-19(17)16-8-7-15(22)10-18(16)23/h7-8,10,12,14H,5-6,9,11,13H2,1-4H3,(H,24,28)","XTXOESGCMYQIOV-UHFFFAOYSA-N"
33532984,"N-[3,5-Difluoro-4-(1-pyrrolidinyl)phenyl]-5-isopropyl-1-(2-methyl-2-propanyl)-1H-pyrazole-3-carboxamide",390.223114,"C21H28F2N4O","CC(C)c1cc(nn1C(C)(C)C)C(=O)Nc2cc(c(c(c2)F)N3CCCC3)F","InChI=1S/C21H28F2N4O/c1-13(2)18-12-17(25-27(18)21(3,4)5)20(28)24-14-10-15(22)19(16(23)11-14)26-8-6-7-9-26/h10-13H,6-9H2,1-5H3,(H,24,28)","WJNSFQXQNNDLNK-UHFFFAOYSA-N"
34324216,"1-(4-Cyclopentyl-1-piperazinyl)-2-(5,6-difluoro-1H-benzimidazol-1-yl)-3-methyl-1-butanone",390.223114,"C21H28F2N4O","CC(C)C(C(=O)N1CCN(CC1)C2CCCC2)n3cnc4c3cc(c(c4)F)F","InChI=1S/C21H28F2N4O/c1-14(2)20(27-13-24-18-11-16(22)17(23)12-19(18)27)21(28)26-9-7-25(8-10-26)15-5-3-4-6-15/h11-15,20H,3-10H2,1-2H3","NJPMNHUOYRWFPI-UHFFFAOYSA-N"
34327134,"N-[1-(2,2-Difluoroethyl)-4-piperidinyl]-5-isopropyl-1-(4-methylphenyl)-1H-pyrazole-4-carboxamide",390.223114,"C21H28F2N4O","Cc1ccc(cc1)n2c(c(cn2)C(=O)NC3CCN(CC3)CC(F)F)C(C)C","InChI=1S/C21H28F2N4O/c1-14(2)20-18(12-24-27(20)17-6-4-15(3)5-7-17)21(28)25-16-8-10-26(11-9-16)13-19(22)23/h4-7,12,14,16,19H,8-11,13H2,1-3H3,(H,25,28)","KOCRZNQYZZQGES-UHFFFAOYSA-N"
34393856,"4,4,4-Trifluoro-3-hydroxy-3-(1-methyl-1H-imidazol-2-yl)-N-[4-(3-methyl-1-piperidinyl)butyl]butanamide",390.224274,"C18H29F3N4O2","CC1CCCN(C1)CCCCNC(=O)CC(c2nccn2C)(C(F)(F)F)O","InChI=1S/C18H29F3N4O2/c1-14-6-5-10-25(13-14)9-4-3-7-22-15(26)12-17(27,18(19,20)21)16-23-8-11-24(16)2/h8,11,14,27H,3-7,9-10,12-13H2,1-2H3,(H,22,26)","HRQWIVOINNSNAL-UHFFFAOYSA-N"
34394128,"N-[3-(3,5-Dimethyl-1-piperidinyl)propyl]-4,4,4-trifluoro-3-hydroxy-3-(1-methyl-1H-imidazol-2-yl)butanamide",390.224274,"C18H29F3N4O2","CC1CC(CN(C1)CCCNC(=O)CC(c2nccn2C)(C(F)(F)F)O)C","InChI=1S/C18H29F3N4O2/c1-13-9-14(2)12-25(11-13)7-4-5-22-15(26)10-17(27,18(19,20)21)16-23-6-8-24(16)3/h6,8,13-14,27H,4-5,7,9-12H2,1-3H3,(H,22,26)","IRKNVPPKRDGCNB-UHFFFAOYSA-N"
35799582,"1-Propanamine - 1,3,5-trinitrobenzene (3:1)",390.222687,"C15H30N6O6","CCCN.CCCN.CCCN.c1c(cc(cc1[N+](=O)[O-])[N+](=O)[O-])[N+](=O)[O-]","InChI=1S/C6H3N3O6.3C3H9N/c10-7(11)4-1-5(8(12)13)3-6(2-4)9(14)15;3*1-2-3-4/h1-3H;3*2-4H2,1H3","INCQZEJQFKHVEH-UHFFFAOYSA-N"
