"Identifier","CompoundName","MonoisotopicMass","MolecularFormula","SMILES","InChI","InChIKey"
6374,"Bisphenol S",250.029984,"C12H10O4S","c1cc(ccc1O)S(=O)(=O)c2ccc(cc2)O","InChI=1S/C12H10O4S/c13-9-1-5-11(6-2-9)17(15,16)12-7-3-10(14)4-8-12/h1-8,13-14H","VPWNQTHUCYMVMZ-UHFFFAOYSA-N"
33817,"N-(5-Chloro-2-pyridinyl)-2-fluorobenzamide",250.030914,"C12H8ClFN2O","c1ccc(c(c1)C(=O)Nc2ccc(cn2)Cl)F","InChI=1S/C12H8ClFN2O/c13-8-5-6-11(15-7-8)16-12(17)9-3-1-2-4-10(9)14/h1-7H,(H,15,16,17)","REOUSSGUTFKMAI-UHFFFAOYSA-N"
60167,"4,4'-Thiobis(resorcinol)",250.029984,"C12H10O4S","c1cc(c(cc1O)O)Sc2ccc(cc2O)O","InChI=1S/C12H10O4S/c13-7-1-3-11(9(15)5-7)17-12-4-2-8(14)6-10(12)16/h1-6,13-16H","WEMYXYMZQRSPIA-UHFFFAOYSA-N"
71700,"2,4-BPS",250.029984,"C12H10O4S","c1ccc(c(c1)O)S(=O)(=O)c2ccc(cc2)O","InChI=1S/C12H10O4S/c13-9-5-7-10(8-6-9)17(15,16)12-4-2-1-3-11(12)14/h1-8,13-14H","LROZSPADHSXFJA-UHFFFAOYSA-N"
76470,"2,2'-Sulfonyldiphenol",250.029984,"C12H10O4S","c1ccc(c(c1)O)S(=O)(=O)c2ccccc2O","InChI=1S/C12H10O4S/c13-9-5-1-3-7-11(9)17(15,16)12-8-4-2-6-10(12)14/h1-8,13-14H","QUWAJPZDCZDTJS-UHFFFAOYSA-N"
136823,"3-Biphenylyl hydrogen sulfate",250.029984,"C12H10O4S","c1ccc(cc1)c2cccc(c2)OS(=O)(=O)O","InChI=1S/C12H10O4S/c13-17(14,15)16-12-8-4-7-11(9-12)10-5-2-1-3-6-10/h1-9H,(H,13,14,15)","BVRXABCIUCIBAA-UHFFFAOYSA-N"
154713,"4-Biphenylyl hydrogen sulfate",250.029984,"C12H10O4S","c1ccc(cc1)c2ccc(cc2)OS(=O)(=O)O","InChI=1S/C12H10O4S/c13-17(14,15)16-12-8-6-11(7-9-12)10-4-2-1-3-5-10/h1-9H,(H,13,14,15)","JATOIOIIXORRLF-UHFFFAOYSA-N"
175626,"2-(Methylsulfanyl)-1,3-dioxo-2,3-dihydro-1H-inden-2-yl acetate",250.029984,"C12H10O4S","CC(=O)OC1(C(=O)c2ccccc2C1=O)SC","InChI=1S/C12H10O4S/c1-7(13)16-12(17-2)10(14)8-5-3-4-6-9(8)11(12)15/h3-6H,1-2H3","SSPJZFOVUODOMH-UHFFFAOYSA-N"
449437,"(2-Naphthylsulfonyl)acetic acid",250.029984,"C12H10O4S","c1ccc2cc(ccc2c1)S(=O)(=O)CC(=O)O","InChI=1S/C12H10O4S/c13-12(14)8-17(15,16)11-6-5-9-3-1-2-4-10(9)7-11/h1-7H,8H2,(H,13,14)","MKHDCRVCMRBIRI-UHFFFAOYSA-N"
469997,"Dimethyl {fluoro[(2-oxopropyl)sulfanyl]methylene}malonate",250.031128,"C9H11FO5S","CC(=O)CSC(=C(C(=O)OC)C(=O)OC)F","InChI=1S/C9H11FO5S/c1-5(11)4-16-7(10)6(8(12)14-2)9(13)15-3/h4H2,1-3H3","GEHOYPIDMKSELP-UHFFFAOYSA-N"
477310,"4-[(2-Chloroethyl)amino]-N-(2-hydroxyethyl)-1,2,5-thiadiazole-3-carboxamide",250.029129,"C7H11ClN4O2S","C(CO)NC(=O)c1c(nsn1)NCCCl","InChI=1S/C7H11ClN4O2S/c8-1-2-9-6-5(11-15-12-6)7(14)10-3-4-13/h13H,1-4H2,(H,9,12)(H,10,14)","IFFHKZADUJHGLP-UHFFFAOYSA-N"
503567,"N-(5-Chloro-2-pyridinyl)-4-fluorobenzamide",250.030914,"C12H8ClFN2O","c1cc(ccc1C(=O)Nc2ccc(cn2)Cl)F","InChI=1S/C12H8ClFN2O/c13-9-3-6-11(15-7-9)16-12(17)8-1-4-10(14)5-2-8/h1-7H,(H,15,16,17)","RCVSEWGMLJUHIB-UHFFFAOYSA-N"
516203,"Phenyl 4-hydroxybenzenesulfonate",250.029984,"C12H10O4S","c1ccc(cc1)OS(=O)(=O)c2ccc(cc2)O","InChI=1S/C12H10O4S/c13-10-6-8-12(9-7-10)17(14,15)16-11-4-2-1-3-5-11/h1-9,13H","HTFDCEANYPZOAJ-UHFFFAOYSA-N"
532947,"Dimethyl-1-benzothiophen-2,5-dicarboxylat",250.029984,"C12H10O4S","COC(=O)c1ccc2c(c1)cc(s2)C(=O)OC","InChI=1S/C12H10O4S/c1-15-11(13)7-3-4-9-8(5-7)6-10(17-9)12(14)16-2/h3-6H,1-2H3","XHEKZPXGTIMGQC-UHFFFAOYSA-N"
538418,"2-Hydroxy-5-methoxy-3-(2-thienylmethyl)-1,4-benzoquinone",250.029984,"C12H10O4S","COC1=CC(=O)C(=C(C1=O)Cc2cccs2)O","InChI=1S/C12H10O4S/c1-16-10-6-9(13)11(14)8(12(10)15)5-7-3-2-4-17-7/h2-4,6,14H,5H2,1H3","RTSLDCILHRFDTL-UHFFFAOYSA-N"
556242,"2-(Phenylsulfonyl)-1,4-benzenediol",250.029984,"C12H10O4S","c1ccc(cc1)S(=O)(=O)c2cc(ccc2O)O","InChI=1S/C12H10O4S/c13-9-6-7-11(14)12(8-9)17(15,16)10-4-2-1-3-5-10/h1-8,13-14H","SXNZCNQISJFAEW-UHFFFAOYSA-N"
574117,"N-(3-Chloro-2-pyridinyl)-3-fluorobenzamide",250.030914,"C12H8ClFN2O","c1cc(cc(c1)F)C(=O)Nc2c(cccn2)Cl","InChI=1S/C12H8ClFN2O/c13-10-5-2-6-15-11(10)16-12(17)8-3-1-4-9(14)7-8/h1-7H,(H,15,16,17)","GWWFWJHLVMRGQR-UHFFFAOYSA-N"
591452,"N-(3-Chloro-4-fluorophenyl)isonicotinamide",250.030914,"C12H8ClFN2O","c1cc(c(cc1NC(=O)c2ccncc2)Cl)F","InChI=1S/C12H8ClFN2O/c13-10-7-9(1-2-11(10)14)16-12(17)8-3-5-15-6-4-8/h1-7H,(H,16,17)","QVVFZIJFXFRWNP-UHFFFAOYSA-N"
603786,"2-Chloro-N-(3-fluorophenyl)nicotinamide",250.030914,"C12H8ClFN2O","c1cc(cc(c1)F)NC(=O)c2cccnc2Cl","InChI=1S/C12H8ClFN2O/c13-11-10(5-2-6-15-11)12(17)16-9-4-1-3-8(14)7-9/h1-7H,(H,16,17)","VEOAJDVESKWWKX-UHFFFAOYSA-N"
615091,"4-Phenylsulfonylpyrocatechol",250.029984,"C12H10O4S","c1ccc(cc1)S(=O)(=O)c2ccc(c(c2)O)O","InChI=1S/C12H10O4S/c13-11-7-6-10(8-12(11)14)17(15,16)9-4-2-1-3-5-9/h1-8,13-14H","ASZNFGAKSIUZLU-UHFFFAOYSA-N"
674894,"N-(3-Chloro-4-fluorophenyl)nicotinamide",250.030914,"C12H8ClFN2O","c1cc(cnc1)C(=O)Nc2ccc(c(c2)Cl)F","InChI=1S/C12H8ClFN2O/c13-10-6-9(3-4-11(10)14)16-12(17)8-2-1-5-15-7-8/h1-7H,(H,16,17)","SHZSADZRVMGPOK-UHFFFAOYSA-N"
675175,"N-(2-Chloro-3-pyridinyl)-4-fluorobenzamide",250.030914,"C12H8ClFN2O","c1cc(c(nc1)Cl)NC(=O)c2ccc(cc2)F","InChI=1S/C12H8ClFN2O/c13-11-10(2-1-7-15-11)16-12(17)8-3-5-9(14)6-4-8/h1-7H,(H,16,17)","YDCSLAJNTSDSOO-UHFFFAOYSA-N"
691151,"N-(5-Chloro-2-pyridinyl)-3-fluorobenzamide",250.030914,"C12H8ClFN2O","c1cc(cc(c1)F)C(=O)Nc2ccc(cn2)Cl","InChI=1S/C12H8ClFN2O/c13-9-4-5-11(15-7-9)16-12(17)8-2-1-3-10(14)6-8/h1-7H,(H,15,16,17)","KBFILAATQFEGDQ-UHFFFAOYSA-N"
719502,"N-(2-Chloro-3-pyridinyl)-3-fluorobenzamide",250.030914,"C12H8ClFN2O","c1cc(cc(c1)F)C(=O)Nc2cccnc2Cl","InChI=1S/C12H8ClFN2O/c13-11-10(5-2-6-15-11)16-12(17)8-3-1-4-9(14)7-8/h1-7H,(H,16,17)","LOXWIXFBTWDIFP-UHFFFAOYSA-N"
733686,"2-Chloro-N-(2-fluorophenyl)nicotinamide",250.030914,"C12H8ClFN2O","c1ccc(c(c1)NC(=O)c2cccnc2Cl)F","InChI=1S/C12H8ClFN2O/c13-11-8(4-3-7-15-11)12(17)16-10-6-2-1-5-9(10)14/h1-7H,(H,16,17)","XSAFPFYCTCNASJ-UHFFFAOYSA-N"
738245,"N-(4-Chloro-2-fluorophenyl)nicotinamide",250.030914,"C12H8ClFN2O","c1cc(cnc1)C(=O)Nc2ccc(cc2F)Cl","InChI=1S/C12H8ClFN2O/c13-9-3-4-11(10(14)6-9)16-12(17)8-2-1-5-15-7-8/h1-7H,(H,16,17)","YOOGHKNYQUXHPK-UHFFFAOYSA-N"
762773,"N-(3-chloro-2-pyridyl)-2-fluoro-benzamide",250.030914,"C12H8ClFN2O","c1ccc(c(c1)C(=O)Nc2c(cccn2)Cl)F","InChI=1S/C12H8ClFN2O/c13-9-5-3-7-15-11(9)16-12(17)8-4-1-2-6-10(8)14/h1-7H,(H,15,16,17)","IWKWQXPTQBBXAN-UHFFFAOYSA-N"
785893,"N-(4-Chloro-2-fluorophenyl)isonicotinamide",250.030914,"C12H8ClFN2O","c1cc(c(cc1Cl)F)NC(=O)c2ccncc2","InChI=1S/C12H8ClFN2O/c13-9-1-2-11(10(14)7-9)16-12(17)8-3-5-15-6-4-8/h1-7H,(H,16,17)","GORUHWRJDZCTAP-UHFFFAOYSA-N"
788766,"2-(2-Thienyl)-1-(2,4,6-trihydroxyphenyl)ethanone",250.029984,"C12H10O4S","c1cc(sc1)CC(=O)c2c(cc(cc2O)O)O","InChI=1S/C12H10O4S/c13-7-4-9(14)12(10(15)5-7)11(16)6-8-2-1-3-17-8/h1-5,13-15H,6H2","TYKHOGMMHPRGKI-UHFFFAOYSA-N"
1376804,"Allyl 1-benzothiophene-3-carboxylate 1,1-dioxide",250.029984,"C12H10O4S","C=CCOC(=O)C1=CS(=O)(=O)c2c1cccc2","InChI=1S/C12H10O4S/c1-2-7-16-12(13)10-8-17(14,15)11-6-4-3-5-9(10)11/h2-6,8H,1,7H2","JZFPDBGJXKBKGL-UHFFFAOYSA-N"
1745404,"2-(2-Furyl)-2-oxoethyl 5-methyl-2-thiophenecarboxylate",250.029984,"C12H10O4S","Cc1ccc(s1)C(=O)OCC(=O)c2ccco2","InChI=1S/C12H10O4S/c1-8-4-5-11(17-8)12(14)16-7-9(13)10-3-2-6-15-10/h2-6H,7H2,1H3","NSYNCPNNNXKHGY-UHFFFAOYSA-N"
1759156,"2-(2-Furyl)-2-oxoethyl 2-thienylacetate",250.029984,"C12H10O4S","c1cc(oc1)C(=O)COC(=O)Cc2cccs2","InChI=1S/C12H10O4S/c13-10(11-4-1-5-15-11)8-16-12(14)7-9-3-2-6-17-9/h1-6H,7-8H2","QZVGTNFFWWXGID-UHFFFAOYSA-N"
1761608,"2-(2-Furyl)-2-oxoethyl 3-thienylacetate",250.029984,"C12H10O4S","c1cc(oc1)C(=O)COC(=O)Cc2ccsc2","InChI=1S/C12H10O4S/c13-10(11-2-1-4-15-11)7-16-12(14)6-9-3-5-17-8-9/h1-5,8H,6-7H2","LAARXWLZNRMMSV-UHFFFAOYSA-N"
1849023,"N-(3-Chloro-4-fluorophenyl)-2-pyridinecarboxamide",250.030914,"C12H8ClFN2O","c1ccnc(c1)C(=O)Nc2ccc(c(c2)Cl)F","InChI=1S/C12H8ClFN2O/c13-9-7-8(4-5-10(9)14)16-12(17)11-3-1-2-6-15-11/h1-7H,(H,16,17)","NVKPKYGRDAPHIT-UHFFFAOYSA-N"
1966601,"6-Chloro-N-(4-fluorophenyl)nicotinamide",250.030914,"C12H8ClFN2O","c1cc(ccc1NC(=O)c2ccc(nc2)Cl)F","InChI=1S/C12H8ClFN2O/c13-11-6-1-8(7-15-11)12(17)16-10-4-2-9(14)3-5-10/h1-7H,(H,16,17)","VAFPRBMFJRVTHV-UHFFFAOYSA-N"
2000832,"N-(4-Chloro-2-fluorophenyl)-2-pyridinecarboxamide",250.030914,"C12H8ClFN2O","c1ccnc(c1)C(=O)Nc2ccc(cc2F)Cl","InChI=1S/C12H8ClFN2O/c13-8-4-5-10(9(14)7-8)16-12(17)11-3-1-2-6-15-11/h1-7H,(H,16,17)","SGZUEQFRWQPRJR-UHFFFAOYSA-N"
2021315,"Methyl 3-(5-acetyl-2-furyl)-2-thiophenecarboxylate",250.029984,"C12H10O4S","CC(=O)c1ccc(o1)c2ccsc2C(=O)OC","InChI=1S/C12H10O4S/c1-7(13)9-3-4-10(16-9)8-5-6-17-11(8)12(14)15-2/h3-6H,1-2H3","JXJPAXPTEHQKBJ-UHFFFAOYSA-N"
2054611,"2-(2,6-Difluorophenyl)-3,5-dioxo-2,3,4,5-tetrahydro-1,2,4-triazine-6-carbonitrile",250.030228,"C10H4F2N4O2","c1cc(c(c(c1)F)n2c(=O)[nH]c(=O)c(n2)C#N)F","InChI=1S/C10H4F2N4O2/c11-5-2-1-3-6(12)8(5)16-10(18)14-9(17)7(4-13)15-16/h1-3H,(H,14,17,18)","GLGVHJRUYMEAID-UHFFFAOYSA-N"
2076918,"Methyl 3-(5-formyl-2-furyl)-4-methyl-2-thiophenecarboxylate",250.029984,"C12H10O4S","Cc1csc(c1c2ccc(o2)C=O)C(=O)OC","InChI=1S/C12H10O4S/c1-7-6-17-11(12(14)15-2)10(7)9-4-3-8(5-13)16-9/h3-6H,1-2H3","FQKWEXXBELHYRZ-UHFFFAOYSA-N"
2205570,"3-(2-Chloro-6-fluorophenyl)-1-(1H-pyrazol-1-yl)-2-propen-1-one",250.030914,"C12H8ClFN2O","c1cc(c(c(c1)Cl)C=CC(=O)n2cccn2)F","InChI=1S/C12H8ClFN2O/c13-10-3-1-4-11(14)9(10)5-6-12(17)16-8-2-7-15-16/h1-8H","SJUZOXDWWWRDMW-UHFFFAOYSA-N"
2280457,"N-(4-Chloro-2-pyridinyl)-3-fluorobenzamide",250.030914,"C12H8ClFN2O","c1cc(cc(c1)F)C(=O)Nc2cc(ccn2)Cl","InChI=1S/C12H8ClFN2O/c13-9-4-5-15-11(7-9)16-12(17)8-2-1-3-10(14)6-8/h1-7H,(H,15,16,17)","KRZVKYCTJODUOV-UHFFFAOYSA-N"
2303951,"5,5'-Sulfanediyldi(1,3-benzenediol)",250.029984,"C12H10O4S","c1c(cc(cc1O)Sc2cc(cc(c2)O)O)O","InChI=1S/C12H10O4S/c13-7-1-8(14)4-11(3-7)17-12-5-9(15)2-10(16)6-12/h1-6,13-16H","SQOKGOOYYFKAJJ-UHFFFAOYSA-N"
2496522,"Dimethyl 1-benzothiophene-2,3-dicarboxylate",250.029984,"C12H10O4S","COC(=O)c1c2ccccc2sc1C(=O)OC","InChI=1S/C12H10O4S/c1-15-11(13)9-7-5-3-4-6-8(7)17-10(9)12(14)16-2/h3-6H,1-2H3","HBPKHFSEFDBUQO-UHFFFAOYSA-N"
2657337,"N-(2-Chloro-3-pyridinyl)-2-fluorobenzamide",250.030914,"C12H8ClFN2O","c1ccc(c(c1)C(=O)Nc2cccnc2Cl)F","InChI=1S/C12H8ClFN2O/c13-11-10(6-3-7-15-11)16-12(17)8-4-1-2-5-9(8)14/h1-7H,(H,16,17)","GISCBMCKWGYCGC-UHFFFAOYSA-N"
3008974,"N-(6-Chloro-3-pyridinyl)-4-fluorobenzamide",250.030914,"C12H8ClFN2O","c1cc(ccc1C(=O)Nc2ccc(nc2)Cl)F","InChI=1S/C12H8ClFN2O/c13-11-6-5-10(7-15-11)16-12(17)8-1-3-9(14)4-2-8/h1-7H,(H,16,17)","URPKVELJRWKNQS-UHFFFAOYSA-N"
3411777,"5-[(Phenylsulfinyl)methyl]-2-furoic acid",250.029984,"C12H10O4S","c1ccc(cc1)S(=O)Cc2ccc(o2)C(=O)O","InChI=1S/C12H10O4S/c13-12(14)11-7-6-9(16-11)8-17(15)10-4-2-1-3-5-10/h1-7H,8H2,(H,13,14)","LCURHPLNBBIAJV-UHFFFAOYSA-N"
3639120,"[(1,3-Dioxo-1,3-dihydro-2H-inden-2-ylidene)(methyl)-lambda~4~-sulfanyl]acetic acid",250.029984,"C12H10O4S","C[S@](=c1c(=O)c2ccccc2c1=O)CC(=O)O","InChI=1S/C12H10O4S/c1-17(6-9(13)14)12-10(15)7-4-2-3-5-8(7)11(12)16/h2-5H,6H2,1H3,(H,13,14)/t17-/m0/s1","OPRITDNDQYSSRY-KRWDZBQOSA-N"
3735198,"3-(2-Thienylcarbonyl)-7,9-dioxatricyclo[4.2.1.0~2,4~]nonan-5-one",250.029984,"C12H10O4S","c1cc(sc1)C(=O)C2C3C2C(=O)C4OCC3O4","InChI=1S/C12H10O4S/c13-10(6-2-1-3-17-6)8-7-5-4-15-12(16-5)11(14)9(7)8/h1-3,5,7-9,12H,4H2","ACMDDNLMMKJLPC-UHFFFAOYSA-N"
3992236,"N-(2-Chloro-4-fluorophenyl)isonicotinamide",250.030914,"C12H8ClFN2O","c1cc(c(cc1F)Cl)NC(=O)c2ccncc2","InChI=1S/C12H8ClFN2O/c13-10-7-9(14)1-2-11(10)16-12(17)8-3-5-15-6-4-8/h1-7H,(H,16,17)","GWGYYSRURCJFFK-UHFFFAOYSA-N"
4286638,"2-Chloro-N-(4-fluorophenyl)nicotinamide",250.030914,"C12H8ClFN2O","c1cc(c(nc1)Cl)C(=O)Nc2ccc(cc2)F","InChI=1S/C12H8ClFN2O/c13-11-10(2-1-7-15-11)12(17)16-9-5-3-8(14)4-6-9/h1-7H,(H,16,17)","AZEXRMFJVLDPOL-UHFFFAOYSA-N"
4574209,"chromium(II) 2,4-dioxopentan-3-ide",250.029724,"C10H14CrO4","CC(=O)[CH-]C(=O)C.CC(=O)[CH-]C(=O)C.[Cr+2]","InChI=1S/2C5H7O2.Cr/c2*1-4(6)3-5(2)7;/h2*3H,1-2H3;/q2*-1;+2","JCHSWVKCCGSOCY-UHFFFAOYSA-N"
4588232,"Chromium acetylacetonate",250.029724,"C10H14CrO4","C/C(=C/C(=O)C)/[O-].C/C(=C/C(=O)C)/[O-].[Cr+2]","InChI=1S/2C5H8O2.Cr/c2*1-4(6)3-5(2)7;/h2*3,6H,1-2H3;/q;;+2/p-2/b2*4-3-;","SBTJABCOFJUGCX-FDGPNNRMSA-L"
4669558,"(2E)-3-(2-Chloro-6-fluorophenyl)-1-(1H-pyrazol-1-yl)-2-propen-1-one",250.030914,"C12H8ClFN2O","c1cc(c(c(c1)Cl)/C=C/C(=O)n2cccn2)F","InChI=1S/C12H8ClFN2O/c13-10-3-1-4-11(14)9(10)5-6-12(17)16-8-2-7-15-16/h1-8H/b6-5+","SJUZOXDWWWRDMW-AATRIKPKSA-N"
4970756,"2-Chloro-4-fluoro-N-(3-pyridinyl)benzamide",250.030914,"C12H8ClFN2O","c1cc(cnc1)NC(=O)c2ccc(cc2Cl)F","InChI=1S/C12H8ClFN2O/c13-11-6-8(14)3-4-10(11)12(17)16-9-2-1-5-15-7-9/h1-7H,(H,16,17)","ZXXFCWUJITUVML-UHFFFAOYSA-N"
4973115,"2-Chloro-4-fluoro-N-(2-pyridinyl)benzamide",250.030914,"C12H8ClFN2O","c1ccnc(c1)NC(=O)c2ccc(cc2Cl)F","InChI=1S/C12H8ClFN2O/c13-10-7-8(14)4-5-9(10)12(17)16-11-3-1-2-6-15-11/h1-7H,(H,15,16,17)","FNGYTTZENQKBJA-UHFFFAOYSA-N"
4973211,"2-Chloro-4-fluoro-N-(4-pyridinyl)benzamide",250.030914,"C12H8ClFN2O","c1cc(c(cc1F)Cl)C(=O)Nc2ccncc2","InChI=1S/C12H8ClFN2O/c13-11-7-8(14)1-2-10(11)12(17)16-9-3-5-15-6-4-9/h1-7H,(H,15,16,17)","PUBWGVQLGRMWOE-UHFFFAOYSA-N"
6112030,"4-Chloro-N-(4-fluorophenyl)-2-pyridinecarboxamide",250.030914,"C12H8ClFN2O","Clc2ccnc(C(=O)Nc1ccc(F)cc1)c2","InChI=1S/C12H8ClFN2O/c13-8-5-6-15-11(7-8)12(17)16-10-3-1-9(14)2-4-10/h1-7H,(H,16,17)","DEQXQASSIUSQRZ-UHFFFAOYSA-N"
7052479,"N-(5-Chloro-2-fluorophenyl)isonicotinamide",250.030914,"C12H8ClFN2O","O=C(Nc1cc(Cl)ccc1F)c2ccncc2","InChI=1S/C12H8ClFN2O/c13-9-1-2-10(14)11(7-9)16-12(17)8-3-5-15-6-4-8/h1-7H,(H,16,17)","VOZMSVFNPLNJLZ-UHFFFAOYSA-N"
7435067,"N-(3-Chloro-2-fluorophenyl)-2-pyridinecarboxamide",250.030914,"C12H8ClFN2O","O=C(Nc1cccc(Cl)c1F)c2ncccc2","InChI=1S/C12H8ClFN2O/c13-8-4-3-6-9(11(8)14)16-12(17)10-5-1-2-7-15-10/h1-7H,(H,16,17)","QLZBGAMNDNCABV-UHFFFAOYSA-N"
7698038,"6-Chloro-N-(3-fluorophenyl)nicotinamide",250.030914,"C12H8ClFN2O","O=C(c1cnc(Cl)cc1)Nc2cccc(F)c2","InChI=1S/C12H8ClFN2O/c13-11-5-4-8(7-15-11)12(17)16-10-3-1-2-9(14)6-10/h1-7H,(H,16,17)","QCWVDQQUQJQNRI-UHFFFAOYSA-N"
7699336,"6-Chloro-N-(2-fluorophenyl)nicotinamide",250.030914,"C12H8ClFN2O","O=C(c1cnc(Cl)cc1)Nc2ccccc2F","InChI=1S/C12H8ClFN2O/c13-11-6-5-8(7-15-11)12(17)16-10-4-2-1-3-9(10)14/h1-7H,(H,16,17)","XIAHSCJENVEWSC-UHFFFAOYSA-N"
8013555,"7-Methoxy-6-(2-thienyl)-1,3-benzodioxol-5-ol",250.029984,"C12H10O4S","COC1=C(C(=CC2=C1OCO2)O)C3=CC=CS3","InChI=1S/C12H10O4S/c1-14-12-10(9-3-2-4-17-9)7(13)5-8-11(12)16-6-15-8/h2-5,13H,6H2,1H3","ZFCSIWXVEBUMES-UHFFFAOYSA-N"
8396093,"N-(6-Chloro-3-pyridinyl)-3-fluorobenzamide",250.030914,"C12H8ClFN2O","C1=CC(=CC(=C1)F)C(=O)NC2=CN=C(C=C2)Cl","InChI=1S/C12H8ClFN2O/c13-11-5-4-10(7-15-11)16-12(17)8-2-1-3-9(14)6-8/h1-7H,(H,16,17)","VHMVXIMHOOHPJS-UHFFFAOYSA-N"
8552855,"1,3,4,9-Tetrahydronaphtho[2,3-c]thiophene-5,8-dione 2,2-dioxide",250.029984,"C12H10O4S","O=C/1/C=C\C(=O)\C2=C\1CC\3=C(/C2)CS(=O)(=O)C/3","InChI=1S/C12H10O4S/c13-11-1-2-12(14)10-4-8-6-17(15,16)5-7(8)3-9(10)11/h1-2H,3-6H2","FWQTXYQPHROITA-UHFFFAOYSA-N"
8620207,"5,8-Dimethoxy-2-sulfanyl-1,4-naphthoquinone",250.029984,"C12H10O4S","O=C\2c1c(OC)ccc(OC)c1C(=O)C(/S)=C/2","InChI=1S/C12H10O4S/c1-15-7-3-4-8(16-2)11-10(7)6(13)5-9(17)12(11)14/h3-5,17H,1-2H3","WSGGMVDQWMJLAC-UHFFFAOYSA-N"
8904665,"Dimethyl 1-benzothiophene-6,7-dicarboxylate",250.029984,"C12H10O4S","O=C(OC)c2ccc1c(scc1)c2C(=O)OC","InChI=1S/C12H10O4S/c1-15-11(13)8-4-3-7-5-6-17-10(7)9(8)12(14)16-2/h3-6H,1-2H3","KQGLLOIOKVDPBH-UHFFFAOYSA-N"
9023572,"Ethyl 2,4-dioxo-3-thiochromanecarboxylate",250.029984,"C12H10O4S","O=C1c2c(SC(=O)C1C(=O)OCC)cccc2","InChI=1S/C12H10O4S/c1-2-16-11(14)9-10(13)7-5-3-4-6-8(7)17-12(9)15/h3-6,9H,2H2,1H3","LNFZQIDBLJZESU-UHFFFAOYSA-N"
9076303,"3-Hydroxyphenyl benzenesulfonate",250.029984,"C12H10O4S","O=S(=O)(Oc1cccc(O)c1)c2ccccc2","InChI=1S/C12H10O4S/c13-10-5-4-6-11(9-10)16-17(14,15)12-7-2-1-3-8-12/h1-9,13H","ABHCMLPBMKURJO-UHFFFAOYSA-N"
9256649,"4-Phenoxybenzenesulfonic acid",250.029984,"C12H10O4S","O=S(=O)(O)c2ccc(Oc1ccccc1)cc2","InChI=1S/C12H10O4S/c13-17(14,15)12-8-6-11(7-9-12)16-10-4-2-1-3-5-10/h1-9H,(H,13,14,15)","MYPXYQMABPTFFN-UHFFFAOYSA-N"
9272134,"2'-Hydroxy-2-biphenylsulfonic acid",250.029984,"C12H10O4S","Oc2ccccc2c1ccccc1S(O)(=O)=O","InChI=1S/C12H10O4S/c13-11-7-3-1-5-9(11)10-6-2-4-8-12(10)17(14,15)16/h1-8,13H,(H,14,15,16)","FTZXLHWTCIEUNZ-UHFFFAOYSA-N"
9293639,"6-Chloro-N-(4-fluorophenyl)-2-pyridinecarboxamide",250.030914,"C12H8ClFN2O","C1=CC(=NC(=C1)Cl)C(=O)NC2=CC=C(C=C2)F","InChI=1S/C12H8ClFN2O/c13-11-3-1-2-10(16-11)12(17)15-9-6-4-8(14)5-7-9/h1-7H,(H,15,17)","KASGMHMVKYJQKR-UHFFFAOYSA-N"
9336123,"5-Methoxy-3H-spiro[2-benzofuran-1,3'-thiophene]-3,5'(4'H)-dione",250.029984,"C12H10O4S","O=C3SCC2(OC(=O)c1c2ccc(OC)c1)C3","InChI=1S/C12H10O4S/c1-15-7-2-3-9-8(4-7)11(14)16-12(9)5-10(13)17-6-12/h2-4H,5-6H2,1H3","DAHYSRVAGSRNEC-UHFFFAOYSA-N"
9371110,"Trimethyl(4H-thieno[3',2':4,5]cyclopenta[1,2-b]thiophen-2-yl)silane",250.030609,"C12H14S2Si","s1ccc3c1c2sc(cc2C3)[Si](C)(C)C","InChI=1S/C12H14S2Si/c1-15(2,3)10-7-9-6-8-4-5-13-11(8)12(9)14-10/h4-5,7H,6H2,1-3H3","NEKFLRVXWKGPKU-UHFFFAOYSA-N"
9382511,"Isopropyl(dimethyl)silyl trifluoromethanesulfonate",250.03067,"C6H13F3O3SSi","O=S(=O)(O[Si](C(C)C)(C)C)C(F)(F)F","InChI=1S/C6H13F3O3SSi/c1-5(2)14(3,4)12-13(10,11)6(7,8)9/h5H,1-4H3","AAPWHIDFASZDIV-UHFFFAOYSA-N"
9393958,"1-(2-Furyl)-2-(phenylsulfonyl)ethanone",250.029984,"C12H10O4S","O=C(c1occc1)CS(=O)(=O)c2ccccc2","InChI=1S/C12H10O4S/c13-11(12-7-4-8-16-12)9-17(14,15)10-5-2-1-3-6-10/h1-8H,9H2","CIXBMSHSSORJIT-UHFFFAOYSA-N"
9417180,"4-(3,5-Dioxo-4,5-dihydro-1,2,4-triazin-2(3H)-yl)-2,5-difluorobenzonitrile",250.030228,"C10H4F2N4O2","Fc1cc(c(F)cc1C#N)N2/N=C\C(=O)NC2=O","InChI=1S/C10H4F2N4O2/c11-6-2-8(7(12)1-5(6)3-13)16-10(18)15-9(17)4-14-16/h1-2,4H,(H,15,17,18)","OLMYNIRXAFGGPD-UHFFFAOYSA-N"
9440176,"1-[(4S)-4-Isopropyl-2-selenoxo(2-~13~C)-1,3-oxazolidin-3-yl]-1-propanone",250.030151,"C8[13C]H15NO2Se","CCC(=O)N1C(COC1=[Se])C(C)C","InChI=1S/C9H15NO2Se/c1-4-8(11)10-7(6(2)3)5-12-9(10)13/h6-7H,4-5H2,1-3H3","XDYDJWCPUDQSGO-UHFFFAOYSA-N"
9440181,"S-Butyl 3-methyl-4-penteneselenothioate",250.029449,"C10H18SSe","[Se]=C(SCCCC)CC(\C=C)C","InChI=1S/C10H18SSe/c1-4-6-7-11-10(12)8-9(3)5-2/h5,9H,2,4,6-8H2,1,3H3","LQNHHLPWMQVEJD-UHFFFAOYSA-N"
9463160,"Trimethyl(4H-thieno[3',2':4,5]cyclopenta[1,2-b]thiophen-3-yl)silane",250.030609,"C12H14S2Si","s1ccc3c1c2scc(c2C3)[Si](C)(C)C","InChI=1S/C12H14S2Si/c1-15(2,3)10-7-14-12-9(10)6-8-4-5-13-11(8)12/h4-5,7H,6H2,1-3H3","OMTUIMPAUITEMX-UHFFFAOYSA-N"
9497610,"5-[(4-Methylphenyl)sulfonyl]-2-furaldehyde",250.029984,"C12H10O4S","O=Cc1oc(cc1)S(=O)(=O)c2ccc(cc2)C","InChI=1S/C12H10O4S/c1-9-2-5-11(6-3-9)17(14,15)12-7-4-10(8-13)16-12/h2-8H,1H3","VEWYPBZGDWHYKS-UHFFFAOYSA-N"
9554609,"Ethyl 3-methyl-4,7-dioxo-4,7-dihydro-1-benzothiophene-2-carboxylate",250.029984,"C12H10O4S","O=C\2c1sc(c(c1C(=O)/C=C/2)C)C(=O)OCC","InChI=1S/C12H10O4S/c1-3-16-12(15)10-6(2)9-7(13)4-5-8(14)11(9)17-10/h4-5H,3H2,1-2H3","GCFASPBFGHJPRD-UHFFFAOYSA-N"
9588911,"5-[4-(Methylsulfonyl)phenyl]-2-furaldehyde",250.029984,"C12H10O4S","O=Cc2oc(c1ccc(cc1)S(=O)(=O)C)cc2","InChI=1S/C12H10O4S/c1-17(14,15)11-5-2-9(3-6-11)12-7-4-10(8-13)16-12/h2-8H,1H3","KCZSJEIWKZHLSN-UHFFFAOYSA-N"
9622926,"3-[(Phenylsulfonyl)methyl]-2-furaldehyde",250.029984,"C12H10O4S","O=S(=O)(c1ccccc1)Cc2c(occ2)C=O","InChI=1S/C12H10O4S/c13-8-12-10(6-7-16-12)9-17(14,15)11-4-2-1-3-5-11/h1-8H,9H2","KYGBVCDHNMCLGH-UHFFFAOYSA-N"
9634196,"4-[4-(Methylsulfonyl)phenyl]-2-furaldehyde",250.029984,"C12H10O4S","O=S(=O)(c2ccc(c1cc(oc1)C=O)cc2)C","InChI=1S/C12H10O4S/c1-17(14,15)12-4-2-9(3-5-12)10-6-11(7-13)16-8-10/h2-8H,1H3","JFWDBWIWNPDCKD-UHFFFAOYSA-N"
9689118,"4-Acetyl-5-(allyloxy)-1,3-benzoxathiol-2-one",250.029984,"C12H10O4S","O=C(c1c(OC\C=C)ccc2OC(=O)Sc12)C","InChI=1S/C12H10O4S/c1-3-6-15-8-4-5-9-11(10(8)7(2)13)17-12(14)16-9/h3-5H,1,6H2,2H3","QBNXRGLRDZXZSN-UHFFFAOYSA-N"
9951556,"(2E)-3-(7-Methoxy-6-sulfanyl-1-benzofuran-5-yl)acrylic acid",250.029984,"C12H10O4S","O=C(O)\C=C\c2cc1c(occ1)c(OC)c2S","InChI=1S/C12H10O4S/c1-15-11-10-7(4-5-16-10)6-8(12(11)17)2-3-9(13)14/h2-6,17H,1H3,(H,13,14)/b3-2+","RZMFQHNCZBSBCN-NSCUHMNNSA-N"
9992229,"Trimethyl(4H-thieno[3',2':4,5]cyclopenta[1,2-b]thiophen-4-yl)silane",250.030609,"C12H14S2Si","C[Si](C)(C)C1c2ccsc2-c3c1ccs3","InChI=1S/C12H14S2Si/c1-15(2,3)12-8-4-6-13-10(8)11-9(12)5-7-14-11/h4-7,12H,1-3H3","PLMZHDBSJKZYCW-UHFFFAOYSA-N"
10654719,"Di-1,3-cyclopentadien-1-yl(dimethyl)zirconium",250.029907,"C12H16Zr","C[Zr](C)(C\1=C\C=C/C/1)C=2C\C=C/C=2","InChI=1S/2C5H5.2CH3.Zr/c2*1-2-4-5-3-1;;;/h2*1-3H,4H2;2*1H3;","AECFZFFFXYXLOO-UHFFFAOYSA-N"
10738548,"Diphenyl sulfate",250.029984,"C12H10O4S","O=S(=O)(Oc1ccccc1)Oc2ccccc2","InChI=1S/C12H10O4S/c13-17(14,15-11-7-3-1-4-8-11)16-12-9-5-2-6-10-12/h1-10H","ZUGPRXZCSHTXTE-UHFFFAOYSA-N"
10763936,"3,3'-Sulfonyldiphenol",250.029984,"C12H10O4S","O=S(=O)(c1cccc(O)c1)c2cccc(O)c2","InChI=1S/C12H10O4S/c13-9-3-1-5-11(7-9)17(15,16)12-6-2-4-10(14)8-12/h1-8,13-14H","OQYYLPLRBBDFLA-UHFFFAOYSA-N"
10881048,"2-(1,1-Dioxidotetrahydro-3-thiophenyl)-1,1-dimethylhydrazine dihydrochloride",250.03096,"C6H16Cl2N2O2S","CN(C)NC1CCS(=O)(=O)C1.Cl.Cl","InChI=1S/C6H14N2O2S.2ClH/c1-8(2)7-6-3-4-11(9,10)5-6;;/h6-7H,3-5H2,1-2H3;2*1H","VINPSWFHURJARX-UHFFFAOYSA-N"
10991958,"N-(3-Chloro-2-fluorophenyl)isonicotinamide",250.030914,"C12H8ClFN2O","c1cc(c(c(c1)Cl)F)NC(=O)c2ccncc2","InChI=1S/C12H8ClFN2O/c13-9-2-1-3-10(11(9)14)16-12(17)8-4-6-15-7-5-8/h1-7H,(H,16,17)","YKCWMXRHEHVUAK-UHFFFAOYSA-N"
11022793,"N-(1,1-Dioxidotetrahydro-3-thiophenyl)-1,2-ethanediamine dihydrochloride",250.03096,"C6H16Cl2N2O2S","C1CS(=O)(=O)CC1NCCN.Cl.Cl","InChI=1S/C6H14N2O2S.2ClH/c7-2-3-8-6-1-4-11(9,10)5-6;;/h6,8H,1-5,7H2;2*1H","TWESOKZFQLWQGC-UHFFFAOYSA-N"
11053639,"5-Chloro-2-fluoro-N-(4-pyridinyl)benzamide",250.030914,"C12H8ClFN2O","c1cc(c(cc1Cl)C(=O)Nc2ccncc2)F","InChI=1S/C12H8ClFN2O/c13-8-1-2-11(14)10(7-8)12(17)16-9-3-5-15-6-4-9/h1-7H,(H,15,16,17)","WVFLDXREJLHDAR-UHFFFAOYSA-N"
11553134,"4-Chlor-6-ethoxy-7-fluorchinolin-3-carbonitril",250.030914,"C12H8ClFN2O","CCOc1cc2c(cc1F)ncc(c2Cl)C#N","InChI=1S/C12H8ClFN2O/c1-2-17-11-3-8-10(4-9(11)14)16-6-7(5-15)12(8)13/h3-4,6H,2H2,1H3","HOQINUIIFHZUMM-UHFFFAOYSA-N"
12236519,"[(6-Methyl-2-oxo-2H-chromen-4-yl)sulfanyl]acetic acid",250.029984,"C12H10O4S","Cc1ccc2c(c1)c(cc(=O)o2)SCC(=O)O","InChI=1S/C12H10O4S/c1-7-2-3-9-8(4-7)10(5-12(15)16-9)17-6-11(13)14/h2-5H,6H2,1H3,(H,13,14)","QYYGXSREBLLRDT-UHFFFAOYSA-N"
12284997,"5-(4-Methoxyphenoxy)-2-thiophenecarboxylic acid",250.029984,"C12H10O4S","COc1ccc(cc1)Oc2ccc(s2)C(=O)O","InChI=1S/C12H10O4S/c1-15-8-2-4-9(5-3-8)16-11-7-6-10(17-11)12(13)14/h2-7H,1H3,(H,13,14)","YTNHEJDTTZKOQG-UHFFFAOYSA-N"
12557805,"N-(3-Chloro-2-pyridinyl)-4-fluorobenzamide",250.030914,"C12H8ClFN2O","c1cc(c(nc1)NC(=O)c2ccc(cc2)F)Cl","InChI=1S/C12H8ClFN2O/c13-10-2-1-7-15-11(10)16-12(17)8-3-5-9(14)6-4-8/h1-7H,(H,15,16,17)","BXBGRORQBNEWMB-UHFFFAOYSA-N"
13640797,"2-Furyl[4-(methylsulfonyl)phenyl]methanone",250.029984,"C12H10O4S","CS(=O)(=O)c1ccc(cc1)C(=O)c2ccco2","InChI=1S/C12H10O4S/c1-17(14,15)10-6-4-9(5-7-10)12(13)11-3-2-8-16-11/h2-8H,1H3","CWRZECMEZICAFW-UHFFFAOYSA-N"
14242453,"4-Hydroxy-2-biphenylsulfonic acid",250.029984,"C12H10O4S","c1ccc(cc1)c2ccc(cc2S(=O)(=O)O)O","InChI=1S/C12H10O4S/c13-10-6-7-11(9-4-2-1-3-5-9)12(8-10)17(14,15)16/h1-8,13H,(H,14,15,16)","FHJBOSXFPBVMQC-UHFFFAOYSA-N"
18315315,"2-[(Carboxymethyl)(methyl)sulfonio]-1,3-dioxo-2,3-dihydro-1H-inden-2-ide",250.029984,"C12H10O4S","C[S+](CC(=O)O)[C-]1C(=O)c2ccccc2C1=O","InChI=1S/C12H10O4S/c1-17(6-9(13)14)12-10(15)7-4-2-3-5-8(7)11(12)16/h2-5H,6H2,1H3,(H,13,14)","OPRITDNDQYSSRY-UHFFFAOYSA-N"
20213955,"4-Amino-6,6-bis(trifluoromethyl)-5,6-dihydro-1,3,5-triazin-2(1H)-one",250.028931,"C5H4F6N4O","C1(=NC(NC(=O)N1)(C(F)(F)F)C(F)(F)F)N","InChI=1S/C5H4F6N4O/c6-4(7,8)3(5(9,10)11)14-1(12)13-2(16)15-3/h(H4,12,13,14,15,16)","SDGLTAOLXBHFBA-UHFFFAOYSA-N"
20461902,"N-(2-Chloro-4-fluorophenyl)-2-pyridinecarboxamide",250.030914,"C12H8ClFN2O","c1ccnc(c1)C(=O)Nc2ccc(cc2Cl)F","InChI=1S/C12H8ClFN2O/c13-9-7-8(14)4-5-10(9)16-12(17)11-3-1-2-6-15-11/h1-7H,(H,16,17)","FLYQIJSPWVSKHQ-UHFFFAOYSA-N"
21170228,"1,2,3,4,5-Cyclopentanepentayl - dimethylzirconium (2:1)",250.029907,"C12H16Zr","C[Zr]C.[CH]1[CH][CH][CH][CH]1.[CH]1[CH][CH][CH][CH]1","InChI=1S/2C5H5.2CH3.Zr/c2*1-2-4-5-3-1;;;/h2*1-5H;2*1H3;","BRHODLBZJKAKRN-UHFFFAOYSA-N"
21398041,"Ethyl 5-(2-thienylcarbonyl)-2-furoate",250.029984,"C12H10O4S","CCOC(=O)c1ccc(o1)C(=O)c2cccs2","InChI=1S/C12H10O4S/c1-2-15-12(14)9-6-5-8(16-9)11(13)10-4-3-7-17-10/h3-7H,2H2,1H3","HCHCMBBYLXNJGL-UHFFFAOYSA-N"
21398042,"Ethyl 5-(2-furoyl)-2-thiophenecarboxylate",250.029984,"C12H10O4S","CCOC(=O)c1ccc(s1)C(=O)c2ccco2","InChI=1S/C12H10O4S/c1-2-15-12(14)10-6-5-9(17-10)11(13)8-4-3-7-16-8/h3-7H,2H2,1H3","AQAGPCGZKDJRTJ-UHFFFAOYSA-N"
21748733,"2-Chloro-6-fluoro-N-(4-pyridinyl)benzamide",250.030914,"C12H8ClFN2O","c1cc(c(c(c1)Cl)C(=O)Nc2ccncc2)F","InChI=1S/C12H8ClFN2O/c13-9-2-1-3-10(14)11(9)12(17)16-8-4-6-15-7-5-8/h1-7H,(H,15,16,17)","JGWGGLCMZZXEKA-UHFFFAOYSA-N"
21968588,"4-Chloro-2-fluoro-N-(3-pyridinyl)benzamide",250.030914,"C12H8ClFN2O","c1cc(cnc1)NC(=O)c2ccc(cc2F)Cl","InChI=1S/C12H8ClFN2O/c13-8-3-4-10(11(14)6-8)12(17)16-9-2-1-5-15-7-9/h1-7H,(H,16,17)","PDJOXUGDFGYVJS-UHFFFAOYSA-N"
22756638,"2-(3-Chloro-4-fluorophenyl)nicotinamide",250.030914,"C12H8ClFN2O","c1cc(c(nc1)c2ccc(c(c2)Cl)F)C(=O)N","InChI=1S/C12H8ClFN2O/c13-9-6-7(3-4-10(9)14)11-8(12(15)17)2-1-5-16-11/h1-6H,(H2,15,17)","FAJQOGVMXHDACR-UHFFFAOYSA-N"
22762557,"5-(3-Chloro-2-fluorophenyl)nicotinamide",250.030914,"C12H8ClFN2O","c1cc(c(c(c1)Cl)F)c2cc(cnc2)C(=O)N","InChI=1S/C12H8ClFN2O/c13-10-3-1-2-9(11(10)14)7-4-8(12(15)17)6-16-5-7/h1-6H,(H2,15,17)","ZXTMBGRFUJIYRN-UHFFFAOYSA-N"
22996761,"(1S,2R,4R,6R)-3-(2-Thienylcarbonyl)-7,9-dioxatricyclo[4.2.1.0~2,4~]nonan-5-one",250.029984,"C12H10O4S","c1cc(sc1)C(=O)[C@@H]2[C@H]3C2C(=O)[C@@H]4OC[C@H]3O4","InChI=1S/C12H10O4S/c13-10(6-2-1-3-17-6)8-7-5-4-15-12(16-5)11(14)9(7)8/h1-3,5,7-9,12H,4H2/t5-,7+,8-,9?,12-/m1/s1","ACMDDNLMMKJLPC-XBXNNINGSA-N"
23077449,"2-(Ethoxycarbonyl)-1-benzothiophene-6-carboxylic acid",250.029984,"C12H10O4S","CCOC(=O)c1cc2ccc(cc2s1)C(=O)O","InChI=1S/C12H10O4S/c1-2-16-12(15)10-5-7-3-4-8(11(13)14)6-9(7)17-10/h3-6H,2H2,1H3,(H,13,14)","UZGXHYTXEBBFMF-UHFFFAOYSA-N"
24256863,"2-Chloro-N-(3-fluorophenyl)isonicotinamide",250.030914,"C12H8ClFN2O","c1cc(cc(c1)F)NC(=O)c2ccnc(c2)Cl","InChI=1S/C12H8ClFN2O/c13-11-6-8(4-5-15-11)12(17)16-10-3-1-2-9(14)7-10/h1-7H,(H,16,17)","YHUIUUQXHGOUPZ-UHFFFAOYSA-N"
24256870,"2-Chloro-N-(4-fluorophenyl)isonicotinamide",250.030914,"C12H8ClFN2O","c1cc(ccc1NC(=O)c2ccnc(c2)Cl)F","InChI=1S/C12H8ClFN2O/c13-11-7-8(5-6-15-11)12(17)16-10-3-1-9(14)2-4-10/h1-7H,(H,16,17)","ZSSPNNBJPVINPB-UHFFFAOYSA-N"
24256873,"2-Chloro-N-(2-fluorophenyl)isonicotinamide",250.030914,"C12H8ClFN2O","c1ccc(c(c1)NC(=O)c2ccnc(c2)Cl)F","InChI=1S/C12H8ClFN2O/c13-11-7-8(5-6-15-11)12(17)16-10-4-2-1-3-9(10)14/h1-7H,(H,16,17)","NCAUHORBVOKNFZ-UHFFFAOYSA-N"
24345072,"2-(1,1-Dioxido-4-thiomorpholinyl)ethanamine dihydrochloride",250.03096,"C6H16Cl2N2O2S","C1CS(=O)(=O)CCN1CCN.Cl.Cl","InChI=1S/C6H14N2O2S.2ClH/c7-1-2-8-3-5-11(9,10)6-4-8;;/h1-7H2;2*1H","VEEGGSIXQDYQMN-UHFFFAOYSA-N"
24761569,"N-(2-Chloro-4-pyridinyl)-4-fluorobenzamide",250.030914,"C12H8ClFN2O","c1cc(ccc1C(=O)Nc2ccnc(c2)Cl)F","InChI=1S/C12H8ClFN2O/c13-11-7-10(5-6-15-11)16-12(17)8-1-3-9(14)4-2-8/h1-7H,(H,15,16,17)","UJBCSTZNCDIJQN-UHFFFAOYSA-N"
26241966,"N-(6-Chloro-3-pyridinyl)-2-fluorobenzamide",250.030914,"C12H8ClFN2O","c1ccc(c(c1)C(=O)Nc2ccc(nc2)Cl)F","InChI=1S/C12H8ClFN2O/c13-11-6-5-8(7-15-11)16-12(17)9-3-1-2-4-10(9)14/h1-7H,(H,16,17)","WIAYVUGNHVKLTI-UHFFFAOYSA-N"
26352662,"3-Furyl[4-(methylsulfonyl)phenyl]methanone",250.029984,"C12H10O4S","CS(=O)(=O)c1ccc(cc1)C(=O)c2ccoc2","InChI=1S/C12H10O4S/c1-17(14,15)11-4-2-9(3-5-11)12(13)10-6-7-16-8-10/h2-8H,1H3","ULFFSZMVURLRPK-UHFFFAOYSA-N"
26478156,"(1-Benzothiophen-2-ylmethyl)malonic acid",250.029984,"C12H10O4S","c1ccc2c(c1)cc(s2)CC(C(=O)O)C(=O)O","InChI=1S/C12H10O4S/c13-11(14)9(12(15)16)6-8-5-7-3-1-2-4-10(7)17-8/h1-5,9H,6H2,(H,13,14)(H,15,16)","ZDSLDRJVBRTSNH-UHFFFAOYSA-N"
26529172,"5-(2-Chloro-5-fluorophenyl)nicotinamide",250.030914,"C12H8ClFN2O","c1cc(c(cc1F)c2cc(cnc2)C(=O)N)Cl","InChI=1S/C12H8ClFN2O/c13-11-2-1-9(14)4-10(11)7-3-8(12(15)17)6-16-5-7/h1-6H,(H2,15,17)","HEFAPOFDKLCWND-UHFFFAOYSA-N"
26529209,"5-(3-Chloro-5-fluorophenyl)nicotinamide",250.030914,"C12H8ClFN2O","c1c(cc(cc1F)Cl)c2cc(cnc2)C(=O)N","InChI=1S/C12H8ClFN2O/c13-10-2-7(3-11(14)4-10)8-1-9(12(15)17)6-16-5-8/h1-6H,(H2,15,17)","LQKWOJMCVNEYDB-UHFFFAOYSA-N"
26529221,"5-(4-Chloro-2-fluorophenyl)nicotinamide",250.030914,"C12H8ClFN2O","c1cc(c(cc1Cl)F)c2cc(cnc2)C(=O)N","InChI=1S/C12H8ClFN2O/c13-9-1-2-10(11(14)4-9)7-3-8(12(15)17)6-16-5-7/h1-6H,(H2,15,17)","OHZLEVYIGIFMDW-UHFFFAOYSA-N"
26529225,"5-(4-Chloro-3-fluorophenyl)nicotinamide",250.030914,"C12H8ClFN2O","c1cc(c(cc1c2cc(cnc2)C(=O)N)F)Cl","InChI=1S/C12H8ClFN2O/c13-10-2-1-7(4-11(10)14)8-3-9(12(15)17)6-16-5-8/h1-6H,(H2,15,17)","PEBXCRROIFIMFK-UHFFFAOYSA-N"
26529238,"5-(5-Chloro-2-fluorophenyl)nicotinamide",250.030914,"C12H8ClFN2O","c1cc(c(cc1Cl)c2cc(cnc2)C(=O)N)F","InChI=1S/C12H8ClFN2O/c13-9-1-2-11(14)10(4-9)7-3-8(12(15)17)6-16-5-7/h1-6H,(H2,15,17)","OYGWELQVRYJPJF-UHFFFAOYSA-N"
28580394,"1-(Trimethylsilyl)ethyl trifluoromethanesulfonate",250.03067,"C6H13F3O3SSi","CC(OS(=O)(=O)C(F)(F)F)[Si](C)(C)C","InChI=1S/C6H13F3O3SSi/c1-5(14(2,3)4)12-13(10,11)6(7,8)9/h5H,1-4H3","KODGJZMAASNPHP-UHFFFAOYSA-N"
28906714,"N-(4-Chloro-2-pyridinyl)-4-fluorobenzamide",250.030914,"C12H8ClFN2O","c1cc(ccc1C(=O)Nc2cc(ccn2)Cl)F","InChI=1S/C12H8ClFN2O/c13-9-5-6-15-11(7-9)16-12(17)8-1-3-10(14)4-2-8/h1-7H,(H,15,16,17)","LYOBVWAHKNPSTJ-UHFFFAOYSA-N"
29304228,"Potassium trifluoro(3-phenyl-1H-pyrazol-5-yl)borate(1-)",250.029144,"C9H7BF3KN2","[B-](c1cc(n[nH]1)c2ccccc2)(F)(F)F.[K+]","InChI=1S/C9H7BF3N2.K/c11-10(12,13)9-6-8(14-15-9)7-4-2-1-3-5-7;/h1-6H,(H,14,15);/q-1;+1","JFNRZGHHNDAFTQ-UHFFFAOYSA-N"
29467363,"2-(3-Chloro-2-fluorophenyl)nicotinamide",250.030914,"C12H8ClFN2O","c1cc(c(c(c1)Cl)F)c2c(cccn2)C(=O)N","InChI=1S/C12H8ClFN2O/c13-9-5-1-3-7(10(9)14)11-8(12(15)17)4-2-6-16-11/h1-6H,(H2,15,17)","JXYNUDXBJXGDKQ-UHFFFAOYSA-N"
29589653,"2-(2-Chloro-4-fluorophenyl)isonicotinamide",250.030914,"C12H8ClFN2O","c1cc(c(cc1F)Cl)c2cc(ccn2)C(=O)N","InChI=1S/C12H8ClFN2O/c13-10-6-8(14)1-2-9(10)11-5-7(12(15)17)3-4-16-11/h1-6H,(H2,15,17)","ZLLRJFMWSPVTAD-UHFFFAOYSA-N"
29598980,"5-(2-Chloro-4-fluorophenyl)nicotinamide",250.030914,"C12H8ClFN2O","c1cc(c(cc1F)Cl)c2cc(cnc2)C(=O)N","InChI=1S/C12H8ClFN2O/c13-11-4-9(14)1-2-10(11)7-3-8(12(15)17)6-16-5-7/h1-6H,(H2,15,17)","CYMZGWQZQYXRJC-UHFFFAOYSA-N"
30726008,"N-(4-Chloro-3-fluorophenyl)-2-pyridinecarboxamide",250.030914,"C12H8ClFN2O","c1ccnc(c1)C(=O)Nc2ccc(c(c2)F)Cl","InChI=1S/C12H8ClFN2O/c13-9-5-4-8(7-10(9)14)16-12(17)11-3-1-2-6-15-11/h1-7H,(H,16,17)","YXZFXJVSGFQDQW-UHFFFAOYSA-N"
30821236,"5-Hydroxy-2-[(2-hydroxyethyl)sulfanyl]-1,4-naphthoquinone",250.029984,"C12H10O4S","c1cc2c(c(c1)O)C(=O)C=C(C2=O)SCCO","InChI=1S/C12H10O4S/c13-4-5-17-10-6-9(15)11-7(12(10)16)2-1-3-8(11)14/h1-3,6,13-14H,4-5H2","HEROAEFXCLXLPQ-UHFFFAOYSA-N"
30891709,"6-Chloro-N-(2-fluorophenyl)-2-pyridinecarboxamide",250.030914,"C12H8ClFN2O","c1ccc(c(c1)NC(=O)c2cccc(n2)Cl)F","InChI=1S/C12H8ClFN2O/c13-11-7-3-6-10(15-11)12(17)16-9-5-2-1-4-8(9)14/h1-7H,(H,16,17)","UPTLSIWOIALUHV-UHFFFAOYSA-N"
30891747,"6-Chloro-N-(3-fluorophenyl)-2-pyridinecarboxamide",250.030914,"C12H8ClFN2O","c1cc(cc(c1)F)NC(=O)c2cccc(n2)Cl","InChI=1S/C12H8ClFN2O/c13-11-6-2-5-10(16-11)12(17)15-9-4-1-3-8(14)7-9/h1-7H,(H,15,17)","LSVSMJDJGWCLQT-UHFFFAOYSA-N"
30999281,"4-(4-Hydroxy-3-methoxyphenyl)-2-thiophenecarboxylic acid",250.029984,"C12H10O4S","COc1cc(ccc1O)c2cc(sc2)C(=O)O","InChI=1S/C12H10O4S/c1-16-10-4-7(2-3-9(10)13)8-5-11(12(14)15)17-6-8/h2-6,13H,1H3,(H,14,15)","LDSIHVGYPPVVLK-UHFFFAOYSA-N"
30999282,"4-(3-Hydroxy-4-methoxyphenyl)-2-thiophenecarboxylic acid",250.029984,"C12H10O4S","COc1ccc(cc1O)c2cc(sc2)C(=O)O","InChI=1S/C12H10O4S/c1-16-10-3-2-7(4-9(10)13)8-5-11(12(14)15)17-6-8/h2-6,13H,1H3,(H,14,15)","YPLSCQSUUQOXKC-UHFFFAOYSA-N"
31212130,"N-(5-Chloro-2-fluorophenyl)-2-pyridinecarboxamide",250.030914,"C12H8ClFN2O","c1ccnc(c1)C(=O)Nc2cc(ccc2F)Cl","InChI=1S/C12H8ClFN2O/c13-8-4-5-9(14)11(7-8)16-12(17)10-3-1-2-6-15-10/h1-7H,(H,16,17)","XPWYFYWUGUXPGS-UHFFFAOYSA-N"
32642852,"5-Chloro-2-fluoro-N-(2-pyridinyl)benzamide",250.030914,"C12H8ClFN2O","c1ccnc(c1)NC(=O)c2cc(ccc2F)Cl","InChI=1S/C12H8ClFN2O/c13-8-4-5-10(14)9(7-8)12(17)16-11-3-1-2-6-15-11/h1-7H,(H,15,16,17)","KLYTXXGLPZOZFU-UHFFFAOYSA-N"
33268043,"2-{[(4-Hydroxyphenyl)sulfanyl]methyl}-3-furoic acid",250.029984,"C12H10O4S","c1cc(ccc1O)SCc2c(cco2)C(=O)O","InChI=1S/C12H10O4S/c13-8-1-3-9(4-2-8)17-7-11-10(12(14)15)5-6-16-11/h1-6,13H,7H2,(H,14,15)","AWFZDDFVCPULIC-UHFFFAOYSA-N"
33323557,"5-Hydroxy-2-{[(4-hydroxyphenyl)sulfanyl]methyl}-4H-pyran-4-one",250.029984,"C12H10O4S","c1cc(ccc1O)SCc2cc(=O)c(co2)O","InChI=1S/C12H10O4S/c13-8-1-3-10(4-2-8)17-7-9-5-11(14)12(15)6-16-9/h1-6,13,15H,7H2","PVBPOTQVJZUHKX-UHFFFAOYSA-N"
33323598,"5-{[(4-Hydroxyphenyl)sulfanyl]methyl}-2-furoic acid",250.029984,"C12H10O4S","c1cc(ccc1O)SCc2ccc(o2)C(=O)O","InChI=1S/C12H10O4S/c13-8-1-4-10(5-2-8)17-7-9-3-6-11(16-9)12(14)15/h1-6,13H,7H2,(H,14,15)","NHSPQWYAUKFAFR-UHFFFAOYSA-N"
33324186,"3-{[(4-Hydroxyphenyl)sulfanyl]methyl}-2-furoic acid",250.029984,"C12H10O4S","c1cc(ccc1O)SCc2ccoc2C(=O)O","InChI=1S/C12H10O4S/c13-9-1-3-10(4-2-9)17-7-8-5-6-16-11(8)12(14)15/h1-6,13H,7H2,(H,14,15)","KJYLWFVRPXFCHD-UHFFFAOYSA-N"
33941224,"2-(2-Chloro-6-fluorophenyl)-1-(2-pyrazinyl)ethanone",250.030914,"C12H8ClFN2O","c1cc(c(c(c1)Cl)CC(=O)c2cnccn2)F","InChI=1S/C12H8ClFN2O/c13-9-2-1-3-10(14)8(9)6-12(17)11-7-15-4-5-16-11/h1-5,7H,6H2","OLJTVRRWJKZQJY-UHFFFAOYSA-N"
33941270,"2-(2-Chloro-6-fluorophenyl)-1-(2-pyrimidinyl)ethanone",250.030914,"C12H8ClFN2O","c1cc(c(c(c1)Cl)CC(=O)c2ncccn2)F","InChI=1S/C12H8ClFN2O/c13-9-3-1-4-10(14)8(9)7-11(17)12-15-5-2-6-16-12/h1-6H,7H2","KHROXKQKDSSTSE-UHFFFAOYSA-N"
34029396,"2-(2-Chloro-4-fluorophenyl)-1-(2-pyrazinyl)ethanone",250.030914,"C12H8ClFN2O","c1cc(c(cc1F)Cl)CC(=O)c2cnccn2","InChI=1S/C12H8ClFN2O/c13-10-6-9(14)2-1-8(10)5-12(17)11-7-15-3-4-16-11/h1-4,6-7H,5H2","YQQIUBRHCSNIPB-UHFFFAOYSA-N"
34092140,"2-(2-Chloro-4-fluorobenzyl)-4-pyrimidinecarbaldehyde",250.030914,"C12H8ClFN2O","c1cc(c(cc1F)Cl)Cc2nccc(n2)C=O","InChI=1S/C12H8ClFN2O/c13-11-6-9(14)2-1-8(11)5-12-15-4-3-10(7-17)16-12/h1-4,6-7H,5H2","SJPDJEVXHGXIAU-UHFFFAOYSA-N"
34092319,"2-(2-Chloro-4-fluorophenyl)-1-(5-pyrimidinyl)ethanone",250.030914,"C12H8ClFN2O","c1cc(c(cc1F)Cl)CC(=O)c2cncnc2","InChI=1S/C12H8ClFN2O/c13-11-4-10(14)2-1-8(11)3-12(17)9-5-15-7-16-6-9/h1-2,4-7H,3H2","PWSFNYVBMOGTNT-UHFFFAOYSA-N"
34092959,"2-(2-Chloro-6-fluorobenzyl)-5-pyrimidinecarbaldehyde",250.030914,"C12H8ClFN2O","c1cc(c(c(c1)Cl)Cc2ncc(cn2)C=O)F","InChI=1S/C12H8ClFN2O/c13-10-2-1-3-11(14)9(10)4-12-15-5-8(7-17)6-16-12/h1-3,5-7H,4H2","XXJHOXXIXSHROS-UHFFFAOYSA-N"
34103294,"2-(2-Chloro-4-fluorophenyl)-6-methyl-4-pyrimidinecarbaldehyde",250.030914,"C12H8ClFN2O","Cc1cc(nc(n1)c2ccc(cc2Cl)F)C=O","InChI=1S/C12H8ClFN2O/c1-7-4-9(6-17)16-12(15-7)10-3-2-8(14)5-11(10)13/h2-6H,1H3","LMYCFUWXVQIRIV-UHFFFAOYSA-N"
34110320,"4-(3-Cyano-1H-1,2,4-triazol-1-yl)-3,5-difluorobenzoic acid",250.030228,"C10H4F2N4O2","c1c(cc(c(c1F)n2cnc(n2)C#N)F)C(=O)O","InChI=1S/C10H4F2N4O2/c11-6-1-5(10(17)18)2-7(12)9(6)16-4-14-8(3-13)15-16/h1-2,4H,(H,17,18)","ZXSBYQCCHGWBMW-UHFFFAOYSA-N"
34172083,"5-{[(4-Hydroxyphenyl)sulfanyl]methyl}-3-furoic acid",250.029984,"C12H10O4S","c1cc(ccc1O)SCc2cc(co2)C(=O)O","InChI=1S/C12H10O4S/c13-9-1-3-11(4-2-9)17-7-10-5-8(6-16-10)12(14)15/h1-6,13H,7H2,(H,14,15)","HTBQOOCHBKVKRN-UHFFFAOYSA-N"
35473273,"4-(2-Oxopropoxy)-1-benzothiophene-6-carboxylic acid",250.029984,"C12H10O4S","CC(=O)COc1cc(cc2c1ccs2)C(=O)O","InChI=1S/C12H10O4S/c1-7(13)6-16-10-4-8(12(14)15)5-11-9(10)2-3-17-11/h2-5H,6H2,1H3,(H,14,15)","QWGJMZQKXGZPQJ-UHFFFAOYSA-N"
35475281,"5-Chloro-4-hydrazino-N,N-dimethyl-3-pyridinesulfonamide",250.029129,"C7H11ClN4O2S","CN(C)S(=O)(=O)c1cncc(c1NN)Cl","InChI=1S/C7H11ClN4O2S/c1-12(2)15(13,14)6-4-10-3-5(8)7(6)11-9/h3-4H,9H2,1-2H3,(H,10,11)","LEQYKTORHYGCLO-UHFFFAOYSA-N"
35596540,"2-{2-[(3,4-Difluorophenyl)sulfanyl]ethoxy}ethanethiol",250.029755,"C10H12F2OS2","c1cc(c(cc1SCCOCCS)F)F","InChI=1S/C10H12F2OS2/c11-9-2-1-8(7-10(9)12)15-6-4-13-3-5-14/h1-2,7,14H,3-6H2","TXZARMNYUWPPLI-UHFFFAOYSA-N"
35596561,"2-{2-[(2,4-Difluorophenyl)sulfanyl]ethoxy}ethanethiol",250.029755,"C10H12F2OS2","c1cc(c(cc1F)F)SCCOCCS","InChI=1S/C10H12F2OS2/c11-8-1-2-10(9(12)7-8)15-6-4-13-3-5-14/h1-2,7,14H,3-6H2","KMLGOKHMWCILFE-UHFFFAOYSA-N"
35597246,"2-{2-[(2,5-Difluorophenyl)sulfanyl]ethoxy}ethanethiol",250.029755,"C10H12F2OS2","c1cc(c(cc1F)SCCOCCS)F","InChI=1S/C10H12F2OS2/c11-8-1-2-9(12)10(7-8)15-6-4-13-3-5-14/h1-2,7,14H,3-6H2","GAQNBYWDMRHDRQ-UHFFFAOYSA-N"
35663740,"3-[(4-Hydroxybenzyl)oxy]-2-thiophenecarboxylic acid",250.029984,"C12H10O4S","c1cc(ccc1COc2ccsc2C(=O)O)O","InChI=1S/C12H10O4S/c13-9-3-1-8(2-4-9)7-16-10-5-6-17-11(10)12(14)15/h1-6,13H,7H2,(H,14,15)","YXSJLKJJHJQCBG-UHFFFAOYSA-N"
35663748,"4-[(4-Hydroxybenzyl)oxy]-2-thiophenecarboxylic acid",250.029984,"C12H10O4S","c1cc(ccc1COc2cc(sc2)C(=O)O)O","InChI=1S/C12H10O4S/c13-9-3-1-8(2-4-9)6-16-10-5-11(12(14)15)17-7-10/h1-5,7,13H,6H2,(H,14,15)","OJBZCRZIZXYZED-UHFFFAOYSA-N"
35663761,"5-[(4-Hydroxybenzyl)sulfanyl]-2-furoic acid",250.029984,"C12H10O4S","c1cc(ccc1CSc2ccc(o2)C(=O)O)O","InChI=1S/C12H10O4S/c13-9-3-1-8(2-4-9)7-17-11-6-5-10(16-11)12(14)15/h1-6,13H,7H2,(H,14,15)","ALEOAQVFTOQZIX-UHFFFAOYSA-N"
35673068,"3-[(3-Hydroxybenzyl)oxy]-2-thiophenecarboxylic acid",250.029984,"C12H10O4S","c1cc(cc(c1)O)COc2ccsc2C(=O)O","InChI=1S/C12H10O4S/c13-9-3-1-2-8(6-9)7-16-10-4-5-17-11(10)12(14)15/h1-6,13H,7H2,(H,14,15)","HRIBOWAKDDVEBA-UHFFFAOYSA-N"
35673076,"4-[(3-Hydroxybenzyl)oxy]-2-thiophenecarboxylic acid",250.029984,"C12H10O4S","c1cc(cc(c1)O)COc2cc(sc2)C(=O)O","InChI=1S/C12H10O4S/c13-9-3-1-2-8(4-9)6-16-10-5-11(12(14)15)17-7-10/h1-5,7,13H,6H2,(H,14,15)","QWFFMOLPTNZNLN-UHFFFAOYSA-N"
35673089,"5-[(3-Hydroxybenzyl)sulfanyl]-2-furoic acid",250.029984,"C12H10O4S","c1cc(cc(c1)O)CSc2ccc(o2)C(=O)O","InChI=1S/C12H10O4S/c13-9-3-1-2-8(6-9)7-17-11-5-4-10(16-11)12(14)15/h1-6,13H,7H2,(H,14,15)","ZQXKPPFYUAMIOW-UHFFFAOYSA-N"
35779649,"2,2'-(1,3-Dioxo-1,3-propanediyl)dihydrazinecarbothioamide",250.03067,"C5H10N6O2S2","C(C(=O)NNC(=S)N)C(=O)NNC(=S)N","InChI=1S/C5H10N6O2S2/c6-4(14)10-8-2(12)1-3(13)9-11-5(7)15/h1H2,(H,8,12)(H,9,13)(H3,6,10,14)(H3,7,11,15)","WDCRKYFXTMUDNS-UHFFFAOYSA-N"
35796759,"4-[(3-Chloro-4-fluorophenyl)hydrazono]-2,5-cyclohexadien-1-one",250.030914,"C12H8ClFN2O","c1cc(c(cc1NN=C2C=CC(=O)C=C2)Cl)F","InChI=1S/C12H8ClFN2O/c13-11-7-9(3-6-12(11)14)16-15-8-1-4-10(17)5-2-8/h1-7,16H","GOKZTUYXWAMDTN-UHFFFAOYSA-N"
35805194,"Zirconium(4+) 1,3-cyclopentadienide methanide (1:2:2)",250.029907,"C12H16Zr","[CH3-].[CH3-].C1C=CC=[C-]1.C1C=CC=[C-]1.[Zr+4]","InChI=1S/2C5H5.2CH3.Zr/c2*1-2-4-5-3-1;;;/h2*1-3H,4H2;2*1H3;/q4*-1;+4","DODJODCRXRWTMX-UHFFFAOYSA-N"
36054531,"4-Chloro-6-(3-fluoro-5-methylphenyl)-5-pyrimidinecarbaldehyde",250.030914,"C12H8ClFN2O","Cc1cc(cc(c1)F)c2c(c(ncn2)Cl)C=O","InChI=1S/C12H8ClFN2O/c1-7-2-8(4-9(14)3-7)11-10(5-17)12(13)16-6-15-11/h2-6H,1H3","JZFNAINQLWWKMR-UHFFFAOYSA-N"
36075571,"2-(3-Chloro-4-pyridinyl)-1-(5-fluoro-2-pyridinyl)ethanone",250.030914,"C12H8ClFN2O","c1cc(ncc1F)C(=O)Cc2ccncc2Cl","InChI=1S/C12H8ClFN2O/c13-10-7-15-4-3-8(10)5-12(17)11-2-1-9(14)6-16-11/h1-4,6-7H,5H2","YRQSSFHREWLWQI-UHFFFAOYSA-N"
36352324,"4-Chloro-6-(4-fluorophenyl)-2-methyl-5-pyrimidinecarbaldehyde",250.030914,"C12H8ClFN2O","Cc1nc(c(c(n1)Cl)C=O)c2ccc(cc2)F","InChI=1S/C12H8ClFN2O/c1-7-15-11(10(6-17)12(13)16-7)8-2-4-9(14)5-3-8/h2-6H,1H3","SBXYILVYPVJEHG-UHFFFAOYSA-N"
36352336,"4-Chloro-6-(3-fluorophenyl)-2-methyl-5-pyrimidinecarbaldehyde",250.030914,"C12H8ClFN2O","Cc1nc(c(c(n1)Cl)C=O)c2cccc(c2)F","InChI=1S/C12H8ClFN2O/c1-7-15-11(10(6-17)12(13)16-7)8-3-2-4-9(14)5-8/h2-6H,1H3","DYHOIWQPIJCGTD-UHFFFAOYSA-N"
36352350,"4-Chloro-6-(2-fluorophenyl)-2-methyl-5-pyrimidinecarbaldehyde",250.030914,"C12H8ClFN2O","Cc1nc(c(c(n1)Cl)C=O)c2ccccc2F","InChI=1S/C12H8ClFN2O/c1-7-15-11(9(6-17)12(13)16-7)8-4-2-3-5-10(8)14/h2-6H,1H3","JGBCBOUPVMOGEN-UHFFFAOYSA-N"
36409535,"5-Chloro-N~4~-[2-(methylsulfonyl)ethyl]-2,4-pyrimidinediamine",250.029129,"C7H11ClN4O2S","CS(=O)(=O)CCNc1c(cnc(n1)N)Cl","InChI=1S/C7H11ClN4O2S/c1-15(13,14)3-2-10-6-5(8)4-11-7(9)12-6/h4H,2-3H2,1H3,(H3,9,10,11,12)","WPPVYKMCNCJJQE-UHFFFAOYSA-N"
36505386,"3-{[4-Chloro-6-(methylamino)-1,3,5-triazin-2-yl]sulfanyl}-1,2-propanediol",250.029129,"C7H11ClN4O2S","CNc1nc(nc(n1)Cl)SCC(CO)O","InChI=1S/C7H11ClN4O2S/c1-9-6-10-5(8)11-7(12-6)15-3-4(14)2-13/h4,13-14H,2-3H2,1H3,(H,9,10,11,12)","JSXQTGKDHTVOFR-UHFFFAOYSA-N"
36527047,"3-[(5-Chloro-2-hydrazino-4-pyrimidinyl)sulfanyl]-1,2-propanediol",250.029129,"C7H11ClN4O2S","c1c(c(nc(n1)NN)SCC(CO)O)Cl","InChI=1S/C7H11ClN4O2S/c8-5-1-10-7(12-9)11-6(5)15-3-4(14)2-13/h1,4,13-14H,2-3,9H2,(H,10,11,12)","NBGBZSMCUGRTDV-UHFFFAOYSA-N"
36539862,"5-(Chloromethyl)-1-[(1,1-dioxidotetrahydro-2-thiophenyl)methyl]-1H-tetrazole",250.029129,"C7H11ClN4O2S","C1CC(S(=O)(=O)C1)Cn2c(nnn2)CCl","InChI=1S/C7H11ClN4O2S/c8-4-7-9-10-11-12(7)5-6-2-1-3-15(6,13)14/h6H,1-5H2","KHZIOOPQCLORDO-UHFFFAOYSA-N"
36834467,"1-(2,3-Difluoro-6-nitrophenyl)-1H-imidazole-2-carbonitrile",250.030228,"C10H4F2N4O2","c1cc(c(c(c1[N+](=O)[O-])n2ccnc2C#N)F)F","InChI=1S/C10H4F2N4O2/c11-6-1-2-7(16(17)18)10(9(6)12)15-4-3-14-8(15)5-13/h1-4H","CKSHHEJQQNUIIG-UHFFFAOYSA-N"
37010099,"2-(3-Chloro-4-pyridinyl)-1-(3-fluoro-2-pyridinyl)ethanone",250.030914,"C12H8ClFN2O","c1cc(c(nc1)C(=O)Cc2ccncc2Cl)F","InChI=1S/C12H8ClFN2O/c13-9-7-15-5-3-8(9)6-11(17)12-10(14)2-1-4-16-12/h1-5,7H,6H2","CGVMYDMBQAVXAQ-UHFFFAOYSA-N"
37016244,"Methyl 5-[(3-methyl-2-thienyl)carbonyl]-2-furoate",250.029984,"C12H10O4S","Cc1ccsc1C(=O)c2ccc(o2)C(=O)OC","InChI=1S/C12H10O4S/c1-7-5-6-17-11(7)10(13)8-3-4-9(16-8)12(14)15-2/h3-6H,1-2H3","DLPUXJATXZLNQE-UHFFFAOYSA-N"
37016356,"Methyl 5-[(4-methyl-3-thienyl)carbonyl]-2-furoate",250.029984,"C12H10O4S","Cc1cscc1C(=O)c2ccc(o2)C(=O)OC","InChI=1S/C12H10O4S/c1-7-5-17-6-8(7)11(13)9-3-4-10(16-9)12(14)15-2/h3-6H,1-2H3","NVIURHMPZMHVTA-UHFFFAOYSA-N"
37016366,"Methyl 5-[(5-methyl-2-thienyl)carbonyl]-2-furoate",250.029984,"C12H10O4S","Cc1ccc(s1)C(=O)c2ccc(o2)C(=O)OC","InChI=1S/C12H10O4S/c1-7-3-6-10(17-7)11(13)8-4-5-9(16-8)12(14)15-2/h3-6H,1-2H3","QWMOMHLWFHSONL-UHFFFAOYSA-N"
37065667,"2-[(3-Amino-5-chloro-2-pyridinyl)amino]ethanesulfonamide",250.029129,"C7H11ClN4O2S","c1c(cnc(c1N)NCCS(=O)(=O)N)Cl","InChI=1S/C7H11ClN4O2S/c8-5-3-6(9)7(12-4-5)11-1-2-15(10,13)14/h3-4H,1-2,9H2,(H,11,12)(H2,10,13,14)","CDXCWYGSIISBAW-UHFFFAOYSA-N"
37196502,"2-[(2-Methyl-2H-tetrazol-5-yl)sulfamoyl]propanethioamide",250.03067,"C5H10N6O2S2","CC(C(=S)N)S(=O)(=O)Nc1nnn(n1)C","InChI=1S/C5H10N6O2S2/c1-3(4(6)14)15(12,13)9-5-7-10-11(2)8-5/h3H,1-2H3,(H2,6,14)(H,8,9)","ZBIFWMMDZQCVEB-UHFFFAOYSA-N"
37233306,"2-(3-Chloro-4-pyridinyl)-1-(3-fluoro-4-pyridinyl)ethanone",250.030914,"C12H8ClFN2O","c1cncc(c1CC(=O)c2ccncc2F)Cl","InChI=1S/C12H8ClFN2O/c13-10-6-15-3-1-8(10)5-12(17)9-2-4-16-7-11(9)14/h1-4,6-7H,5H2","CQNPPVKMCMXCSZ-UHFFFAOYSA-N"
37412953,"4-Chloro-N-(3-fluorophenyl)nicotinamide",250.030914,"C12H8ClFN2O","c1cc(cc(c1)F)NC(=O)c2cnccc2Cl","InChI=1S/C12H8ClFN2O/c13-11-4-5-15-7-10(11)12(17)16-9-3-1-2-8(14)6-9/h1-7H,(H,16,17)","AKCBGAOKJNKRCO-UHFFFAOYSA-N"
37412967,"4-Chloro-N-(4-fluorophenyl)nicotinamide",250.030914,"C12H8ClFN2O","c1cc(ccc1NC(=O)c2cnccc2Cl)F","InChI=1S/C12H8ClFN2O/c13-11-5-6-15-7-10(11)12(17)16-9-3-1-8(14)2-4-9/h1-7H,(H,16,17)","TXZARRIWDSEJCJ-UHFFFAOYSA-N"
37412974,"4-Chloro-N-(2-fluorophenyl)nicotinamide",250.030914,"C12H8ClFN2O","c1ccc(c(c1)NC(=O)c2cnccc2Cl)F","InChI=1S/C12H8ClFN2O/c13-9-5-6-15-7-8(9)12(17)16-11-4-2-1-3-10(11)14/h1-7H,(H,16,17)","CKJISYYTVBMVAM-UHFFFAOYSA-N"
37467298,"3,5-Difluoro-4-(4-nitro-1H-pyrazol-1-yl)benzonitrile",250.030228,"C10H4F2N4O2","c1c(cc(c(c1F)n2cc(cn2)[N+](=O)[O-])F)C#N","InChI=1S/C10H4F2N4O2/c11-8-1-6(3-13)2-9(12)10(8)15-5-7(4-14-15)16(17)18/h1-2,4-5H","GVPSWXJHOUOMPE-UHFFFAOYSA-N"
37725057,"3-(3,4-Dihydro-2H-thiochromen-6-yl)-2,3-dioxopropanoic acid",250.029984,"C12H10O4S","c1cc2c(cc1C(=O)C(=O)C(=O)O)CCCS2","InChI=1S/C12H10O4S/c13-10(11(14)12(15)16)8-3-4-9-7(6-8)2-1-5-17-9/h3-4,6H,1-2,5H2,(H,15,16)","DQUPHPSIYSPFNX-UHFFFAOYSA-N"
37793630,"3-(1,1-Dioxido-3,4-dihydro-2H-thiochromen-6-yl)-2-propynoic acid",250.029984,"C12H10O4S","c1cc2c(cc1C#CC(=O)O)CCCS2(=O)=O","InChI=1S/C12H10O4S/c13-12(14)6-4-9-3-5-11-10(8-9)2-1-7-17(11,15)16/h3,5,8H,1-2,7H2,(H,13,14)","UJWBSCSBSZDIKB-UHFFFAOYSA-N"
37908019,"5-Chloro-2-fluoro-N-(3-pyridinyl)benzamide",250.030914,"C12H8ClFN2O","c1cc(cnc1)NC(=O)c2cc(ccc2F)Cl","InChI=1S/C12H8ClFN2O/c13-8-3-4-11(14)10(6-8)12(17)16-9-2-1-5-15-7-9/h1-7H,(H,16,17)","LLLMMEPGBIQFLO-UHFFFAOYSA-N"
37977707,"4-Chloro-N-(3-fluorophenyl)-2-pyridinecarboxamide",250.030914,"C12H8ClFN2O","c1cc(cc(c1)F)NC(=O)c2cc(ccn2)Cl","InChI=1S/C12H8ClFN2O/c13-8-4-5-15-11(6-8)12(17)16-10-3-1-2-9(14)7-10/h1-7H,(H,16,17)","JOVLGUAZXDRFHW-UHFFFAOYSA-N"
37977716,"4-Chloro-N-(2-fluorophenyl)-2-pyridinecarboxamide",250.030914,"C12H8ClFN2O","c1ccc(c(c1)NC(=O)c2cc(ccn2)Cl)F","InChI=1S/C12H8ClFN2O/c13-8-5-6-15-11(7-8)12(17)16-10-4-2-1-3-9(10)14/h1-7H,(H,16,17)","UMVHDMVHSOQTBD-UHFFFAOYSA-N"
37989879,"2-{[(5-Chloro-2-furyl)methyl]amino}-6-fluorobenzonitrile",250.030914,"C12H8ClFN2O","c1cc(c(c(c1)F)C#N)NCc2ccc(o2)Cl","InChI=1S/C12H8ClFN2O/c13-12-5-4-8(17-12)7-16-11-3-1-2-10(14)9(11)6-15/h1-5,16H,7H2","YCRZOPRANYDHSK-UHFFFAOYSA-N"
38448594,"[2-(1-Benzothiophen-3-yl)-2-oxoethoxy]acetic acid",250.029984,"C12H10O4S","c1ccc2c(c1)c(cs2)C(=O)COCC(=O)O","InChI=1S/C12H10O4S/c13-10(5-16-6-12(14)15)9-7-17-11-4-2-1-3-8(9)11/h1-4,7H,5-6H2,(H,14,15)","SPRGBOFYACWXIP-UHFFFAOYSA-N"
38495053,"N-{2-[(6-Chloro-2-pyrazinyl)amino]ethyl}methanesulfonamide",250.029129,"C7H11ClN4O2S","CS(=O)(=O)NCCNc1cncc(n1)Cl","InChI=1S/C7H11ClN4O2S/c1-15(13,14)11-3-2-10-7-5-9-4-6(8)12-7/h4-5,11H,2-3H2,1H3,(H,10,12)","YTWATHVVLXMSEQ-UHFFFAOYSA-N"
38802347,"2-Furyl[3-(methylsulfonyl)phenyl]methanone",250.029984,"C12H10O4S","CS(=O)(=O)c1cccc(c1)C(=O)c2ccco2","InChI=1S/C12H10O4S/c1-17(14,15)10-5-2-4-9(8-10)12(13)11-6-3-7-16-11/h2-8H,1H3","XUIJKLXMQHRQOT-UHFFFAOYSA-N"
38955156,"3-[(6-Chloro-3-pyridazinyl)amino]-1-propanesulfonamide",250.029129,"C7H11ClN4O2S","c1cc(nnc1NCCCS(=O)(=O)N)Cl","InChI=1S/C7H11ClN4O2S/c8-6-2-3-7(12-11-6)10-4-1-5-15(9,13)14/h2-3H,1,4-5H2,(H,10,12)(H2,9,13,14)","AQABLLDSHJBJNM-UHFFFAOYSA-N"
38958242,"3-[(6-Chloro-4-pyrimidinyl)amino]-1-propanesulfonamide",250.029129,"C7H11ClN4O2S","c1c(ncnc1Cl)NCCCS(=O)(=O)N","InChI=1S/C7H11ClN4O2S/c8-6-4-7(12-5-11-6)10-2-1-3-15(9,13)14/h4-5H,1-3H2,(H2,9,13,14)(H,10,11,12)","FGINOLAEIQEUST-UHFFFAOYSA-N"
38958243,"3-[(6-Chloro-2-pyrazinyl)amino]-1-propanesulfonamide",250.029129,"C7H11ClN4O2S","c1c(nc(cn1)Cl)NCCCS(=O)(=O)N","InChI=1S/C7H11ClN4O2S/c8-6-4-10-5-7(12-6)11-2-1-3-15(9,13)14/h4-5H,1-3H2,(H,11,12)(H2,9,13,14)","YOGDXZHFRNYEMG-UHFFFAOYSA-N"
38958244,"3-[(3-Chloro-2-pyrazinyl)amino]-1-propanesulfonamide",250.029129,"C7H11ClN4O2S","c1cnc(c(n1)NCCCS(=O)(=O)N)Cl","InChI=1S/C7H11ClN4O2S/c8-6-7(12-4-3-10-6)11-2-1-5-15(9,13)14/h3-4H,1-2,5H2,(H,11,12)(H2,9,13,14)","IJQJEKZDHQZGPR-UHFFFAOYSA-N"
39022002,"{3-[(2-Thienylsulfanyl)methyl]phenyl}boronic acid",250.029358,"C11H11BO2S2","B(c1cccc(c1)CSc2cccs2)(O)O","InChI=1S/C11H11BO2S2/c13-12(14)10-4-1-3-9(7-10)8-16-11-5-2-6-15-11/h1-7,13-14H,8H2","YITPWCHHVBVUCO-UHFFFAOYSA-N"
39022003,"{2-[(2-Thienylsulfanyl)methyl]phenyl}boronic acid",250.029358,"C11H11BO2S2","B(c1ccccc1CSc2cccs2)(O)O","InChI=1S/C11H11BO2S2/c13-12(14)10-5-2-1-4-9(10)8-16-11-6-3-7-15-11/h1-7,13-14H,8H2","VTFJJSYGJDMWFX-UHFFFAOYSA-N"
39022004,"{4-[(2-Thienylsulfanyl)methyl]phenyl}boronic acid",250.029358,"C11H11BO2S2","B(c1ccc(cc1)CSc2cccs2)(O)O","InChI=1S/C11H11BO2S2/c13-12(14)10-5-3-9(4-6-10)8-16-11-2-1-7-15-11/h1-7,13-14H,8H2","JUCRAQHDEVYGMP-UHFFFAOYSA-N"
39175703,"N-{2-[(3-Chloro-2-pyrazinyl)amino]ethyl}methanesulfonamide",250.029129,"C7H11ClN4O2S","CS(=O)(=O)NCCNc1c(nccn1)Cl","InChI=1S/C7H11ClN4O2S/c1-15(13,14)12-5-4-11-7-6(8)9-2-3-10-7/h2-3,12H,4-5H2,1H3,(H,10,11)","CNAMXTNOKAYBSZ-UHFFFAOYSA-N"
39712976,"5-{[(2-Hydroxyphenyl)sulfanyl]methyl}-2-furoic acid",250.029984,"C12H10O4S","c1ccc(c(c1)O)SCc2ccc(o2)C(=O)O","InChI=1S/C12H10O4S/c13-9-3-1-2-4-11(9)17-7-8-5-6-10(16-8)12(14)15/h1-6,13H,7H2,(H,14,15)","HSSXLRDVQBIJHN-UHFFFAOYSA-N"
39713177,"5-Hydroxy-2-{[(2-hydroxyphenyl)sulfanyl]methyl}-4H-pyran-4-one",250.029984,"C12H10O4S","c1ccc(c(c1)O)SCc2cc(=O)c(co2)O","InChI=1S/C12H10O4S/c13-9-3-1-2-4-12(9)17-7-8-5-10(14)11(15)6-16-8/h1-6,13,15H,7H2","BLMZYJPTMRALNK-UHFFFAOYSA-N"
39713439,"3-{[(2-Hydroxyphenyl)sulfanyl]methyl}-2-furoic acid",250.029984,"C12H10O4S","c1ccc(c(c1)O)SCc2ccoc2C(=O)O","InChI=1S/C12H10O4S/c13-9-3-1-2-4-10(9)17-7-8-5-6-16-11(8)12(14)15/h1-6,13H,7H2,(H,14,15)","XLYAPTIJCVEOEW-UHFFFAOYSA-N"
39713456,"2-{[(2-Hydroxyphenyl)sulfanyl]methyl}-3-furoic acid",250.029984,"C12H10O4S","c1ccc(c(c1)O)SCc2c(cco2)C(=O)O","InChI=1S/C12H10O4S/c13-9-3-1-2-4-11(9)17-7-10-8(12(14)15)5-6-16-10/h1-6,13H,7H2,(H,14,15)","PPFRWPUITAOCDK-UHFFFAOYSA-N"
39752467,"5-{[(2-Hydroxyphenyl)sulfanyl]methyl}-3-furoic acid",250.029984,"C12H10O4S","c1ccc(c(c1)O)SCc2cc(co2)C(=O)O","InChI=1S/C12H10O4S/c13-10-3-1-2-4-11(10)17-7-9-5-8(6-16-9)12(14)15/h1-6,13H,7H2,(H,14,15)","UJLKDUGZGANPNX-UHFFFAOYSA-N"
39752562,"5-[(Phenylsulfinyl)methyl]-3-furoic acid",250.029984,"C12H10O4S","c1ccc(cc1)S(=O)Cc2cc(co2)C(=O)O","InChI=1S/C12H10O4S/c13-12(14)9-6-10(16-7-9)8-17(15)11-4-2-1-3-5-11/h1-7H,8H2,(H,13,14)","QOJDJVFLSQUUIA-UHFFFAOYSA-N"
39793175,"5-{[(5-Chloro-2-furyl)methyl]amino}-2-fluorobenzonitrile",250.030914,"C12H8ClFN2O","c1cc(c(cc1NCc2ccc(o2)Cl)C#N)F","InChI=1S/C12H8ClFN2O/c13-12-4-2-10(17-12)7-16-9-1-3-11(14)8(5-9)6-15/h1-5,16H,7H2","LJFFBHQAKNZBAZ-UHFFFAOYSA-N"
39824214,"N-{2-[(2-Chloro-4-pyrimidinyl)amino]ethyl}methanesulfonamide",250.029129,"C7H11ClN4O2S","CS(=O)(=O)NCCNc1ccnc(n1)Cl","InChI=1S/C7H11ClN4O2S/c1-15(13,14)11-5-4-9-6-2-3-10-7(8)12-6/h2-3,11H,4-5H2,1H3,(H,9,10,12)","HTXFNCDBNMEZAG-UHFFFAOYSA-N"
39824408,"3-[(2-Chloro-4-pyrimidinyl)amino]-1-propanesulfonamide",250.029129,"C7H11ClN4O2S","c1cnc(nc1NCCCS(=O)(=O)N)Cl","InChI=1S/C7H11ClN4O2S/c8-7-11-4-2-6(12-7)10-3-1-5-15(9,13)14/h2,4H,1,3,5H2,(H2,9,13,14)(H,10,11,12)","QMXOYFQGRDXWKR-UHFFFAOYSA-N"
39882143,"5-[(3-Methoxyphenyl)sulfanyl]-2-furoic acid",250.029984,"C12H10O4S","COc1cccc(c1)Sc2ccc(o2)C(=O)O","InChI=1S/C12H10O4S/c1-15-8-3-2-4-9(7-8)17-11-6-5-10(16-11)12(13)14/h2-7H,1H3,(H,13,14)","VQGNHBUBKSFJEJ-UHFFFAOYSA-N"
39946955,"2-(2-Chloro-4-fluorophenyl)-1-(2-pyrimidinyl)ethanone",250.030914,"C12H8ClFN2O","c1cnc(nc1)C(=O)Cc2ccc(cc2Cl)F","InChI=1S/C12H8ClFN2O/c13-10-7-9(14)3-2-8(10)6-11(17)12-15-4-1-5-16-12/h1-5,7H,6H2","WFOTULDDXFDLRF-UHFFFAOYSA-N"
40067377,"5-(Chloromethyl)-1-(1,1-dioxidotetrahydro-2H-thiopyran-4-yl)-1H-tetrazole",250.029129,"C7H11ClN4O2S","C1CS(=O)(=O)CCC1n2c(nnn2)CCl","InChI=1S/C7H11ClN4O2S/c8-5-7-9-10-11-12(7)6-1-3-15(13,14)4-2-6/h6H,1-5H2","SIKOGDOFPWZAAJ-UHFFFAOYSA-N"
40067385,"5-(Chloromethyl)-1-[(1,1-dioxidotetrahydro-3-thiophenyl)methyl]-1H-tetrazole",250.029129,"C7H11ClN4O2S","C1CS(=O)(=O)CC1Cn2c(nnn2)CCl","InChI=1S/C7H11ClN4O2S/c8-3-7-9-10-11-12(7)4-6-1-2-15(13,14)5-6/h6H,1-5H2","JYCDMBHCXOSTKL-UHFFFAOYSA-N"
40067429,"5-(Chloromethyl)-1-(3-methyl-1,1-dioxidotetrahydro-3-thiophenyl)-1H-tetrazole",250.029129,"C7H11ClN4O2S","CC1(CCS(=O)(=O)C1)n2c(nnn2)CCl","InChI=1S/C7H11ClN4O2S/c1-7(2-3-15(13,14)5-7)12-6(4-8)9-10-11-12/h2-5H2,1H3","ADRJAHUECVYBEI-UHFFFAOYSA-N"
40130351,"6-Chloro-N~4~-[2-(methylsulfonyl)ethyl]-4,5-pyrimidinediamine",250.029129,"C7H11ClN4O2S","CS(=O)(=O)CCNc1c(c(ncn1)Cl)N","InChI=1S/C7H11ClN4O2S/c1-15(13,14)3-2-10-7-5(9)6(8)11-4-12-7/h4H,2-3,9H2,1H3,(H,10,11,12)","PDOBAUCSJCUBAT-UHFFFAOYSA-N"
40130601,"2-(2-Chloro-6-fluorophenyl)-1-(5-pyrimidinyl)ethanone",250.030914,"C12H8ClFN2O","c1cc(c(c(c1)Cl)CC(=O)c2cncnc2)F","InChI=1S/C12H8ClFN2O/c13-10-2-1-3-11(14)9(10)4-12(17)8-5-15-7-16-6-8/h1-3,5-7H,4H2","FHAHFQLCNPPHGJ-UHFFFAOYSA-N"
40130820,"2-(2-Chloro-6-fluorobenzyl)-4-pyrimidinecarbaldehyde",250.030914,"C12H8ClFN2O","c1cc(c(c(c1)Cl)Cc2nccc(n2)C=O)F","InChI=1S/C12H8ClFN2O/c13-10-2-1-3-11(14)9(10)6-12-15-5-4-8(7-17)16-12/h1-5,7H,6H2","BFPOTERWMNACEN-UHFFFAOYSA-N"
40142806,"2-(2-Chloro-4-fluorobenzyl)-5-pyrimidinecarbaldehyde",250.030914,"C12H8ClFN2O","c1cc(c(cc1F)Cl)Cc2ncc(cn2)C=O","InChI=1S/C12H8ClFN2O/c13-11-4-10(14)2-1-9(11)3-12-15-5-8(7-17)6-16-12/h1-2,4-7H,3H2","BFUGZLWKWXNNNA-UHFFFAOYSA-N"
40190004,"2-(3-Chloro-4-fluorophenyl)-6-methyl-4-pyrimidinecarbaldehyde",250.030914,"C12H8ClFN2O","Cc1cc(nc(n1)c2ccc(c(c2)Cl)F)C=O","InChI=1S/C12H8ClFN2O/c1-7-4-9(6-17)16-12(15-7)8-2-3-11(14)10(13)5-8/h2-6H,1H3","MEXBGXDXQPZORZ-UHFFFAOYSA-N"
40551510,"2-[(2-Chloro-6-methyl-4-pyrimidinyl)amino]ethanesulfonamide",250.029129,"C7H11ClN4O2S","Cc1cc(nc(n1)Cl)NCCS(=O)(=O)N","InChI=1S/C7H11ClN4O2S/c1-5-4-6(12-7(8)11-5)10-2-3-15(9,13)14/h4H,2-3H2,1H3,(H2,9,13,14)(H,10,11,12)","IQPWTJRRUYSKFK-UHFFFAOYSA-N"
40553233,"2-[(6-Chloro-2-methyl-4-pyrimidinyl)amino]ethanesulfonamide",250.029129,"C7H11ClN4O2S","Cc1nc(cc(n1)Cl)NCCS(=O)(=O)N","InChI=1S/C7H11ClN4O2S/c1-5-11-6(8)4-7(12-5)10-2-3-15(9,13)14/h4H,2-3H2,1H3,(H2,9,13,14)(H,10,11,12)","RGGHRDNREPSHFK-UHFFFAOYSA-N"
41023910,"N-(4-Chloro-3-pyridinyl)-4-fluorobenzamide",250.030914,"C12H8ClFN2O","c1cc(ccc1C(=O)Nc2cnccc2Cl)F","InChI=1S/C12H8ClFN2O/c13-10-5-6-15-7-11(10)16-12(17)8-1-3-9(14)4-2-8/h1-7H,(H,16,17)","SHPRERKBMXSUGP-UHFFFAOYSA-N"
41023919,"N-(4-Chloro-3-pyridinyl)-2-fluorobenzamide",250.030914,"C12H8ClFN2O","c1ccc(c(c1)C(=O)Nc2cnccc2Cl)F","InChI=1S/C12H8ClFN2O/c13-9-5-6-15-7-11(9)16-12(17)8-3-1-2-4-10(8)14/h1-7H,(H,16,17)","CVJBPOTUNOAMJZ-UHFFFAOYSA-N"
41210995,"(4-Chloro-2-fluorophenyl)(5-methyl-2-pyrimidinyl)methanone",250.030914,"C12H8ClFN2O","Cc1cnc(nc1)C(=O)c2ccc(cc2F)Cl","InChI=1S/C12H8ClFN2O/c1-7-5-15-12(16-6-7)11(17)9-3-2-8(13)4-10(9)14/h2-6H,1H3","MMXMDFVWONWSJI-UHFFFAOYSA-N"
41491988,"N-{2-[(6-Chloro-3-pyridazinyl)amino]ethyl}methanesulfonamide",250.029129,"C7H11ClN4O2S","CS(=O)(=O)NCCNc1ccc(nn1)Cl","InChI=1S/C7H11ClN4O2S/c1-15(13,14)10-5-4-9-7-3-2-6(8)11-12-7/h2-3,10H,4-5H2,1H3,(H,9,12)","FPCKRFHOYNFFDK-UHFFFAOYSA-N"
41631425,"N-(2-Chlorophenyl)-3-fluoroisonicotinamide",250.030914,"C12H8ClFN2O","c1ccc(c(c1)NC(=O)c2ccncc2F)Cl","InChI=1S/C12H8ClFN2O/c13-9-3-1-2-4-11(9)16-12(17)8-5-6-15-7-10(8)14/h1-7H,(H,16,17)","AZZZYWUIONOMIT-UHFFFAOYSA-N"
41631429,"N-(3-Chlorophenyl)-3-fluoroisonicotinamide",250.030914,"C12H8ClFN2O","c1cc(cc(c1)Cl)NC(=O)c2ccncc2F","InChI=1S/C12H8ClFN2O/c13-8-2-1-3-9(6-8)16-12(17)10-4-5-15-7-11(10)14/h1-7H,(H,16,17)","QWYRRGFNFAEZJN-UHFFFAOYSA-N"
41631435,"N-(4-Chlorophenyl)-3-fluoroisonicotinamide",250.030914,"C12H8ClFN2O","c1cc(ccc1NC(=O)c2ccncc2F)Cl","InChI=1S/C12H8ClFN2O/c13-8-1-3-9(4-2-8)16-12(17)10-5-6-15-7-11(10)14/h1-7H,(H,16,17)","VTRLXCAWNSOJTJ-UHFFFAOYSA-N"
41875638,"1-(3,5-Difluoro-2-nitrophenyl)-1H-imidazole-2-carbonitrile",250.030228,"C10H4F2N4O2","c1cn(c(n1)C#N)c2cc(cc(c2[N+](=O)[O-])F)F","InChI=1S/C10H4F2N4O2/c11-6-3-7(12)10(16(17)18)8(4-6)15-2-1-14-9(15)5-13/h1-4H","UIXOHEVQRSMPRK-UHFFFAOYSA-N"
41891791,"(4-Chloro-2-fluorophenyl)(2-methyl-4-pyrimidinyl)methanone",250.030914,"C12H8ClFN2O","Cc1nccc(n1)C(=O)c2ccc(cc2F)Cl","InChI=1S/C12H8ClFN2O/c1-7-15-5-4-11(16-7)12(17)9-3-2-8(13)6-10(9)14/h2-6H,1H3","LPMKZSUYSPLYPK-UHFFFAOYSA-N"
42058656,"2-[(3-Amino-6-chloro-2-pyridinyl)amino]ethanesulfonamide",250.029129,"C7H11ClN4O2S","c1cc(nc(c1N)NCCS(=O)(=O)N)Cl","InChI=1S/C7H11ClN4O2S/c8-6-2-1-5(9)7(12-6)11-3-4-15(10,13)14/h1-2H,3-4,9H2,(H,11,12)(H2,10,13,14)","FRIRARURXASGHV-UHFFFAOYSA-N"
42063493,"2,3-Dihydrothieno[2,3-g][1,4]benzodioxin-8-ylacetic acid",250.029984,"C12H10O4S","c1c2c(cc3c1OCCO3)scc2CC(=O)O","InChI=1S/C12H10O4S/c13-12(14)3-7-6-17-11-5-10-9(4-8(7)11)15-1-2-16-10/h4-6H,1-3H2,(H,13,14)","ZOWCKOBMZLYPAS-UHFFFAOYSA-N"
42063494,"8-Methyl-2,3-dihydrothieno[2,3-g][1,4]benzodioxine-7-carboxylic acid",250.029984,"C12H10O4S","Cc1c2cc3c(cc2sc1C(=O)O)OCCO3","InChI=1S/C12H10O4S/c1-6-7-4-8-9(16-3-2-15-8)5-10(7)17-11(6)12(13)14/h4-5H,2-3H2,1H3,(H,13,14)","IYRSKJPJHXRSBB-UHFFFAOYSA-N"
42085813,"N-(3-Chlorophenyl)-6-fluoro-2-pyridinecarboxamide",250.030914,"C12H8ClFN2O","c1cc(cc(c1)Cl)NC(=O)c2cccc(n2)F","InChI=1S/C12H8ClFN2O/c13-8-3-1-4-9(7-8)15-12(17)10-5-2-6-11(14)16-10/h1-7H,(H,15,17)","ISCJUXCVNDXNIK-UHFFFAOYSA-N"
42085815,"N-(4-Chlorophenyl)-6-fluoro-2-pyridinecarboxamide",250.030914,"C12H8ClFN2O","c1cc(nc(c1)F)C(=O)Nc2ccc(cc2)Cl","InChI=1S/C12H8ClFN2O/c13-8-4-6-9(7-5-8)15-12(17)10-2-1-3-11(14)16-10/h1-7H,(H,15,17)","FZJAOWXKXSJGMG-UHFFFAOYSA-N"
42085822,"N-(2-Chlorophenyl)-6-fluoro-2-pyridinecarboxamide",250.030914,"C12H8ClFN2O","c1ccc(c(c1)NC(=O)c2cccc(n2)F)Cl","InChI=1S/C12H8ClFN2O/c13-8-4-1-2-5-9(8)16-12(17)10-6-3-7-11(14)15-10/h1-7H,(H,16,17)","NAZOJMQGXHLRMB-UHFFFAOYSA-N"
42090942,"4-Chloro-6-(3-fluoro-4-methylphenyl)-5-pyrimidinecarbaldehyde",250.030914,"C12H8ClFN2O","Cc1ccc(cc1F)c2c(c(ncn2)Cl)C=O","InChI=1S/C12H8ClFN2O/c1-7-2-3-8(4-10(7)14)11-9(5-17)12(13)16-6-15-11/h2-6H,1H3","NGFXZBLEEIJZQA-UHFFFAOYSA-N"
42091271,"4-Chloro-6-(3-fluoro-2-methylphenyl)-5-pyrimidinecarbaldehyde",250.030914,"C12H8ClFN2O","Cc1c(cccc1F)c2c(c(ncn2)Cl)C=O","InChI=1S/C12H8ClFN2O/c1-7-8(3-2-4-10(7)14)11-9(5-17)12(13)16-6-15-11/h2-6H,1H3","BIISIXJQBYGJNO-UHFFFAOYSA-N"
42160206,"4-Chloro-6-methoxy-N-[2-(methylsulfinyl)ethyl]-1,3,5-triazin-2-amine",250.029129,"C7H11ClN4O2S","COc1nc(nc(n1)Cl)NCCS(=O)C","InChI=1S/C7H11ClN4O2S/c1-14-7-11-5(8)10-6(12-7)9-3-4-15(2)13/h3-4H2,1-2H3,(H,9,10,11,12)","IDRRYPVIFYOMDI-UHFFFAOYSA-N"
42173229,"5-{[(4-Chloro-2-fluorophenyl)amino]methyl}-2-furonitrile",250.030914,"C12H8ClFN2O","c1cc(c(cc1Cl)F)NCc2ccc(o2)C#N","InChI=1S/C12H8ClFN2O/c13-8-1-4-12(11(14)5-8)16-7-10-3-2-9(6-15)17-10/h1-5,16H,7H2","YHEQHCXNSADUKE-UHFFFAOYSA-N"
42407913,"3-Amino-N-(2-chloro-2-propen-1-yl)-1-methyl-1H-pyrazole-4-sulfonamide",250.029129,"C7H11ClN4O2S","Cn1cc(c(n1)N)S(=O)(=O)NCC(=C)Cl","InChI=1S/C7H11ClN4O2S/c1-5(8)3-10-15(13,14)6-4-12(2)11-7(6)9/h4,10H,1,3H2,2H3,(H2,9,11)","SZCBLYOGPDFVHQ-UHFFFAOYSA-N"
42407936,"4-Amino-N-(2-chloro-2-propen-1-yl)-1-methyl-1H-imidazole-5-sulfonamide",250.029129,"C7H11ClN4O2S","Cn1cnc(c1S(=O)(=O)NCC(=C)Cl)N","InChI=1S/C7H11ClN4O2S/c1-5(8)3-11-15(13,14)7-6(9)10-4-12(7)2/h4,11H,1,3,9H2,2H3","RKZLCSDQIJTXFD-UHFFFAOYSA-N"
42705875,"5-{[(2-Chloro-6-fluorophenyl)amino]methyl}-2-furonitrile",250.030914,"C12H8ClFN2O","c1cc(c(c(c1)Cl)NCc2ccc(o2)C#N)F","InChI=1S/C12H8ClFN2O/c13-10-2-1-3-11(14)12(10)16-7-9-5-4-8(6-15)17-9/h1-5,16H,7H2","FIHKPWTUAIRCNH-UHFFFAOYSA-N"
42788691,"(3-Amino-4-chlorophenyl)(3-fluoro-4-pyridinyl)methanone",250.030914,"C12H8ClFN2O","c1cc(c(cc1C(=O)c2ccncc2F)N)Cl","InChI=1S/C12H8ClFN2O/c13-9-2-1-7(5-11(9)15)12(17)8-3-4-16-6-10(8)14/h1-6H,15H2","HQSFNJULEMFVTF-UHFFFAOYSA-N"
42788784,"(3-Amino-4-chlorophenyl)(5-fluoro-3-pyridinyl)methanone",250.030914,"C12H8ClFN2O","c1cc(c(cc1C(=O)c2cc(cnc2)F)N)Cl","InChI=1S/C12H8ClFN2O/c13-10-2-1-7(4-11(10)15)12(17)8-3-9(14)6-16-5-8/h1-6H,15H2","RPOXFXXBPKQBAR-UHFFFAOYSA-N"
42957877,"2-Chloro-2-(4-fluorophenyl)-1-(2-pyrimidinyl)ethanone",250.030914,"C12H8ClFN2O","c1cnc(nc1)C(=O)C(c2ccc(cc2)F)Cl","InChI=1S/C12H8ClFN2O/c13-10(8-2-4-9(14)5-3-8)11(17)12-15-6-1-7-16-12/h1-7,10H","OOKZTJACBGLJMW-UHFFFAOYSA-N"
5335948,"3-{[5-(4-Pyridinyl)-1,3,4-oxadiazol-2-yl]sulfanyl}propanoate",250.02919,"C10H8N3O3S","[O-]C(=O)CCSc1nnc(o1)c2ccncc2","InChI=1S/C10H9N3O3S/c14-8(15)3-6-17-10-13-12-9(16-10)7-1-4-11-5-2-7/h1-2,4-5H,3,6H2,(H,14,15)/p-1","HSRJAFMGXXALCQ-UHFFFAOYSA-M"
5354934,"3-{[5-(2-Pyridinyl)-1,3,4-oxadiazol-2-yl]sulfanyl}propanoate",250.02919,"C10H8N3O3S","[O-]C(=O)CCSc1nnc(o1)c2ncccc2","InChI=1S/C10H9N3O3S/c14-8(15)4-6-17-10-13-12-9(16-10)7-3-1-2-5-11-7/h1-3,5H,4,6H2,(H,14,15)/p-1","NZDBDLRAAXAFFX-UHFFFAOYSA-M"
5378056,"2-Methyl-1H-pyrazolo[1,5-a]benzimidazole-6-sulfonate",250.02919,"C10H8N3O3S","[O-]S(=O)(=O)c1cc2nc3cc(nn3c2cc1)C","InChI=1S/C10H19N3O3S/c1-6-4-10-11-8-5-7(17(14,15)16)2-3-9(8)13(10)12-6/h6-12H,2-5H2,1H3,(H,14,15,16)/p-1","VMGQBZLHHNUBPH-UHFFFAOYSA-M"
5381043,"1-Methyl-4-[(2-thienylcarbonyl)amino]-1H-imidazole-2-carboxylate",250.02919,"C10H8N3O3S","O=C(Nc1nc(C([O-])=O)n(c1)C)c2sccc2","InChI=1S/C10H9N3O3S/c1-13-5-7(11-8(13)10(15)16)12-9(14)6-3-2-4-17-6/h2-5H,1H3,(H,12,14)(H,15,16)/p-1","IYVFSBFECHKKJX-UHFFFAOYSA-M"
5972596,"(2S)-2-{[5-(4-Pyridinyl)-1,3,4-oxadiazol-2-yl]sulfanyl}propanoate",250.02919,"C10H8N3O3S","O=C([O-])[C@@H](Sc1nnc(o1)c2ccncc2)C","InChI=1S/C10H9N3O3S/c1-6(9(14)15)17-10-13-12-8(16-10)7-2-4-11-5-3-7/h2-6H,1H3,(H,14,15)/p-1/t6-/m0/s1","CXSQTEATLYSMJR-LURJTMIESA-M"
5972598,"(2R)-2-{[5-(4-Pyridinyl)-1,3,4-oxadiazol-2-yl]sulfanyl}propanoate",250.02919,"C10H8N3O3S","O=C([O-])[C@H](Sc1nnc(o1)c2ccncc2)C","InChI=1S/C10H9N3O3S/c1-6(9(14)15)17-10-13-12-8(16-10)7-2-4-11-5-3-7/h2-6H,1H3,(H,14,15)/p-1/t6-/m1/s1","CXSQTEATLYSMJR-ZCFIWIBFSA-M"
7766142,"(2S)-2-{[5-(2-Pyridinyl)-1,3,4-oxadiazol-2-yl]sulfanyl}propanoate",250.02919,"C10H8N3O3S","O=C([O-])[C@@H](Sc1nnc(o1)c2ncccc2)C","InChI=1S/C10H9N3O3S/c1-6(9(14)15)17-10-13-12-8(16-10)7-4-2-3-5-11-7/h2-6H,1H3,(H,14,15)/p-1/t6-/m0/s1","RSOZRBKOMRKOIW-LURJTMIESA-M"
7766145,"(2R)-2-{[5-(2-Pyridinyl)-1,3,4-oxadiazol-2-yl]sulfanyl}propanoate",250.02919,"C10H8N3O3S","O=C([O-])[C@H](Sc1nnc(o1)c2ncccc2)C","InChI=1S/C10H9N3O3S/c1-6(9(14)15)17-10-13-12-8(16-10)7-4-2-3-5-11-7/h2-6H,1H3,(H,14,15)/p-1/t6-/m1/s1","RSOZRBKOMRKOIW-ZCFIWIBFSA-M"
7766231,"(2S)-2-{[5-(3-Pyridinyl)-1,3,4-oxadiazol-2-yl]sulfanyl}propanoate",250.02919,"C10H8N3O3S","O=C([O-])[C@@H](Sc1nnc(o1)c2cccnc2)C","InChI=1S/C10H9N3O3S/c1-6(9(14)15)17-10-13-12-8(16-10)7-3-2-4-11-5-7/h2-6H,1H3,(H,14,15)/p-1/t6-/m0/s1","YIVHCORJIPOUJB-LURJTMIESA-M"
7766234,"(2R)-2-{[5-(3-Pyridinyl)-1,3,4-oxadiazol-2-yl]sulfanyl}propanoate",250.02919,"C10H8N3O3S","O=C([O-])[C@H](Sc1nnc(o1)c2cccnc2)C","InChI=1S/C10H9N3O3S/c1-6(9(14)15)17-10-13-12-8(16-10)7-3-2-4-11-5-7/h2-6H,1H3,(H,14,15)/p-1/t6-/m1/s1","YIVHCORJIPOUJB-ZCFIWIBFSA-M"
9174703,"carbanide; cyclopentane; zirconium(+4) cation",250.028809,"C12H16Zr","[CH3-].[CH3-].[CH]1[CH][CH][CH][CH]1.[CH]1[CH][CH][CH][CH]1.[Zr+4]","InChI=1S/2C5H5.2CH3.Zr/c2*1-2-4-5-3-1;;;/h2*1-5H;2*1H3;/q;;2*-1;+4","IVFSOGNGPBDVQF-UHFFFAOYSA-N"
10139962,"Iron(4+) 2,5-dimethylhexane-2,3,4,5-tetraide - carbon monooxide (1:1:3)",250.029236,"C11H14FeO3","C[C-](C)[CH-][CH-][C-](C)C.[C-]#[O+].[C-]#[O+].[C-]#[O+].[Fe+4]","InChI=1S/C8H14.3CO.Fe/c1-7(2)5-6-8(3)4;3*1-2;/h5-6H,1-4H3;;;;/q-4;;;;+4","MICCLXRBENBMTK-UHFFFAOYSA-N"
10412400,"Methyl-5-acetoxy-1-benzothiophen-2-carboxylat",250.029984,"C12H10O4S","CC(=O)Oc1ccc2c(c1)cc(s2)C(=O)OC","InChI=1S/C12H10O4S/c1-7(13)16-9-3-4-10-8(5-9)6-11(17-10)12(14)15-2/h3-6H,1-2H3","MZVIHDVIXMRSLY-UHFFFAOYSA-N"
10536305,"4-Acetyl-5-hydroxy-1-benzothiepin-3(2H)-one 1-oxide",250.029984,"C12H10O4S","CC(=O)C\2=C(/O)c1ccccc1S(=O)CC/2=O","InChI=1S/C12H10O4S/c1-7(13)11-9(14)6-17(16)10-5-3-2-4-8(10)12(11)15/h2-5,15H,6H2,1H3","HPEHBOADMAYKER-UHFFFAOYSA-N"
10550689,"Dimethyl 1-benzothiophene-4,6-dicarboxylate",250.029984,"C12H10O4S","COC(=O)c1cc(cc2sccc12)C(=O)OC","InChI=1S/C12H10O4S/c1-15-11(13)7-5-9(12(14)16-2)8-3-4-17-10(8)6-7/h3-6H,1-2H3","UOMHNGFAHYCVJM-UHFFFAOYSA-N"
12974541,"4-Chloro-2-[(E)-(4-fluorophenyl)diazenyl]phenol",250.030914,"C12H8ClFN2O","c1cc(ccc1/N=N/c2cc(ccc2O)Cl)F","InChI=1S/C12H8ClFN2O/c13-8-1-6-12(17)11(7-8)16-15-10-4-2-9(14)3-5-10/h1-7,17H/b16-15+","KJCALFREFMTPPZ-FOCLMDBBSA-N"
13082907,"7-Fluoro-9-oxo-9H-indeno[1,2-b]pyrazine-2,3-dicarbonitrile",250.029083,"C13H3FN4O","c1cc-2c(cc1F)C(=O)c3c2nc(c(n3)C#N)C#N","InChI=1S/C13H3FN4O/c14-6-1-2-7-8(3-6)13(19)12-11(7)17-9(4-15)10(5-16)18-12/h1-3H","MLVYMHCKGZRDFG-UHFFFAOYSA-N"
14304001,"4-(1,3-Dioxolan-2-yl)-1-benzothiophene-2-carboxylic acid",250.029984,"C12H10O4S","c1cc(c2cc(sc2c1)C(=O)O)C3OCCO3","InChI=1S/C12H10O4S/c13-11(14)10-6-8-7(12-15-4-5-16-12)2-1-3-9(8)17-10/h1-3,6,12H,4-5H2,(H,13,14)","CODBFYZEGFGPQI-UHFFFAOYSA-N"
15475126,"Sulfide, bis(dihydroxyphenyl)",250.029984,"C12H10O4S","c1cc(c(c(c1)Sc2cccc(c2O)O)O)O","InChI=1S/C12H10O4S/c13-7-3-1-5-9(11(7)15)17-10-6-2-4-8(14)12(10)16/h1-6,13-16H","WWHHPOAJVOMEAI-UHFFFAOYSA-N"
17340969,"Zirconium(2+) methanide - 1,2,3,4,5-cyclopentanepentayl (1:2:2)",250.029907,"C12H16Zr","[CH3-].[CH3-].[CH]1[CH][CH][CH][CH]1.[CH]1[CH][CH][CH][CH]1.[Zr+2]","InChI=1S/2C5H5.2CH3.Zr/c2*1-2-4-5-3-1;;;/h2*1-5H;2*1H3;/q;;2*-1;+2","YELZZAOXEVIRFG-UHFFFAOYSA-N"
21160223,"Chromium(2+) bis(4-oxo-2-penten-2-olate)",250.029724,"C10H14CrO4","CC(=CC(=O)C)O[Cr]OC(=CC(=O)C)C","InChI=1S/2C5H8O2.Cr/c2*1-4(6)3-5(2)7;/h2*3,6H,1-2H3;/q;;+2/p-2","SBTJABCOFJUGCX-UHFFFAOYSA-L"
21252752,"Dibenzo[b,d]furan-2-ylphosphonous dicyanide",250.029602,"C14H7N2OP","c1ccc2c(c1)c3cc(ccc3o2)P(C#N)C#N","InChI=1S/C14H7N2OP/c15-8-18(9-16)10-5-6-14-12(7-10)11-3-1-2-4-13(11)17-14/h1-7H","UIOMMLASFWJXEC-UHFFFAOYSA-N"
21391951,"1-[4-(2-Chloro-4-pyrimidinyl)-2-fluorophenyl]ethanone",250.030914,"C12H8ClFN2O","CC(=O)c1ccc(cc1F)c2ccnc(n2)Cl","InChI=1S/C12H8ClFN2O/c1-7(17)9-3-2-8(6-10(9)14)11-4-5-15-12(13)16-11/h2-6H,1H3","QATZPZRIFYNNMB-UHFFFAOYSA-N"
21391966,"1-[3-(2-Chloro-4-pyrimidinyl)-4-fluorophenyl]ethanone",250.030914,"C12H8ClFN2O","CC(=O)c1ccc(c(c1)c2ccnc(n2)Cl)F","InChI=1S/C12H8ClFN2O/c1-7(17)8-2-3-10(14)9(6-8)11-4-5-15-12(13)16-11/h2-6H,1H3","BHYATGWQRFISRD-UHFFFAOYSA-N"
21392173,"1-[4-(6-Chloro-4-pyrimidinyl)-2-fluorophenyl]ethanone",250.030914,"C12H8ClFN2O","CC(=O)c1ccc(cc1F)c2cc(ncn2)Cl","InChI=1S/C12H8ClFN2O/c1-7(17)9-3-2-8(4-10(9)14)11-5-12(13)16-6-15-11/h2-6H,1H3","PYCDNEDDSVEPKU-UHFFFAOYSA-N"
21392191,"1-[3-(6-Chloro-4-pyrimidinyl)-4-fluorophenyl]ethanone",250.030914,"C12H8ClFN2O","CC(=O)c1ccc(c(c1)c2cc(ncn2)Cl)F","InChI=1S/C12H8ClFN2O/c1-7(17)8-2-3-10(14)9(4-8)11-5-12(13)16-6-15-11/h2-6H,1H3","CRWMAFQAYIQJIB-UHFFFAOYSA-N"
21410925,"Dimethyl 1-benzothiophene-5,6-dicarboxylate",250.029984,"C12H10O4S","COC(=O)c1cc2ccsc2cc1C(=O)OC","InChI=1S/C12H10O4S/c1-15-11(13)8-5-7-3-4-17-10(7)6-9(8)12(14)16-2/h3-6H,1-2H3","HGEURZTWVZOSIY-UHFFFAOYSA-N"
21416619,"Dimethyl 2-benzothiophene-1,3-dicarboxylate",250.029984,"C12H10O4S","COC(=O)c1c2ccccc2c(s1)C(=O)OC","InChI=1S/C12H10O4S/c1-15-11(13)9-7-5-3-4-6-8(7)10(17-9)12(14)16-2/h3-6H,1-2H3","SDFJIQXWJDOEJA-UHFFFAOYSA-N"
21489680,"1,2,3,4,5-Cyclopentanepentayl - dimethylzirconium (2:1)",250.029907,"C12H16Zr","C[Zr]C.[CH]1[CH][CH][CH][CH]1.[CH]1[CH][CH][CH][CH]1","InChI=1S/2C5H5.2CH3.Zr/c2*1-2-4-5-3-1;;;/h2*1-5H;2*1H3;","BRHODLBZJKAKRN-UHFFFAOYSA-N"
23077433,"[2-(Methoxycarbonyl)-1-benzothiophen-5-yl]acetic acid",250.029984,"C12H10O4S","COC(=O)c1cc2cc(ccc2s1)CC(=O)O","InChI=1S/C12H10O4S/c1-16-12(15)10-6-8-4-7(5-11(13)14)2-3-9(8)17-10/h2-4,6H,5H2,1H3,(H,13,14)","YPDYXOXOXKUXDP-UHFFFAOYSA-N"
23077455,"Dimethyl-1-benzothiophen-2,6-dicarboxylat",250.029984,"C12H10O4S","COC(=O)c1ccc2cc(sc2c1)C(=O)OC","InChI=1S/C12H10O4S/c1-15-11(13)8-4-3-7-5-10(12(14)16-2)17-9(7)6-8/h3-6H,1-2H3","CXIPJLLQRCZQKH-UHFFFAOYSA-N"
23077489,"Dimethyl-1-benzothiophen-2,7-dicarboxylat",250.029984,"C12H10O4S","COC(=O)c1cccc2c1sc(c2)C(=O)OC","InChI=1S/C12H10O4S/c1-15-11(13)8-5-3-4-7-6-9(12(14)16-2)17-10(7)8/h3-6H,1-2H3","BTVDRAPYLGJTCK-UHFFFAOYSA-N"
24605827,"Di-2,4-cyclopentadien-1-yl(dimethyl)zirconium",250.029907,"C12H16Zr","C[Zr](C)(C1C=CC=C1)C2C=CC=C2","InChI=1S/2C5H5.2CH3.Zr/c2*1-2-4-5-3-1;;;/h2*1-5H;2*1H3;","BRHODLBZJKAKRN-UHFFFAOYSA-N"
24675641,"Ethyl thieno[2,3-f][1,3]benzodioxole-6-carboxylate",250.029984,"C12H10O4S","CCOC(=O)c1cc2cc3c(cc2s1)OCO3","InChI=1S/C12H10O4S/c1-2-14-12(13)11-4-7-3-8-9(16-6-15-8)5-10(7)17-11/h3-5H,2,6H2,1H3","DTJWYHCMYXXXGX-UHFFFAOYSA-N"
25261463,"2,2,2-Trifluoro-N'-(5-nitro-2-pyridinyl)acetohydrazide",250.031,"C7H5F3N4O3","c1cc(ncc1[N+](=O)[O-])NNC(=O)C(F)(F)F","InChI=1S/C7H5F3N4O3/c8-7(9,10)6(15)13-12-5-2-1-4(3-11-5)14(16)17/h1-3H,(H,11,12)(H,13,15)","RTTARVPBRWRIIP-UHFFFAOYSA-N"
26478155,"(1-Benzothiophen-3-ylmethyl)malonic acid",250.029984,"C12H10O4S","c1ccc2c(c1)c(cs2)CC(C(=O)O)C(=O)O","InChI=1S/C12H10O4S/c13-11(14)9(12(15)16)5-7-6-17-10-4-2-1-3-8(7)10/h1-4,6,9H,5H2,(H,13,14)(H,15,16)","NKVGWFFPHKFJNF-UHFFFAOYSA-N"
27406686,"2-Chloro-N-(5-fluoro-2-pyridinyl)benzamide",250.030914,"C12H8ClFN2O","c1ccc(c(c1)C(=O)Nc2ccc(cn2)F)Cl","InChI=1S/C12H8ClFN2O/c13-10-4-2-1-3-9(10)12(17)16-11-6-5-8(14)7-15-11/h1-7H,(H,15,16,17)","FEKRBKJIYRHDQC-UHFFFAOYSA-N"
27406687,"3-Chloro-N-(5-fluoro-2-pyridinyl)benzamide",250.030914,"C12H8ClFN2O","c1cc(cc(c1)Cl)C(=O)Nc2ccc(cn2)F","InChI=1S/C12H8ClFN2O/c13-9-3-1-2-8(6-9)12(17)16-11-5-4-10(14)7-15-11/h1-7H,(H,15,16,17)","GYFJVHRPLDCRQC-UHFFFAOYSA-N"
27406688,"4-Chloro-N-(5-fluoro-2-pyridinyl)benzamide",250.030914,"C12H8ClFN2O","c1cc(ccc1C(=O)Nc2ccc(cn2)F)Cl","InChI=1S/C12H8ClFN2O/c13-9-3-1-8(2-4-9)12(17)16-11-6-5-10(14)7-15-11/h1-7H,(H,15,16,17)","KYYSONIKXVRMNU-UHFFFAOYSA-N"
28549137,"S-Ethyl 7-hydroxy-2-oxo-2H-chromene-3-carbothioate",250.029984,"C12H10O4S","CCSC(=O)c1cc2ccc(cc2oc1=O)O","InChI=1S/C12H10O4S/c1-2-17-12(15)9-5-7-3-4-8(13)6-10(7)16-11(9)14/h3-6,13H,2H2,1H3","DCYAJNVFMRLSBS-UHFFFAOYSA-N"
28575545,"4-[(E)-(3-Chloro-4-fluorophenyl)diazenyl]phenol",250.030914,"C12H8ClFN2O","c1cc(ccc1/N=N/c2ccc(c(c2)Cl)F)O","InChI=1S/C12H8ClFN2O/c13-11-7-9(3-6-12(11)14)16-15-8-1-4-10(17)5-2-8/h1-7,17H/b16-15+","WKFGMPXJGRJQGU-FOCLMDBBSA-N"
28595299,"Ethyl 5-(5-formyl-2-furyl)-2-thiophenecarboxylate",250.029984,"C12H10O4S","CCOC(=O)c1ccc(s1)c2ccc(o2)C=O","InChI=1S/C12H10O4S/c1-2-15-12(14)11-6-5-10(17-11)9-4-3-8(7-13)16-9/h3-7H,2H2,1H3","WVBRGFXGONKCCB-UHFFFAOYSA-N"
28638470,"Zirconium(4+) 2,4-cyclopentadienide methanide (1:2:2)",250.029907,"C12H16Zr","[CH3-].[CH3-].[cH-]1cccc1.[cH-]1cccc1.[Zr+4]","InChI=1S/2C5H5.2CH3.Zr/c2*1-2-4-5-3-1;;;/h2*1-5H;2*1H3;/q4*-1;+4","FOJOHGYNJWTFHE-UHFFFAOYSA-N"
28676540,"4-Methoxy-5-(2-thienylmethoxy)-1,2-benzoquinone",250.029984,"C12H10O4S","COC1=CC(=O)C(=O)C=C1OCc2cccs2","InChI=1S/C12H10O4S/c1-15-11-5-9(13)10(14)6-12(11)16-7-8-3-2-4-17-8/h2-6H,7H2,1H3","OPCRHGVTGQJZDN-UHFFFAOYSA-N"
28677418,"1-[5-(Phenylsulfonyl)-2-furyl]ethanone",250.029984,"C12H10O4S","CC(=O)c1ccc(o1)S(=O)(=O)c2ccccc2","InChI=1S/C12H10O4S/c1-9(13)11-7-8-12(16-11)17(14,15)10-5-3-2-4-6-10/h2-8H,1H3","YXCTXLXZOIRBCZ-UHFFFAOYSA-N"
28806555,"N-(6-Chloro-2-pyridinyl)-2-fluorobenzamide",250.030914,"C12H8ClFN2O","c1ccc(c(c1)C(=O)Nc2cccc(n2)Cl)F","InChI=1S/C12H8ClFN2O/c13-10-6-3-7-11(15-10)16-12(17)8-4-1-2-5-9(8)14/h1-7H,(H,15,16,17)","TZBCHTSAQNAADC-UHFFFAOYSA-N"
28806556,"N-(6-Chloro-2-pyridinyl)-3-fluorobenzamide",250.030914,"C12H8ClFN2O","c1cc(cc(c1)F)C(=O)Nc2cccc(n2)Cl","InChI=1S/C12H8ClFN2O/c13-10-5-2-6-11(15-10)16-12(17)8-3-1-4-9(14)7-8/h1-7H,(H,15,16,17)","UBAULYOOJIXYRT-UHFFFAOYSA-N"
28806557,"N-(6-Chloro-2-pyridinyl)-4-fluorobenzamide",250.030914,"C12H8ClFN2O","c1cc(nc(c1)Cl)NC(=O)c2ccc(cc2)F","InChI=1S/C12H8ClFN2O/c13-10-2-1-3-11(15-10)16-12(17)8-4-6-9(14)7-5-8/h1-7H,(H,15,16,17)","BNAHXDJPWMJTCP-UHFFFAOYSA-N"
28906689,"N-(4-Chloro-2-pyridinyl)-2-fluorobenzamide",250.030914,"C12H8ClFN2O","c1ccc(c(c1)C(=O)Nc2cc(ccn2)Cl)F","InChI=1S/C12H8ClFN2O/c13-8-5-6-15-11(7-8)16-12(17)9-3-1-2-4-10(9)14/h1-7H,(H,15,16,17)","LZVGIHSGUKJBCY-UHFFFAOYSA-N"
28906690,"N-(2-Chloro-4-pyridinyl)-2-fluorobenzamide",250.030914,"C12H8ClFN2O","c1ccc(c(c1)C(=O)Nc2ccnc(c2)Cl)F","InChI=1S/C12H8ClFN2O/c13-11-7-8(5-6-15-11)16-12(17)9-3-1-2-4-10(9)14/h1-7H,(H,15,16,17)","RLOYMEQJPORGQW-UHFFFAOYSA-N"
28906706,"N-(2-Chloro-4-pyridinyl)-3-fluorobenzamide",250.030914,"C12H8ClFN2O","c1cc(cc(c1)F)C(=O)Nc2ccnc(c2)Cl","InChI=1S/C12H8ClFN2O/c13-11-7-10(4-5-15-11)16-12(17)8-2-1-3-9(14)6-8/h1-7H,(H,15,16,17)","UWASQEXUENSJQV-UHFFFAOYSA-N"
29324404,"2-Hydroxyphenyl benzenesulfonate",250.029984,"C12H10O4S","c1ccc(cc1)S(=O)(=O)Oc2ccccc2O","InChI=1S/C12H10O4S/c13-11-8-4-5-9-12(11)16-17(14,15)10-6-2-1-3-7-10/h1-9,13H","YXNZPLVRNSWQRK-UHFFFAOYSA-N"
29811120,"2-[2-(4-Chloro-3-fluorophenyl)vinyl]-4(1H)-pyrimidinone",250.030914,"C12H8ClFN2O","c1cc(c(cc1C=Cc2[nH]ccc(=O)n2)F)Cl","InChI=1S/C12H8ClFN2O/c13-9-3-1-8(7-10(9)14)2-4-11-15-6-5-12(17)16-11/h1-7H,(H,15,16,17)","LUQYZANTMRREDD-UHFFFAOYSA-N"
30530603,"2-[(E)-2-(4-Chloro-3-fluorophenyl)vinyl]-4(1H)-pyrimidinone",250.030914,"C12H8ClFN2O","c1cc(c(cc1/C=C/c2[nH]ccc(=O)n2)F)Cl","InChI=1S/C12H8ClFN2O/c13-9-3-1-8(7-10(9)14)2-4-11-15-6-5-12(17)16-11/h1-7H,(H,15,16,17)/b4-2+","LUQYZANTMRREDD-DUXPYHPUSA-N"
30821237,"8-Hydroxy-2-[(2-hydroxyethyl)sulfanyl]-1,4-naphthoquinone",250.029984,"C12H10O4S","c1cc2c(c(c1)O)C(=O)C(=CC2=O)SCCO","InChI=1S/C12H10O4S/c13-4-5-17-10-6-9(15)7-2-1-3-8(14)11(7)12(10)16/h1-3,6,13-14H,4-5H2","AIGQYMVFADNLKH-UHFFFAOYSA-N"
30928028,"2-(4-Chloro-3-fluorophenyl)isonicotinamide",250.030914,"C12H8ClFN2O","c1cc(c(cc1c2cc(ccn2)C(=O)N)F)Cl","InChI=1S/C12H8ClFN2O/c13-9-2-1-7(5-10(9)14)11-6-8(12(15)17)3-4-16-11/h1-6H,(H2,15,17)","PUYMXPIJKGOLPY-UHFFFAOYSA-N"
31102795,"Formaldehyde, compd. with 1,3,5,7-cyclooctatetraene, iron salt (3:1:1)",250.029236,"C11H14FeO3","C=O.C=O.C=O.C\1=C\C=C/C=C\C=C1.[Fe]","InChI=1S/C8H8.3CH2O.Fe/c1-2-4-6-8-7-5-3-1;3*1-2;/h1-8H;3*1H2;/b2-1-,3-1?,4-2?,5-3-,6-4-,7-5?,8-6?,8-7-;;;;","VKMWLPMIRGHDAA-JGZYGLCTSA-N"
32064232,"6-(3-Chloro-5-fluorophenyl)-2-pyridinecarboxamide",250.030914,"C12H8ClFN2O","c1cc(nc(c1)C(=O)N)c2cc(cc(c2)Cl)F","InChI=1S/C12H8ClFN2O/c13-8-4-7(5-9(14)6-8)10-2-1-3-11(16-10)12(15)17/h1-6H,(H2,15,17)","XNBOTBNJDKRXMD-UHFFFAOYSA-N"
32347808,"2-Chloro-3-fluoro-N-phenylisonicotinamide",250.030914,"C12H8ClFN2O","c1ccc(cc1)NC(=O)c2ccnc(c2F)Cl","InChI=1S/C12H8ClFN2O/c13-11-10(14)9(6-7-15-11)12(17)16-8-4-2-1-3-5-8/h1-7H,(H,16,17)","POUIUMMRMDQROE-UHFFFAOYSA-N"
32368450,"2-Chloro-N-(5-fluoro-3-pyridinyl)benzamide",250.030914,"C12H8ClFN2O","c1ccc(c(c1)C(=O)Nc2cc(cnc2)F)Cl","InChI=1S/C12H8ClFN2O/c13-11-4-2-1-3-10(11)12(17)16-9-5-8(14)6-15-7-9/h1-7H,(H,16,17)","ABGQRAAIZHVMOW-UHFFFAOYSA-N"
32368451,"3-Chloro-N-(5-fluoro-3-pyridinyl)benzamide",250.030914,"C12H8ClFN2O","c1cc(cc(c1)Cl)C(=O)Nc2cc(cnc2)F","InChI=1S/C12H8ClFN2O/c13-9-3-1-2-8(4-9)12(17)16-11-5-10(14)6-15-7-11/h1-7H,(H,16,17)","RVBITOYMXYHGHA-UHFFFAOYSA-N"
32368452,"4-Chloro-N-(5-fluoro-3-pyridinyl)benzamide",250.030914,"C12H8ClFN2O","c1cc(ccc1C(=O)Nc2cc(cnc2)F)Cl","InChI=1S/C12H8ClFN2O/c13-9-3-1-8(2-4-9)12(17)16-11-5-10(14)6-15-7-11/h1-7H,(H,16,17)","KOJJIJBXJORETG-UHFFFAOYSA-N"
32519051,"2-Chloro-6-fluoro-N-(3-pyridinyl)benzamide",250.030914,"C12H8ClFN2O","c1cc(c(c(c1)Cl)C(=O)Nc2cccnc2)F","InChI=1S/C12H8ClFN2O/c13-9-4-1-5-10(14)11(9)12(17)16-8-3-2-6-15-7-8/h1-7H,(H,16,17)","SJRCAWUCJXCQPP-UHFFFAOYSA-N"
32632259,"2-Chloro-6-fluoro-N-(2-pyridinyl)benzamide",250.030914,"C12H8ClFN2O","c1ccnc(c1)NC(=O)c2c(cccc2Cl)F","InChI=1S/C12H8ClFN2O/c13-8-4-3-5-9(14)11(8)12(17)16-10-6-1-2-7-15-10/h1-7H,(H,15,16,17)","FBUNGFRWWCZKJL-UHFFFAOYSA-N"
32642822,"3-Chloro-4-fluoro-N-(2-pyridinyl)benzamide",250.030914,"C12H8ClFN2O","c1ccnc(c1)NC(=O)c2ccc(c(c2)Cl)F","InChI=1S/C12H8ClFN2O/c13-9-7-8(4-5-10(9)14)12(17)16-11-3-1-2-6-15-11/h1-7H,(H,15,16,17)","HAMYRYHDLXWGRS-UHFFFAOYSA-N"
34272983,"4-(3-Methyl-5-oxo-1,3-cyclopentadien-1-yl)benzenesulfonic acid",250.029984,"C12H10O4S","CC1=CC(=O)C(=C1)c2ccc(cc2)S(=O)(=O)O","InChI=1S/C12H10O4S/c1-8-6-11(12(13)7-8)9-2-4-10(5-3-9)17(14,15)16/h2-7H,1H3,(H,14,15,16)","ZUGVIVFZYHFCSC-UHFFFAOYSA-N"
34446871,"(3-Amino-4-pyridinyl)(3-chloro-4-fluorophenyl)methanone",250.030914,"C12H8ClFN2O","c1cc(c(cc1C(=O)c2ccncc2N)Cl)F","InChI=1S/C12H8ClFN2O/c13-9-5-7(1-2-10(9)14)12(17)8-3-4-16-6-11(8)15/h1-6H,15H2","KGJKTZDIWMYLCU-UHFFFAOYSA-N"
34446935,"(3-Amino-4-pyridinyl)(2-chloro-4-fluorophenyl)methanone",250.030914,"C12H8ClFN2O","c1cc(c(cc1F)Cl)C(=O)c2ccncc2N","InChI=1S/C12H8ClFN2O/c13-10-5-7(14)1-2-8(10)12(17)9-3-4-16-6-11(9)15/h1-6H,15H2","RYEULGIHAGFIJO-UHFFFAOYSA-N"
34447975,"(3-Amino-4-pyridinyl)(2-chloro-6-fluorophenyl)methanone",250.030914,"C12H8ClFN2O","c1cc(c(c(c1)Cl)C(=O)c2ccncc2N)F","InChI=1S/C12H8ClFN2O/c13-8-2-1-3-9(14)11(8)12(17)7-4-5-16-6-10(7)15/h1-6H,15H2","VZUFIYMJKAZIGP-UHFFFAOYSA-N"
34843192,"2-Chloroethyl [5-(ethylsulfanyl)-4H-1,2,4-triazol-3-yl]carbamate",250.029129,"C7H11ClN4O2S","CCSc1[nH]c(nn1)NC(=O)OCCCl","InChI=1S/C7H11ClN4O2S/c1-2-15-6-9-5(11-12-6)10-7(13)14-4-3-8/h2-4H2,1H3,(H2,9,10,11,12,13)","CXAFNIOODWVBJS-UHFFFAOYSA-N"
43014588,"4-Chloro-N-(1,2,4-triazin-3-yl)-1-butanesulfonamide",250.029129,"C7H11ClN4O2S","c1cnnc(n1)NS(=O)(=O)CCCCCl","InChI=1S/C7H11ClN4O2S/c8-3-1-2-6-15(13,14)12-7-9-4-5-10-11-7/h4-5H,1-3,6H2,(H,9,11,12)","HHAVZWBOWDMARE-UHFFFAOYSA-N"
43014589,"3-Chloro-2-methyl-N-(1,2,4-triazin-3-yl)-1-propanesulfonamide",250.029129,"C7H11ClN4O2S","CC(CS(=O)(=O)Nc1nccnn1)CCl","InChI=1S/C7H11ClN4O2S/c1-6(4-8)5-15(13,14)12-7-9-2-3-10-11-7/h2-3,6H,4-5H2,1H3,(H,9,11,12)","JURQQMURXPVPCF-UHFFFAOYSA-N"
43282293,"5-[2-(Methylsulfanyl)phenoxy]-2-furoic acid",250.029984,"C12H10O4S","CSc1ccccc1Oc2ccc(o2)C(=O)O","InChI=1S/C12H10O4S/c1-17-10-5-3-2-4-8(10)15-11-7-6-9(16-11)12(13)14/h2-7H,1H3,(H,13,14)","RWFFHSNHIBSPHS-UHFFFAOYSA-N"
43282314,"5-[4-(Methylsulfanyl)phenoxy]-2-furoic acid",250.029984,"C12H10O4S","CSc1ccc(cc1)Oc2ccc(o2)C(=O)O","InChI=1S/C12H10O4S/c1-17-9-4-2-8(3-5-9)15-11-7-6-10(16-11)12(13)14/h2-7H,1H3,(H,13,14)","IBUCMBBIYQGXKX-UHFFFAOYSA-N"
