"Identifier","CompoundName","MonoisotopicMass","MolecularFormula","SMILES","InChI","InChIKey"
3229,"Fenthion",278.02002,"C10H15O3PS2","Cc1cc(ccc1SC)OP(=S)(OC)OC","InChI=1S/C10H15O3PS2/c1-8-7-9(5-6-10(8)16-4)13-14(15,11-2)12-3/h5-7H,1-4H3","PNVJTZOFSHSLTO-UHFFFAOYSA-N"
73110,"O-Methyl O-[3-methyl-4-(methylsulfinyl)phenyl] methylphosphonothioate",278.02002,"C10H15O3PS2","Cc1cc(ccc1S(=O)C)OP(=S)(C)OC","InChI=1S/C10H15O3PS2/c1-8-7-9(13-14(3,15)12-2)5-6-10(8)16(4)11/h5-7H,1-4H3","DHPHGWYFHFFKAH-UHFFFAOYSA-N"
107089,"O,S-Dimethyl O-[3-methyl-4-(methylsulfanyl)phenyl] phosphorothioate",278.02002,"C10H15O3PS2","Cc1cc(ccc1SC)OP(=O)(OC)SC","InChI=1S/C10H15O3PS2/c1-8-7-9(5-6-10(8)15-3)13-14(11,12-2)16-4/h5-7H,1-4H3","UYWDLWPAXCHVNZ-UHFFFAOYSA-N"
112958,"2-Deoxy-2-fluoro-6-O-phosphono-D-gluconic acid",278.020294,"C6H12FO9P","C([C@H]([C@H]([C@@H]([C@H](C(=O)O)F)O)O)O)OP(=O)(O)O","InChI=1S/C6H12FO9P/c7-3(6(11)12)5(10)4(9)2(8)1-16-17(13,14)15/h2-5,8-10H,1H2,(H,11,12)(H2,13,14,15)/t2-,3-,4-,5-/m1/s1","HPWDTWLWYRUEAR-TXICZTDVSA-N"
187261,"N-(6-Chloro-3-pyridazinyl)-4-nitrobenzamide",278.02066,"C11H7ClN4O3","c1cc(ccc1C(=O)Nc2ccc(nn2)Cl)[N+](=O)[O-]","InChI=1S/C11H7ClN4O3/c12-9-5-6-10(15-14-9)13-11(17)7-1-3-8(4-2-7)16(18)19/h1-6H,(H,13,15,17)","SJFKAZGPHJAMRP-UHFFFAOYSA-N"
197921,"9-(4-Chlorophenyl)-7,9-dihydro-1H-purine-2,6,8(3H)-trione",278.02066,"C11H7ClN4O3","c1cc(ccc1n2c3c(c(=O)[nH]c(=O)[nH]3)[nH]c2=O)Cl","InChI=1S/C11H7ClN4O3/c12-5-1-3-6(4-2-5)16-8-7(13-11(16)19)9(17)15-10(18)14-8/h1-4H,(H,13,19)(H2,14,15,17,18)","WSURXXZRIHEJDE-UHFFFAOYSA-N"
197922,"9-(2-Chlorophenyl)-7,9-dihydro-1H-purine-2,6,8(3H)-trione",278.02066,"C11H7ClN4O3","c1ccc(c(c1)n2c3c(c(=O)[nH]c(=O)[nH]3)[nH]c2=O)Cl","InChI=1S/C11H7ClN4O3/c12-5-3-1-2-4-6(5)16-8-7(13-11(16)19)9(17)15-10(18)14-8/h1-4H,(H,13,19)(H2,14,15,17,18)","RGIOLRJJEJLBHC-UHFFFAOYSA-N"
359894,"5-[1-(4-Chlorophenyl)-4-hydroxy-1H-pyrazol-3-yl]-1,3,4-oxadiazol-2(3H)-one",278.02066,"C11H7ClN4O3","c1cc(ccc1n2cc(c(n2)c3n[nH]c(=O)o3)O)Cl","InChI=1S/C11H7ClN4O3/c12-6-1-3-7(4-2-6)16-5-8(17)9(15-16)10-13-14-11(18)19-10/h1-5,17H,(H,14,18)","DBMMPJBBLWSENN-UHFFFAOYSA-N"
451447,"(1E,1'Z)-3,3'-Disulfanediyldipropanimidamide dihydrochloride",278.019348,"C6H16Cl2N4S2","[H]/N=C(\N)/CCSSCC/C(=N\[H])/N.Cl.Cl","InChI=1S/C6H14N4S2.2ClH/c7-5(8)1-3-11-12-4-2-6(9)10;;/h1-4H2,(H3,7,8)(H3,9,10);2*1H","ZKEMDIJQCNCJLO-UHFFFAOYSA-N"
523997,"p-Tolyl selenoxide",278.020996,"C14H14OSe","Cc1ccc(cc1)[Se](=O)c2ccc(cc2)C","InChI=1S/C14H14OSe/c1-11-3-7-13(8-4-11)16(15)14-9-5-12(2)6-10-14/h3-10H,1-2H3","SSHNCKVJNHOUCT-UHFFFAOYSA-N"
629588,"4-Chloro-N,N-bis(cyanomethyl)-3-nitrobenzamide",278.02066,"C11H7ClN4O3","c1cc(c(cc1C(=O)N(CC#N)CC#N)[N+](=O)[O-])Cl","InChI=1S/C11H7ClN4O3/c12-9-2-1-8(7-10(9)16(18)19)11(17)15(5-3-13)6-4-14/h1-2,7H,5-6H2","PFWOUDOKRDXWME-UHFFFAOYSA-N"
667022,"2-Chloro-4-nitro-N-(2-pyrimidinyl)benzamide",278.02066,"C11H7ClN4O3","c1cnc(nc1)NC(=O)c2ccc(cc2Cl)[N+](=O)[O-]","InChI=1S/C11H7ClN4O3/c12-9-6-7(16(18)19)2-3-8(9)10(17)15-11-13-4-1-5-14-11/h1-6H,(H,13,14,15,17)","PBBNAKFFEVLQKY-UHFFFAOYSA-N"
690089,"4-Chloro-N,N-bis(cyanomethyl)-2-nitrobenzamide",278.02066,"C11H7ClN4O3","c1cc(c(cc1Cl)[N+](=O)[O-])C(=O)N(CC#N)CC#N","InChI=1S/C11H7ClN4O3/c12-8-1-2-9(10(7-8)16(18)19)11(17)15(5-3-13)6-4-14/h1-2,7H,5-6H2","OVAHPNYFCVVRHZ-UHFFFAOYSA-N"
696749,"2-Chloro-N,N-bis(cyanomethyl)-4-nitrobenzamide",278.02066,"C11H7ClN4O3","c1cc(c(cc1[N+](=O)[O-])Cl)C(=O)N(CC#N)CC#N","InChI=1S/C11H7ClN4O3/c12-10-7-8(16(18)19)1-2-9(10)11(17)15(5-3-13)6-4-14/h1-2,7H,5-6H2","PEYPNMJENSGFOO-UHFFFAOYSA-N"
785133,"N-(4-Chloro-3-nitrophenyl)-2-pyrazinecarboxamide",278.02066,"C11H7ClN4O3","c1cc(c(cc1NC(=O)c2cnccn2)[N+](=O)[O-])Cl","InChI=1S/C11H7ClN4O3/c12-8-2-1-7(5-10(8)16(18)19)15-11(17)9-6-13-3-4-14-9/h1-6H,(H,15,17)","CVWKUNUDZXXURA-UHFFFAOYSA-N"
2367365,"4-Chloro-3-nitro-N-(2-pyrimidinyl)benzamide",278.02066,"C11H7ClN4O3","c1cnc(nc1)NC(=O)c2ccc(c(c2)[N+](=O)[O-])Cl","InChI=1S/C11H7ClN4O3/c12-8-3-2-7(6-9(8)16(18)19)10(17)15-11-13-4-1-5-14-11/h1-6H,(H,13,14,15,17)","PAEZCJWEBHYXPJ-UHFFFAOYSA-N"
2529924,"3-[(5-Chloro-2-pyridinyl)carbamoyl]-2-pyrazinecarboxylic acid",278.02066,"C11H7ClN4O3","c1cc(ncc1Cl)NC(=O)c2c(nccn2)C(=O)O","InChI=1S/C11H7ClN4O3/c12-6-1-2-7(15-5-6)16-10(17)8-9(11(18)19)14-4-3-13-8/h1-5H,(H,18,19)(H,15,16,17)","IFJKAXKRMIJQHS-UHFFFAOYSA-N"
2582865,"2-Chloro-N,N-bis(cyanomethyl)-5-nitrobenzamide",278.02066,"C11H7ClN4O3","c1cc(c(cc1[N+](=O)[O-])C(=O)N(CC#N)CC#N)Cl","InChI=1S/C11H7ClN4O3/c12-10-2-1-8(16(18)19)7-9(10)11(17)15(5-3-13)6-4-14/h1-2,7H,5-6H2","PWRMJXIRDKOIKF-UHFFFAOYSA-N"
3275061,"2-Chloro-N-(5-nitro-2-pyridinyl)nicotinamide",278.02066,"C11H7ClN4O3","c1cc(c(nc1)Cl)C(=O)Nc2ccc(cn2)[N+](=O)[O-]","InChI=1S/C11H7ClN4O3/c12-10-8(2-1-5-13-10)11(17)15-9-4-3-7(6-14-9)16(18)19/h1-6H,(H,14,15,17)","URNUZFILSQVXIN-UHFFFAOYSA-N"
3334082,"N-(3-Azido-4-chloro-5-oxo-2,5-dihydro-2-furanyl)benzamide",278.02066,"C11H8ClN4O3","c1ccc(cc1)C(=O)NC2C(=C(C(=O)O2)Cl)N=[N+]=[N-]","InChI=1S/C11H7ClN4O3/c12-7-8(15-16-13)10(19-11(7)18)14-9(17)6-4-2-1-3-5-6/h1-5,10H,(H,14,17)","YKHXJEWNAISICC-UHFFFAOYSA-N"
3409422,"5-Chloro-2-nitro-N-(2-pyrimidinyl)benzamide",278.02066,"C11H7ClN4O3","c1cnc(nc1)NC(=O)c2cc(ccc2[N+](=O)[O-])Cl","InChI=1S/C11H7ClN4O3/c12-7-2-3-9(16(18)19)8(6-7)10(17)15-11-13-4-1-5-14-11/h1-6H,(H,13,14,15,17)","YNCDSIFWBDZLJL-UHFFFAOYSA-N"
3438706,"2-Chloro-5-nitro-N-(2-pyrimidinyl)benzamide",278.02066,"C11H7ClN4O3","c1cnc(nc1)NC(=O)c2cc(ccc2Cl)[N+](=O)[O-]","InChI=1S/C11H7ClN4O3/c12-9-3-2-7(16(18)19)6-8(9)10(17)15-11-13-4-1-5-14-11/h1-6H,(H,13,14,15,17)","BOBFNNMCVJOYBI-UHFFFAOYSA-N"
3491374,"N-(2-Chloro-5-nitrophenyl)-2-pyrazinecarboxamide",278.02066,"C11H7ClN4O3","c1cc(c(cc1[N+](=O)[O-])NC(=O)c2cnccn2)Cl","InChI=1S/C11H7ClN4O3/c12-8-2-1-7(16(18)19)5-9(8)15-11(17)10-6-13-3-4-14-10/h1-6H,(H,15,17)","CLWKKESKPOXTOV-UHFFFAOYSA-N"
4183734,"N-(2-Chloro-4-nitrophenyl)-2-pyrazinecarboxamide",278.02066,"C11H7ClN4O3","c1cc(c(cc1[N+](=O)[O-])Cl)NC(=O)c2cnccn2","InChI=1S/C11H7ClN4O3/c12-8-5-7(16(18)19)1-2-9(8)15-11(17)10-6-13-3-4-14-10/h1-6H,(H,15,17)","LLQNLTOFDVBLTF-UHFFFAOYSA-N"
4891503,"Methanesulfonic acid, 1-[[[(4-cyanophenyl)amino]carbonyl]amino]-, sodium salt (1:1)",278.021149,"C9H9N3NaO4S","c1cc(ccc1C#N)NC(=O)NCS(=O)(=O)O.[Na]","InChI=1S/C9H9N3O4S.Na/c10-5-7-1-3-8(4-2-7)12-9(13)11-6-17(14,15)16;/h1-4H,6H2,(H2,11,12,13)(H,14,15,16);","NIXPZZCFQAOSRU-UHFFFAOYSA-N"
8036168,"7-(4-Chloro-2-thienyl)-2-sulfanylheptanoic acid",278.020203,"C11H15ClO2S2","Clc1cc(sc1)CCCCCC(S)C(=O)O","InChI=1S/C11H15ClO2S2/c12-8-6-9(16-7-8)4-2-1-3-5-10(15)11(13)14/h6-7,10,15H,1-5H2,(H,13,14)","OVZFDGYAGNWROS-UHFFFAOYSA-N"
8057785,"3-(Ethylsulfinyl)-6-fluoro-3,4-dihydro-2H-1,2,4-benzothiadiazine 1,1-dioxide",278.019501,"C9H11FN2O3S2","Fc2ccc1c(NC(NS1(=O)=O)S(=O)CC)c2","InChI=1S/C9H11FN2O3S2/c1-2-16(13)9-11-7-5-6(10)3-4-8(7)17(14,15)12-9/h3-5,9,11-12H,2H2,1H3","DDGPTPOKKCUZAT-UHFFFAOYSA-N"
8146403,"2-{[3-Chloro(~14~C_6_)phenyl]amino}nicotinoyl chloride",278.020813,"C6[14C]6H8Cl2N2O","c1cc(cc(c1)Cl)Nc2c(cccn2)C(=O)Cl","InChI=1S/C12H8Cl2N2O/c13-8-3-1-4-9(7-8)16-12-10(11(14)17)5-2-6-15-12/h1-7H,(H,15,16)","JRLFITXCEALNKO-UHFFFAOYSA-N"
8483709,"N-(2-Chloro-5-pyrimidinyl)-4-nitrobenzamide",278.02066,"C11H7ClN4O3","Clc2ncc(NC(=O)c1ccc([N+]([O-])=O)cc1)cn2","InChI=1S/C11H7ClN4O3/c12-11-13-5-8(6-14-11)15-10(17)7-1-3-9(4-2-7)16(18)19/h1-6H,(H,15,17)","RSHFCYAFKKRCBU-UHFFFAOYSA-N"
8621618,"1-Methoxy-2-[(phenylselanyl)methyl]benzene",278.020996,"C14H14OSe","O(c1ccccc1C[Se]c2ccccc2)C","InChI=1S/C14H14OSe/c1-15-14-10-6-5-7-12(14)11-16-13-8-3-2-4-9-13/h2-10H,11H2,1H3","OZRGRVNHZLXIOA-UHFFFAOYSA-N"
8739974,"(8-Chloro-5-oxidopyrazolo[5,1-c][1,2,4]benzotriazin-3-yl)acetic acid",278.02066,"C11H7ClN4O3","Clc3ccc1c(n2ncc(c2n[n+]1[O-])CC(=O)O)c3","InChI=1S/C11H7ClN4O3/c12-7-1-2-8-9(4-7)15-11(14-16(8)19)6(5-13-15)3-10(17)18/h1-2,4-5H,3H2,(H,17,18)","KOHOEQCMFXFMGH-UHFFFAOYSA-N"
8787917,"(2E)-2-Cyclohexen-1-ylidene(phenylselanyl)acetaldehyde",278.020996,"C14H14OSe","O=CC(/[Se]c1ccccc1)=C2\C=C/CCC2","InChI=1S/C14H14OSe/c15-11-14(12-7-3-1-4-8-12)16-13-9-5-2-6-10-13/h2-3,5-7,9-11H,1,4,8H2/b14-12-","FATAWHZPSXUDMI-OWBHPGMISA-N"
8788048,"4,4'-Disulfanediylbispyrazolidin-1-ium dichloride",278.019348,"C6H16Cl2N4S2","[Cl-].[Cl-].S(SC1C[NH2+]NC1)C2CN[NH2+]C2","InChI=1S/C6H14N4S2.2ClH/c1-5(2-8-7-1)11-12-6-3-9-10-4-6;;/h5-10H,1-4H2;2*1H","AVGRLDUUNOEPLY-UHFFFAOYSA-N"
9001750,"Diethyl [1-(1,3-dithiolan-2-ylidene)-2-propyn-1-yl]phosphonate",278.02002,"C10H15O3PS2","O=P(OCC)(OCC)C(/C#C)=C1/SCCS1","InChI=1S/C10H15O3PS2/c1-4-9(10-15-7-8-16-10)14(11,12-5-2)13-6-3/h1H,5-8H2,2-3H3","RJXKYRUSYRQVOL-UHFFFAOYSA-N"
9025548,"(7-Chloro-4-oxo-4,5-dihydro[1,2,4]triazolo[1,5-a]quinoxalin-2-yl)acetic acid",278.02066,"C11H7ClN4O3","C1=CC2=C(C=C1Cl)N=C(C3=NC(=NN23)CC(=O)O)O","InChI=1S/C11H7ClN4O3/c12-5-1-2-7-6(3-5)13-11(19)10-14-8(4-9(17)18)15-16(7)10/h1-3H,4H2,(H,13,19)(H,17,18)","VFXGXPHYNUGGDL-UHFFFAOYSA-N"
9061337,"1-[(4-Methoxyphenyl)selanyl]-2-methylbenzene",278.020996,"C14H14OSe","[Se](c1ccc(OC)cc1)c2ccccc2C","InChI=1S/C14H14OSe/c1-11-5-3-4-6-14(11)16-13-9-7-12(15-2)8-10-13/h3-10H,1-2H3","BQHIROPGFWJQBA-UHFFFAOYSA-N"
9088061,"3,5-Dimethyl-4-(phenylselanyl)phenol",278.020996,"C14H14OSe","[Se](c1c(cc(O)cc1C)C)c2ccccc2","InChI=1S/C14H14OSe/c1-10-8-12(15)9-11(2)14(10)16-13-6-4-3-5-7-13/h3-9,15H,1-2H3","UEMBYQZSUYHPKZ-UHFFFAOYSA-N"
9099089,"2,3-Dimethyl-4-(phenylselanyl)phenol",278.020996,"C14H14OSe","Cc1c(ccc(O)c1C)[Se]c2ccccc2","InChI=1S/C14H14OSe/c1-10-11(2)14(9-8-13(10)15)16-12-6-4-3-5-7-12/h3-9,15H,1-2H3","UFCMGVBSYYHWFV-UHFFFAOYSA-N"
9164717,"3,5-Dimethyl-2-(phenylselanyl)phenol",278.020996,"C14H14OSe","Cc1cc(c(c(c1)O)[Se]c2ccccc2)C","InChI=1S/C14H14OSe/c1-10-8-11(2)14(13(15)9-10)16-12-6-4-3-5-7-12/h3-9,15H,1-2H3","NFIQFTOSZZXVHY-UHFFFAOYSA-N"
9230134,"2,6-Dimethyl-4-(phenylselanyl)phenol",278.020996,"C14H14OSe","[Se](c1cc(c(O)c(c1)C)C)c2ccccc2","InChI=1S/C14H14OSe/c1-10-8-13(9-11(2)14(10)15)16-12-6-4-3-5-7-12/h3-9,15H,1-2H3","LWAAXVKMXIJSDZ-UHFFFAOYSA-N"
9251866,"1-Methoxy-2-methyl-4-(phenylselanyl)benzene",278.020996,"C14H14OSe","O(c2ccc([Se]c1ccccc1)cc2C)C","InChI=1S/C14H14OSe/c1-11-10-13(8-9-14(11)15-2)16-12-6-4-3-5-7-12/h3-10H,1-2H3","GWECMRFSWRVFLB-UHFFFAOYSA-N"
9262197,"2,5-Dimethyl-4-(phenylselanyl)phenol",278.020996,"C14H14OSe","Cc1cc(c(cc1[Se]c2ccccc2)C)O","InChI=1S/C14H14OSe/c1-10-9-14(11(2)8-13(10)15)16-12-6-4-3-5-7-12/h3-9,15H,1-2H3","VRWXUMXKSAJICY-UHFFFAOYSA-N"
9272970,"1-Methoxy-4-methyl-2-(phenylselanyl)benzene",278.020996,"C14H14OSe","COc2ccc(C)cc2[Se]c1ccccc1","InChI=1S/C14H14OSe/c1-11-8-9-13(15-2)14(10-11)16-12-6-4-3-5-7-12/h3-10H,1-2H3","MNNDKBZISMRELH-UHFFFAOYSA-N"
9383231,"(1S)-1-[3-(Phenylselanyl)phenyl]ethanol",278.020996,"C14H14OSe","[Se](c1ccccc1)c2cc(ccc2)[C@@H](O)C","InChI=1S/C14H14OSe/c1-11(15)12-6-5-9-14(10-12)16-13-7-3-2-4-8-13/h2-11,15H,1H3/t11-/m0/s1","IENJHTMUBVQKJK-NSHDSACASA-N"
9417911,"1-(Benzylselanyl)-4-methoxybenzene",278.020996,"C14H14OSe","[Se](c1ccc(OC)cc1)Cc2ccccc2","InChI=1S/C14H14OSe/c1-15-13-7-9-14(10-8-13)16-11-12-5-3-2-4-6-12/h2-10H,11H2,1H3","JBKQHSUZRQPHFN-UHFFFAOYSA-N"
9532856,"8-Chloro-7-methoxytetrazolo[1,5-a]quinoline-4-carboxylic acid",278.02066,"C11H7ClN4O3","Clc2c(OC)cc1cc(c3nnnn3c1c2)C(=O)O","InChI=1S/C11H7ClN4O3/c1-19-9-3-5-2-6(11(17)18)10-13-14-15-16(10)8(5)4-7(9)12/h2-4H,1H3,(H,17,18)","YJXHIVRBMRDLCW-UHFFFAOYSA-N"
9667655,"5-[(3-Bromopropyl)sulfanyl]-1-(2-methyl-2-propanyl)-1H-tetrazole",278.020081,"C8H15BrN4S","BrCCCSc1nnnn1C(C)(C)C","InChI=1S/C8H15BrN4S/c1-8(2,3)13-7(10-11-12-13)14-6-4-5-9/h4-6H2,1-3H3","JQDQLHCLEYGEFI-UHFFFAOYSA-N"
9761961,"Mesityl(2-selenophenyl)methanone",278.020996,"C14H14OSe","O=C(c1c(cc(cc1C)C)C)c2[se]ccc2","InChI=1S/C14H14OSe/c1-9-7-10(2)13(11(3)8-9)14(15)12-5-4-6-16-12/h4-8H,1-3H3","VASIYZXSXXJPTE-UHFFFAOYSA-N"
9952931,"1-Methoxy-4-[(phenylselanyl)methyl]benzene",278.020996,"C14H14OSe","O(c1ccc(cc1)C[Se]c2ccccc2)C","InChI=1S/C14H14OSe/c1-15-13-9-7-12(8-10-13)11-16-14-5-3-2-4-6-14/h2-10H,11H2,1H3","ZQUCAKVBLZZVHK-UHFFFAOYSA-N"
9955494,"1-Phenyl-2-(phenylselanyl)ethanol",278.020996,"C14H14OSe","[Se](c1ccccc1)CC(O)c2ccccc2","InChI=1S/C14H14OSe/c15-14(12-7-3-1-4-8-12)11-16-13-9-5-2-6-10-13/h1-10,14-15H,11H2","RKLQIYWNDDRJHD-UHFFFAOYSA-N"
9996546,"1,1'-[Seleninylbis(methylene)]dibenzene",278.020996,"C14H14OSe","c1ccc(cc1)C[Se](=O)Cc2ccccc2","InChI=1S/C14H14OSe/c15-16(11-13-7-3-1-4-8-13)12-14-9-5-2-6-10-14/h1-10H,11-12H2","CKUQKRYWMBNTJO-UHFFFAOYSA-N"
10010610,"4-Chloro-3-nitro-N-(4-pyrimidinyl)benzamide",278.02066,"C11H7ClN4O3","c1cc(c(cc1C(=O)Nc2ccncn2)[N+](=O)[O-])Cl","InChI=1S/C11H7ClN4O3/c12-8-2-1-7(5-9(8)16(18)19)11(17)15-10-3-4-13-6-14-10/h1-6H,(H,13,14,15,17)","BIAMTYKAOGPCCM-UHFFFAOYSA-N"
10169084,"1,1,2,2-Tetrafluoro-1-methoxy-2-(1,1,2,2-tetrafluoro-2-methoxyethoxy)ethane",278.018921,"C6H6F8O3","COC(C(OC(C(OC)(F)F)(F)F)(F)F)(F)F","InChI=1S/C6H6F8O3/c1-15-3(7,8)5(11,12)17-6(13,14)4(9,10)16-2/h1-2H3","SOTHGFWOXYVWFW-UHFFFAOYSA-N"
10439807,"5-{[(2-Fluoroethyl)amino]methyl}thieno[2,3-b]furan-2-sulfonamide",278.019501,"C9H11FN2O3S2","C1=C(SC2=C1C=C(O2)S(=O)(=O)N)CNCCF","InChI=1S/C9H11FN2O3S2/c10-1-2-12-5-7-3-6-4-8(17(11,13)14)15-9(6)16-7/h3-4,12H,1-2,5H2,(H2,11,13,14)","SUYKQOFDCDFXPQ-UHFFFAOYSA-N"
10517627,"8-(4-Chlorophenyl)-7-hydroxy-3,7-dihydro-1H-purine-2,6-dione",278.02066,"C11H7ClN4O3","Clc1ccc(cc1)c3nc2NC(=O)NC(=O)c2n3O","InChI=1S/C11H7ClN4O3/c12-6-3-1-5(2-4-6)9-13-8-7(16(9)19)10(17)15-11(18)14-8/h1-4,19H,(H2,14,15,17,18)","FKGVROZAUBWHHQ-UHFFFAOYSA-N"
10573663,"2,3-Bis(4-fluorophenyl)thiirene 1,1-dioxide",278.021301,"C14H8F2O2S","O=S2(=O)C(=C2/c1ccc(F)cc1)\c3ccc(F)cc3","InChI=1S/C14H8F2O2S/c15-11-5-1-9(2-6-11)13-14(19(13,17)18)10-3-7-12(16)8-4-10/h1-8H","BZKLPJULBMRGHD-UHFFFAOYSA-N"
10581022,"N-(6-Chloro-5-nitro-2-pyridinyl)isonicotinamide",278.02066,"C11H7ClN4O3","O=[N+]([O-])c2ccc(NC(=O)c1ccncc1)nc2Cl","InChI=1S/C11H7ClN4O3/c12-10-8(16(18)19)1-2-9(14-10)15-11(17)7-3-5-13-6-4-7/h1-6H,(H,14,15,17)","PRXRHHAHVRFWKU-UHFFFAOYSA-N"
13712433,"O,O-Dimethyl S-[3-methyl-4-(methylsulfanyl)phenyl] phosphorothioate",278.02002,"C10H15O3PS2","Cc1cc(ccc1SC)SP(=O)(OC)OC","InChI=1S/C10H15O3PS2/c1-8-7-9(5-6-10(8)15-4)16-14(11,12-2)13-3/h5-7H,1-4H3","BWOMHPSEIQRPNX-UHFFFAOYSA-N"
16823181,"5-Chloro-N,N-bis(cyanomethyl)-2-nitrobenzamide",278.02066,"C11H7ClN4O3","c1cc(c(cc1Cl)C(=O)N(CC#N)CC#N)[N+](=O)[O-]","InChI=1S/C11H7ClN4O3/c12-8-1-2-10(16(18)19)9(7-8)11(17)15(5-3-13)6-4-14/h1-2,7H,5-6H2","XVSTUKPMEBSRLO-UHFFFAOYSA-N"
17253208,"6,8-Difluoro-2,3-dimethyldibenzo[b,d]thiophene-1,4-dione",278.021301,"C14H8F2O2S","CC1=C(C(=O)c2c(c3cc(cc(c3s2)F)F)C1=O)C","InChI=1S/C14H8F2O2S/c1-5-6(2)12(18)14-10(11(5)17)8-3-7(15)4-9(16)13(8)19-14/h3-4H,1-2H3","SWNPKFXKNNZCLK-UHFFFAOYSA-N"
19267045,"3-Chloro-6-(4-nitrophenyl)-4-pyridazinecarboxamide",278.02066,"C11H7ClN4O3","c1cc(ccc1c2cc(c(nn2)Cl)C(=O)N)[N+](=O)[O-]","InChI=1S/C11H7ClN4O3/c12-10-8(11(13)17)5-9(14-15-10)6-1-3-7(4-2-6)16(18)19/h1-5H,(H2,13,17)","RBQBBPDFRVGOII-UHFFFAOYSA-N"
21872421,"3-(7-Chloro-6-nitro-4-oxo-3(4H)-quinazolinyl)propanenitrile",278.02066,"C11H7ClN4O3","c1c2c(cc(c1[N+](=O)[O-])Cl)ncn(c2=O)CCC#N","InChI=1S/C11H7ClN4O3/c12-8-5-9-7(4-10(8)16(18)19)11(17)15(6-14-9)3-1-2-13/h4-6H,1,3H2","JKGGBGDXLVKRAR-UHFFFAOYSA-N"
23274916,"N-(2-Fluoro-4-sulfamoylphenyl)-3-sulfanylpropanamide",278.019501,"C9H11FN2O3S2","c1cc(c(cc1S(=O)(=O)N)F)NC(=O)CCS","InChI=1S/C9H11FN2O3S2/c10-7-5-6(17(11,14)15)1-2-8(7)12-9(13)3-4-16/h1-2,5,16H,3-4H2,(H,12,13)(H2,11,14,15)","BSTAVPKWEITVDL-UHFFFAOYSA-N"
23494099,"3-[(6-Chloro-3-pyridinyl)carbamoyl]-2-pyrazinecarboxylic acid",278.02066,"C11H7ClN4O3","c1cc(ncc1NC(=O)c2c(nccn2)C(=O)O)Cl","InChI=1S/C11H7ClN4O3/c12-7-2-1-6(5-15-7)16-10(17)8-9(11(18)19)14-4-3-13-8/h1-5H,(H,16,17)(H,18,19)","YUKNQGIMCMCGJD-UHFFFAOYSA-N"
23495516,"3-[(2-Chloro-3-pyridinyl)carbamoyl]-2-pyrazinecarboxylic acid",278.02066,"C11H7ClN4O3","c1cc(c(nc1)Cl)NC(=O)c2c(nccn2)C(=O)O","InChI=1S/C11H7ClN4O3/c12-9-6(2-1-3-15-9)16-10(17)7-8(11(18)19)14-5-4-13-7/h1-5H,(H,16,17)(H,18,19)","CBCUSWNIYHWAEB-UHFFFAOYSA-N"
24611892,"2-(1H-Imidazol-4-yl)ethyl N,N'-dimethylcarbamimidothioate hydrobromide (1:1)",278.020081,"C8H15BrN4S","CN/C(=N\C)/SCCc1c[nH]cn1.Br","InChI=1S/C8H14N4S.BrH/c1-9-8(10-2)13-4-3-7-5-11-6-12-7;/h5-6H,3-4H2,1-2H3,(H,9,10)(H,11,12);1H","SFNVNNLRHHTGNL-UHFFFAOYSA-N"
24620687,"2-(1H-Imidazol-4-yl)ethyl N,N-dimethylcarbamimidothioate hydrobromide (1:1)",278.020081,"C8H15BrN4S","CN(C)C(=N)SCCc1c[nH]cn1.Br","InChI=1S/C8H14N4S.BrH/c1-12(2)8(9)13-4-3-7-5-10-6-11-7;/h5-6,9H,3-4H2,1-2H3,(H,10,11);1H","DENPWBXPULSRKN-UHFFFAOYSA-N"
24795361,"3-Fluoro-7-hydroxy-8-(hydroxymethyl)-2-(trifluoromethyl)-4H-chromen-4-one",278.020233,"C11H6F4O4","c1cc(c(c2c1c(=O)c(c(o2)C(F)(F)F)F)CO)O","InChI=1S/C11H6F4O4/c12-7-8(18)4-1-2-6(17)5(3-16)9(4)19-10(7)11(13,14)15/h1-2,16-17H,3H2","VYWCRRWDHRPZJA-UHFFFAOYSA-N"
25944277,"Benzyl 2-methoxyphenyl selenide",278.020996,"C14H14OSe","COc1ccccc1[Se]Cc2ccccc2","InChI=1S/C14H14OSe/c1-15-13-9-5-6-10-14(13)16-11-12-7-3-2-4-8-12/h2-10H,11H2,1H3","VYEBKOSHYGTKFS-UHFFFAOYSA-N"
26231923,"[2-(Trifluoromethoxy)benzyl]hydrazine dihydrochloride",278.02005,"C8H11Cl2F3N2O","c1ccc(c(c1)CNN)OC(F)(F)F.Cl.Cl","InChI=1S/C8H9F3N2O.2ClH/c9-8(10,11)14-7-4-2-1-3-6(7)5-13-12;;/h1-4,13H,5,12H2;2*1H","KTFLOIQKMQVJJT-UHFFFAOYSA-N"
28557009,"1-(Methoxymethyl)-2-(phenylselanyl)benzene",278.020996,"C14H14OSe","COCc1ccccc1[Se]c2ccccc2","InChI=1S/C14H14OSe/c1-15-11-12-7-5-6-10-14(12)16-13-8-3-2-4-9-13/h2-10H,11H2,1H3","LYOMJOPDXOUPPA-UHFFFAOYSA-N"
28560030,"5-Benzoyl-3-carbamoyl-1,2-oxazole-4-diazonium chloride",278.02066,"C11H7ClN4O3","c1ccc(cc1)C(=O)c2c(c(no2)C(=O)N)[N+]#N.[Cl-]","InChI=1S/C11H6N4O3.ClH/c12-11(17)8-7(14-13)10(18-15-8)9(16)6-4-2-1-3-5-6;/h1-5H,(H-,12,17);1H","UAQHHJHYLSVUSC-UHFFFAOYSA-N"
28678639,"{[Methoxy(phenyl)methyl]selanyl}benzene",278.020996,"C14H14OSe","COC(c1ccccc1)[Se]c2ccccc2","InChI=1S/C14H14OSe/c1-15-14(12-8-4-2-5-9-12)16-13-10-6-3-7-11-13/h2-11,14H,1H3","XHPMMODLRUWHLA-UHFFFAOYSA-N"
29340110,"Methyl 5-(4-chloro-1H-pyrrolo[2,3-b]pyridin-5-yl)-1,3,4-oxadiazole-2-carboxylate",278.02066,"C11H7ClN4O3","COC(=O)c1nnc(o1)c2cnc3c(c2Cl)cc[nH]3","InChI=1S/C11H7ClN4O3/c1-18-11(17)10-16-15-9(19-10)6-4-14-8-5(7(6)12)2-3-13-8/h2-4H,1H3,(H,13,14)","WMUQUDKOQOIVOW-UHFFFAOYSA-N"
29766429,"4-Hydroxy-3-methyl-5-oxo-5,6,7,8-tetrahydrochromenium perchlorate",278.019318,"C10H11ClO7","Cc1c[o+]c2c(c1O)C(=O)CCC2.[O-]Cl(=O)(=O)=O","InChI=1S/C10H11O3.ClHO4/c1-6-5-13-8-4-2-3-7(11)9(8)10(6)12;2-1(3,4)5/h5,12H,2-4H2,1H3;(H,2,3,4,5)/q+1;/p-1","OSQBLNMBLWVRTN-UHFFFAOYSA-M"
29784297,"[3-(Trifluoromethoxy)benzyl]hydrazine dihydrochloride",278.02005,"C8H11Cl2F3N2O","c1cc(cc(c1)OC(F)(F)F)CNN.Cl.Cl","InChI=1S/C8H9F3N2O.2ClH/c9-8(10,11)14-7-3-1-2-6(4-7)5-13-12;;/h1-4,13H,5,12H2;2*1H","IDWPMZVRJVJYMJ-UHFFFAOYSA-N"
29823103,"1-Chloro-4-({[2-(ethylsulfonyl)ethyl]sulfanyl}methyl)benzene",278.020203,"C11H15ClO2S2","CCS(=O)(=O)CCSCc1ccc(cc1)Cl","InChI=1S/C11H15ClO2S2/c1-2-16(13,14)8-7-15-9-10-3-5-11(12)6-4-10/h3-6H,2,7-9H2,1H3","NOXLWSYGYJXBRX-UHFFFAOYSA-N"
30120633,"5-Chloro-7-methyl-2-(4-nitro-1H-pyrazol-1-yl)-1,3-benzoxazole",278.02066,"C11H7ClN4O3","Cc1cc(cc2c1oc(n2)n3cc(cn3)[N+](=O)[O-])Cl","InChI=1S/C11H7ClN4O3/c1-6-2-7(12)3-9-10(6)19-11(14-9)15-5-8(4-13-15)16(17)18/h2-5H,1H3","FQCXRSQHPXUPEK-UHFFFAOYSA-N"
30156824,"1,2-Dimethyl-3-[(2-methyl-1,3-thiazol-4-yl)methyl]guanidine hydrobromide (1:1)",278.020081,"C8H15BrN4S","Cc1nc(cs1)CN/C(=N/C)/NC.Br","InChI=1S/C8H14N4S.BrH/c1-6-12-7(5-13-6)4-11-8(9-2)10-3;/h5H,4H2,1-3H3,(H2,9,10,11);1H","FCGUNIKAPDEWSB-UHFFFAOYSA-N"
30475562,"1-Chloro-3-({[2-(ethylsulfonyl)ethyl]sulfanyl}methyl)benzene",278.020203,"C11H15ClO2S2","CCS(=O)(=O)CCSCc1cccc(c1)Cl","InChI=1S/C11H15ClO2S2/c1-2-16(13,14)7-6-15-9-10-4-3-5-11(12)8-10/h3-5,8H,2,6-7,9H2,1H3","NZIHSGAFPSNZGZ-UHFFFAOYSA-N"
30768075,"4-[(4-Methylphenyl)sulfanyl]-1-butanesulfonyl chloride",278.020203,"C11H15ClO2S2","Cc1ccc(cc1)SCCCCS(=O)(=O)Cl","InChI=1S/C11H15ClO2S2/c1-10-4-6-11(7-5-10)15-8-2-3-9-16(12,13)14/h4-7H,2-3,8-9H2,1H3","UCHJYZMIWCWWOS-UHFFFAOYSA-N"
30814855,"5-Chloro-N-(3-nitrophenyl)-2-pyrazinecarboxamide",278.02066,"C11H7ClN4O3","c1cc(cc(c1)[N+](=O)[O-])NC(=O)c2cnc(cn2)Cl","InChI=1S/C11H7ClN4O3/c12-10-6-13-9(5-14-10)11(17)15-7-2-1-3-8(4-7)16(18)19/h1-6H,(H,15,17)","WAHMBVUHSWEIEI-UHFFFAOYSA-N"
34495751,"4-Fluoro-3-methyl-1,3-benzothiazol-2(3H)-imine methanesulfonate (1:1)",278.019501,"C9H11FN2O3S2","Cn1c2c(cccc2sc1=N)F.CS(=O)(=O)O","InChI=1S/C8H7FN2S.CH4O3S/c1-11-7-5(9)3-2-4-6(7)12-8(11)10;1-5(2,3)4/h2-4,10H,1H3;1H3,(H,2,3,4)","PZCRMVSQKBAYSP-UHFFFAOYSA-N"
34499730,"[4-(Trifluoromethoxy)benzyl]hydrazine dihydrochloride",278.02005,"C8H11Cl2F3N2O","c1cc(ccc1CNN)OC(F)(F)F.Cl.Cl","InChI=1S/C8H9F3N2O.2ClH/c9-8(10,11)14-7-3-1-6(2-4-7)5-13-12;;/h1-4,13H,5,12H2;2*1H","RSAPPDCMQWIJJB-UHFFFAOYSA-N"
34771353,"N-(4-Chloro-2-nitrophenyl)-2-pyrazinecarboxamide",278.02066,"C11H7ClN4O3","c1cc(c(cc1Cl)[N+](=O)[O-])NC(=O)c2cnccn2","InChI=1S/C11H7ClN4O3/c12-7-1-2-8(10(5-7)16(18)19)15-11(17)9-6-13-3-4-14-9/h1-6H,(H,15,17)","ZDFDGLUKSCIOMC-UHFFFAOYSA-N"
34997519,"Sodium 3,4-dihydroxy-9,10-dioxo-9,10-dihydro-2-anthracenolate",278.019104,"C14H7NaO5","c1ccc2c(c1)C(=O)c3cc(c(c(c3C2=O)O)O)[O-].[Na+]","InChI=1S/C14H8O5.Na/c15-9-5-8-10(14(19)13(9)18)12(17)7-4-2-1-3-6(7)11(8)16;/h1-5,15,18-19H;/q;+1/p-1","PECISXXELWHIKG-UHFFFAOYSA-M"
35236416,"3-Chloro-5-nitro-N-(2-pyrazinyl)benzamide",278.02066,"C11H7ClN4O3","c1cnc(cn1)NC(=O)c2cc(cc(c2)Cl)[N+](=O)[O-]","InChI=1S/C11H7ClN4O3/c12-8-3-7(4-9(5-8)16(18)19)11(17)15-10-6-13-1-2-14-10/h1-6H,(H,14,15,17)","ILZCRAZVDOUMQK-UHFFFAOYSA-N"
35784491,"1-[2-(Phenylselanyl)phenyl]ethanol",278.020996,"C14H14OSe","CC(c1ccccc1[Se]c2ccccc2)O","InChI=1S/C14H14OSe/c1-11(15)13-9-5-6-10-14(13)16-12-7-3-2-4-8-12/h2-11,15H,1H3","SYWSVOGQJQJZJP-UHFFFAOYSA-N"
35786123,"Chloro{bis[(trimethylsilyl)methyl]}gallium",278.020447,"C8H22ClGaSi2","C[Si](C)(C)C[Ga](C[Si](C)(C)C)Cl","InChI=1S/2C4H11Si.ClH.Ga/c2*1-5(2,3)4;;/h2*1H2,2-4H3;1H;/q;;;+1/p-1","GIZFHKJCUULCGD-UHFFFAOYSA-M"
35788534,"1-[3-(Phenylselanyl)phenyl]ethanol",278.020996,"C14H14OSe","CC(c1cccc(c1)[Se]c2ccccc2)O","InChI=1S/C14H14OSe/c1-11(15)12-6-5-9-14(10-12)16-13-7-3-2-4-8-13/h2-11,15H,1H3","IENJHTMUBVQKJK-UHFFFAOYSA-N"
35795826,"1-Methoxy-4-[(4-methylphenyl)selanyl]benzene",278.020996,"C14H14OSe","Cc1ccc(cc1)[Se]c2ccc(cc2)OC","InChI=1S/C14H14OSe/c1-11-3-7-13(8-4-11)16-14-9-5-12(15-2)6-10-14/h3-10H,1-2H3","FYQPZMRKWPHZKR-UHFFFAOYSA-N"
36656519,"2-[Chloro(1,1-dioxidotetrahydro-3-thiophenyl)methyl]-3,5-dimethylthiophene",278.020203,"C11H15ClO2S2","Cc1cc(sc1C(C2CCS(=O)(=O)C2)Cl)C","InChI=1S/C11H15ClO2S2/c1-7-5-8(2)15-11(7)10(12)9-3-4-16(13,14)6-9/h5,9-10H,3-4,6H2,1-2H3","ZRBXXJOCCKXEDF-UHFFFAOYSA-N"
37002726,"2-[(2-Fluoro-5-methoxyphenyl)sulfamoyl]ethanethioamide",278.019501,"C9H11FN2O3S2","COc1ccc(c(c1)NS(=O)(=O)CC(=S)N)F","InChI=1S/C9H11FN2O3S2/c1-15-6-2-3-7(10)8(4-6)12-17(13,14)5-9(11)16/h2-4,12H,5H2,1H3,(H2,11,16)","VQWAQPHAHXDFLM-UHFFFAOYSA-N"
37820997,"4-Chloro-5-(2-oxo-2,3-dihydro-1H-benzimidazol-5-yl)-1H-pyrazole-3-carboxylic acid",278.02066,"C11H7ClN4O3","c1cc2c(cc1c3c(c(n[nH]3)C(=O)O)Cl)[nH]c(=O)[nH]2","InChI=1S/C11H7ClN4O3/c12-7-8(15-16-9(7)10(17)18)4-1-2-5-6(3-4)14-11(19)13-5/h1-3H,(H,15,16)(H,17,18)(H2,13,14,19)","CUSAFPKUIUCYHP-UHFFFAOYSA-N"
37948893,"4-Chloro-3-nitro-N-(2-pyrazinyl)benzamide",278.02066,"C11H7ClN4O3","c1cc(c(cc1C(=O)Nc2cnccn2)[N+](=O)[O-])Cl","InChI=1S/C11H7ClN4O3/c12-8-2-1-7(5-9(8)16(18)19)11(17)15-10-6-13-3-4-14-10/h1-6H,(H,14,15,17)","HIPSOAQAFGHKSC-UHFFFAOYSA-N"
37948899,"2-Chloro-4-nitro-N-(2-pyrazinyl)benzamide",278.02066,"C11H7ClN4O3","c1cc(c(cc1[N+](=O)[O-])Cl)C(=O)Nc2cnccn2","InChI=1S/C11H7ClN4O3/c12-9-5-7(16(18)19)1-2-8(9)11(17)15-10-6-13-3-4-14-10/h1-6H,(H,14,15,17)","AHTFSPAAAHQLMD-UHFFFAOYSA-N"
37948900,"5-Chloro-2-nitro-N-(2-pyrazinyl)benzamide",278.02066,"C11H7ClN4O3","c1cc(c(cc1Cl)C(=O)Nc2cnccn2)[N+](=O)[O-]","InChI=1S/C11H7ClN4O3/c12-7-1-2-9(16(18)19)8(5-7)11(17)15-10-6-13-3-4-14-10/h1-6H,(H,14,15,17)","YUNUAJJIPVHMMD-UHFFFAOYSA-N"
38003048,"2-Chloro-N-(5-nitro-2-pyrimidinyl)benzamide",278.02066,"C11H7ClN4O3","c1ccc(c(c1)C(=O)Nc2ncc(cn2)[N+](=O)[O-])Cl","InChI=1S/C11H7ClN4O3/c12-9-4-2-1-3-8(9)10(17)15-11-13-5-7(6-14-11)16(18)19/h1-6H,(H,13,14,15,17)","ONUSWHLTVOIKOQ-UHFFFAOYSA-N"
38217625,"1-[(2-Chloroethyl)sulfanyl]-4-(propylsulfonyl)benzene",278.020203,"C11H15ClO2S2","CCCS(=O)(=O)c1ccc(cc1)SCCCl","InChI=1S/C11H15ClO2S2/c1-2-9-16(13,14)11-5-3-10(4-6-11)15-8-7-12/h3-6H,2,7-9H2,1H3","FJDBVTAQBQFBMN-UHFFFAOYSA-N"
38217794,"1-[(2-Chloroethyl)sulfanyl]-2-(propylsulfonyl)benzene",278.020203,"C11H15ClO2S2","CCCS(=O)(=O)c1ccccc1SCCCl","InChI=1S/C11H15ClO2S2/c1-2-9-16(13,14)11-6-4-3-5-10(11)15-8-7-12/h3-6H,2,7-9H2,1H3","JQEWTXAZYXIIJP-UHFFFAOYSA-N"
39902793,"4-(sec-Butylsulfanyl)-2-methylbenzenesulfonyl chloride",278.020203,"C11H15ClO2S2","CCC(C)Sc1ccc(c(c1)C)S(=O)(=O)Cl","InChI=1S/C11H15ClO2S2/c1-4-9(3)15-10-5-6-11(8(2)7-10)16(12,13)14/h5-7,9H,4H2,1-3H3","UFXCZQWIMPWLAA-UHFFFAOYSA-N"
40033384,"2-Methyl-4-[(2-methyl-2-propanyl)sulfanyl]benzenesulfonyl chloride",278.020203,"C11H15ClO2S2","Cc1cc(ccc1S(=O)(=O)Cl)SC(C)(C)C","InChI=1S/C11H15ClO2S2/c1-8-7-9(15-11(2,3)4)5-6-10(8)16(12,13)14/h5-7H,1-4H3","QBALIWZFERCBLS-UHFFFAOYSA-N"
40252904,"5-{[(6-Chloro-3-pyridazinyl)carbonyl]amino}nicotinic acid",278.02066,"C11H7ClN4O3","c1cc(nnc1C(=O)Nc2cc(cnc2)C(=O)O)Cl","InChI=1S/C11H7ClN4O3/c12-9-2-1-8(15-16-9)10(17)14-7-3-6(11(18)19)4-13-5-7/h1-5H,(H,14,17)(H,18,19)","IRKMIAQQNQBSBN-UHFFFAOYSA-N"
40334732,"1-[(4-Chlorobutyl)sulfanyl]-4-(methylsulfonyl)benzene",278.020203,"C11H15ClO2S2","CS(=O)(=O)c1ccc(cc1)SCCCCCl","InChI=1S/C11H15ClO2S2/c1-16(13,14)11-6-4-10(5-7-11)15-9-3-2-8-12/h4-7H,2-3,8-9H2,1H3","JJZPRHJXNRRDAK-UHFFFAOYSA-N"
41044007,"3-Chloro-2-nitro-N-(2-pyrimidinyl)benzamide",278.02066,"C11H7ClN4O3","c1cc(c(c(c1)Cl)[N+](=O)[O-])C(=O)Nc2ncccn2","InChI=1S/C11H7ClN4O3/c12-8-4-1-3-7(9(8)16(18)19)10(17)15-11-13-5-2-6-14-11/h1-6H,(H,13,14,15,17)","YFBZLVAYKOFXMG-UHFFFAOYSA-N"
41200699,"5-Chloro-2-(2-chloroethyl)-1-(2,2-difluoroethyl)-1H-benzimidazole",278.018921,"C11H10Cl2F2N2","c1cc2c(cc1Cl)nc(n2CC(F)F)CCCl","InChI=1S/C11H10Cl2F2N2/c12-4-3-11-16-8-5-7(13)1-2-9(8)17(11)6-10(14)15/h1-2,5,10H,3-4,6H2","DRVRMGFLEZXEAX-UHFFFAOYSA-N"
41200708,"5-Chloro-2-(1-chloroethyl)-1-(2,2-difluoroethyl)-1H-benzimidazole",278.018921,"C11H10Cl2F2N2","CC(c1nc2cc(ccc2n1CC(F)F)Cl)Cl","InChI=1S/C11H10Cl2F2N2/c1-6(12)11-16-8-4-7(13)2-3-9(8)17(11)5-10(14)15/h2-4,6,10H,5H2,1H3","FXZFODHSOLKHDS-UHFFFAOYSA-N"
41200747,"7-Chloro-2-(2-chloroethyl)-1-(2,2-difluoroethyl)-1H-benzimidazole",278.018921,"C11H10Cl2F2N2","c1cc2c(c(c1)Cl)n(c(n2)CCCl)CC(F)F","InChI=1S/C11H10Cl2F2N2/c12-5-4-10-16-8-3-1-2-7(13)11(8)17(10)6-9(14)15/h1-3,9H,4-6H2","ZQVZPCZLJHYHGX-UHFFFAOYSA-N"
41200759,"7-Chloro-2-(1-chloroethyl)-1-(2,2-difluoroethyl)-1H-benzimidazole",278.018921,"C11H10Cl2F2N2","CC(c1nc2cccc(c2n1CC(F)F)Cl)Cl","InChI=1S/C11H10Cl2F2N2/c1-6(12)11-16-8-4-2-3-7(13)10(8)17(11)5-9(14)15/h2-4,6,9H,5H2,1H3","OAOYUTCCHMWPPY-UHFFFAOYSA-N"
41905031,"3-Chloro-N,N-bis(cyanomethyl)-2-nitrobenzamide",278.02066,"C11H7ClN4O3","c1cc(c(c(c1)Cl)[N+](=O)[O-])C(=O)N(CC#N)CC#N","InChI=1S/C11H7ClN4O3/c12-9-3-1-2-8(10(9)16(18)19)11(17)15(6-4-13)7-5-14/h1-3H,6-7H2","KUVZJRPOSCNSJJ-UHFFFAOYSA-N"
41974897,"N-(6-Chloro-2-pyrazinyl)-4-nitrobenzamide",278.02066,"C11H7ClN4O3","c1cc(ccc1C(=O)Nc2cncc(n2)Cl)[N+](=O)[O-]","InChI=1S/C11H7ClN4O3/c12-9-5-13-6-10(14-9)15-11(17)7-1-3-8(4-2-7)16(18)19/h1-6H,(H,14,15,17)","BODPYIYNCITIEL-UHFFFAOYSA-N"
41978841,"8-(3-Chloro-4-hydroxyphenyl)-3,9-dihydro-1H-purine-2,6-dione",278.02066,"C11H7ClN4O3","c1cc(c(cc1c2[nH]c3c(n2)c(=O)[nH]c(=O)[nH]3)Cl)O","InChI=1S/C11H7ClN4O3/c12-5-3-4(1-2-6(5)17)8-13-7-9(14-8)15-11(19)16-10(7)18/h1-3,17H,(H3,13,14,15,16,18,19)","GCKXGTJPQIDOBT-UHFFFAOYSA-N"
42013981,"2-Chloro-4-nitro-N-(3-pyridazinyl)benzamide",278.02066,"C11H7ClN4O3","c1cc(nnc1)NC(=O)c2ccc(cc2Cl)[N+](=O)[O-]","InChI=1S/C11H7ClN4O3/c12-9-6-7(16(18)19)3-4-8(9)11(17)14-10-2-1-5-13-15-10/h1-6H,(H,14,15,17)","HFDJSBMEMCRATN-UHFFFAOYSA-N"
42055671,"6-Chloro-2-(2-chloroethyl)-1-(2,2-difluoroethyl)-1H-benzimidazole",278.018921,"C11H10Cl2F2N2","c1cc2c(cc1Cl)n(c(n2)CCCl)CC(F)F","InChI=1S/C11H10Cl2F2N2/c12-4-3-11-16-8-2-1-7(13)5-9(8)17(11)6-10(14)15/h1-2,5,10H,3-4,6H2","XFNKVLBOPRHHHU-UHFFFAOYSA-N"
42055673,"6-Chloro-2-(1-chloroethyl)-1-(2,2-difluoroethyl)-1H-benzimidazole",278.018921,"C11H10Cl2F2N2","CC(c1nc2ccc(cc2n1CC(F)F)Cl)Cl","InChI=1S/C11H10Cl2F2N2/c1-6(12)11-16-8-3-2-7(13)4-9(8)17(11)5-10(14)15/h2-4,6,10H,5H2,1H3","DTJDTVFMUIGIBF-UHFFFAOYSA-N"
42500091,"3-Chloro-4-nitro-N-(3-pyridazinyl)benzamide",278.02066,"C11H7ClN4O3","c1cc(nnc1)NC(=O)c2ccc(c(c2)Cl)[N+](=O)[O-]","InChI=1S/C11H7ClN4O3/c12-8-6-7(3-4-9(8)16(18)19)11(17)14-10-2-1-5-13-15-10/h1-6H,(H,14,15,17)","SSBGBBOTGXDERC-UHFFFAOYSA-N"
42842690,"N'-Hydroxy-1-[5-(trifluoromethyl)-1,3,4-thiadiazol-2-yl]-1H-imidazole-2-carboximidamide",278.019775,"C7H5F3N6OS","c1cn(c(n1)/C(=N\O)/N)c2nnc(s2)C(F)(F)F","InChI=1S/C7H5F3N6OS/c8-7(9,10)5-13-14-6(18-5)16-2-1-12-4(16)3(11)15-17/h1-2,17H,(H2,11,15)","GJCFEQRKMWBPQJ-UHFFFAOYSA-N"
43029104,"8-(4-Chloro-2-hydroxyphenyl)-3,9-dihydro-1H-purine-2,6-dione",278.02066,"C11H7ClN4O3","c1cc(c(cc1Cl)O)c2[nH]c3c(n2)c(=O)[nH]c(=O)[nH]3","InChI=1S/C11H7ClN4O3/c12-4-1-2-5(6(17)3-4)8-13-7-9(14-8)15-11(19)16-10(7)18/h1-3,17H,(H3,13,14,15,16,18,19)","AENBDQJTVQYRCM-UHFFFAOYSA-N"
43029106,"8-(5-Chloro-2-hydroxyphenyl)-3,9-dihydro-1H-purine-2,6-dione",278.02066,"C11H7ClN4O3","c1cc(c(cc1Cl)c2[nH]c3c(n2)c(=O)[nH]c(=O)[nH]3)O","InChI=1S/C11H7ClN4O3/c12-4-1-2-6(17)5(3-4)8-13-7-9(14-8)15-11(19)16-10(7)18/h1-3,17H,(H3,13,14,15,16,18,19)","CZZAPHVMJBJIST-UHFFFAOYSA-N"
43249021,"6-Chloro-2-(5-nitro-2-furyl)imidazo[1,2-a]pyridin-3-amine",278.02066,"C11H7ClN4O3","c1cc2nc(c(n2cc1Cl)N)c3ccc(o3)[N+](=O)[O-]","InChI=1S/C11H7ClN4O3/c12-6-1-3-8-14-10(11(13)15(8)5-6)7-2-4-9(19-7)16(17)18/h1-5H,13H2","RGSLQFAKGFZUIE-UHFFFAOYSA-N"
43388873,"3-{[(6-Chloro-3-pyridinyl)carbonyl]amino}-2-pyrazinecarboxylic acid",278.02066,"C11H7ClN4O3","c1cc(ncc1C(=O)Nc2c(nccn2)C(=O)O)Cl","InChI=1S/C11H7ClN4O3/c12-7-2-1-6(5-15-7)10(17)16-9-8(11(18)19)13-3-4-14-9/h1-5H,(H,18,19)(H,14,16,17)","TZOGYZUTFDYLKR-UHFFFAOYSA-N"
43389005,"3-{[(4-Chloro-2-pyridinyl)carbonyl]amino}-2-pyrazinecarboxylic acid",278.02066,"C11H7ClN4O3","c1cnc(cc1Cl)C(=O)Nc2c(nccn2)C(=O)O","InChI=1S/C11H7ClN4O3/c12-6-1-2-13-7(5-6)10(17)16-9-8(11(18)19)14-3-4-15-9/h1-5H,(H,18,19)(H,15,16,17)","QQUVAJCZFKTKPY-UHFFFAOYSA-N"
43389018,"3-{[(6-Chloro-2-pyridinyl)carbonyl]amino}-2-pyrazinecarboxylic acid",278.02066,"C11H7ClN4O3","c1cc(nc(c1)Cl)C(=O)Nc2c(nccn2)C(=O)O","InChI=1S/C11H7ClN4O3/c12-7-3-1-2-6(15-7)10(17)16-9-8(11(18)19)13-4-5-14-9/h1-5H,(H,18,19)(H,14,16,17)","SYYJMBDOUQIFMV-UHFFFAOYSA-N"
